machine_id,machine_type,date,shift,production_rate,production_count,quality_score,downtime_minutes,operating_status,temperature_k_mean,temperature_k_std,temperature_k_max,process_temperature_k_mean,process_temperature_k_std,process_temperature_k_max,vibration_mm_s_mean,vibration_mm_s_std,vibration_mm_s_max,pressure_bar_mean,pressure_bar_std,pressure_bar_max,torque_nm_mean,torque_nm_std,torque_nm_max,rotational_speed_rpm_mean,rotational_speed_rpm_std,rotational_speed_rpm_max,load_pct_mean,load_pct_std,load_pct_max,failure_occurred_this_shift,days_since_last_maintenance,maintenance_count_past_7d
M-01,CNC,2026-05-01,Afternoon,42.82,343,99.05,0,RUNNING,296.29623844741354,0.17453794430824343,296.56868879363657,306.3736576318144,0.9609667772197693,308.142810308102,1.7552412930515888,0.37538400941323047,2.629412898416338,5.563358926032302,0.5122708254338751,6.690022724409665,41.30480169998353,8.030840827495737,54.08145234613717,687.3181722810737,165.48813262853943,1114.7882724738247,71.65977803880521,12.619761697420792,90.85811256196456,0,,0.0
M-01,CNC,2026-05-01,Morning,42.63,341,95.72,0,RUNNING,296.47532950487386,0.07442877283721981,296.61643356483006,306.55302518549723,0.8982973246757389,308.1310625881666,1.747429466551538,0.3874312934136595,2.4508466246689027,5.512378703897604,0.5067249387949027,6.620449824239176,40.54767099018157,10.702400971429556,60.21153917896246,725.2936666303096,234.75196247226418,1343.3309052208456,70.36456012997519,17.2988891044883,100.0,0,,0.0
M-01,CNC,2026-05-01,Night,41.7,334,95.53,0,RUNNING,296.25596739915136,0.15496317533287962,296.4833065967367,306.38936770432326,0.9838483154045987,308.2858989929008,1.815232674368423,0.4041249388026801,2.812648563986584,5.467528752966979,0.4790982077286325,6.476900784019456,40.09056994545602,10.589572263150083,63.20218220267479,749.5062418667067,276.1829008726563,1916.043304667293,69.77938094758333,18.9294738116275,100.0,0,,0.0
M-01,CNC,2026-05-02,Afternoon,41.41,331,97.09,0,RUNNING,296.39506124022876,0.08241229157079007,296.6023844121112,306.53292319400555,1.0706092312359086,308.31229309351886,1.76848962202483,0.4642617725417903,2.720088389451437,5.43667479526036,0.4807900159149812,6.352896716722865,39.54596998059612,8.905231859452986,54.1184224201785,730.2238382478607,220.27455804484669,1607.4496175596823,70.39046918584555,16.513047327455226,99.5372943035996,0,0.04,1.0
M-01,CNC,2026-05-02,Morning,43.99,352,97.53,0,RUNNING,296.48213502563027,0.11206807472652922,296.6712676026084,306.63769681368336,0.901682989600312,309.2533119580814,1.9166243557640512,0.43619533369531877,2.6836520932868453,5.56395506859687,0.4463419061277443,6.438325715946034,42.4285386169247,9.595593835692211,65.28380274446877,678.8876197724697,180.83941746057215,1361.9036415184755,73.13911928410467,18.07278212799928,100.0,0,,0.0
M-01,CNC,2026-05-02,Night,41.42,331,95.07,0,RUNNING,296.0342424412286,0.14150082773644934,296.3438507897054,305.8197796484289,0.9321146675669973,307.9774080591895,1.7152318229576797,0.5499335940445559,3.017331798199762,5.63380469190394,0.5518896483869172,6.735737272752969,38.81175812171262,9.25847784626027,54.54064767303491,753.2353870719385,235.80963972317198,1411.0084311114476,67.62376853253436,17.87120304800697,97.06647094511564,0,0.38,1.0
M-01,CNC,2026-05-03,Afternoon,39.83,319,94.88,0,RUNNING,296.2786470529102,0.07656283568746261,296.4307978985429,306.27570474560497,1.0947422226893853,308.90580820542743,1.7083511401677378,0.393328793089528,2.4784921370094297,5.593402265673887,0.5244080071066534,6.80078725774201,39.00483049934445,9.654036733048239,57.36442804766293,753.2798161357053,232.8034742974042,1570.6774206105342,68.38122173985299,17.76247079882494,100.0,0,1.04,1.0
M-01,CNC,2026-05-03,Morning,42.3,338,92.17,0,RUNNING,295.80921952904237,0.1346439755587776,296.17963562025085,305.9410363016566,0.9699522608493769,308.1429042032,1.8615597776622608,0.48179252020481267,2.8078075279489427,5.520879769639642,0.47055496309590306,6.323396054377656,40.31712676589181,12.072253486395077,68.77637519611291,769.1475607753418,362.2753532703799,2084.972771762166,68.81589549256849,20.35419333013824,100.0,0,0.71,1.0
M-01,CNC,2026-05-03,Night,40.72,326,96.63,0,RUNNING,296.1983118957303,0.14556613276061375,296.42354500360227,306.29784859195263,0.8970134658881663,307.8151265342234,1.775663357328866,0.37920926908171537,2.612179467057412,5.438581306192889,0.45357140875258045,6.125032241871984,37.41623712948475,11.73845714760448,70.61135784893347,801.7108560428725,250.53707269446107,1324.9257245093067,63.93911042713018,18.31027221066076,100.0,0,1.38,1.0
M-01,CNC,2026-05-04,Afternoon,43.85,351,95.55,0,RUNNING,295.6792002332006,0.2199617297342121,295.9551995583539,305.72715063381463,1.0777604320999221,308.6153730696959,1.7733957051948948,0.41119108587942876,2.3838955422668446,5.380416855933765,0.5052889565305809,6.27955562654406,38.966563723513715,8.302666341955932,57.3332470527336,740.5140828607182,175.03940454623978,1205.1479038367688,67.38133001986567,15.388027325167283,94.26886509574256,0,2.04,1.0
M-01,CNC,2026-05-04,Morning,40.86,327,93.18,0,RUNNING,296.050952651249,0.09594167920573257,296.2042005512739,306.05412083209296,0.7979698095116885,308.0311048921029,1.7955675076530027,0.3882079529851208,2.566267223386209,5.724002412761141,0.4833863490425592,6.545689538695584,43.319632048935595,10.11692795736401,66.04652772901841,670.3629269317622,186.9008316327258,1274.8412571029971,74.31735202443718,17.165103136921026,100.0,0,1.71,1.0
M-01,CNC,2026-05-04,Night,42.09,337,93.15,0,RUNNING,295.55244628090605,0.11136345781080113,295.7635981108949,305.6526475935096,1.103644350529654,309.01818726861336,1.7749500540572496,0.4397389611033693,2.8805652355958813,5.482507156148868,0.4987142258151374,6.451000183503689,38.198971492208955,10.830671608170164,61.19798547789407,794.4529532720842,326.9461878763382,2159.640677442802,67.47823486883136,19.461603837151234,100.0,0,2.38,1.0
M-01,CNC,2026-05-05,Afternoon,40.55,324,96.75,0,RUNNING,295.63116644362213,0.1568995852916243,295.91892387433313,305.81999358981227,1.0278332170048041,307.7511568586902,1.9794775631825878,0.437749554402989,2.966511385658872,5.644347807276281,0.4873206258901975,6.6320966419154495,42.6253720488773,10.641548046038844,60.50199392050014,695.5655476456319,255.9806147416761,1577.7884605664867,73.79174055627466,20.08415002439716,100.0,0,3.04,1.0
M-01,CNC,2026-05-05,Morning,41.31,331,96.22,0,RUNNING,295.7765981671202,0.12570143774693157,295.96371176563014,305.8821529423202,1.1489891101281284,308.6250476304154,1.7894752564545278,0.37853886483218574,2.6188002627093923,5.439114964158166,0.5343170656753357,6.764716651102082,38.76090880795496,10.15560379646567,59.541178007911725,745.9623420075222,226.61434801213906,1485.2684708921574,68.37186330066775,17.323289575019054,100.0,0,2.71,1.0
M-01,CNC,2026-05-05,Night,41.24,330,95.42,0,RUNNING,295.6208297819592,0.1048414229152886,295.7987557281325,305.46270434626865,1.047700473046053,308.20004146095687,1.8473997669408373,0.3820390641521197,2.836036871101707,5.415795743278686,0.6354960395532164,6.625469154265431,39.769808507727454,8.370631364906325,55.86224532210084,722.8913585715827,180.99946095892048,1251.0777592397123,67.68165645550243,14.282374121459421,90.38812457472687,0,3.38,1.0
M-01,CNC,2026-05-06,Afternoon,41.98,336,93.88,0,RUNNING,296.10174740000605,0.11662717514245984,296.42771603859194,306.07108069493273,0.9129221220970054,307.41357714561565,1.6825838450899813,0.3907678116118317,2.673017947057219,5.417577090399833,0.5940404785532389,6.823115461632257,40.182546010286,8.146019089335896,61.5395656604111,707.8097109085332,145.42166494639386,1128.1109551031757,71.07352350078773,13.103855246158739,100.0,0,4.04,1.0
M-01,CNC,2026-05-06,Morning,41.24,330,99.7,0,RUNNING,295.88657453629787,0.17056621248977077,296.14539892186093,305.765808838783,1.0060578065846468,308.6811693728101,1.8605190257862139,0.3564685759160168,2.543362825815472,5.506783145240069,0.5557786527229397,6.610056242534495,37.85791159784883,8.871438236735392,55.30691166922373,776.0617454668785,244.94670042165427,1723.1141397295885,66.77436017576984,15.929891622351777,92.23722058839566,0,3.71,1.0
M-01,CNC,2026-05-06,Night,43.04,344,93.56,0,RUNNING,296.2767942169846,0.18253303378211863,296.6040493534221,306.2050836469374,0.9514585852059219,308.33747258665005,1.674304872222176,0.4420244808752203,2.648575228818207,5.384218659411209,0.43419806145836587,6.167514332636831,41.81879539294031,10.019683377344759,61.32339972594481,691.0573034886417,169.76658772215677,1070.5956551173508,72.02828185531202,17.10130906690781,100.0,0,4.38,1.0
M-01,CNC,2026-05-07,Afternoon,40.33,323,96.39,0,RUNNING,296.04918025847064,0.14052971000772047,296.30354367928686,306.11482321717585,1.0985998781132889,308.09769092205664,1.7100550625320747,0.46376291703951056,2.735841661062568,5.4576936983811875,0.44058128293883075,6.357300791767097,39.05375959370238,9.629269012195039,56.72730316293359,746.0177832172005,204.33606750007735,1208.8483665843676,69.42896077033315,16.069175936590113,96.09595812217138,0,5.04,1.0
M-01,CNC,2026-05-07,Morning,42.26,338,92.08,0,RUNNING,296.478911105741,0.1044938337601726,296.64925000711776,306.602666059616,0.8275746104768077,308.2731383003029,1.8785497854918014,0.4516612715149591,2.6648998197395373,5.474125242931122,0.5156465744270502,6.677024374759441,38.780246682124016,11.443165691554217,61.41345037874975,787.1300758681256,297.878343503656,1666.3597037547231,67.22029423714486,19.46074676667589,100.0,0,4.71,1.0
M-01,CNC,2026-05-07,Night,42.93,343,96.34,0,RUNNING,296.22390930705996,0.10689478161992304,296.4478012932337,306.18924072334653,1.0559677978321842,308.4636365877921,1.9092488919431845,0.4048520878768598,2.5459393861481647,5.584709261963625,0.42589437681892556,6.519698206698589,40.938985845209906,9.38251579611763,60.9407309585432,704.9445871611487,194.6233518072978,1237.2585136687262,71.36393877479613,16.1793603412192,100.0,0,5.38,1.0
M-01,CNC,2026-05-08,Afternoon,40.14,321,94.56,0,RUNNING,296.84272990414127,0.08112205232476692,296.9796127979175,306.9957421784281,0.9544683057129454,309.1573300886956,1.7903556177353712,0.3858594146936661,2.6570830525929674,5.454335772172966,0.5786858630488597,6.487411796442117,39.06811508854687,9.560709713280126,58.93608034428691,744.3213468756387,200.4772673099938,1230.321695507529,68.05849215481936,16.249374623931708,100.0,0,6.04,1.0
M-01,CNC,2026-05-08,Morning,41.85,335,95.4,0,RUNNING,296.54545090678187,0.12159392129150598,296.8078290181782,306.7168406840863,0.8768635235216654,308.6410922230546,1.871066908541452,0.3546110993086832,2.6398476903800656,5.49814603701197,0.48173344972143356,6.6280006299774845,38.12014839583448,10.087280127506668,57.670008775904165,757.0439890398445,216.96399065632957,1333.434787830015,66.7872262730951,16.867009287539062,100.0,0,5.71,1.0
M-01,CNC,2026-05-08,Night,41.42,331,98.11,0,RUNNING,297.2254361284098,0.15285646645999257,297.4209257824643,307.2476368891188,0.8920791688138318,308.8453281522542,1.8115288814193542,0.41999367481504,2.670938194317319,5.55661212453988,0.4407016298045061,6.296302777772208,38.76659126394991,11.167660131142883,72.35470203085285,782.888240282438,249.7530415279986,1332.8315973770875,67.20139242710842,17.84643712712678,100.0,0,6.38,1.0
M-01,CNC,2026-05-09,Afternoon,42.41,339,95.23,0,RUNNING,297.63453374913286,0.07426240417899564,297.84388240666186,307.4982662885868,0.8569557002383351,309.7627991482579,1.8183021186334205,0.4299057888812832,2.6363072640367684,5.42878600814301,0.6230404339035667,6.620743392561516,40.98376348299176,9.918145394046476,66.23505899838091,702.8024145429426,206.6489351281275,1511.4104608598177,70.52715062979692,18.85735386669453,100.0,0,7.04,0.0
M-01,CNC,2026-05-09,Morning,42.43,339,92.47,0,RUNNING,297.5556102251942,0.1065240539714646,297.79135688755065,307.4544957472073,0.9255891518946628,309.0099572060751,1.9147697151720917,0.47690745228531156,2.9718080898592287,5.64365086755719,0.50870377544613,6.67672260960904,41.130994271522326,8.897757287214196,53.42593927175845,703.8825199924598,187.9084785970781,1256.318979286889,71.14165427412073,14.474454870237262,99.52029863827624,0,6.71,1.0
M-01,CNC,2026-05-09,Night,41.15,329,97.22,0,RUNNING,297.6189809284423,0.11069146043286537,297.7830758848631,307.7676253174392,1.0121110610547306,310.2725977229313,1.8012586151671641,0.42108384717048053,2.881918956286352,5.511119941358317,0.5380615427060563,6.427452925939832,41.19842347612122,8.88901095549036,60.02893516750753,704.6924898420639,189.70324026520893,1376.5063425556198,70.16224860619599,15.21481774951968,100.0,0,7.38,0.0
M-01,CNC,2026-05-10,Afternoon,40.94,328,95.38,0,RUNNING,298.1042079247014,0.11050533986756698,298.30716996042463,308.30164752123864,0.8073197172310889,309.5301474387499,1.7919225062171646,0.39976434694240476,2.5619421449047124,5.367201984463553,0.38096351095005215,6.308133035094552,38.03981764601138,10.006555027765534,52.51853254782443,827.7186297014769,359.5840369026405,2054.2117177780947,66.91998310617203,18.530253054566153,98.95767171712708,0,8.04,0.0
M-01,CNC,2026-05-10,Morning,43.3,346,97.86,0,RUNNING,297.6670484026523,0.16772721296015694,297.97712581073114,307.768154473776,1.0015010069600976,309.9332508766766,1.773997819039764,0.47434762147021964,2.531843166844912,5.534151925143377,0.40749919124130335,6.514906732358335,39.97671860302718,9.485577389056093,59.16549275373734,728.8529040539839,211.9254945387817,1482.8451237451582,68.55361693481002,16.886685167390326,100.0,0,7.71,0.0
M-01,CNC,2026-05-10,Night,42.42,339,97.95,0,RUNNING,298.3590468398565,0.09377930324006802,298.61820529421965,308.26356660919,1.033782998342636,310.49799125717044,1.8222356148750378,0.38780068154242675,2.639579028923672,5.43219017747106,0.40405976142771854,6.139034855829196,40.96984892036883,11.42414032663117,65.12578834065138,726.6268382854854,244.0515665813069,1437.5280914539344,71.36021411307938,17.460967745056692,100.0,0,8.38,0.0
M-01,CNC,2026-05-11,Afternoon,40.61,325,93.61,0,RUNNING,299.3316065824229,0.14941530158282718,299.53126524376484,309.4063928374891,1.053402925695582,312.02848080016616,1.8055718187639134,0.3222549220518659,2.467776267506872,5.497164985926863,0.521339865026622,6.495450232684807,40.71977016108082,8.951412325380161,61.40502871000126,705.0501630182108,176.7661608064266,1201.8436241158483,71.56550605471344,16.50860147932074,100.0,0,9.04,0.0
M-01,CNC,2026-05-11,Morning,41.4,331,95.63,0,RUNNING,298.8632562768307,0.11117704186437362,299.0980886755228,308.8496749879863,0.9277851326204858,310.55797263321324,1.8902426655466837,0.316561538284939,2.412355173991278,5.449520967545913,0.5132025045180638,6.47504391725156,39.58886984586597,7.9483645864004435,56.74953010974271,720.7506332758242,156.2492065225523,1180.027602924543,69.170195433856,15.13169444877109,97.98783099134992,0,8.71,0.0
M-01,CNC,2026-05-11,Night,43.02,344,98.71,0,RUNNING,299.2698129103581,0.1056747119003639,299.4283731094313,309.35317211678864,1.001512175130917,311.68917015917987,1.8316643918662956,0.3351945288111,2.395265237738757,5.328030674312706,0.4567982686260178,6.368943758145322,43.03891530707432,9.454351369548393,64.19400156476864,669.2031600592258,164.78911246931438,1157.5194515450348,75.55230729857898,16.27832646536045,100.0,0,9.38,0.0
M-01,CNC,2026-05-12,Afternoon,42.46,340,94.71,0,RUNNING,299.34399017612816,0.12131936587094455,299.560925329106,309.2946776024697,0.8136588045708534,311.2291666356245,1.7774461825488017,0.3079420823365009,2.26838895802059,5.509756850636137,0.5712307698632538,6.514544034145157,38.706033428900426,12.10515996934554,64.07651825856834,777.8228718054246,256.21421296068684,1328.1171984762354,67.33271639229721,19.41421651817546,100.0,0,10.04,0.0
M-01,CNC,2026-05-12,Morning,41.91,335,98.01,0,RUNNING,299.22716908192365,0.08603488152041694,299.3816204397935,309.5157658941661,1.0119402174126284,311.9343200263883,1.7667458980687432,0.41183206613642237,2.610902884227566,5.511154271598065,0.586038786878791,6.687458658426913,36.226967326042875,8.86639263706512,58.53881616338777,787.6860711539032,191.48213507132314,1249.7215271592434,63.7278425759918,14.81054855182349,92.2051561408246,0,9.71,0.0
M-01,CNC,2026-05-12,Night,42.46,340,99.08,0,RUNNING,299.61158808170137,0.17199375502134395,299.9041855103292,309.5992555140443,1.2311122346908807,312.292399687767,1.6488409267725765,0.4005374920750537,2.675871456687907,5.59393093704151,0.5423134487033716,6.775064490876694,40.643812610657235,10.723403972208194,66.45701587583306,714.5012607410907,225.8985920658869,1316.4610038505427,69.32705942884678,17.90547068781167,100.0,0,10.38,0.0
M-01,CNC,2026-05-13,Afternoon,38.7,310,97.64,0,RUNNING,299.98123518993185,0.10778675273745193,300.1871951388102,310.2291804541719,0.9341239316473844,312.3529150001021,1.8933903839420885,0.41712515873701256,2.49266628318979,5.595841916836085,0.4291149477785871,6.756663187095309,41.39482544867171,8.995988399358415,63.82091879235775,691.3662581126028,162.1525243863685,1153.5554220964184,71.38973775006899,14.681766723538702,100.0,0,11.04,0.0
M-01,CNC,2026-05-13,Morning,41.95,336,99.13,0,RUNNING,299.9965844564983,0.08056817192168521,300.1301736606264,310.1917648923362,0.9375557369281572,312.63932535674513,1.843953015978063,0.3559226374959593,2.4782797644784003,5.382429265712426,0.36011660468060175,6.109484215865718,40.54994925687991,7.6498023117652565,58.52550316099678,697.3207191202519,129.7804673511862,1051.0174064042358,70.36143146330508,13.89028522780813,100.0,0,10.71,0.0
M-01,CNC,2026-05-13,Night,42.11,337,95.4,0,RUNNING,299.96590455223406,0.0669647495410392,300.1420289811946,309.9649153804125,0.9684145224109562,311.638753414799,1.7786280280164406,0.4412742084141137,2.864788515866403,5.390131352232392,0.5486137014488762,6.601503231385852,37.822315528069666,11.599699733705833,60.457206451589926,802.2613111942444,312.67793670941626,2049.047482196668,66.60464799200946,19.224300003473033,100.0,0,11.38,0.0
M-01,CNC,2026-05-14,Afternoon,41.72,334,96.71,0,RUNNING,299.81225563927836,0.11611097634123464,300.0506192403149,309.7415483146517,0.9178472490795593,311.9259694122726,1.8181852458744023,0.4046148165090348,2.669865595245655,5.504754385533592,0.43181245824083286,6.5512670232718015,41.57045624130759,9.606419808867837,60.18619052818852,701.3677335007643,201.65000727226322,1297.4495022467029,71.26967825154529,16.191698882374347,100.0,0,12.04,0.0
M-01,CNC,2026-05-14,Morning,42.12,337,92.02,0,RUNNING,299.9776628397111,0.0913642966539682,300.1194059796045,310.12349683729155,0.9860702996713107,312.4028110564101,1.7851557505884141,0.4403960345501395,2.86537095099066,5.495144333167066,0.5120056438662112,6.477350524603899,37.44958946374049,8.443586583957888,61.49589758044522,766.3923084211299,169.20875197318728,1177.2974670318697,64.69533420105068,16.168428515699812,100.0,0,11.71,0.0
M-01,CNC,2026-05-14,Night,43.86,351,94.96,0,RUNNING,299.7011856718083,0.05668393100069648,299.7954259995668,309.40599712153625,1.0439211659822527,311.2426167940279,1.816356979982993,0.3485702835220104,2.527714160373722,5.5136019647575845,0.4931685340146956,6.640805484691846,42.75403992145432,9.320184534673523,65.38493459061732,672.8912119253603,164.89604649738084,1222.5948972941517,73.11740280192016,16.09554229478054,100.0,0,12.38,0.0
M-01,CNC,2026-05-15,Afternoon,43.15,345,96.66,0,RUNNING,299.640719152272,0.09336604001078841,299.76792665378514,309.5978382297249,0.9847144446109359,311.9604835688364,1.7029502468007822,0.46149063244340366,2.80644217488246,5.479500755578349,0.5533284778341534,6.408018933181495,37.71218439838282,10.938810717346392,56.1673536648319,798.9043586810775,290.08237329882314,1759.2138713837526,67.11237252151251,18.920286743155824,96.16349204629698,0,13.04,0.0
M-01,CNC,2026-05-15,Morning,40.98,328,95.0,0,RUNNING,299.7952738324346,0.06127492937136517,299.92447701941177,309.799286486698,0.7881841778347599,311.6779834439579,1.7671607623814858,0.31236212008622743,2.330971982699705,5.453843662936237,0.4331886181591116,6.82815612589485,41.343948050859375,10.696669219872643,63.65675711271372,718.8913114283733,256.23818939746695,1598.1908231671575,71.72514241621982,17.92583124086635,100.0,0,12.71,0.0
M-01,CNC,2026-05-15,Night,41.33,331,97.03,0,RUNNING,299.84522604073345,0.06453243687108924,299.94450522670263,309.70774493905253,0.9371404193424357,311.567789667029,1.9486748345903948,0.3371593275786414,2.622534937772756,5.528927118138897,0.6527087011202228,7.185910407208384,40.04254354475794,9.80696858673483,60.67444883834641,722.6782944426143,186.32380492566918,1199.221807218453,68.18849635202771,17.164932914396303,100.0,0,13.38,0.0
M-01,CNC,2026-05-16,Afternoon,41.12,329,95.56,0,RUNNING,300.1494057643588,0.09149466703192795,300.3769140532647,310.00544831263437,0.8620112942336106,311.913817174762,1.7944073060412258,0.43989118212654843,2.7748665115035904,5.399547917962769,0.4471515943497234,6.4429143818498895,38.74794465810067,10.459577787280978,55.270666912246895,779.0527269642287,281.8486213992593,1903.6506059294084,68.42958999999186,18.41233713344106,100.0,0,14.04,0.0
M-01,CNC,2026-05-16,Morning,42.12,337,97.94,0,RUNNING,300.09887387225024,0.11077419256213368,300.32794159796447,310.02944257770156,1.0307857411633856,311.7236245368074,1.8331245364062156,0.3371791957651063,2.551636304098001,5.527770672540058,0.54158990993842,6.811692672897466,38.19096143046566,9.99907055439014,66.64673659972792,769.7803953873586,235.99162017638014,1651.950040262885,65.24479704042919,17.37928667934874,100.0,0,13.71,0.0
M-01,CNC,2026-05-16,Night,41.51,332,93.07,0,RUNNING,300.03505261595274,0.19552949715868914,300.4173943852361,310.2540812215388,0.9650971398313538,311.99770313759325,1.7944708499307749,0.46226780028163433,3.1137353814653697,5.653691007423007,0.5418735863165919,6.696271330112108,35.63722191440155,8.835266466064128,57.05732329085211,821.1693550164747,227.36128182308934,1338.260666752382,63.23296190186301,17.286775560589025,100.0,0,14.38,0.0
M-01,CNC,2026-05-17,Afternoon,40.51,324,93.39,0,RUNNING,300.51773359225683,0.1224782151939371,300.71686596908114,310.44012596134235,0.740642424506747,312.33094689134225,2.25304171264355,0.4168046294108698,3.461054737167392,5.711865304369667,0.44769964527889067,6.505697606307755,40.84979819918508,8.409741208381142,58.08925837418096,692.252406838787,139.31232212307674,1000.2941678177972,71.99823260638114,15.33052829958142,100.0,0,15.04,0.0
M-01,CNC,2026-05-17,Morning,40.86,327,94.38,0,RUNNING,300.15961828534387,0.10526008494174127,300.32950739058447,310.1950118535123,1.0742250273917044,312.8708314836675,1.999145732575686,0.38426115727488447,2.984165195816375,5.433447053507206,0.4597291756626456,6.46186563431366,41.28052496647621,8.642080748325347,61.16332343726838,689.9839778756518,155.90230497287897,1100.7109340411437,71.19801969471276,14.189451835622005,100.0,0,14.71,0.0
M-01,CNC,2026-05-17,Night,38.78,310,93.02,0,RUNNING,300.3874730642802,0.06056997859407466,300.4819327863652,310.541966055685,0.9775262969435248,312.8096682726366,2.299926009895753,0.3613859918123493,3.188721479192105,5.804505616058595,0.49938368818025675,6.758843631767324,38.542629090018806,8.927358336586458,55.269340422558,763.5968878599917,257.883342590533,1788.0038723220275,67.11240607244139,16.857795642763396,100.0,0,15.38,0.0
M-01,CNC,2026-05-18,Afternoon,38.81,310,92.52,0,RUNNING,300.5144603686879,0.13660500746116008,300.8399286173404,310.4472294466448,0.8618631113020602,312.0561047484855,2.6033633147576025,0.4844137928871404,3.558727686821435,5.937621518676409,0.49028828535542734,6.777187168284986,39.716695220936614,11.746961121623341,65.52147100583808,763.8292227275267,279.4148495454099,1870.4805051828248,68.7787641257843,19.282896036358558,100.0,0,16.04,0.0
M-01,CNC,2026-05-18,Morning,38.6,309,90.11,0,RUNNING,300.4263889736561,0.06827377822421112,300.53062064549016,310.39989833105403,0.8150052946742845,312.66729957423973,2.529412465046424,0.36180957703220973,3.321863101105809,5.881919642056357,0.4985932351448071,7.244086488632616,40.62614058859462,9.239192488323543,59.2123309659103,714.3833061113482,208.45822649130108,1351.576224066403,71.12384477471653,15.210287421018705,100.0,0,15.71,0.0
M-01,CNC,2026-05-18,Night,41.21,330,92.06,0,RUNNING,300.694471825884,0.06277185847276649,300.79520533913114,310.45519928306885,0.8497116855232293,311.9569986912225,2.800645582395937,0.3750724371853152,3.5369641914771552,5.96239887316106,0.41233989911911456,6.775934154259771,41.02542886419009,10.695045992838383,71.3466533142463,714.0690587341998,206.26828678231885,1293.398983633715,70.61367053133218,18.510479274797852,100.0,0,16.38,0.0
M-01,CNC,2026-05-19,Afternoon,35.34,283,89.52,0,RUNNING,300.7726534838357,0.1765908004850798,301.1810745967915,310.82635457309283,0.8401886336104957,312.5074886363366,3.1407627146326376,0.4207790120254923,4.007409936811284,6.091867991401906,0.48153358117272743,6.985095194962901,43.0977215853528,9.744443996083174,64.94369707553231,670.6745410093514,154.81793430504047,1061.8402322648476,74.21714738478966,16.814927167931714,100.0,0,17.04,0.0
M-01,CNC,2026-05-19,Morning,37.79,302,89.42,0,RUNNING,300.7164847474618,0.13144210650332702,300.8968180994328,310.6707060266352,0.8768641199164336,312.0530551853867,3.142480639058722,0.3522651623065142,4.083831511254372,5.986465570384174,0.34715447232055846,6.817199804862862,37.99114721904709,10.29371874531322,60.18314904305884,780.4059696314368,218.07970865300544,1294.507120842606,66.058202942375,18.110258881517574,100.0,0,16.71,0.0
M-01,CNC,2026-05-19,Night,37.57,301,94.5,0,RUNNING,301.64558494101544,0.22711597963896554,301.91993104305993,311.45459611445347,1.2064395552765521,313.6387649817811,3.3460817524725175,0.4265296338895231,4.221728249520851,6.09975305441184,0.41493321253044546,6.796895871888268,41.98496209510805,10.01486088383045,55.64324339714808,700.880980965254,250.8789679346663,1672.872964498219,72.66443763789599,18.25188656292054,96.87973033135088,0,17.38,0.0
M-01,CNC,2026-05-20,Afternoon,35.96,288,85.09,0,RUNNING,301.4298058104299,0.11961596605657028,301.6956156596243,311.4221114458033,0.929947354365126,313.78737598941177,3.671270135471813,0.37249471479624013,4.534518843121765,6.343431378000948,0.4726558250261697,7.101791131964365,40.528717543208636,10.945667477596542,59.72991184178287,682.708042350723,149.21272197343228,1054.8018333738669,70.1667824946904,19.593396807250976,100.0,0,18.04,0.0
M-01,CNC,2026-05-20,Morning,35.79,286,88.03,0,RUNNING,301.781042705539,0.07839969827220265,301.9541413836004,311.71632129103307,1.0064075495138423,313.7513436269145,3.584127352129164,0.35290005169765737,4.418130175476315,6.3212525494678005,0.42093213712534655,7.261364755755664,41.763896139124704,8.937460863086569,67.19912142667451,678.9521848771706,147.81472389887077,1013.9592692383744,70.87604012215414,14.911019092659458,100.0,0,17.71,0.0
M-01,CNC,2026-05-20,Night,37.23,298,88.93,0,RUNNING,301.6850671868054,0.12142157907959916,302.0103991273637,311.7774561846025,1.1450653869177934,313.6525107971806,3.7171616754713495,0.5149560977267817,4.628342183975232,6.348819591822657,0.5344145526235295,7.274570102418483,39.36313362483358,10.081190278078768,62.39721929999064,737.3291809271923,196.02664969168546,1316.9544634929778,66.44809422839359,17.93152687291493,100.0,0,18.38,0.0
M-01,CNC,2026-05-21,Afternoon,35.95,288,82.48,0,RUNNING,302.7443822950937,0.13590613282239505,303.1047565110836,312.4494945910957,1.1461162358672974,314.6588082985188,4.140810040606177,0.36485428681950766,4.8095313545022425,6.644351561283178,0.444224964258802,7.444762888304953,42.38800224540353,9.132729002789022,62.13611203620823,678.9973643620085,173.45966113632227,1194.050781964908,74.08650455946207,16.402354749979178,100.0,0,19.04,0.0
M-01,CNC,2026-05-21,Morning,35.32,336,83.47,0,RUNNING,302.1374757891415,0.17479648647640844,302.4377918805555,312.20467849368356,0.7783522991305698,313.53196375523675,4.118373147193037,0.3072648475253447,4.622356150729613,6.330238935217837,0.45382695114872923,7.08526820841182,40.34576030598342,10.637678682562267,62.49224472200918,739.8119008702806,225.93408953421186,1260.582344521242,68.87353523105601,17.859457474531986,100.0,0,18.71,0.0
M-01,CNC,2026-05-21,Night,35.11,281,89.67,0,RUNNING,302.90352996087415,0.062141100510728416,303.0439933762727,312.82815538478394,0.9588519912889013,314.3357522797115,4.284946066170551,0.4110363817120602,5.155961619068077,6.644371170438408,0.4454638432358178,7.662755985540434,41.590870105361965,11.531428004663013,63.8196813589358,728.0985603100485,236.8022512807622,1388.5744352400984,73.04039489293184,20.854641821983098,100.0,0,19.38,0.0
M-01,CNC,2026-05-22,Afternoon,33.1,265,82.14,0,RUNNING,303.555936412058,0.14973582728532434,303.7827431170954,313.8321386701245,1.0566983232916716,315.68999479946046,4.699006838632298,0.42997482702519657,5.8078393792146645,6.856908115181414,0.5627974617969806,7.7222469038041455,40.63850293475836,10.029261061029345,57.463568541143694,713.8585724383861,228.79677016252774,1433.0044757642495,73.25268495779598,16.75516240244172,100.0,0,0.17,1.0
M-01,CNC,2026-05-22,Morning,32.02,256,82.01,0,RUNNING,302.9822049338327,0.11129080425321657,303.2329346327117,313.35257502407467,1.0858096718873718,315.0531925511296,4.5486901627649985,0.4275010107639298,5.431786222852663,6.628501954494001,0.4632508760057413,7.592660398548156,42.13845494991849,10.75985888524585,55.7361233338087,700.5156902080058,225.65784535212754,1527.0255779026802,73.40067059511536,18.38998039624084,100.0,0,19.71,0.0
M-01,CNC,2026-05-22,Night,31.46,252,83.28,0,RUNNING,303.88487047841875,0.2952736509806711,304.32511703682184,314.0172391651385,1.012990757218177,315.91203181566755,4.905941205434763,0.3055239098106802,5.400238962921274,6.831159047960873,0.39499156687203557,7.912112212981272,41.368943926396504,7.643816071290132,54.176327545557214,684.3411053649967,145.87955110932887,1101.8194970065829,72.94242671168051,12.112507456712212,92.28704761363568,0,0.5,1.0
M-01,CNC,2026-05-23,Afternoon,40.84,0,99.1,480,DOWN,304.81891449083986,0.11600873557041551,305.0668256149977,315.0204519284278,1.0545356031471362,316.9680683325223,5.169803947035152,0.347783822928134,5.985937212070064,7.0040231080176145,0.5571466293200604,8.01753341433183,40.46887819872514,10.136080861202547,56.82118745380162,723.912856113257,240.57354669587596,1617.8167812125027,72.1151248369846,18.06286925842424,100.0,0,0.08,2.0
M-01,CNC,2026-05-23,Morning,40.66,0,96.95,480,DOWN,304.5599322244024,0.13867995226879162,304.7938368365016,314.2249863552203,1.0131794841094992,315.8741194750066,5.043880182415277,0.446228758916348,5.922909133886944,6.944413840334727,0.5537968844570773,7.959993016666551,42.25556148493573,9.095050110624706,56.50328247200332,710.1695203780987,346.41183094383,2503.258776825985,73.43842326717456,16.027408003209356,97.0945206267435,0,0.83,1.0
M-01,CNC,2026-05-23,Night,41.01,0,95.36,480,DOWN,305.08945226598485,0.0915003076933261,305.1746161099151,314.8877466995642,0.8301879756572869,316.43044967815257,5.394679938073018,0.3584748974708491,6.108111762681815,7.16686790719627,0.42350537759045365,7.724104119995498,31.21043823969865,12.925430318467123,54.02759339499247,1016.3368198174627,374.04651280696567,1413.674226443518,50.057792957411465,22.803821796598857,87.65160824725898,1,0.42,2.0
M-01,CNC,2026-05-24,Afternoon,42.29,338,98.61,0,RUNNING,301.1867475841547,0.06188983510542574,301.2707070750933,311.1179146300436,1.0544095754065923,313.9958112711634,1.8048935348424333,0.360250740828765,2.305988357613717,5.610490699505406,0.3645911935737809,6.220496456046454,40.08289262445645,10.705613966843535,61.316401916067,754.4837475005875,297.9577481488231,1892.717582706965,69.79385046829015,18.3651679854849,100.0,0,0.25,3.0
M-01,CNC,2026-05-24,Morning,43.03,344,93.54,0,RUNNING,301.09722663243593,0.05259507498823175,301.19895976924744,311.8397639567227,1.5308703722452552,313.41877956047546,1.8046333722576218,0.2650502694769552,2.37276983794184,5.296953274173053,0.3981455006405698,5.8478361636435565,36.58517465113901,5.143601625365182,44.43099135018467,756.247770781044,127.46274318869942,1097.3515212841614,66.75080828403568,9.363228682001159,80.32145498957998,0,0.75,2.0
M-01,CNC,2026-05-24,Night,39.97,320,96.37,0,RUNNING,301.2179209074597,0.0975880136791738,301.4509402101705,311.1708415398495,1.200163019795481,313.61442855952754,1.7628341761700717,0.4090695276428259,2.3776182918076527,5.3922112846631265,0.47093451084777205,6.494706191287039,41.267035853272944,10.353710368990594,57.43767676241615,726.7774164435197,293.2896130685059,2038.0163831891575,70.89403538289983,17.44180584074025,96.84776835736544,0,0.58,3.0
M-01,CNC,2026-05-25,Afternoon,40.44,324,93.36,0,RUNNING,301.18976065600316,0.12519633610077485,301.52897601358524,311.31744798814196,0.8901581179537877,312.76939158661696,1.7465872747343463,0.3305152068747926,2.3695958555070384,5.556389825685871,0.4463381995421511,6.564513320123647,40.62849507470065,11.763924659583315,62.41575539242917,755.8574242579273,321.90701347330275,1790.5804695902657,70.6867650773887,20.85684410651764,100.0,0,1.25,3.0
M-01,CNC,2026-05-25,Morning,42.33,339,97.56,0,RUNNING,301.25371456567444,0.12685777757698963,301.4734735571842,311.50542602212266,0.9561172584898728,312.9235660714174,1.7823015503625228,0.42730273343765496,2.4573776432807164,5.539420451209962,0.5785992642927655,6.851926764024812,38.72338279433049,8.418298201513451,52.89612614339787,746.2868649115071,199.55410885200038,1413.1402569411623,67.66396512150288,14.820714783997415,90.24117256198996,0,0.92,3.0
M-01,CNC,2026-05-25,Night,42.66,341,96.59,0,RUNNING,301.5800438390601,0.1834985138992612,301.9061545859642,311.4142263904212,1.2598505143882122,313.7346234121971,1.6931024080272774,0.35499463394172615,2.615168497467299,5.562641765801831,0.5279766808392921,6.697461316225732,37.13287563336299,9.17260104271508,56.12195470407518,793.9399968397069,290.38770580039056,2029.8540730094933,64.87923299142659,18.83687760627525,100.0,0,1.58,3.0
M-01,CNC,2026-05-26,Afternoon,41.14,329,96.46,0,RUNNING,301.53173379039646,0.053406890382539755,301.65623002219024,311.72510646096896,1.0717431596676807,313.66846159260444,1.7686153566265987,0.41625556708028744,2.588067817482911,5.548137071220586,0.44374656323348804,6.345241146886348,39.74844870598196,10.342199039939954,58.14604722582225,765.6042129227133,345.8882074033334,2192.813946959281,69.68299914438671,17.9360090719377,100.0,0,2.25,3.0
M-01,CNC,2026-05-26,Morning,42.32,339,96.69,0,RUNNING,301.5084256224752,0.12788186520805314,301.79172309124345,311.60173451132914,1.090252097364315,313.6408061387465,1.8603745086171088,0.39820583581864644,2.6379191142863454,5.487923908621179,0.6048116735528581,6.457727302660873,41.11760721579061,13.621220439524656,73.26780537643981,759.2796522700705,337.8235357573379,1914.2225474082625,69.05014227267145,22.685129347984716,100.0,0,1.92,3.0
M-01,CNC,2026-05-26,Night,42.37,339,94.57,0,RUNNING,301.17470972152887,0.21998164424772246,301.57834521004537,311.32291251409515,0.9928674741038309,313.0657636468743,1.893476156820577,0.42617549826857265,2.6728098193899785,5.397634746186541,0.46506309313439187,6.385355403311246,38.71335564956917,10.561039267495735,55.81554259540842,785.6532435436858,322.9751140458783,1887.0722352799237,67.61950666636281,18.537099055494863,100.0,0,2.58,3.0
M-01,CNC,2026-05-27,Afternoon,40.5,324,97.31,0,RUNNING,301.16276481776015,0.11238225713979558,301.3491704080752,310.98293751961575,1.0414719032433777,312.7365969218785,1.7954277333177215,0.35301706792928317,2.4345122161187795,5.608820306502367,0.5019950596068108,6.628183929573932,41.8082210231863,7.480894746008013,59.6523872646692,677.650519899448,136.08983148733998,1111.231565663185,74.69871689115732,14.019599182961786,100.0,0,3.25,3.0
M-01,CNC,2026-05-27,Morning,44.35,355,96.95,0,RUNNING,300.8867797834719,0.11352007374983962,301.16268928579615,310.9271695872179,0.911094010286953,313.3893451285474,1.7286077585484838,0.4380025204398354,2.551378086126788,5.609566023770731,0.5726039040146694,6.663859660100444,39.49889259692356,10.899646263580303,60.03740615336109,806.667623952945,611.4083174663258,4043.0662006151065,68.43565976795011,19.518331606884338,100.0,0,2.92,3.0
M-01,CNC,2026-05-27,Night,40.77,326,97.57,0,RUNNING,301.02914887976357,0.07011465989802994,301.1919675913987,310.9643324491936,0.7516168088620737,312.3084014911118,1.7055698250753486,0.4028888792226119,2.3927350936619605,5.530326845378668,0.48687734696294716,6.6590869889665605,39.73444421153586,9.687518429431584,55.499568535296326,734.0199632113436,211.01935886804728,1229.2908656819184,71.44349410645093,18.093648828813414,100.0,0,3.58,3.0
M-01,CNC,2026-05-28,Afternoon,43.21,346,96.83,0,RUNNING,301.6642509892849,0.12281428022159704,301.85836796626,311.59623081010824,0.7881245325555504,313.26868475688786,1.7104707577447724,0.37243071697698604,2.4411334430645133,5.52267680094274,0.46551512466557604,6.647522092376711,41.3081718148152,9.154253109386746,57.15975432315524,697.936420341542,151.12995601166983,999.5367604407996,71.66092633127424,15.917101553135732,100.0,0,4.25,3.0
M-01,CNC,2026-05-28,Morning,43.46,348,94.36,0,RUNNING,301.2769399714059,0.15925709083807998,301.5253573156965,311.0758239769247,1.0858573912354357,313.19273057005466,1.8689957975483618,0.434805369606182,2.991458474778301,5.547658960600624,0.5651265820532115,6.685705356461836,39.67054029411841,11.606121047604615,61.25536678011882,758.2250711755372,253.43804841502316,1428.5110022248234,66.1652866635582,20.334531915336196,100.0,0,3.92,3.0
M-01,CNC,2026-05-28,Night,43.04,344,99.79,0,RUNNING,301.63130690147284,0.0848640768524454,301.77737943506867,311.4601041893395,0.8910123824153423,313.0776590464152,1.875262693228179,0.4110933270649466,2.5362467360672047,5.515506926964201,0.4112490701027894,6.059421429894788,40.66329916034389,8.710528810261966,64.02282359237776,690.2389381913285,151.50161101029445,1072.1780165296525,72.51209160756076,14.885431411856217,100.0,0,4.58,3.0
M-01,CNC,2026-05-29,Afternoon,40.88,327,94.37,0,RUNNING,302.27175197942705,0.12018544699504434,302.4178603743161,312.47073497095204,0.9493978425294107,315.01880307699776,1.6774352137272552,0.3997680831290463,2.465834657567704,5.682947095253798,0.501851296044082,6.4814806397799885,39.30079881051154,8.784342527112251,65.51928957589504,732.8190534444035,195.47816618611944,1432.6652505027962,68.59043449531704,16.714851736942492,100.0,0,5.25,2.0
M-01,CNC,2026-05-29,Morning,41.69,334,94.49,0,RUNNING,301.89476190487244,0.18404855891188435,302.2717742113945,312.0124325885293,0.8390730271414504,313.67424694286655,1.7096890509746039,0.406014902425693,2.5101166633546086,5.51897055099004,0.47394556123297626,6.44306433532603,41.992126564118486,9.881836535425874,65.22536697625068,692.6957836521603,197.3872888957356,1369.611398404519,74.3841184710022,16.4110478723374,100.0,0,4.92,3.0
M-01,CNC,2026-05-29,Night,41.9,335,96.68,0,RUNNING,302.05727708150243,0.11993019178682987,302.25569249462734,311.9698988902377,0.9991475378895491,313.871624376856,1.782433080468524,0.36407612271175693,2.445453285030172,5.585997736270299,0.5764308324710633,7.194556196115796,38.443768679961856,12.019080659886285,64.50394651343055,795.2038519532815,298.42827616781585,1885.798914609633,65.3053375991973,21.073745231715687,100.0,0,5.58,2.0
M-01,CNC,2026-05-30,Afternoon,42.02,336,98.91,0,RUNNING,303.1963755285503,0.1914158617436344,303.42393543806537,313.09182042418826,0.9164786086706607,315.3464317078664,1.8307033984006005,0.3884972400279059,2.5524996234555664,5.380622350947439,0.45157285937796793,6.251476436995953,35.87681885675871,8.87120863707728,63.30315372365867,802.3357237013636,198.17515263564914,1285.38894319986,62.0890052022166,14.414170251406725,100.0,0,0.12,2.0
M-01,CNC,2026-05-30,Morning,42.35,339,97.65,0,RUNNING,302.5261460422693,0.34297840802886054,303.1268082874958,312.4057011051332,1.114464444181861,314.8876743323832,1.8007421577155232,0.3857157900527347,2.967735723554851,5.529496836175574,0.4796489732635607,7.040124074535346,41.53402906643337,8.630188982952358,58.36000424577728,695.5220628192812,167.11750475760346,1236.8256751902295,71.66629266716058,15.763237757973046,98.40199636940106,0,5.92,2.0
M-01,CNC,2026-05-30,Night,41.67,333,100.0,0,RUNNING,303.43863051925274,0.08795763155933353,303.5853936945435,313.42734717714416,0.7653580862665443,315.0003229170384,1.7955103722303383,0.4078152185332849,2.5348408866741554,5.336259623921096,0.5115106388315236,6.322911424321691,41.00923951617664,10.748571425830919,60.760029021786174,738.959993037732,314.24556135303436,1939.389918244684,71.46975803626769,18.93591057672773,100.0,0,0.46,2.0
M-01,CNC,2026-05-31,Afternoon,40.65,325,96.96,0,RUNNING,303.09567546920755,0.05172489271147937,303.1916894986419,312.9220359772465,0.9395746796262298,315.2125535910504,1.8918839810277566,0.37883597045918643,2.6834003692895374,5.555559503496242,0.4481814533943495,6.592932089293314,37.530750511243355,12.478328439179625,71.92784536996821,834.8573155205179,378.914682639264,2064.720656833397,64.59031804919455,20.363123680467602,100.0,0,1.12,1.0
M-01,CNC,2026-05-31,Morning,42.79,342,94.29,0,RUNNING,303.1199640414692,0.15151205939803736,303.4555048088743,313.1786892440501,1.0226177291642082,316.2650801542036,1.8689852024055305,0.34277922788261916,2.842409572304538,5.513138921915392,0.4776498894018451,6.316319226015621,40.181984770498765,10.428005284254615,59.99745455161685,730.6679259474274,220.4135023778747,1308.2192101716594,67.82222067799758,18.59324048701218,100.0,0,0.79,2.0
M-01,CNC,2026-05-31,Night,41.72,334,97.43,0,RUNNING,303.2235604146305,0.05965523246390886,303.34304444675644,313.18395312112534,1.025412290215544,315.59173036494366,1.7444933245112682,0.3446701075853864,2.519894194560244,5.45048526124742,0.4981767776328799,6.338011918045344,37.4026490731771,12.36461452441463,63.748453579556006,785.6261709560459,269.4605649756685,1425.7367460422174,67.02625523657068,21.083583179698437,100.0,0,1.46,1.0
M-01,CNC,2026-06-01,Afternoon,40.93,327,92.97,0,RUNNING,303.1053314707257,0.1362180183742748,303.3136202119323,312.98646080015305,0.9667535320722069,314.5187465953617,1.7679479998418468,0.4035647460287108,2.536517431418342,5.422241465372761,0.425711414593836,6.176187726782378,38.202699616960615,6.541487590944142,54.21293127047413,734.0664245867293,129.00948829687977,1008.3495789863812,67.12898294763333,11.499847941745966,95.74534195076448,0,2.12,1.0
M-01,CNC,2026-06-01,Morning,42.6,341,95.85,0,RUNNING,303.1456600724036,0.06985401131583735,303.36281176922,313.11259178668666,1.0335171574914632,315.18969933801435,1.7433032618460746,0.4851383900688597,2.635396061979779,5.599260131233647,0.4776186478090489,6.494541851782244,42.01910090570017,10.362390109820604,56.84505827038455,713.7972297139382,275.82630911575444,1716.4803890348455,72.79714251335369,19.39742785813274,99.18407765806728,0,1.79,1.0
M-01,CNC,2026-06-01,Night,41.44,331,97.71,0,RUNNING,302.9424262413797,0.0691780871884452,303.070763664052,313.0543568531389,0.9901111580294983,315.8537166218717,1.829625811757066,0.38162538709865496,2.703008337250061,5.537362708973385,0.55422643650168,6.43567324423625,37.884441644855734,6.776338373069211,53.78578917192192,753.8308367368935,145.40363411080847,1172.3734840945829,67.03461593350724,13.266911991686406,95.93624751778071,0,2.46,1.0
M-01,CNC,2026-06-02,Afternoon,42.22,338,96.77,0,RUNNING,302.3990701861433,0.08936769215949417,302.5845063639022,312.3471476817538,1.227126758250119,316.0179593139609,1.9115259440120114,0.4314088769163496,2.7889395896911293,5.4558851210532575,0.6060962653059444,6.370542324491218,38.72984439849679,10.401958563008384,66.30285409802754,799.043239517858,477.55201164899086,3262.2159206316983,67.05311907757545,17.37966110596978,100.0,0,3.12,1.0
M-01,CNC,2026-06-02,Morning,42.27,338,93.51,0,RUNNING,302.66762740596994,0.16429867206224485,302.9833251233049,312.45911749328883,1.1111550305381028,315.0181152124284,1.8701253173442676,0.40803724477291614,2.688156793370412,5.346840724927804,0.5404471134051491,6.406983562477314,43.18788092566591,10.69802243793548,64.18279619162544,684.4793283866819,215.56914997829702,1353.8151338815326,76.42899674045498,18.177110571385835,100.0,0,2.79,1.0
M-01,CNC,2026-06-02,Night,40.89,327,96.31,0,RUNNING,302.27113471993886,0.1097021828059835,302.4418485669544,312.39716160144326,0.9818125055193048,314.63983437802483,1.6318083382875423,0.40750852151162636,2.6232150671688093,5.559848971646275,0.3347574208016995,6.562440591809894,39.73114237077122,8.012688430585458,54.34596461089793,720.8542826106135,169.79743108386052,1151.9212662135812,69.48931659639969,16.65715524439591,99.33339179435536,0,3.46,1.0
M-01,CNC,2026-06-03,Afternoon,42.45,340,97.12,0,RUNNING,302.98577730012113,0.10478310002339133,303.163082343906,313.20305309322504,0.8409767369908948,314.7786606787238,1.7733576999199643,0.5086449425770893,2.788348654857736,5.4135221287039,0.34235556331905753,6.32172816070146,41.23505126401573,10.610134153270389,65.2958173535925,698.1852996626778,163.94584611321065,1143.6091876692649,70.59634285344438,17.38918265600564,100.0,0,4.12,1.0
M-01,CNC,2026-06-03,Morning,42.07,337,93.71,0,RUNNING,302.4674377200013,0.1896879882680286,302.8503032046657,312.32610149417104,1.1083924266424505,314.9931786507829,1.8465866034332783,0.4705876954277227,2.811665280778856,5.458442207126777,0.5952520101423522,6.540626398257797,42.71045898049279,9.315830920788132,54.624469175707645,681.248279587229,188.34236462012777,1183.9867926592588,75.46238343124632,16.212264977393268,98.6358646996407,0,3.79,1.0
M-01,CNC,2026-06-03,Night,43.36,347,95.56,0,RUNNING,302.76629313995727,0.1338393093439246,303.04090447228,312.5562158947969,1.1113329003297723,315.1360410133977,1.7813373133490369,0.4625079372570959,2.7195422461435763,5.463102722513554,0.5294754867421445,6.568812341605139,38.540594968223374,11.196552795635698,63.240020513709645,772.340151797929,217.48937653183566,1311.53196280879,66.53313085047112,19.572166124317597,100.0,0,4.46,1.0
M-01,CNC,2026-06-04,Afternoon,42.65,341,97.03,0,RUNNING,302.93231781130635,0.10394372411969649,303.1137589794065,313.0720910765255,1.1529493981463252,315.1621537907448,1.7659510677147643,0.3941105632619317,2.2911457071767654,5.360398315924757,0.5252947099065364,6.593091771648399,40.59626775146405,9.817742469738443,56.20185751938257,712.2500935676406,175.1381122248346,1104.4764240887805,71.48238624112811,17.33377530844218,100.0,0,5.12,1.0
M-01,CNC,2026-06-04,Morning,40.26,322,94.12,0,RUNNING,303.00566937849,0.06017884062993016,303.1377721920453,312.87873838879796,0.9256392187004651,314.7538491233619,1.7332537198840121,0.4272630595082216,2.427133022546421,5.5575949822592605,0.5597851213797798,6.571843426710302,38.69551009840191,9.284219934405506,63.30129015193359,741.9458611747981,169.5447407101446,1032.38837456934,68.53744040775831,15.922541946331545,100.0,0,4.79,1.0
M-01,CNC,2026-06-04,Night,42.65,341,100.0,0,RUNNING,302.45709377377034,0.2782852588967646,302.8874817701706,312.4238673331205,1.2386912525828115,314.8202638191134,1.9761898561720723,0.39877667046918547,3.146975474027172,5.547806156286111,0.49478584857193636,6.2597796702386646,38.80793694418828,12.77995707048216,70.61001317338618,797.6717399926248,341.03239363121685,1915.9699227591032,67.41484094511056,21.12784956136801,100.0,0,5.46,1.0
M-01,CNC,2026-06-05,Afternoon,43.2,346,97.3,0,RUNNING,301.7206973283306,0.08960302052359159,301.8925640004962,311.855153072469,0.9599888836262308,314.11332933010783,1.7531168412052363,0.47933754135654777,2.646456695227106,5.5757585325866135,0.5092368502669383,7.096743401198115,40.25426759973672,12.285216171358735,60.866545373165366,774.9418822535815,397.47378728520005,2680.2910832758644,68.47914653449152,20.94045670009072,100.0,0,6.12,1.0
M-01,CNC,2026-06-05,Morning,42.72,342,98.27,0,RUNNING,301.9239431504084,0.10570319811869731,302.1164403464158,311.75818325882875,1.0193557948577243,314.00745544923467,1.783003743346985,0.4215179469355545,2.697737357412972,5.43799898860566,0.4445899760615595,6.608375680081347,39.66230278024859,9.918902335634584,58.65128913729767,729.1464626824543,189.71279049268566,1146.8111802621268,68.79674276958386,17.759428207557676,100.0,0,5.79,1.0
M-01,CNC,2026-06-05,Night,41.6,333,97.52,0,RUNNING,302.0798482848802,0.1668845354584376,302.3527671829775,311.8838014729425,0.8370226569340493,313.4088427561244,1.8292259408475349,0.42626085653032947,2.6815286708942887,5.643548144443874,0.3771907810893608,6.607854996830864,39.47972181313616,8.07004098347368,58.78496942744548,723.7088023042959,150.36891573234857,1137.5798189221273,68.92299818096825,14.966665339833508,97.46441626080244,0,6.46,1.0
M-01,CNC,2026-06-06,Afternoon,41.39,331,96.16,0,RUNNING,301.61316848928675,0.20446254542203254,301.9781925997819,311.42878996683464,1.1027637729942743,313.3335409331522,1.8550877461800606,0.34556094042330837,2.680132818453925,5.374039586925223,0.5091445351357422,6.673477507932994,39.11460284739997,9.951697777455298,56.71572533520331,764.3844058495163,303.58312319032166,1987.835920145456,69.92079145669449,17.322400921820286,100.0,0,7.12,0.0
M-01,CNC,2026-06-06,Morning,41.03,328,95.53,0,RUNNING,302.3911402162342,0.16023888556158422,302.6136498101926,312.27190746983035,0.8935734781853341,314.3611725651885,1.815010789887056,0.40018284634227663,2.5275297674600736,5.368996449630892,0.40064532248140927,6.171829847654056,43.088852146242715,7.465577959771696,58.92131377801232,650.03364046644,117.51426223343286,917.3149872257616,74.92175415285575,14.523502997223689,100.0,0,6.79,1.0
M-01,CNC,2026-06-06,Night,44.92,359,92.27,0,RUNNING,301.37481943716364,0.06796303769109995,301.5019174888992,311.16034703395405,1.0111360806636265,313.07771701287203,1.9306088266490256,0.35009979105171557,2.5969906686583544,5.467841156458661,0.5917056546762935,6.561179686463898,40.96745916452124,9.525314177784681,65.35516791329826,703.3763115952423,174.53445866412846,1215.6976598763272,71.42588396254637,16.0214969669127,100.0,0,7.46,0.0
M-01,CNC,2026-06-07,Afternoon,41.41,331,98.18,0,RUNNING,301.23200410494246,0.08610776138051561,301.4462896062564,311.1435660664574,0.83383991260456,313.2501289387182,1.808315332091447,0.31240158650308586,2.426390510138972,5.501537460200732,0.6675118316185944,6.690438712514569,38.61605888391841,11.405517037063762,62.74280794764198,772.9444989170016,227.5830096930856,1333.0843146896957,66.8129653927499,17.829572443911484,100.0,0,8.12,0.0
M-01,CNC,2026-06-07,Morning,42.86,343,92.77,0,RUNNING,301.20561612703204,0.05599163832104592,301.3372131966028,311.45007738659933,1.1970163299703354,314.2559635843472,1.749421942621201,0.44944743985269986,2.3681733537676606,5.3821738605858105,0.5149218466399513,6.349667148393333,37.309920009819564,8.642377287769783,58.23874396079837,771.7377838590926,185.95634467627048,1322.405900359144,65.98793421352677,16.40652818963926,100.0,0,7.79,0.0
M-01,CNC,2026-06-07,Night,42.08,337,93.84,0,RUNNING,300.8730303362792,0.16902907876103374,301.1863408616077,310.8437936930096,0.8671681971545526,312.72030663057166,1.8526501726474367,0.4498744103812845,2.687533144689458,5.565203003838775,0.479061946936127,6.560822307044748,39.58779977536071,9.328954889656448,57.30828949942784,752.823974567088,263.43723807651924,2025.2974908906856,68.95404293833147,17.005560110829656,100.0,0,8.46,0.0
M-01,CNC,2026-06-08,Afternoon,41.08,329,96.43,0,RUNNING,300.6832716202233,0.08164201243123757,300.8076549136327,310.50827655315965,0.968722774743797,312.8276410591584,1.8311566207471135,0.4050752151733942,2.647385272548994,5.500696018592775,0.481801432157785,6.400616054854098,39.864214504329105,9.340569132488744,56.41489052156396,727.2930020412715,195.0702473004346,1309.8527015564498,69.04574755539318,16.70234312285696,100.0,0,9.12,0.0
M-01,CNC,2026-06-08,Morning,41.1,329,97.36,0,RUNNING,300.5004755316882,0.06807025369024738,300.65819827013394,310.6530541383038,0.88619013895859,312.24400598114903,1.8414108413596781,0.3128772540361667,2.565855378402367,5.563710704342465,0.4946701398951966,6.703728066333874,38.91391558940997,9.61913618997096,62.580059451925976,738.3788824025977,180.2568956116046,1136.1041798125582,68.1696984435664,16.035260026416925,100.0,0,8.79,0.0
M-01,CNC,2026-06-08,Night,42.06,336,94.7,0,RUNNING,300.51495805064144,0.09955384877329439,300.69801160843167,310.6166146047352,0.9720934783896077,312.2935605240333,1.8172933088937888,0.4335829702763305,2.7864194843259,5.53219049852703,0.5414097457717724,6.5606391049975015,40.322890214430785,9.363009519886523,68.45962877906992,720.3878559769946,159.1767603669667,1075.5239560899854,70.89149696011118,15.93457795095642,100.0,0,9.46,0.0
M-01,CNC,2026-06-09,Afternoon,39.45,316,96.37,0,RUNNING,301.40873298919,0.19988346947391164,301.7937233560721,311.1671841585487,0.8872424067608774,312.9294224107979,1.8725263759022726,0.4071702844635158,2.7718948635140457,5.60900351304145,0.46936922090987576,6.646636145635856,38.464423736024216,11.172498406820008,61.41566996699879,781.0052880010231,284.58070039891004,1831.2458478177784,66.83410018738279,19.780836172338237,100.0,0,10.12,0.0
M-01,CNC,2026-06-09,Morning,44.7,358,97.27,0,RUNNING,301.06238819715264,0.3194069929232032,301.5648087309803,310.8290509577569,1.030195891945456,312.39985091011573,1.7097252320192244,0.48081490390142245,3.117163870463764,5.574099040969851,0.4941241034904258,6.243199009848658,36.89254129127333,11.023391950036213,55.69340570536711,827.5866499999079,330.65320793620083,2060.70713764756,63.65026305439824,18.953081287928548,92.93510519198892,0,9.79,0.0
M-01,CNC,2026-06-09,Night,41.17,329,97.7,0,RUNNING,301.1063992304955,0.07612766991052544,301.2314588788022,311.0155892373166,1.0208011119473828,313.1798141324966,1.7526139152108926,0.3830573366586633,2.470581931439713,5.649586885721651,0.43760556933191075,6.580216525067515,39.73506158680239,8.782352003794859,59.834251594329615,720.1818169374101,188.3367214382616,1406.8340742899766,69.37157842280926,15.228461890655746,100.0,0,10.46,0.0
M-01,CNC,2026-06-10,Afternoon,42.64,341,97.73,0,RUNNING,300.92553641267426,0.08727163274187177,301.10081658841824,311.01988181393193,0.8929874072826173,312.9106688969374,1.7925226796707192,0.2830025085060875,2.4705425675695576,5.575106859977565,0.4551921526582105,6.696870010676644,38.371553341561736,10.565822488886527,55.087673955361296,830.9139546118497,494.7019329935345,2988.2459085828045,67.02364841811169,19.917999486390134,100.0,0,11.12,0.0
M-01,CNC,2026-06-10,Morning,41.0,328,95.77,0,RUNNING,301.0419640835324,0.09250061000864114,301.2745232265897,311.1315581388608,1.134337022265882,314.0154674158616,1.9318355392117879,0.33459063550106755,2.511654797987232,5.576227866007047,0.5960364592824678,6.645817184660846,40.65445679745764,8.097408036050885,55.38434831440425,700.2474131873187,152.03072783154914,1070.104561699271,69.32745638086728,15.83049720917845,100.0,0,10.79,0.0
M-01,CNC,2026-06-10,Night,40.49,324,95.33,0,RUNNING,301.0319923994498,0.10444920073017985,301.2273262876529,310.7751514823218,1.0108481432535261,312.20337953632736,1.7315461423697651,0.4200237787843564,2.690655920892536,5.295492374972284,0.47337388567299843,6.181462616279896,39.66979826476246,10.256879116921683,70.43252347707741,743.4698945100888,254.63103106776967,1915.4495876155036,67.33996880401843,15.209532083759658,100.0,0,11.46,0.0
M-01,CNC,2026-06-11,Afternoon,44.22,354,96.81,0,RUNNING,301.09817150143454,0.11220259542334338,301.2866371494274,311.20282666698097,0.757734519418205,312.4531125334886,1.9172767220380755,0.3980766459730956,2.808999176649279,5.548117618996216,0.37435920313476173,6.199932972330296,38.86580652161496,7.972227338305379,52.491570627199046,763.4895029515787,209.93950049293846,1270.82816681092,66.39120857893872,16.82548411228279,97.60833270873556,0,12.12,0.0
M-01,CNC,2026-06-11,Morning,41.4,331,94.69,0,RUNNING,301.1564995124255,0.0633684906580951,301.26393438959184,310.958841970435,1.0555652729838363,312.9860409213948,1.8216629111654636,0.42149279204876994,2.9490984983424804,5.516307858200028,0.40917414455830853,6.213294686937066,41.85547902508582,10.20198034074276,62.61924019864963,694.0178713481496,197.99569204929793,1249.7509475221757,72.27824199793505,16.951277716939746,100.0,0,11.79,0.0
M-01,CNC,2026-06-11,Night,40.41,323,97.84,0,RUNNING,300.93497050425947,0.08721289125408967,301.0764507263921,310.60972880095005,0.9638088937173679,312.50984721878933,1.7886408874677333,0.3001060465965577,2.2118866139273385,5.448549175574246,0.49291437261028803,6.2487496985663205,39.694832849873634,9.725558528716013,60.63619382779248,735.8308554658012,237.1899446241696,1395.9708845848097,68.59432131185007,17.25507106211212,100.0,0,12.46,0.0
M-01,CNC,2026-06-12,Afternoon,40.09,321,95.03,0,RUNNING,300.2864261825253,0.08431287578916079,300.47929200640573,310.4867333864247,0.9330125440324807,312.6632739320476,1.840474399346241,0.5326121998581919,2.8748175033996093,5.6113691290912024,0.47332751289887426,6.738521414060597,41.16022160814409,10.834650721556818,62.50447099711655,712.3907242415551,205.37557919315455,1258.4245881959548,71.07282516518136,19.04444026238858,100.0,0,13.12,0.0
M-01,CNC,2026-06-12,Morning,44.67,357,98.06,0,RUNNING,300.4825152881453,0.18147482296672143,300.7833956719303,310.21282963724144,1.1792136554618524,312.5711705566628,1.741709860426163,0.38873095218273196,2.6708459497286268,5.447106186849172,0.5276233592098084,6.630556198869331,43.58999408533119,9.38724396609816,59.35338083046152,658.7624678304259,163.84552208363095,1204.5818073171895,75.99806008906391,15.523957753224831,100.0,0,12.79,0.0
M-01,CNC,2026-06-12,Night,43.6,349,94.58,0,RUNNING,300.31684099708554,0.10615621364628125,300.51075595830093,310.54672075026906,1.1030601227691494,313.1266438387009,1.8658502484818948,0.29537357536808834,2.5875258922279647,5.518603328289576,0.49064733656371406,6.785390299145877,39.93007460181755,10.418407315619927,61.55553833410782,735.3664249973832,222.70512239697544,1353.1981732600957,68.1337496035159,18.744096221257323,100.0,0,13.46,0.0
M-01,CNC,2026-06-13,Afternoon,40.83,327,95.88,0,RUNNING,300.6246695892445,0.08217924083523209,300.7693443787029,310.573655211177,1.115444158901458,313.04914641296784,1.8576618613986404,0.41767939691833433,2.692699791907361,5.464894937942083,0.44990208945050164,6.675702883062042,41.24434738348535,8.256689871575878,54.641875127496064,691.42441608219,151.30987518787663,1071.1248620474428,72.62079620491322,15.703625858211252,98.29784987525022,0,14.12,0.0
M-01,CNC,2026-06-13,Morning,42.56,340,97.55,0,RUNNING,300.3862239567301,0.1261918719772311,300.66524838520974,310.22801254045703,1.0051828239201877,312.2225308244635,1.7436674526720175,0.39147550294860506,2.5322960232739176,5.4313189591117,0.44608300386120575,6.176748888554471,39.04988193810016,8.010238443852222,57.081550981597374,727.7465489315645,169.96479936210903,1241.3750190373307,68.94242438111826,14.944732255255897,94.66399124957364,0,13.79,0.0
M-01,CNC,2026-06-13,Night,37.92,303,93.95,0,RUNNING,300.9417211113269,0.12744147821558383,301.15810834039746,310.8811786870503,0.7064827498566828,312.28528341027794,1.7869696808124602,0.5122694674003998,2.944541375958548,5.382395679483907,0.5183592678165353,6.350111957894129,39.521229253564194,11.899060510240595,69.80776895383896,764.7868960003887,300.8124262159,1715.4891105863187,68.27969548583236,19.618013823604368,100.0,0,14.46,0.0
M-01,CNC,2026-06-14,Afternoon,44.06,352,93.14,0,RUNNING,300.4502888335437,0.2004643782145975,300.7656445738114,310.481193220253,0.9523734285089864,312.1512047719599,1.88492405027375,0.382805987989006,2.6936294722614957,5.447914736859965,0.45419598123247434,6.557400730464936,38.14690653571016,11.347054251296026,58.35086726520403,803.2007284609418,313.9169126368724,1614.1959316680025,66.06119358754695,21.575298110943304,100.0,0,15.12,0.0
M-01,CNC,2026-06-14,Morning,41.68,333,93.5,0,RUNNING,300.9671429034717,0.10849552295438246,301.1206458445748,310.84533374489706,1.0061771583615744,312.6636626569592,1.7907050826153523,0.49801705265879126,2.778375352155776,5.406259481976774,0.4495347367501031,6.265207525942802,38.09227080605027,9.01961176622582,54.998130605951005,761.7251483175991,189.8289607633369,1125.3842550895135,67.27599165139493,16.69377866851813,97.82415796816238,0,14.79,0.0
M-01,CNC,2026-06-14,Night,41.45,332,96.26,0,RUNNING,300.11045327475824,0.09361740750403616,300.2887547248605,310.5075906955995,0.9762215187541072,312.4123746122372,1.8187819705028054,0.3598005190206937,2.4891017897988035,5.560315523323657,0.5653195987372434,6.695134558321694,39.92638596984745,9.354851103939339,57.18880439917896,733.7267301646008,234.51074627657954,1652.7386955345837,69.94805208894225,16.44070657751532,100.0,0,15.46,0.0
M-01,CNC,2026-06-15,Afternoon,43.47,348,96.02,0,RUNNING,300.4146740263627,0.22862927023929366,300.78716415320525,310.2581896683495,1.05847486403964,312.5059959340095,1.8187948263865368,0.3939546430517987,2.6130796247019044,5.5689593139798585,0.5074998605580912,6.735251569500291,41.58987660219175,11.158997573422383,62.80215600250844,709.3104146419611,210.2318469772678,1373.3302624485425,71.46565946692448,17.23416881012749,100.0,0,16.12,0.0
M-01,CNC,2026-06-15,Morning,43.82,351,95.56,0,RUNNING,299.9652669070839,0.16029769940889374,300.23109664398675,309.9755417214167,0.9081365735734969,312.0956942490371,1.7354420678170681,0.380838889996737,2.5743990595547555,5.325374456093069,0.6381507013430858,6.570526767363052,40.303398960610174,9.234128904007811,53.60760135717191,722.3111608625624,236.41196957070943,1403.066428713964,71.2421472839473,17.035876391687047,94.07826276032016,0,15.79,0.0
M-01,CNC,2026-06-15,Night,40.76,326,96.92,0,RUNNING,300.59586206614074,0.07652511710208841,300.7017385073657,310.89729937951273,0.8229327322840544,312.3402128945445,1.7710759054475724,0.42478091828945236,2.775618408114102,5.509090135780996,0.40013734115390787,6.231564625636328,36.247112896759084,8.356159347727372,50.02940337339924,805.2010145936673,231.87717753803275,1403.6302312626362,65.63778008474813,14.915406325781252,93.7586402728478,0,16.46,0.0
M-01,CNC,2026-06-16,Afternoon,42.09,337,95.23,0,RUNNING,300.63663867639053,0.14572094467280636,300.89472294535966,310.58712785743,0.8561834869153749,312.09903112905977,1.8702828384464463,0.3670166171705853,2.6602669393141376,5.660819340161485,0.4573427751526556,6.989103775260839,37.549235375254824,10.369268647983448,56.184370801549456,812.8977160704011,355.1907580751512,2456.124831274524,66.31856269954976,19.886769473712143,95.7933475917383,0,17.12,0.0
M-01,CNC,2026-06-16,Morning,42.25,338,94.8,0,RUNNING,300.6490237293597,0.08102999016241187,300.80684818171983,310.50715853805985,0.9804450315529755,312.1996978623072,1.8109305894997174,0.34687840129208114,2.8397680391629025,5.36766855606868,0.4268622933757379,6.507743757654541,42.29840504365806,9.53585837840073,58.049928762247205,676.6670877719405,210.28287124356,1429.110108843621,75.1113372248858,17.532833326039935,100.0,0,16.79,0.0
M-01,CNC,2026-06-16,Night,42.14,337,97.32,0,RUNNING,300.39646519156287,0.06460630030016848,300.5118290695351,310.2301264617332,1.1645293573226831,312.62025166849133,1.7490075934663614,0.48007733675677966,3.03483356884625,5.6374844756728795,0.505461643532131,6.6785555632236,38.39427454333922,10.991480858665536,58.688224201903694,785.0029365913167,277.26553076957606,1504.6039855126348,66.59235788758816,20.16859470589738,100.0,0,17.46,0.0
M-01,CNC,2026-06-17,Afternoon,44.69,358,92.1,0,RUNNING,300.2009151829328,0.0725944744721281,300.34545702469103,310.29464035756257,0.8274060643441115,311.70290313785034,1.7895510849637997,0.3614056764612592,2.5413722864295423,5.4458085274522805,0.424356190466451,6.497311884628344,41.53220845373284,10.374314381841318,62.53917072548737,719.813454188893,288.8161697557909,2008.1046137859653,73.65988911791668,17.573163525883135,100.0,0,18.12,0.0
M-01,CNC,2026-06-17,Morning,44.0,352,93.52,0,RUNNING,300.25146961135744,0.066223056811814,300.380669635123,310.1953184694973,1.1164750815488078,312.9520378459004,1.8815658564227506,0.4168632378441791,2.8037848883956418,5.455396032095574,0.3814005823915736,6.151251004658519,41.57739435254558,9.22885833369539,57.43726069386445,694.8912768978125,172.26732492232782,1111.7047346461245,71.50922476385928,15.209435008459245,100.0,0,17.79,0.0
M-01,CNC,2026-06-17,Night,41.81,334,97.18,0,RUNNING,300.2719192015933,0.07776091867396205,300.38847816757504,310.322454603622,1.047225749969533,312.96351347930766,1.9270991261515753,0.48443264114689527,2.748912649114751,5.622002112179554,0.4611892867679403,6.521307435620246,40.359406156351724,9.197449002176864,57.69587531723455,718.7158050880457,191.8217818244978,1256.5471597444305,69.70289943628049,16.0858784217736,97.65404507608878,0,18.46,0.0
M-01,CNC,2026-06-18,Afternoon,41.74,334,95.01,0,RUNNING,300.0677001660094,0.12746937625241989,300.3282395971889,310.1236058761808,1.1423629553733436,312.46546318836914,1.7251442300326996,0.386222611251914,2.4931389738619307,5.504600154470824,0.6326777173560335,6.77813977345623,42.11698625956342,11.668322440853311,60.46780151626285,731.1266346286898,334.7392996771897,2096.725992899524,74.08424552660342,20.76350651303583,100.0,0,19.12,0.0
M-01,CNC,2026-06-18,Morning,42.35,339,94.75,0,RUNNING,299.96259243313614,0.03899649194944407,300.0460208175928,309.63123879844403,1.3153604764231157,312.2672812438301,1.7208778220822063,0.41473211601904697,2.4362166590022527,5.519267477127453,0.5267615879372831,6.956162523056914,39.41019370263975,8.971786666465151,55.131762157362445,733.4277198749038,187.50599051605423,1188.6877682615534,68.6592449110948,15.351018174714758,94.14515310120537,0,18.79,0.0
M-01,CNC,2026-06-18,Night,41.26,330,97.7,0,RUNNING,300.09940626666656,0.1616930467208934,300.33832189638144,310.3816859948118,0.9835884137622264,312.2843051333389,1.7844202035433703,0.35912849960472065,2.411687180070864,5.356063057942062,0.599908330440565,6.713777604470585,39.827418688179854,10.91844077204657,65.84670123992723,738.0264044620952,216.2176003089055,1452.5462418156317,68.54331031295402,18.62550210230436,100.0,0,19.46,0.0
M-01,CNC,2026-06-19,Afternoon,43.13,345,96.61,0,RUNNING,299.90385310796563,0.07901134259397097,300.037587140492,309.89458383581075,1.0339886754660776,311.73599450645287,1.8871499026748395,0.43581444251537715,2.967060037847361,5.5717046157891135,0.5041103351225805,6.372666265864904,42.65031418348066,13.035775319439756,71.15170987334795,707.5955853304798,304.7653520572703,1762.1633849171203,72.6983568228189,19.129026149103613,100.0,0,20.12,0.0
M-01,CNC,2026-06-19,Morning,42.45,336,94.61,0,RUNNING,300.1178270079632,0.13105077917185107,300.33323165814613,310.10673341641416,0.8859650456729626,312.18644337813504,1.886630332553667,0.40492956732297225,2.821285883192128,5.5179452108253635,0.5047436806739412,6.73175425626607,38.97489311331622,10.402337946200282,58.81232923749232,768.5257246136337,272.35450729358496,1746.858758082871,69.56931465696475,17.323316421155855,100.0,0,19.79,0.0
M-01,CNC,2026-06-19,Night,43.02,344,97.26,0,RUNNING,300.22205899831846,0.10857572296008813,300.4532689182873,310.2491241859383,0.9564693020975326,312.7507193805605,1.8572351297322465,0.37580221383979767,2.7731501135255794,5.567244274453753,0.6383660441834801,6.993328322064639,38.749574977203835,8.534805819505953,61.41506023354236,739.278649137397,161.12655594414298,1302.6758571217845,68.5179362044132,14.178196174609337,100.0,0,20.46,0.0
M-01,CNC,2026-06-20,Afternoon,42.94,344,97.22,0,RUNNING,300.02150598970843,0.1971033018349786,300.36135708621947,310.36292826961585,1.0044916286191499,313.13087387027264,1.8043613843437858,0.3977275388506248,2.8756907851315905,5.656920361061655,0.47336837013199934,6.4077694177521485,36.61108400811842,10.675627472589676,57.10811602499976,863.8963511814168,508.6178770875421,3319.777211694547,63.01758866188569,19.4829500540014,100.0,0,21.12,0.0
M-01,CNC,2026-06-20,Morning,40.96,328,94.88,0,RUNNING,300.26292532915744,0.09740008248190728,300.44890734168564,310.10238488443224,0.873170798702808,311.9413737988332,1.8086143451266274,0.4015728573481977,2.5950424081055443,5.712111542564491,0.4851131336338906,6.641430419061233,41.9046772688154,10.02922737020672,57.80223740989054,699.1542940204025,244.86766243342242,1793.5329653705344,71.89227243877316,16.519273401283645,99.91634967907396,0,20.79,0.0
M-01,CNC,2026-06-20,Night,41.97,336,96.23,0,RUNNING,299.8624092363508,0.1678490169339154,300.13929607698793,310.4148433934173,1.118393258563714,312.98783375740635,1.8549472540112153,0.3160452990768691,2.7116523097674445,5.580481197047642,0.5651261438654194,6.556522716456808,39.33322153604085,10.465352562003103,58.86125034186711,751.8084473161373,237.50108032818403,1379.2909369918457,67.45080464849038,19.140047538594583,100.0,0,21.46,0.0
M-01,CNC,2026-06-21,Afternoon,42.69,342,95.6,0,RUNNING,300.2508809024063,0.11863011418985353,300.53537620847953,310.16811665073544,1.3296782731513714,312.9730924514256,1.7609461627539003,0.2670056580704309,2.3018285724456016,5.367820896639659,0.5162423753799034,6.506421621809241,38.59933586058244,11.229416107067438,58.901617450360135,784.9029942268633,270.97193013638474,1552.6905400133758,68.33482699962823,21.20275390475568,100.0,0,22.12,0.0
M-01,CNC,2026-06-21,Morning,43.61,349,94.82,0,RUNNING,300.16690877577037,0.08983849551118189,300.3213639139511,309.9732592802795,0.8929593728828962,312.0339731159962,1.678063014528193,0.3689283066757452,2.7350747068152628,5.431467436117,0.3970093333298596,6.193393686149535,40.09459482908362,8.547186385176907,68.90803736837012,713.9087740708895,173.87406097433285,1390.836186417791,69.92784955249566,13.434004725607965,100.0,0,21.79,0.0
M-01,CNC,2026-06-21,Night,41.73,334,98.2,0,RUNNING,300.8945147708996,0.21825405963989644,301.23247268382505,310.99223456932685,1.068806757423999,312.97867440740373,1.87208515213374,0.3745508756343412,2.5979777065677583,5.5269216565201695,0.40638907600914415,6.270502029548864,41.676135948288966,9.69994385475074,58.57436271582575,704.8991476473861,248.1346637776685,1760.030669324684,71.8540827023555,19.19139331685929,100.0,0,22.46,0.0
M-01,CNC,2026-06-22,Afternoon,43.64,349,96.04,0,RUNNING,301.3494941361574,0.15661180709975586,301.62082277212403,311.3526801079533,0.9960672455212641,313.207466609406,1.7673508689570125,0.4774822455383229,2.721940124897226,5.3185192150822935,0.5297588852704171,6.2555167813302965,39.10438450537729,9.99381157558669,58.33843719055438,775.5322632657902,360.34090676669643,2498.9881661208747,69.42066968483655,17.6361031125613,100.0,0,23.12,0.0
M-01,CNC,2026-06-22,Morning,43.04,344,97.63,0,RUNNING,301.1848666083365,0.06838644144575276,301.307428599796,310.84547535266654,0.9440886918600582,312.9590874237732,1.694149859032791,0.3347674038577859,2.5736728646505806,5.517708894839217,0.6016211137734591,6.64584741709345,41.963776494371466,10.892475168439494,66.24453244479591,694.3540921850116,182.61993124429046,1132.5494925481255,73.5904119982411,18.131762055631118,100.0,0,22.79,0.0
M-01,CNC,2026-06-22,Night,42.86,343,95.38,0,RUNNING,301.4871228739981,0.08384826030202067,301.6731455065876,311.68177557352953,0.8662971740898068,313.5105451073713,1.8445636385740223,0.39059966749787295,2.777854326065663,5.54279010321605,0.5311305720748832,6.462973980159494,40.40480329586039,9.954183447512412,59.42482414766759,723.1016811844704,224.45706331755653,1592.302369538364,68.5337474687567,16.88682005175977,100.0,0,23.46,0.0
M-01,CNC,2026-06-23,Afternoon,42.12,337,97.19,0,RUNNING,301.6642071741468,0.07188037552102883,301.7870575473515,311.61745896262636,1.2633230038844214,313.8374590746993,1.7689857035270422,0.42503065541177176,2.6574482326284503,5.339219088483158,0.4368721126772994,6.020226146697901,39.106854160128435,8.808011998398538,53.15314634677874,736.9105343162446,175.23642292454267,1152.5665197157216,67.56696615958651,16.674370172191317,98.78764811450594,0,24.12,0.0
M-01,CNC,2026-06-23,Morning,42.41,339,95.74,0,RUNNING,301.6504260574758,0.08036333628257822,301.7724499425036,311.62875213896075,1.3521157535695854,314.7453231262288,1.8195535125747104,0.33984687568021216,2.4146665368027724,5.584907731656659,0.5083672468562791,6.460123333382509,37.793460655918565,13.213578142302818,66.06687538738548,894.0700142701286,591.2537645780121,3006.5716151952133,66.04475920177103,21.216609854713116,100.0,0,23.79,0.0
M-01,CNC,2026-06-23,Night,40.97,328,100.0,0,RUNNING,301.6790326780713,0.11047873387833605,301.8929767071889,311.5311257228245,0.860440671253266,313.20596473539405,1.7871626217304832,0.3546831154149453,2.4480592127577374,5.465042786121624,0.5507996907150424,6.336854331921634,43.789549217625215,8.101978320376986,60.81543318428355,649.7364770374077,125.10942412679904,997.9528360116152,75.77759774727275,14.188686425225692,100.0,0,24.46,0.0
M-01,CNC,2026-06-24,Afternoon,43.46,348,97.58,0,RUNNING,302.0150706256995,0.1130264995928266,302.16579084462296,311.9326269071123,1.230638714481217,314.17518624348685,1.7739789145646914,0.46298041441087695,2.5995941307775894,5.4878067893433995,0.44583670912179935,6.240159586141228,42.881634024064034,9.29455985244223,59.73691890335442,664.8158742555817,162.9343607704935,1064.4505510263966,73.95214435653808,16.275463441607325,100.0,0,25.12,0.0
M-01,CNC,2026-06-24,Morning,40.73,326,93.57,0,RUNNING,301.73050129834024,0.10564042416986594,301.8966823601891,311.73117507505026,1.0729128968349284,313.86891742976235,1.6952350805231622,0.4033787992310771,2.573714157812101,5.612804930952372,0.4449805399680646,6.439575822886284,35.10197603024009,9.584350952880877,55.72617567222128,842.5885344452381,263.3439043167074,1477.5483538094518,61.21286447245589,16.304246375720677,100.0,0,24.79,0.0
M-01,CNC,2026-06-24,Night,42.79,342,97.26,0,RUNNING,301.67668471101956,0.14037065500167203,301.94433372158943,312.1178475875572,1.0361894660392035,314.4933902610417,1.8472572345558567,0.3708606679740323,2.49112467232204,5.617901969686562,0.4431091162554687,6.691508686675162,38.79785178643703,10.883107436914777,59.87507053885621,780.9664911013541,298.54485630818715,1598.7207936973325,68.4187338194032,18.3714704344789,100.0,0,25.46,0.0
M-01,CNC,2026-06-25,Afternoon,42.1,337,94.65,0,RUNNING,302.17304592159377,0.09718667647374575,302.3407327878757,311.8425939647428,0.9188693308246771,313.4393586883669,1.8024505114449159,0.3919792393668787,2.6577992910711625,5.543727191147668,0.46987196260174113,6.34635951795309,41.73468489815209,9.843874255980417,65.94943971580219,694.5582175418141,159.75009325181512,990.9290928894792,73.22231877408036,15.865970923933242,100.0,0,26.12,0.0
M-01,CNC,2026-06-25,Morning,41.98,336,94.21,0,RUNNING,302.1304930639043,0.16447925271296268,302.3157592150857,312.10120078301276,0.9777116179449193,314.501095477758,1.8495729588078618,0.3464155027918455,2.364269859405088,5.517617073218368,0.5524829894490993,6.913776782598647,40.85158444694494,10.977938653249854,63.662178641698105,728.6129375474565,232.56197770392427,1314.5653031057636,71.47269277819427,17.753731807306607,100.0,0,25.79,0.0
M-01,CNC,2026-06-25,Night,43.23,346,95.71,0,RUNNING,302.183136837643,0.10507662398024181,302.3699518054583,311.8855905660462,1.1518636595863607,314.1425022938556,1.7355566225746604,0.4248945500952864,2.520103370127751,5.568886159552087,0.5218213501275242,6.847671842850021,36.69972292867357,9.2716606529471,54.65568964364575,794.4066558071975,248.66091240119016,1479.971868563637,64.25518382930701,17.065648583284084,100.0,0,26.46,0.0
M-01,CNC,2026-06-26,Afternoon,42.52,340,94.87,0,RUNNING,302.52872775092914,0.1313543136329675,302.7137257681556,312.599002776872,1.1708832149289283,314.6412776013858,1.759294144694493,0.4089173572712249,2.851669014715628,5.452779401612824,0.46142164925242646,6.537408091338315,40.998760009014255,8.240978971205159,56.28814468068667,700.9438658523692,165.8287848500681,1185.737454532882,70.75797525563665,14.112556934892094,100.0,0,27.12,0.0
M-01,CNC,2026-06-26,Morning,40.96,328,95.36,0,RUNNING,301.95660915177365,0.15221506033459645,302.2571237240974,311.88906697419327,0.984963551719133,314.255140868904,1.8706767919687246,0.30918116167053056,2.588075519825665,5.239914923751272,0.3764100665771394,5.930493864706964,42.17220470680675,8.93644835900331,59.30321245802308,678.7612863006951,167.0859459794692,1082.7378998058637,73.45941215820719,16.304904299457437,100.0,0,26.79,0.0
M-01,CNC,2026-06-26,Night,40.96,328,96.49,0,RUNNING,302.3545262077333,0.09929144714137518,302.5690158703572,312.4067931231818,1.012186042399627,314.0503686311165,1.7745094480970545,0.421679442496511,2.568708648421996,5.518559862690215,0.42531761108256133,6.594268929357702,39.57130106069867,9.717089344995749,61.20222895589031,731.5339503112083,185.2873935336833,1199.4724942509158,69.2406053333596,16.30936755222242,100.0,0,27.46,0.0
M-01,CNC,2026-06-27,Afternoon,41.41,331,96.46,0,RUNNING,302.56787321583255,0.24310904480009426,302.88946939261166,312.3293326870158,1.0152739672388986,314.82811685014906,1.980692056969846,0.3937767856731745,2.8633895416455024,5.394585693302235,0.5419479575579008,6.866406439651096,40.930895631328674,10.650026727127967,62.64818990407368,708.8409786300876,190.84293822577024,1182.0304454791276,72.77646884782155,18.934503896049154,100.0,0,28.12,0.0
M-01,CNC,2026-06-27,Morning,42.31,338,94.99,0,RUNNING,302.5026174212994,0.15047647484300475,302.83923717106586,312.5229777772119,0.8647039189198646,314.76573176489296,1.7295458571555662,0.40550596231866387,2.4574720853212133,5.596534183965369,0.5730982546303963,6.860028861188661,40.29413229715252,9.611485175999052,62.6130984772548,712.750319543182,168.82390066205522,1102.970627347955,70.58959934860228,15.824163733988403,100.0,0,27.79,0.0
M-01,CNC,2026-06-27,Night,40.18,321,93.19,0,RUNNING,302.15303384564794,0.08174071068053423,302.2818461581547,312.3257538965936,0.8348898608124508,313.84772252626004,1.8736955139846776,0.5424952494291426,2.7670751610823485,5.463714973155944,0.5559346521004462,6.363440333679609,38.95413572428977,11.077444365827947,60.18516837422898,763.5633110765136,243.2937862492422,1562.8545818446,67.39714549891784,17.620334317089238,100.0,0,28.46,0.0
M-01,CNC,2026-06-28,Afternoon,42.39,339,98.95,0,RUNNING,302.6227268787033,0.18490629056100347,303.0087023354529,312.7052439674776,1.001739136777199,314.49158931636896,1.7178523339808065,0.4433566870571948,2.785092227155484,5.460154697073132,0.3675007165385925,6.20913440281773,40.22455019263681,10.430800998355569,61.269123946640704,730.0864657234264,242.79935106769364,1548.5424014570967,69.07512602532859,17.777042122455416,100.0,0,29.12,0.0
M-01,CNC,2026-06-28,Morning,41.09,329,95.57,0,RUNNING,302.6886732343503,0.16556464576573962,302.9097772855768,312.8518892380952,0.8770817944064174,314.3719432363271,1.85525267060805,0.40191211145594,2.503494460948182,5.54122303429575,0.5274051720023412,6.600474585637104,38.71385941812598,10.844983242417568,64.03243238677206,769.428631203492,247.11609067404098,1631.5602289151536,67.87612943876486,19.59090180691391,100.0,0,28.79,0.0
M-01,CNC,2026-06-28,Night,43.08,345,95.68,0,RUNNING,302.65803781348495,0.12430050439785256,302.8993234206004,312.6832396688039,0.8112144718679699,314.032892465589,1.822472164757815,0.38600656105101333,2.8629848465334597,5.626228832379682,0.5215708442102451,6.7253166772751225,40.70707283133431,8.83452191173202,62.41353577217107,706.1933312810992,176.20269690274148,1315.3880786769168,71.68538388789212,16.352721839353123,100.0,0,29.46,0.0
M-01,CNC,2026-06-29,Afternoon,41.98,336,95.42,0,RUNNING,302.69622149299414,0.07687104428034906,302.8076408357844,312.7380640376542,1.0450755737434236,314.703812527902,1.8050713250893122,0.368225824744408,2.6125641452620707,5.632396113036867,0.5168892125000738,6.461823745860584,38.57605808986152,9.427262269578062,60.16623701658724,753.0940266816892,215.19777883888545,1543.647476793948,68.63608526765282,16.768459308509144,100.0,0,30.12,0.0
M-01,CNC,2026-06-29,Morning,41.98,336,93.99,0,RUNNING,302.66994865265866,0.05864525188572057,302.77683683914074,312.8151442639458,1.1965959903110797,315.25208597073686,1.8241860015176024,0.5000529903419891,3.086070806309701,5.565867289314365,0.43931631412263084,6.242073692601859,40.53585453376226,10.460373759651533,57.34716074608604,746.9762873001475,308.0526668586932,2059.987140046899,69.37301334458535,19.757243466854554,100.0,0,29.79,0.0
M-01,CNC,2026-06-29,Night,42.41,339,94.35,0,RUNNING,302.5425867570437,0.1586984859225499,302.75494152597446,312.38145418460783,0.8460408436050169,314.3382733445958,1.7605361354012772,0.4332264845066775,2.8865834660928,5.493799694098392,0.4508392578816554,6.432840321762118,42.71441364859418,8.303266914657643,57.642089432898416,666.1359009239046,141.97341265684966,974.2724064434032,74.8720051336492,14.479102609092745,100.0,0,30.46,0.0
M-01,CNC,2026-06-30,Afternoon,41.86,335,96.8,0,RUNNING,302.6392289824008,0.18502335180424556,302.93223801965894,312.5477158555044,1.1512968906943437,314.863781567334,1.7172781109046604,0.419284796349013,2.683381540208317,5.608755292015962,0.4295575366528203,6.373958611985072,41.2242788422928,9.904370343459966,61.98811434695556,706.7896279078124,206.45945447669573,1403.3186810586146,72.23539055455632,17.041433511516864,100.0,0,31.12,0.0
M-01,CNC,2026-06-30,Morning,42.65,341,99.07,0,RUNNING,302.50014260239584,0.17975255610941243,302.7533839725148,312.45935168341913,0.9955287068592767,314.3919459291019,1.9621290039204242,0.3987929560205906,2.94753068977196,5.571591771859562,0.5911283425743499,6.705945179721299,39.28228567211451,12.143023074832627,67.12862728982546,769.6226915785497,281.90372987582373,1415.1179872053735,67.89853591754556,21.2690756405056,100.0,0,30.79,0.0
M-01,CNC,2026-06-30,Night,42.87,343,95.2,0,RUNNING,302.83015676911117,0.03673927169576797,302.9095192975104,312.8249864449729,1.1364332964455879,315.0122084961312,1.8311384211375044,0.3032613646448809,2.2981178302077416,5.3746831011914935,0.5964548535985793,6.20730126400653,41.514466916164814,8.35924298851629,57.91511220901983,689.5307336721653,163.58956790685608,1188.2257324084471,72.20283386362328,14.348821479289722,100.0,0,31.46,0.0
M-01,CNC,2026-07-01,Afternoon,42.12,337,94.45,0,RUNNING,302.91025925909605,0.12474705604700113,303.1352898775665,313.0797963054618,0.8979730432202426,314.54104119420725,1.9248399096083935,0.3719556469688408,2.611232366419985,5.494230575854201,0.5166797058305944,6.60747269687173,41.62189205914402,11.279682431467677,63.23081897396792,710.2387225804133,239.45271906033756,1591.1471592530538,73.17803505203199,18.011282590988024,100.0,0,32.12,0.0
M-01,CNC,2026-07-01,Morning,42.28,338,96.03,0,RUNNING,302.79506331136855,0.09012608683865816,302.9661007932449,312.84518806005235,1.031040417022475,315.34019725251744,1.6746483089522588,0.36619199155131565,2.526017634013792,5.487655701618607,0.4485137251218212,6.408425425254209,39.3655885736599,10.387897217298015,54.53298188535893,807.0426017320707,540.1445015905435,3616.715463382959,68.764378279357,18.778612534588564,100.0,0,31.79,0.0
M-01,CNC,2026-07-01,Night,42.03,336,97.0,0,RUNNING,302.9502558778876,0.07460235553881954,303.1333189166561,312.7431708778385,0.9530559062512431,314.9705313051671,1.7601365597311691,0.3739843937583545,2.486691965566341,5.558916092561613,0.5198920801536293,6.3822459374542895,36.1697523663903,9.33237135852606,54.2134818115209,813.8784135430457,245.885343929565,1386.9735352475925,62.19939575408746,14.826399939370416,88.87706167192766,0,32.46,0.0
M-01,CNC,2026-07-02,Afternoon,44.71,358,94.47,0,RUNNING,303.15882980591715,0.05569955207902083,303.27436377633654,313.2621883128843,1.039798783380841,315.03391649377687,1.8968879511873729,0.2833454523271806,2.4853083933114357,5.645211200505886,0.46402545962639646,6.551335425591974,39.6970290746936,9.890508119514196,59.90500856959848,757.5142915203626,317.89176871508056,2095.920340831477,68.69938132163999,17.84515697190295,100.0,0,33.12,0.0
M-01,CNC,2026-07-02,Morning,43.83,351,97.92,0,RUNNING,303.09668053097494,0.06841884808888449,303.2124952921975,313.3937052351725,1.0704713670634967,315.76546896420643,1.7805913990788012,0.41799049706577424,2.851333702911909,5.274695152771229,0.49657096350246716,6.339834075812296,39.07502722813235,9.67209329520709,62.65347333407016,747.3037723782104,188.9485198772394,1207.9178237471674,68.27532882436918,15.75757811039004,100.0,0,32.79,0.0
M-01,CNC,2026-07-02,Night,43.1,345,96.37,0,RUNNING,303.1075242374204,0.1220434330280439,303.3112928614834,313.2939810354134,1.1648270375868648,315.53989658650147,1.831161153546453,0.31950114248320666,2.3974790162316504,5.561787759532746,0.42314469348021866,6.368732113390102,40.97157435314992,7.52956086717283,56.184334943711065,691.139423489966,128.12401064996385,1001.0298033616484,72.06168610486017,12.87759583770714,100.0,0,33.46,0.0
M-01,CNC,2026-07-03,Afternoon,40.94,328,94.8,0,RUNNING,303.27450094290185,0.07014666253893086,303.3690917124827,312.9966942593583,1.0066423063356589,314.8536551817125,1.8097800938546988,0.42796543378319735,2.5301696243142286,5.532891670850619,0.4572930762701122,6.474758418725146,38.05779101916931,11.201777181496597,62.883206311793735,794.08141666988,291.5497297619428,1774.076656073125,68.85932390324662,19.436170859707346,100.0,0,34.12,0.0
M-01,CNC,2026-07-03,Morning,44.76,358,94.38,0,RUNNING,303.09668466203027,0.11971008409426381,303.32959185143164,312.9599276154883,1.220337773081789,315.3808638866883,1.7821193448130683,0.40949684359544897,2.662820383353397,5.511317264719977,0.5477318436119317,7.2376196880132415,41.34546999210945,10.656394624840114,64.69599160642031,703.7010134122912,176.4030629195121,1105.3287484281725,72.07627742053187,16.439782266970415,100.0,0,33.79,0.0
M-01,CNC,2026-07-03,Night,39.32,315,94.95,0,RUNNING,302.9936862662527,0.1774612556397108,303.2980604915852,312.9619563708539,1.1686645110665312,315.36527364927474,1.7651774437756464,0.30308733453250886,2.175230942561698,5.6384732076605415,0.5542478109994806,7.054965466464315,36.5363683591154,9.379922208855419,56.513913182403485,802.6929216744882,249.18974018345853,1544.9129057915068,64.08468547817034,16.821305213155814,94.3761847386781,0,34.46,0.0
M-01,CNC,2026-07-04,Afternoon,42.43,339,99.75,0,RUNNING,302.93491657169693,0.09116135720545085,303.1616214471073,312.98549238504916,1.0560793117391514,314.79765845876085,1.8859672957306735,0.430622915413644,2.630931888848572,5.634027015581854,0.5000987246748387,6.455248084804012,40.356438306790025,7.513742486580479,56.29676698792561,706.9618313590154,138.6239403771144,1070.6265736567932,71.44333115794836,12.895838029673138,96.27453558751048,0,35.12,0.0
M-01,CNC,2026-07-04,Morning,41.04,328,96.3,0,RUNNING,302.7514248099373,0.11138721851735862,302.93579834529856,312.7696800311622,0.8803642740623421,315.1546577259226,1.7713626969634568,0.3577358204147415,2.3183515395874803,5.51196710119707,0.42618347944611695,6.332390148186377,38.35988338835642,11.027059397105845,60.61552585580058,779.3837182622799,282.0518085350913,1655.5373166164386,66.29047881450265,18.439180902853714,100.0,0,34.79,0.0
M-01,CNC,2026-07-04,Night,43.2,346,94.85,0,RUNNING,303.0066529282493,0.10547371126692277,303.21674874463594,313.0210256476116,0.9730189821144832,315.3011081275731,1.7920623409002716,0.33203447289216337,2.553697598976343,5.543330730673189,0.5631000801155271,6.883830619374621,39.8151135867019,11.194872927085969,68.41934445539937,739.1320611249031,201.15533014026093,1360.6993597742246,68.12031068955955,18.61921890272132,100.0,0,35.46,0.0
M-01,CNC,2026-07-05,Afternoon,40.34,323,99.66,0,RUNNING,302.8706555814877,0.07524573383874404,303.0012929506079,312.88458626867515,1.0023937096571647,314.63558011906446,1.7915822200115892,0.3959996899903311,2.523500056608352,5.483594312923028,0.44154594145741344,6.237680027703325,38.481328408898506,12.095741437071222,68.60184065275958,785.1790260250547,288.50502327767373,1792.957635092649,66.9940231838862,18.007135163691398,100.0,0,36.12,0.0
M-01,CNC,2026-07-05,Morning,40.87,327,95.56,0,RUNNING,303.04197229515745,0.10311122275733699,303.20784038514245,312.93023955556134,0.9197825159108558,314.965386598104,1.9085177077912825,0.39269313001085676,2.5719458914112767,5.615443028653746,0.5665921079955117,6.922930351891232,43.00159115405249,9.799832480789963,65.30662839253448,669.0946504163151,161.0738976610021,1154.4330566457495,74.03483886792127,16.55136470800825,100.0,0,35.79,0.0
M-01,CNC,2026-07-05,Night,43.49,348,95.06,0,RUNNING,302.9081059225129,0.07598203960353775,303.02828370177883,312.720250395421,1.1272041794451064,314.59554006197425,1.9166566294537446,0.37943220829035523,2.7392339294358754,5.559753740056902,0.44770182223031313,6.336748418663484,40.67288286459312,8.79093210970263,59.07597592433198,706.2474367502741,154.50552300251016,1020.9321404174,71.05748534896622,16.67825848761685,100.0,0,36.46,0.0
M-01,CNC,2026-07-06,Afternoon,41.86,335,98.48,0,RUNNING,303.0749580913652,0.1071981126471927,303.2942300605137,313.12094213623357,0.876779493307214,314.90772510129165,1.87428256939233,0.40363522203274843,2.580554426375433,5.560225099501507,0.48148977631602496,6.665372284721728,41.62800293365031,11.18634640363217,73.1365662362282,741.0864501405409,471.7562117808295,3197.473547343932,71.48471423372857,17.179525695065763,100.0,0,37.12,0.0
M-01,CNC,2026-07-06,Morning,39.84,319,98.71,0,RUNNING,302.831054504964,0.08317869990294434,302.9699684605391,312.7810433230632,1.1497184431601124,315.8224944409333,1.7710254194836073,0.45939069547585903,2.7995123256380623,5.562212262242829,0.4654201944031667,6.392173593047176,38.93844854588707,9.848493068691141,62.71759122706442,737.9987057478409,214.08221933558517,1252.2795624467035,69.72058619677784,17.95558925837777,100.0,0,36.79,0.0
M-01,CNC,2026-07-06,Night,39.99,320,94.8,0,RUNNING,302.8313920969507,0.11486670519605155,303.02170465066257,312.6597818166413,0.9878432186004036,315.11202913109867,1.7400815537617758,0.33085260732678806,2.5375546106915,5.379929062521071,0.4631929823817522,6.233629698772347,40.6340171999875,9.09414992484844,60.15050749152096,714.5058424616986,203.2500355171268,1342.3369164299206,70.93620580546222,16.755245204494454,100.0,0,37.46,0.0
M-01,CNC,2026-07-07,Afternoon,41.43,331,97.25,0,RUNNING,302.53821447359155,0.11646420295485783,302.7776540582788,312.68388082195804,1.172145763620671,315.0992571268692,1.830953195082735,0.34923546562370206,2.878033340771275,5.62808840057175,0.46192896199817574,6.523132810265036,40.148268124996505,9.958326516550063,54.63484787940601,734.5423869737263,236.42941707617553,1420.206513201451,70.9836397670483,18.673707571070544,95.53326265810996,0,38.12,0.0
M-01,CNC,2026-07-07,Morning,42.01,336,96.09,0,RUNNING,302.7551877583149,0.14298048834794594,302.9881519580296,312.6371524518219,0.8593242931742979,314.4916676159713,1.7421126787142875,0.4392216576735565,2.7103992190251667,5.542647498140055,0.5292662081126738,6.785243107416941,41.215219574505724,8.390752420551014,64.02464386342909,685.8125813900339,138.24936424304312,989.1309571189706,71.10383558603229,14.54271505334694,100.0,0,37.79,0.0
M-01,CNC,2026-07-07,Night,40.65,325,95.72,0,RUNNING,302.76778863020905,0.09260085725666735,302.9338824928297,313.09056862026216,1.1178379517138426,314.80141568200946,1.7323657154793057,0.39685723895860353,2.525975823965825,5.559163247080884,0.5836274126372775,6.747675055214913,39.171102187606884,8.215459963989092,56.28629361228036,739.9834025637648,162.08289765982596,1193.4890331020076,68.9522960098211,14.22384708478606,100.0,0,38.46,0.0
M-01,CNC,2026-07-08,Afternoon,42.9,343,93.75,0,RUNNING,303.09329847072826,0.07432850063813685,303.2361191212093,313.2524283815232,1.198417594041633,315.58638490247745,1.8055349166365107,0.37342739764773,2.6795692383661924,5.46909585530258,0.4928178258219308,6.441748167582412,38.002838856955435,11.05334550685131,74.05205319202506,781.2723460390519,233.31148786615452,1310.7124585197212,66.4209852084521,17.83572410162045,100.0,0,39.12,0.0
M-01,CNC,2026-07-08,Morning,42.15,337,97.03,0,RUNNING,303.07453047913737,0.10744760369066503,303.3118363834151,312.9443303372335,0.9907842061056665,315.5129250673339,1.8150520495237568,0.3813236760585572,2.556827947236876,5.4400987445626345,0.5834640755553347,6.562740287022423,37.31719475519183,8.68412989006838,52.613403685204325,770.2872185147188,184.49828090815652,1145.9145296265092,65.18752404224846,15.529211225676256,98.69746969250768,0,38.79,0.0
M-01,CNC,2026-07-08,Night,40.07,321,98.56,0,RUNNING,303.06138508469417,0.16569598970364416,303.36311374388475,312.7481222655288,0.9515259213000046,314.7309387516433,1.8404467122118555,0.37606119877296007,2.553623511579822,5.467449881833254,0.43735109018391116,6.572126547767791,36.83211435943724,12.275568703650832,54.50034995157306,853.0888550822773,562.1059354604225,3718.4535671305366,64.27310808934895,18.702983739283994,93.3875908448068,0,39.46,0.0
M-01,CNC,2026-07-09,Afternoon,43.95,352,96.23,0,RUNNING,303.0813145718839,0.0798984520633203,303.20006779717284,312.7823681046452,1.064701322262923,314.80431546859825,1.6717312642301208,0.36367138367584134,2.2085280893894543,5.512671351799881,0.4995887948931964,6.66722149765378,40.410981092952476,10.602708811160001,59.7987152645282,741.1791267184469,271.33410980674626,1650.6881321254743,70.59006870434685,19.279708110930326,100.0,0,40.12,0.0
M-01,CNC,2026-07-09,Morning,42.42,339,94.5,0,RUNNING,303.0694313106296,0.08571642135061631,303.21735664548095,313.22437646300295,0.8514808206330594,314.55644371221786,1.8474810747555865,0.35185928317759285,2.3121277694432725,5.487838739043699,0.43017795932166175,6.289809555585127,42.12901537232773,9.399762253268722,58.96396895806184,708.830664559405,202.9150810242415,1288.319443542729,71.32839592299877,17.125484023006067,100.0,0,39.79,0.0
M-01,CNC,2026-07-09,Night,43.49,348,96.14,0,RUNNING,302.82025491552156,0.11570647406117468,303.02252125832547,312.8086131006893,0.9093075912991818,316.0230483492149,1.7853232895977846,0.3617982787639926,2.424056007350919,5.554642589934533,0.5866778955115626,6.710055784875028,38.89612682996875,12.521370091305212,71.60945561280758,807.1189022210493,409.76211783001014,2540.82398419064,67.70225258483919,20.681210134371128,100.0,0,40.46,0.0
M-01,CNC,2026-07-10,Afternoon,41.69,333,97.94,0,RUNNING,302.64008628542945,0.15091670320272282,302.9192078615605,312.557480349303,1.0130347095204277,314.7108585223365,1.749404352380815,0.3761141455772748,2.498409756024423,5.573507611198838,0.42418996943088183,6.409985458409194,36.647854269170445,9.597564375160935,62.29976990012432,798.3901030375039,218.63020077446802,1361.8175546916025,64.6017547416467,16.784037536117328,100.0,0,41.12,0.0
M-01,CNC,2026-07-10,Morning,44.6,357,99.51,0,RUNNING,302.7921749140432,0.0842161389163566,302.966371374978,312.87687653133025,1.0810140682009683,314.6747180367626,1.8370468836476193,0.42157441978024723,2.83947392492367,5.509084878396403,0.4103378542112049,6.2249290809049365,42.72314262272039,8.457823415308873,58.70407617592268,665.3960475979894,158.95950751948257,1189.905469457474,74.57757590002296,16.015736874354072,100.0,0,40.79,0.0
M-01,CNC,2026-07-10,Night,42.81,343,98.74,0,RUNNING,302.7682639692245,0.1985772751297898,303.08582583552,312.4619873784889,1.0451943419667293,314.3225886423866,1.890672154526418,0.4330063614108899,2.7648363848932025,5.392386989030245,0.4207682054722894,6.257753240885231,40.73038327328175,12.335980279003511,69.30426068901734,750.323790947858,288.26927358457056,1782.4240293516325,69.51882286226666,20.508186365357147,100.0,0,41.46,0.0
M-01,CNC,2026-07-11,Afternoon,43.33,347,92.48,0,RUNNING,302.7352692730567,0.10602360666064277,302.85874858122725,312.8659680143806,1.0375453737671678,314.8305670411019,1.7462629400888048,0.36539237489642656,2.373045708648045,5.431559052874338,0.4441173286053019,6.308309272033482,41.65526137034602,10.43744677784108,63.838260722422646,701.5575738833288,183.3617075808573,1106.4466894406169,71.3176152318902,17.20598935314983,100.0,0,42.12,0.0
M-01,CNC,2026-07-11,Morning,40.78,326,97.37,0,RUNNING,302.83560285536424,0.1043467982321936,303.0870177830336,312.751062121885,0.8942118238619485,313.9985360434672,1.8227876213371652,0.3900572753324581,2.545024345383353,5.464237137857029,0.48835148816551205,6.331896724781247,40.40293870983881,10.028590649125409,58.48483949836328,727.9870311280232,210.360970643187,1360.3908132169713,70.28874163500824,17.686695493602418,100.0,0,41.79,0.0
M-01,CNC,2026-07-11,Night,40.51,324,91.92,0,RUNNING,302.118187792143,0.16456350635956166,302.37953288958306,312.0394848561594,1.004704924104319,313.45409679811775,1.8539295459535852,0.3790415955433246,2.701609856140955,5.354577323667124,0.47467734045974813,6.348721984692557,41.70635101806512,9.17174023253885,57.19372699189148,690.0371290930859,206.5508655210651,1523.6122603822591,70.44239416889481,16.57870540585512,100.0,0,42.46,0.0
M-01,CNC,2026-07-12,Afternoon,43.89,351,96.15,0,RUNNING,302.01440570410296,0.08444739867324316,302.1706546220672,311.9597219197762,1.052774806440436,314.10203225833203,1.62349805715305,0.4944748676563441,2.56754536897681,5.447755374176801,0.44378017781828494,6.221467270261226,41.636377780621885,10.822994798968555,58.77523078835866,708.0442230650978,216.76269578175746,1230.7235606865784,71.98558328136936,19.673117499113733,100.0,0,43.12,0.0
M-01,CNC,2026-07-12,Morning,41.66,333,97.44,0,RUNNING,302.0085613655071,0.1025701737207355,302.1838558147758,311.7284611518041,1.0846779577381531,313.2569699431212,1.8449306521871256,0.34843801317798273,2.7308928430265884,5.5775937130023525,0.5213930401264163,6.44070455768539,39.53208697885677,11.603510828611729,61.894406189061264,796.8132850261785,450.6141657767578,2942.323035085049,68.93585371818084,20.63398671171177,100.0,0,42.79,0.0
M-01,CNC,2026-07-12,Night,44.05,352,93.24,0,RUNNING,302.04294763694867,0.0932351547640579,302.1778862722874,311.967632195395,1.2930533732782303,315.28034368877155,1.8171920745627295,0.41921753073183193,2.6340644427279942,5.592707532369139,0.48495247191739765,6.824723054855643,40.56187631106245,11.033457079718914,70.97502610418104,724.5818169229077,195.58144436346691,1248.503948042006,71.23416976289946,17.167629911848948,100.0,0,43.46,0.0
M-01,CNC,2026-07-13,Afternoon,42.48,340,95.93,0,RUNNING,302.59671537075025,0.1956753738703192,302.884065150027,312.33066359590026,1.0097587966547126,314.3781390179202,1.7611825933030534,0.395003490377349,2.5253945794680184,5.4466467140459915,0.5536188756721391,6.418928086212087,42.71784405668053,11.199848696171426,66.01185573609149,685.5526881273802,206.19864092564688,1294.7907389240484,74.41090694569067,17.591193082180972,100.0,0,44.12,0.0
M-01,CNC,2026-07-13,Morning,39.85,319,95.89,0,RUNNING,302.0086581044816,0.07668527164749116,302.1917537018408,311.80640143591575,1.1234559946166822,314.2772186553999,1.7746057613630344,0.47175153067480374,2.7131168345599264,5.425595208468451,0.47262889139674474,6.982917607498965,38.20405928036183,8.153327816719049,50.96276928137483,753.3103907215424,225.72906975999896,1643.0689453435775,67.90976994984317,14.866300169485905,90.5106618383812,0,43.79,0.0
M-01,CNC,2026-07-13,Night,39.4,315,95.82,0,RUNNING,302.55274017573237,0.1753148245074489,302.86761257083185,312.51114748276734,0.7544423058661521,314.19366698605114,1.7906869279517883,0.4304767677089791,2.491575401255698,5.372538465683367,0.5330144687276466,6.570609908046822,40.314485795041506,9.65935321884996,60.86054148167017,719.4791452774679,176.80949816075056,1064.9664705634568,69.47544948584405,16.662467253226342,100.0,0,44.46,0.0
M-01,CNC,2026-07-14,Afternoon,42.46,340,94.12,0,RUNNING,302.89975795272557,0.19428484086362133,303.3378420257469,312.92328423781794,1.1875695739766363,315.74928143156023,1.839899931989298,0.2873204373597332,2.774711985234129,5.490486576990498,0.5042467396503143,6.444556799922503,40.89706107589113,11.007955494603637,60.43340960576005,732.8146806351646,298.60502546657233,1977.953593427912,70.48890749241835,18.82314912135161,100.0,0,0.04,1.0
M-01,CNC,2026-07-14,Morning,40.36,323,97.34,0,RUNNING,302.5490237549575,0.15371925247800147,302.76070738028386,312.41228250933506,0.9251854401162287,314.1744473700529,1.8284787987372504,0.4435275702072529,2.7335696934537164,5.501488490859853,0.49121876282440197,6.645631082216951,40.09923707345177,9.079061104452608,64.0790068529688,719.9760514154402,173.9056772834933,1223.755098143669,68.82946530008878,14.36798117023527,100.0,0,44.79,0.0
M-01,CNC,2026-07-14,Night,41.35,331,93.88,0,RUNNING,303.214699792712,0.18756907326949693,303.5036380255911,313.0288834435697,1.362709190856986,315.7383509231557,1.814573426931389,0.3908357646787715,2.536951935609673,5.50712642740892,0.4794880832941181,6.614668693240006,38.51319714043704,8.711518800729213,57.48524408059247,748.8448243753828,188.79126397848316,1383.159934361604,66.94525191254502,15.326568840829268,96.34080682101153,0,0.38,1.0
M-01,CNC,2026-07-15,Afternoon,40.76,326,97.01,0,RUNNING,302.5627581086171,0.20740097078388167,302.9546281485105,312.71239731599,0.9697613486713925,314.50903623098884,1.7605627445009888,0.4140878304442308,2.953828463638855,5.4823622458434595,0.5369483644170303,6.454358322130092,39.24451169536954,9.037482881969856,56.30679999204167,734.1085416283415,213.48104473528525,1456.8491320187125,67.91553614030762,16.592638380694478,100.0,0,1.04,1.0
M-01,CNC,2026-07-15,Morning,41.92,335,97.91,0,RUNNING,303.0698763301457,0.1098085819203122,303.22502867869326,312.9833834576644,0.9368165919888708,314.3401617732063,1.8230162338180453,0.41152749633292424,2.6788064887923446,5.436940530992388,0.400962660806309,6.327909035396861,39.66288003511438,9.124844064913809,56.77569449726512,739.3292051102756,230.17448250791756,1710.4661350607894,68.36793983519382,16.167515444460744,97.3273594215426,0,0.71,1.0
M-01,CNC,2026-07-15,Night,41.33,331,94.41,0,RUNNING,302.57892622740155,0.22469162180886715,303.0949141736717,312.69477863057045,0.8937433025554189,315.0943003037406,1.7807997117093937,0.4880474182079892,2.7716264820313072,5.491343194008237,0.5255456466912366,6.368384967353236,37.81019733880761,10.937410393203061,61.418188147543226,787.5897180405201,247.70771454825265,1536.8966231094932,65.3062909990023,18.89746626632268,100.0,0,1.38,1.0
M-01,CNC,2026-07-16,Afternoon,39.83,319,91.46,0,RUNNING,303.30208687099434,0.11094706446426775,303.50458675087623,313.3362370639232,1.0292807481941144,315.2114159540881,2.1265302273144537,0.31960593156401,2.88974857349469,5.970477304068347,0.5837564780551646,7.160459071046624,39.86497987175515,8.927527308013572,62.00294660875639,721.1132786347185,178.44891671274817,1203.5495393778288,70.63964318199513,15.375880744260234,100.0,0,2.04,1.0
M-01,CNC,2026-07-16,Morning,40.37,323,91.79,0,RUNNING,303.21532348955026,0.1353274614425559,303.45333947069,313.17092833976244,1.1838165255988324,315.8123726140646,2.018941021547109,0.5146903175187078,2.838540826096974,5.577240588279547,0.42295392903839785,6.6106916470131445,36.88019147963799,11.062960965330099,60.080410955682,820.5005360593584,264.2766886174963,1404.0756464691235,62.31577568207595,20.16110840927976,100.0,0,1.71,1.0
M-01,CNC,2026-07-16,Night,42.89,343,93.93,0,RUNNING,303.75321618291366,0.20072011991087857,303.9944355804297,313.86036373766746,0.9632404165865525,315.6668160468149,2.3039255788977853,0.3831094167130575,3.3071410849180305,5.76350344914061,0.4970372524644587,6.677442976929704,40.70565382754972,11.203825607969536,65.5440246190273,726.258418827208,221.51831652325217,1289.5626222120395,71.19995376654249,18.290443474223334,100.0,0,2.38,1.0
M-01,CNC,2026-07-17,Afternoon,38.87,311,91.27,0,RUNNING,303.88174739282266,0.10622222621632525,304.10327157590854,313.7306480086047,0.9386417655277708,315.45116601590564,2.6135461932031174,0.36093010922401425,3.3158110038929767,5.890728798629619,0.5067262637136124,6.880386494332816,40.11736999865833,8.301867149803178,62.49056328596961,707.34678767804,140.0198555493129,1036.0148778665557,70.21405527181393,14.539705739115053,100.0,0,3.04,1.0
M-01,CNC,2026-07-17,Morning,38.18,305,92.14,0,RUNNING,303.95230572238194,0.07649884156560972,304.09123046636864,314.08616468995865,1.0474820749829867,315.98217577649154,2.4696376177633037,0.33093272310735156,3.263916738835696,5.842967225373967,0.44379258878514727,6.8466735823362885,40.24064101812312,10.692863754198127,66.42579452879552,736.4501790783078,202.07324253774257,1336.8769121613147,68.7153640571356,17.978151124108688,100.0,0,2.71,1.0
M-01,CNC,2026-07-17,Night,39.72,318,93.23,0,RUNNING,304.29448987451934,0.07894533801833785,304.43755593720954,314.15744790949714,0.9045927100421024,315.8927019883679,2.912543676453606,0.4359166480290189,3.89985442523401,5.757529098310063,0.5667761213676686,6.627139210308744,39.775284549140785,11.12495605928215,63.8907941919139,740.5520456513243,225.34155420801494,1340.1770445594682,69.78226641027439,18.244980824232986,100.0,0,3.38,1.0
M-01,CNC,2026-07-18,Afternoon,37.19,298,84.97,0,RUNNING,303.90787386278345,0.07490527147821713,304.0309735142286,314.02715476669704,1.0059431121084625,315.75089044750666,3.170624777912257,0.45620269554681564,3.790446592644346,5.964650023077197,0.5216655057198719,7.235842842187717,41.35915954298878,9.057885168939132,61.24635092784254,697.9708007547847,177.37270527552468,1287.602868234974,72.48123151784795,14.408192080578369,100.0,0,4.04,1.0
M-01,CNC,2026-07-18,Morning,36.9,295,88.42,0,RUNNING,304.1074327312048,0.07842907389833718,304.249937616226,314.1120938898246,1.0785861342243672,316.1494843246623,3.090380940671099,0.36731222715589656,3.8238391203398057,6.188780687159656,0.6145962348896764,7.60907517148172,39.55031146706847,8.117730482879987,53.15969384504076,725.9629226430984,187.97427140005604,1287.6396512881245,69.39156417945185,14.696543724154589,94.5544578443771,0,3.71,1.0
M-01,CNC,2026-07-18,Night,35.8,286,92.31,0,RUNNING,304.07961310297395,0.09358372106857851,304.2448525652736,314.1607406647385,1.0297555316572982,316.19808146695,3.363331607556204,0.38127832193968614,4.2517302051283625,6.142523050793725,0.6216965277331428,7.553022991088761,39.47910523636451,11.54957191089858,60.99625202710924,756.819027624843,239.1656916985049,1302.6113815313884,68.76778871559797,19.81868895372233,100.0,0,4.38,1.0
M-01,CNC,2026-07-19,Afternoon,36.62,293,88.05,0,RUNNING,304.2473913922634,0.07752170562434582,304.39918339607766,314.19378974204983,1.0662169840835778,315.9768662241917,3.7738903027666497,0.36823928933960315,4.44601060022735,6.310487099770502,0.4231246767594244,7.170697955894095,40.36473537814533,10.449556349666654,69.83502826027438,716.5141834496444,183.6409262252341,1106.2290473150258,69.90426202847085,16.399618683024123,100.0,0,5.04,1.0
M-01,CNC,2026-07-19,Morning,37.78,302,86.93,0,RUNNING,304.34769952564545,0.07040433451442286,304.51357127034254,314.318460189309,0.9842092118631881,316.1976512746193,3.5313332798782264,0.4264705840517232,4.643510156029931,6.229122341714251,0.5047071325743656,7.125840038983666,38.61957264634674,9.992333049925685,61.4701524908184,766.2558372366182,268.1179553734879,1964.673290003944,66.56648944706214,16.448685816613544,100.0,0,4.71,1.0
M-01,CNC,2026-07-19,Night,39.33,315,89.67,0,RUNNING,304.7930173859129,0.22197054251196932,305.2316647086835,314.957829244607,1.1932833953498356,316.8615844862796,3.80082193040124,0.3063772694287872,4.536907095026272,6.279755567774902,0.552637138527184,7.363936355994323,41.30842168110838,11.760200213885808,64.65559059244228,729.9374496087047,276.183934155401,1545.674805778999,71.31662158323536,18.503541962272514,100.0,0,5.38,1.0
M-01,CNC,2026-07-20,Afternoon,32.84,263,85.69,0,RUNNING,305.30707929373386,0.17210259605672937,305.59661066936513,315.40455146513824,0.880056847636202,317.9379377625144,4.036292381413782,0.3884659930379589,5.214979021013235,6.439306660010338,0.45507339644061295,7.358860691796957,38.4027129880312,10.417806425627402,57.05525057983512,772.3861016133076,231.1529058673847,1426.3164007449775,66.44527676604388,18.84578245325419,100.0,0,6.04,1.0
M-01,CNC,2026-07-20,Morning,34.37,275,83.37,0,RUNNING,305.1646336219315,0.10039360566482076,305.3439070211292,315.2326372140381,0.6765294196079075,316.71398557122353,4.020130722412523,0.33962890354782804,4.6871368415155406,6.595093335324268,0.4901719867027076,7.564171631428815,38.738300783690825,9.837593366359606,56.26054743208732,765.1625737896117,237.84089291886977,1473.95851375936,67.69483170703411,18.03361176672912,100.0,0,5.71,1.0
M-01,CNC,2026-07-20,Night,33.72,270,82.44,0,RUNNING,305.57309040884036,0.0952526445700781,305.724290625604,315.8311049898604,1.1402582020997722,318.3071205354073,4.381650620228486,0.31730976524257165,5.106620064375185,6.6031810480512245,0.5563173824609385,7.536695408062055,39.17320283801874,11.213470099992856,61.78159074229232,786.2714277254723,354.7476199369997,2155.345175438321,68.34627635592604,19.519776614757845,100.0,0,6.38,1.0
M-01,CNC,2026-07-21,Afternoon,34.67,277,84.91,0,RUNNING,306.32517601308916,0.09302271612114701,306.4778958344441,316.3791633602767,0.9760161640971492,318.7518136906933,4.568117531710253,0.46642763796577263,5.640253649802428,6.666885207884193,0.4195234242952788,7.493732495467463,38.754123587068285,8.237566804152113,60.882570174752246,737.207733371348,181.92644613487724,1441.176326749289,67.77788637660697,15.322073392585468,100.0,0,7.04,0.0
M-01,CNC,2026-07-21,Morning,32.36,259,80.98,0,RUNNING,305.8179080659986,0.18058297999582662,306.1365291133042,315.94954067187905,1.0528838007433514,318.678452104211,4.489196742998644,0.3637812190274369,5.2600682877772655,6.678191270668635,0.42915829199360206,7.41547923624027,41.97576278931373,10.330780171124484,76.5902874423681,688.9414457234037,177.60201140099323,1179.3321602728754,72.55955085809764,15.62365583089287,100.0,0,6.71,1.0
M-01,CNC,2026-07-21,Night,32.99,264,86.1,0,RUNNING,306.6741246909185,0.1579411962898128,306.9763814310286,316.34977830607454,0.9543058633452558,318.4188196320311,4.718935967946379,0.3641446613501161,5.356353608546794,6.704372055910577,0.5509380904867166,8.004649952779197,36.824667826908794,9.874542962553035,60.59723941956912,794.5819543845189,236.4529330273214,1559.4019043107571,63.99333053591619,17.966766863687457,100.0,0,7.38,0.0
M-01,CNC,2026-07-22,Afternoon,43.92,0,97.08,480,DOWN,307.2462130954508,0.13585710472687731,307.44941026416694,316.9939666197035,0.9693215864121562,319.9686996471622,5.206439845113161,0.34463270986177763,5.997576795504548,7.016121781618886,0.6333695981089339,8.420997377756937,41.53286312268115,13.523482658768454,76.23171009953921,736.3075605689882,268.56690496256334,1734.2877993207928,71.40335628822571,19.155322889699185,100.0,0,8.04,0.0
M-01,CNC,2026-07-22,Morning,42.1,0,94.28,480,DOWN,307.05107422823,0.08114183827876903,307.2569608340736,316.7274188029074,0.9461214337053602,318.40027915860253,4.972614003514933,0.38850965733254644,5.723111661643868,6.7735645666077415,0.6191682158305589,8.039734401088635,40.23712477367465,9.820059325153164,59.09404656808036,727.1984508729797,211.588824534214,1369.1873600526596,69.10003460196332,17.038252077553803,100.0,0,7.71,0.0
M-01,CNC,2026-07-22,Night,40.69,0,95.62,480,DOWN,307.26573204794437,0.06566960782054262,307.360678981841,317.8952964250395,0.6801023001067793,318.6461687170715,5.704721242369433,0.6822296844728875,6.44510734569296,7.093568436056529,0.3747847592381615,7.865983238488119,52.710980024943446,11.980795626467334,59.953022099953074,562.7819491069157,197.20040243344337,999.441256418141,87.76993864575401,19.463930803929344,100.0,1,0.17,1.0
M-01,CNC,2026-07-23,Afternoon,43.17,345,99.82,0,RUNNING,302.2895758440445,0.13910836593090548,302.59634274739466,312.1561625205105,0.9547505114399436,314.58543299947075,1.8841309286198427,0.44933005293375816,2.705395231540087,5.454284724045724,0.5045838871298112,6.405472130649322,38.16704676676194,8.462418566276332,61.48246694996633,751.3584537124184,163.18829521081437,1179.3882274232317,66.10151222037092,15.337766168474996,100.0,0,0.83,1.0
M-01,CNC,2026-07-23,Morning,40.9,327,93.23,0,RUNNING,302.76981438075376,0.13193952149086455,302.90001629914985,312.8748751796567,1.3134205262399006,314.1043224537979,1.9545490903114502,0.4919203087565174,2.3286132116874723,5.642237419025698,0.4892304456030633,5.969390954191864,40.36803511491134,11.624616981168714,71.95149992188658,707.1935452779345,150.28452685165792,926.7501047985296,71.13828851921302,13.054730332132351,100.0,0,0.5,1.0
M-01,CNC,2026-07-23,Night,40.24,322,97.13,0,RUNNING,302.07791513767535,0.12660293339442716,302.3164700045915,312.13028291873013,1.0367735775539255,314.59697158593406,1.9094657427033188,0.3692757525521225,2.769178926088724,5.576082949469325,0.4753301969001045,6.59419354928546,39.72637284015683,15.303750915980972,66.72729499532721,993.9061600123516,1019.3210728583524,4578.3442398586985,67.86145524915145,26.561562125579755,100.0,0,1.17,1.0
M-01,CNC,2026-07-24,Afternoon,41.25,330,94.27,0,RUNNING,302.1122554886649,0.05402621815695457,302.2044267668726,312.12913485990475,0.940522356586506,313.80877143888176,1.9302961797157216,0.45852516084493744,2.7452490774857625,5.436787929309797,0.4603794519907686,6.638157743924507,37.92328677928548,7.239065233879697,51.163605259374016,752.0799172600589,170.19974765049528,1245.8855286970145,65.823908171558,13.134524572283032,94.91136066817931,0,1.83,1.0
M-01,CNC,2026-07-24,Morning,41.18,329,95.03,0,RUNNING,301.9845363695687,0.14842832343763993,302.2008856847329,312.2019420182844,1.0069203729214606,314.8441994129471,1.7955148604636069,0.4102563746968046,2.476710435566921,5.493843959685531,0.5776727833352464,6.830368802670674,40.26449794833156,9.615670880560474,58.60244257281481,725.1290848982457,193.49257790994267,1151.7273517294273,71.43776408127705,16.065998416374683,100.0,0,1.5,1.0
M-01,CNC,2026-07-24,Night,42.06,336,94.34,0,RUNNING,302.1004297312946,0.09948407072564738,302.2494033000769,312.3030858796218,0.7772819687433079,313.9973390430594,1.7824042720092834,0.38023081264514497,2.5292809731168195,5.417538584131119,0.5246420614195352,6.56861172772374,43.86447605263226,6.216261022170804,55.58968321316674,636.4753426604485,107.3305354435523,949.1403151013131,76.25023996043939,12.41403835721507,100.0,0,2.17,1.0
M-01,CNC,2026-07-25,Afternoon,41.7,334,94.18,0,RUNNING,301.62522077724435,0.1537470760104094,301.91248142537984,311.5779994073439,1.3306607883067407,313.62355826181283,1.7078566668438593,0.4471993074579599,2.4573292913536324,5.433303403029491,0.5957821774766191,6.94657007699224,40.00901665217193,9.342291043108478,55.255337299268064,725.7712915163715,194.86922747466537,1334.8958119565923,70.76674674068153,17.36921602482427,98.97999214943522,0,2.83,1.0
M-01,CNC,2026-07-25,Morning,42.34,339,95.9,0,RUNNING,301.9309730478186,0.06878910327228085,302.07921761851674,311.547466212465,0.7072819099061931,313.5567532052163,1.7872368983248978,0.492984020284098,3.031208424121973,5.6117893928278555,0.4847120176111172,6.273466367707047,40.0453569060285,8.036218388532113,62.06715639359972,706.5386651959293,144.654999682103,1131.24360337251,69.4902744723979,14.543180670946773,100.0,0,2.5,1.0
M-01,CNC,2026-07-25,Night,41.27,330,97.51,0,RUNNING,301.17705905137416,0.09034550909735796,301.3808764317128,310.7882774533337,1.0522102567438298,312.42386040715564,1.883686574676386,0.34315834490082403,2.506239999460977,5.648319255194662,0.5147171231696299,6.716997869444263,41.23712657564333,8.858778183812156,61.42874313959175,696.4612950085648,192.22607853961023,1505.702490359384,70.30217016435503,15.639049118478692,100.0,0,3.17,1.0
M-01,CNC,2026-07-26,Afternoon,42.13,337,97.5,0,RUNNING,301.38929689153105,0.135991118188114,301.56667676402066,311.3754827277785,0.9078800731078802,312.64529709523674,1.803993280331235,0.3832345309161233,2.736778025809934,5.507227798631294,0.5184979731418559,6.203669426262349,38.704174496949015,7.591954951493747,54.41933293112674,734.3358420265218,143.84088714799287,1034.2771682377772,67.21924510992547,13.732467487681442,97.94541493394507,0,3.83,1.0
M-01,CNC,2026-07-26,Morning,42.63,341,94.04,0,RUNNING,301.3190285561447,0.13165884997301236,301.5491591700974,311.1684986844401,1.082656709318634,312.93986857855185,1.8159509325337082,0.43066344718433286,2.5730883160608897,5.5745705855167085,0.4885970127118492,6.721456330143562,42.72005399347202,10.489624723971806,62.47220983082028,692.9736539310497,221.81401193989245,1326.3039366793896,74.15988005989311,18.66747059764246,100.0,0,3.5,1.0
M-01,CNC,2026-07-26,Night,39.9,319,97.09,0,RUNNING,300.9713304558994,0.0955707926190107,301.16392627805016,310.9285947350289,0.9341920520692703,313.39893469192725,1.7822718074690742,0.43251842469062723,2.910172272314865,5.464283404040322,0.6107361931944796,6.9197359656048025,39.08342246366454,12.77884624050836,60.407485974598416,788.1721724397481,314.4375225690049,1661.0768003695928,68.40732816309229,20.958097484424272,100.0,0,4.17,1.0
M-01,CNC,2026-07-27,Afternoon,41.04,328,92.39,0,RUNNING,300.6974863229093,0.11804609336126311,300.8838491799884,310.5799101134342,0.8736559840136663,312.6253374094116,1.8794676145164726,0.3338625877020378,2.7201452437702844,5.4501648502045965,0.4674247997832838,6.447796530432319,37.51657167973929,9.171100458919176,51.7103828524111,789.2705967358886,268.1385870322617,1682.3043670392808,65.76297306147133,17.795790974067717,100.0,0,4.83,1.0
M-01,CNC,2026-07-27,Morning,41.17,329,97.14,0,RUNNING,301.0271431357598,0.13962177296112682,301.1945671266093,311.008512975898,1.25637583012394,313.38345139305,1.8111796330591996,0.4043625927900074,2.607780947882933,5.439018854096046,0.426761951127184,6.291354607758855,37.89557988468392,10.40881697648263,58.58880556532325,788.8925707560236,259.3004146408951,1562.1127046081438,65.83600868489242,19.66612535488397,99.0461164415039,0,4.5,1.0
M-01,CNC,2026-07-27,Night,39.95,320,96.1,0,RUNNING,300.8120576197769,0.051439501051957236,300.9014670254324,310.62300607214183,0.9070838944486145,312.3983381354426,1.7265332357069085,0.3809315513356992,2.5694109617401075,5.573334079187341,0.4806146147010346,6.875440175528343,35.80636836517874,8.621176208044975,55.41909795453459,804.3044017919656,262.04370146803126,1887.1239344844607,66.30786695172506,16.028053496287388,99.61536391451024,0,5.17,1.0
M-01,CNC,2026-07-28,Afternoon,42.8,342,92.68,0,RUNNING,300.2936664199388,0.07976228785263655,300.46583789489364,310.10024497579826,0.7952448524190812,311.5636882819104,1.788461813154285,0.4229396193585278,2.688311342348859,5.422906411750706,0.4722407515101267,6.613539182134447,39.019697037554295,10.031855149048893,53.93852280650026,785.8340270819341,446.3830799029326,3037.07693606341,69.68288902532859,17.677185535715896,100.0,0,5.83,1.0
M-01,CNC,2026-07-28,Morning,42.33,339,94.19,0,RUNNING,300.62661552728,0.1247530179602673,300.8961300830661,310.54612436107794,1.0855303255925184,313.1747435801039,1.7891552887037907,0.4909414021820191,2.952810012752726,5.579031928453543,0.45220684325848093,6.532699646463051,40.04339255592375,10.247243857761386,61.60174744178401,725.185997560612,188.59989539945278,1285.8594882250366,68.41251781215145,18.27363675653016,100.0,0,5.5,1.0
M-01,CNC,2026-07-28,Night,41.92,335,93.58,0,RUNNING,300.4238468417428,0.19124655789430198,300.6933900655547,310.3814967614771,0.8307031909283586,312.10004062017714,1.8317577943589072,0.44347209695721657,2.771050482911092,5.45891563526094,0.5846456006230617,7.090709708673621,40.83613397398022,9.677889573425203,60.83202700925088,704.9679341022985,193.29619094731538,1306.057217946109,70.80975506973834,15.00314802281897,100.0,0,6.17,1.0
M-01,CNC,2026-07-29,Afternoon,40.92,327,95.23,0,RUNNING,300.7761615455339,0.06615108017344379,300.9162395706797,310.4444409170427,0.7542476436223462,311.7654912971178,1.6643009188340048,0.36628260506770716,2.302816415324839,5.526939569668984,0.5163484145008702,6.719745248862632,43.48191126697766,9.689443900084326,69.05642570968688,660.05235708431,164.67569623772656,1236.879691782544,74.91986020246469,15.08011194773731,100.0,0,6.83,1.0
M-01,CNC,2026-07-29,Morning,41.18,329,96.09,0,RUNNING,300.6467243250188,0.05325253212577044,300.803546614246,310.3589547567397,0.8561211794981948,312.5375195985033,1.829204220319106,0.44140595162492097,2.940858895931581,5.5413915538921,0.5139077059974468,6.7388470792782735,39.875531713094645,8.915155374016289,63.67683553309876,713.8545236349646,146.26114000976239,991.4948502220452,69.40796347177901,16.136252936214667,100.0,0,6.5,1.0
M-01,CNC,2026-07-29,Night,43.27,346,94.85,0,RUNNING,300.6803982541785,0.060615475578114086,300.7626447494275,310.58721846479426,1.011707839644462,311.5937211746954,1.718292593510412,0.3537237979402497,2.164663745046277,5.780224986584645,0.5776372468829344,6.385123611230499,39.37757196839075,15.201457149992018,62.85242385935941,888.7566089150492,659.0884903456963,2474.024350107732,63.76770020979603,25.574944189616986,100.0,0,7.17,0.0
M-02,CNC,2026-05-01,Afternoon,42.67,341,98.88,0,RUNNING,302.95050012947695,0.1595512713221352,303.179546482085,312.79694070058656,1.011086031631048,314.8108058973269,1.6822623030414898,0.3904265704089699,2.577475330803553,5.456361970507017,0.4383486978159668,6.202992741766442,43.705780699752395,10.125676093150132,69.53998757052663,653.287222711985,140.85737405410887,1000.8668799959496,75.12723665044615,14.888509414569635,100.0,0,,0.0
M-02,CNC,2026-05-01,Morning,43.05,344,93.74,0,RUNNING,302.39643410607033,0.05223985253660296,302.4807276008124,312.60962195482927,1.0233283482303517,315.2619700794159,1.8455484951023553,0.5081960925390205,3.0541886779321343,5.452567659902504,0.4690295222591269,6.585833165492715,42.710326207042,10.963252350801035,63.84686175968606,685.4325427074765,184.72381523532874,1091.3839727192767,74.88741770877635,19.681100979785192,100.0,0,,0.0
M-02,CNC,2026-05-01,Night,38.89,311,94.41,0,RUNNING,302.6874411808023,0.20779458767077655,303.0216449483572,312.5909111340597,1.0167809760979245,314.95784098875754,1.774369950783818,0.38498329053586,2.473367669766752,5.750632264144189,0.5123767079117862,6.962839678489126,40.814687346518575,6.872879891274454,55.27463527831761,687.7601560503308,122.92187572653343,1007.2674356597488,71.68123623788539,12.476348906640833,98.61294743345124,0,,0.0
M-02,CNC,2026-05-02,Afternoon,42.47,340,94.79,0,RUNNING,302.3232830653071,0.14991911926410872,302.6396348683343,312.1067259731594,0.9267606124827669,314.15838408358536,1.762867016654006,0.40749833582129635,2.788602888734191,5.627574869523396,0.5765322722378643,6.734045872333673,40.20481344629769,9.055696125493444,53.56080151010578,726.9680252670153,184.14829238002045,1166.238724053569,68.52193114132812,15.787586293450381,92.97584493587452,0,,0.0
M-02,CNC,2026-05-02,Morning,42.73,342,95.59,0,RUNNING,302.4761826968653,0.09989932083715722,302.6316440852973,312.23874324147164,1.1520199887377218,314.6201938769995,1.8231996768079757,0.48392638698564616,2.6640466105885,5.364185961017678,0.5617169845972588,6.493165425437796,40.490887605776564,11.67014127212612,64.97936029633614,751.394588060419,300.0937043536912,1704.2632866549493,69.53511275621813,19.478505907145866,100.0,0,,0.0
M-02,CNC,2026-05-02,Night,42.11,337,95.69,0,RUNNING,302.3561826690538,0.07274261502401816,302.51013461551383,312.1311575065319,0.9684758111830087,314.0518826315923,1.8197063439404906,0.4273681639157712,2.5800636427227057,5.573337919082889,0.5468558812373658,6.744131943426765,40.97674069740226,8.75150364073332,56.77400483367404,694.970593554508,159.373679925262,1035.3688682551629,71.6072185166592,15.887452463767634,98.13435869147366,0,,0.0
M-02,CNC,2026-05-03,Afternoon,42.43,339,95.18,0,RUNNING,302.1496421936169,0.09136323627213838,302.29288603831327,312.1148880232022,0.8513598737428784,313.6757957391739,1.7165055138110836,0.32506157915051354,2.3248656984706058,5.389076062401769,0.4558100310881708,6.180189142121634,37.521144586174145,9.648232547786366,55.4384016596957,759.2429783771154,238.88136773083946,1522.7282725086793,67.36091020087024,15.64643215025221,100.0,0,0.17,1.0
M-02,CNC,2026-05-03,Morning,43.47,348,96.51,0,RUNNING,302.3182866210687,0.08228950508503242,302.4625566034499,312.4765029859751,1.0049023872405232,314.4488420795285,1.847793729102154,0.45133937348704256,2.912450314370533,5.560299632808199,0.5527182496710221,6.821398009243461,39.78960887242948,9.297406130691723,61.88434178962744,737.013647182921,206.41421902641184,1301.438957085946,70.71164419125259,16.053699625984773,100.0,0,,0.0
M-02,CNC,2026-05-03,Night,41.39,331,95.13,0,RUNNING,302.46180629645204,0.14287237701107547,302.68688771301106,312.61581373761504,0.9102145878465625,314.10721211425573,1.8401037105452953,0.38782189468526446,2.563008307978192,5.5321704593052745,0.4444359199185853,6.222365366313378,39.60455395770393,8.430007272113059,52.53684236743284,727.3928223396755,189.18137003038999,1450.8126004989797,70.06561089673991,14.68586690385396,92.22271365951032,0,0.5,1.0
M-02,CNC,2026-05-04,Afternoon,40.85,327,98.01,0,RUNNING,303.23018302101036,0.15806912831538952,303.46255645990493,313.2650798277154,0.9645468346491957,315.54398341957585,2.0957535669948957,0.34757589580059556,2.797502703934716,5.737191321073922,0.49828320572615314,6.871064170277576,39.9781590259581,9.745434982733697,58.13955779233231,786.4692744087847,531.6257142677368,3600.929962558915,71.09528707007374,19.010881378857672,100.0,0,1.17,1.0
M-02,CNC,2026-05-04,Morning,40.98,328,93.02,0,RUNNING,302.9413327388564,0.11113559219860925,303.1281657166952,312.79604658506554,1.0482685166904746,315.5289246794856,1.925673635606931,0.41306417536227885,2.680773167126673,5.538665397054612,0.30033390196428816,6.16520483489614,39.33038676031272,7.084412253609081,58.44088103320834,717.3317104558649,138.15121626300652,1010.5381406865832,68.32847840560126,14.343159002746527,100.0,0,0.83,1.0
M-02,CNC,2026-05-04,Night,41.56,332,93.21,0,RUNNING,303.51915759246197,0.1653681602227251,303.75317559673084,313.654356089035,0.8542022957301587,315.80001613321787,2.256910026287641,0.33167226173476205,2.958121938581216,5.8033167801458045,0.6257207336852267,6.963861161494597,39.00183695662387,8.036769971037769,55.22014638775225,735.9299934432212,172.9711167351632,1234.7143474765203,68.37456875396417,13.416604504630078,100.0,0,1.5,1.0
M-02,CNC,2026-05-05,Afternoon,36.62,293,89.7,0,RUNNING,304.13670204373,0.056967167865526004,304.3081444013108,313.8716584459922,1.0078312492207564,315.5036625133525,2.627842867937152,0.34122876048199685,3.310343904141283,6.1071957472021365,0.46379813033933837,6.736666506786186,41.85482814235456,10.108438039819232,67.70896149740456,692.9338143361795,194.00582907945258,1159.184516365775,71.99548289137971,16.81060236022887,100.0,0,2.17,1.0
M-02,CNC,2026-05-05,Morning,40.41,323,90.9,0,RUNNING,303.8589847986179,0.21560326812872724,304.19574145251784,313.8644626707557,0.8492643198894975,315.4493709082111,2.54688599173354,0.44175000019720234,3.4725934849233098,5.854501617887338,0.5197331162824665,6.8427311027177815,38.03059266349523,10.50734567215888,68.79623969641796,775.2782881479196,249.02700571404586,1455.954572265827,65.69625728223974,17.36459034960222,100.0,0,1.83,1.0
M-02,CNC,2026-05-05,Night,36.81,294,91.01,0,RUNNING,304.06621626470786,0.18156934799884827,304.4680829649989,313.9498846429444,0.9835692276298319,316.03934594003067,2.73087348446072,0.4109035190411153,4.124686377627847,5.946041322668698,0.4542783752818071,6.703866640755862,38.73363968175728,12.339444052010744,63.15330723711722,811.2569942995551,390.0304501486363,2433.489777872812,66.94003273557081,21.498440051973567,100.0,0,2.5,1.0
M-02,CNC,2026-05-06,Afternoon,37.87,303,89.13,0,RUNNING,304.5306789331893,0.12138123372356723,304.77461757839257,315.0221371672112,1.133556916112099,317.8864695455856,3.303580469469567,0.3365656269392688,4.022889725775464,6.210583685655952,0.4998930711523163,7.736111775680555,41.215716804373365,9.103906221422942,57.7987985764524,705.6062901114066,182.6865143623006,1245.4009297778032,72.58914111821926,16.26748543602874,100.0,0,3.17,1.0
M-02,CNC,2026-05-06,Morning,37.52,300,92.92,0,RUNNING,304.4151798872996,0.13397761796990346,304.6962184912226,314.21538691788675,1.03459667732104,316.3900039749056,2.9305593998997286,0.41311019786139475,3.7984383136287088,6.04802500696896,0.40799696848241074,6.660754032442858,39.43965889513677,9.732378227927002,63.35840684206587,750.182751778089,300.68939910926076,2129.680831243566,68.97261450224534,17.390685584867935,100.0,0,2.83,1.0
M-02,CNC,2026-05-06,Night,38.43,307,85.15,0,RUNNING,304.13446452345,0.13503277405850095,304.40124725994764,313.97353339090546,1.0466647094585035,315.8636055467031,3.2531264136676588,0.3879105743952188,3.88960542231937,6.1214043313316715,0.45380327529621206,7.470866792816542,38.36034503490386,10.968324365358878,63.23950769683045,765.5547093669688,201.7741041164375,1117.1307571267278,66.82586256398235,17.770844765343135,100.0,0,3.5,1.0
M-02,CNC,2026-05-07,Afternoon,34.4,275,89.72,0,RUNNING,304.8963438818924,0.0992444080041944,305.1328617522527,314.7125589405933,0.8604537942395292,316.65752349625217,3.6143574632893687,0.4225008419816592,4.516960904651334,6.289752302672001,0.5328842355977856,7.296611273010883,42.80526285921584,8.853168102335585,58.00858323947385,670.0388649816942,158.00805342227792,1107.911031286526,74.8216802817454,15.310385973571751,98.8243245059374,0,4.17,1.0
M-02,CNC,2026-05-07,Morning,36.25,290,88.97,0,RUNNING,304.5588618446535,0.19284853045513464,304.86705785311983,314.3358561274309,1.0392149483581743,316.62957774151226,3.464689200220495,0.39333309108102094,4.169963895775447,6.336367416601095,0.5300569144140761,8.087631020904782,40.0544329804401,7.790978426429139,54.05793007236792,710.5691455211625,147.7754673999527,1068.7752341490234,70.60081391525391,14.825349826107365,95.69107776585972,0,3.83,1.0
M-02,CNC,2026-05-07,Night,36.37,291,86.6,0,RUNNING,304.7205477567045,0.11743340466377875,304.93437741532097,314.9162276602764,1.1314684123143326,317.16965894446747,3.8882256616360973,0.33041901406107893,4.54147813117715,6.29983760617952,0.5422242426728593,7.341447671263057,35.75023685734944,10.361058306573835,67.86732613761336,822.6150850354031,244.6686055690168,1629.4729820110958,60.481242190109185,17.082989539852683,100.0,0,4.5,1.0
M-02,CNC,2026-05-08,Afternoon,34.69,278,85.78,0,RUNNING,305.21589647486127,0.08722692179851689,305.4643150920532,315.348695200401,1.121040040024836,318.00250448735056,4.25091625375542,0.43053233755500014,5.007011639207444,6.564477324501069,0.5846485087387496,8.364501476297987,39.77496109464022,8.036000892311261,58.49758187753005,718.4814327844721,126.04500336308689,951.4501975122668,69.50182030456176,13.937772942496991,100.0,0,5.17,1.0
M-02,CNC,2026-05-08,Morning,35.15,281,89.83,0,RUNNING,305.0123104385805,0.13271788002597878,305.2852963154145,315.1011852236433,0.9215070644641568,316.7033875222341,3.932297142349162,0.3036340603628211,4.4755816300209466,6.402440563924662,0.5550558901214216,7.371634164400328,38.03423549038509,9.615605130173769,57.75858185302479,780.5052596400367,259.6901755950558,1894.8016886839964,66.03002836482959,16.60923823674691,100.0,0,4.83,1.0
M-02,CNC,2026-05-08,Night,34.02,272,83.59,0,RUNNING,305.6406063977187,0.13745691408750554,305.88219682566444,315.5059517098801,0.9276343498103655,317.474032546666,4.281953661697711,0.34273226465010137,5.111923787885849,6.5348776755072535,0.40096568886807754,7.796978963002563,43.070347256779556,9.881965676305004,64.52875010679789,666.2982748044622,181.24511443567135,1261.3399364856105,74.11250618325185,16.149167623170026,100.0,0,5.5,1.0
M-02,CNC,2026-05-09,Afternoon,33.07,265,82.19,0,RUNNING,306.27884890287635,0.1672895823999746,306.6045270373108,316.3076567354272,0.8957236563180349,318.5083858919202,4.710408275864667,0.4588953370531493,5.509196936113719,6.688284361968023,0.4637422376152523,7.484429440181687,38.64125482727733,9.76049982460703,55.193689875817725,756.1125681322145,219.39351161609702,1393.7475146148045,66.17614097286587,16.931635396645557,95.70856920220402,0,6.17,1.0
M-02,CNC,2026-05-09,Morning,33.82,271,81.43,0,RUNNING,306.06835620288194,0.10587734729270508,306.2842439210466,315.7153763279976,1.2249973947343695,318.09105741028947,4.467433055869159,0.47419761986848813,5.526697359098476,6.655367511200316,0.4110743196396013,7.701921353432002,39.976770812660675,11.651998301828957,69.86031448429382,758.0667159521392,289.2733779294156,1717.8229679550043,68.00967470116285,18.04090180037624,100.0,0,5.83,1.0
M-02,CNC,2026-05-09,Night,33.47,268,83.81,0,RUNNING,306.26113355101853,0.10322287705810815,306.42770211225013,316.0892005084192,0.9085361192302903,318.10612684635703,4.844130549315048,0.4820696575811669,5.613504486810142,6.742022331565634,0.4592089390268198,7.896416292560857,38.6855552204239,9.759280886116727,52.37856340764065,762.3544226158375,270.53325346320685,1732.0684364138551,67.35051587821832,18.573354859695446,94.93667892488004,0,6.5,1.0
M-02,CNC,2026-05-10,Afternoon,41.66,0,94.04,480,DOWN,306.8257812309219,0.13675094962132803,307.0729244295515,316.99841539043996,1.0395201883284515,318.9195997533646,5.2067564679133405,0.35040171337817555,6.056583383148208,6.9612778525282835,0.5964150200696895,8.22345349478032,41.74456136592774,11.541431217900092,62.46299520362715,719.6606887638466,262.72007569434464,1562.7135562415444,73.11661060890036,19.578437954572184,100.0,0,7.17,0.0
M-02,CNC,2026-05-10,Morning,43.31,0,94.98,480,DOWN,306.594881664286,0.12447865414218179,306.7833136138105,316.96202914223545,0.9871277345436945,319.01229491410686,4.977274686494843,0.4181048571041141,6.067961576725367,6.896540461076604,0.49014466882533037,7.855843384231397,39.082320743494485,9.89428691364003,62.2975105758688,741.9254800765342,194.91673906195456,1232.6591340808145,68.634048966678,18.271748779945053,100.0,0,6.83,1.0
M-02,CNC,2026-05-10,Night,41.44,0,96.75,480,DOWN,306.8231213753583,0.03384422455313833,306.878898282032,317.19947486875736,0.46123219548739824,317.9234665808201,5.1936465952948305,0.28212381862683805,5.66167368580698,7.0385300107788895,0.6657449554690135,7.544629238978534,37.04392504869579,11.186124678621056,56.09505114168816,803.0324494162008,217.18453715795496,1009.7299713491316,67.23210632168588,15.419218393278708,96.90248028375169,1,0.29,1.0
M-02,CNC,2026-05-11,Afternoon,43.1,345,98.71,0,RUNNING,302.98667244684214,0.07115657963404433,303.15843225293986,313.02352112339287,1.025073320599621,315.12066628990823,1.6862584796860738,0.433518331070858,2.448137234290161,5.6789645790662675,0.4957327413788387,6.888098203075671,42.048354905205265,9.999941483787287,62.450685220768,686.6717757712707,184.10462127539515,1161.904516338605,72.73690608712002,16.944196684688897,100.0,0,0.96,1.0
M-02,CNC,2026-05-11,Morning,42.95,344,94.16,0,RUNNING,303.2384807043175,0.04620299842998782,303.26886018101976,311.94740227115767,0.5283739916987402,313.1906895765033,1.795189934006931,0.47006884106838376,2.073310649841021,5.458067857677028,0.4126745836057177,6.157465077090424,30.060121598980732,3.7861157715805427,38.15244373549495,909.2892181042042,100.6946611537254,1003.622441890486,47.81529454121909,10.698381060237518,67.56095757363387,0,0.62,1.0
M-02,CNC,2026-05-11,Night,42.52,340,99.75,0,RUNNING,302.83644369395597,0.16877045622714684,303.0975108070801,313.0455444699635,1.0092574690608724,314.59359492257977,1.7428238393061541,0.4320055010103383,2.7021278937278006,5.352058229301557,0.5839628318124839,6.475928247017767,40.98514935937854,8.455109561966456,56.00846021239835,709.1672977769973,208.35761922682187,1631.8368881398917,73.01748127413904,17.517230464233982,100.0,0,1.29,1.0
M-02,CNC,2026-05-12,Afternoon,39.76,318,98.99,0,RUNNING,302.5093178250838,0.07187814469495918,302.68804052914805,312.45245267346434,1.1563897417357325,314.2516231066137,1.7103644959733963,0.4121167931557007,2.459430610837018,5.501370028378452,0.5386047329129852,6.804934519589916,42.4101096505912,11.040374115365895,65.66245557110727,697.2892398010747,234.5444487529897,1547.2705171204757,73.44435834391443,19.17727727111356,100.0,0,1.96,1.0
M-02,CNC,2026-05-12,Morning,41.03,328,93.51,0,RUNNING,302.30095032949174,0.09155880696895824,302.45260133941,312.39117169561825,1.0760821736180428,315.3796729785888,1.6753354246752912,0.3930992053627167,2.3668433626002057,5.606298344064135,0.36768654461890277,6.273370850068564,38.28818951615536,6.768842956195723,51.49448393061591,723.9294395394671,132.5340058369096,1025.9728117090383,66.8039665668082,12.367038744534472,92.5377913224348,0,1.62,1.0
M-02,CNC,2026-05-12,Night,42.82,343,95.89,0,RUNNING,302.9364747025694,0.23401870674167238,303.2861028262922,313.2216263358496,0.9480020001397617,315.05164342970585,1.8026561641244463,0.3548550052692868,2.4406383035726207,5.475709877713253,0.49392724437903335,6.336233738235793,42.748508790647854,8.257076143909021,55.10128168923506,664.0446850063338,148.60285407244697,1035.277688336504,74.8992419622777,15.077855313308346,100.0,0,2.29,1.0
M-02,CNC,2026-05-13,Afternoon,45.08,361,96.26,0,RUNNING,303.02706281095135,0.11013779180714459,303.2253456981432,313.18956708601024,0.9512489623833277,315.1552793504832,1.7104311396985956,0.37074842166739064,2.5148694127029967,5.584893183546374,0.6223614516507376,7.018680015970498,40.00143996467499,9.942315651534349,58.01433723968143,736.3470373710546,226.59002797258475,1431.8839718700085,70.77680771915692,17.906463967261967,100.0,0,2.96,1.0
M-02,CNC,2026-05-13,Morning,42.35,339,93.75,0,RUNNING,302.97335107247835,0.15423037839486023,303.3002505144029,312.6961333727189,0.9432155760967853,314.1129655395006,1.8174604379466626,0.29096218360058695,2.508300166638308,5.336196407307942,0.5075456025834132,6.587478865627883,39.8513951264255,10.033680185900165,55.79213819655229,743.2587930059976,230.24335378530935,1368.972527689319,68.1690388749492,18.66614929023996,97.8256275959658,0,2.62,1.0
M-02,CNC,2026-05-13,Night,42.14,337,97.45,0,RUNNING,303.30263877798706,0.13835687263493787,303.5983733564055,313.47394150790933,1.0649686553130289,315.6226534772316,1.7423846332468755,0.46890267418658904,2.638055585346305,5.533397558822012,0.5222516054624453,6.523585695171845,37.58095673532771,12.70383512699997,58.75900048121247,834.1762939322475,357.82228518571696,1756.3562480768762,65.56827115333577,22.40824274418581,100.0,0,3.29,1.0
M-02,CNC,2026-05-14,Afternoon,41.0,328,96.94,0,RUNNING,304.0894694836298,0.1232935023890993,304.2726468692729,313.8216670350069,0.9112709995387295,315.6823594419352,1.7990861387538557,0.282175682850146,2.320294641023015,5.528434829171026,0.5405374439138738,6.89102974567116,44.64712383503422,10.09257384533387,65.26614396463687,643.6736333902295,163.7232970480188,1084.1194886873204,77.48932249241183,16.2427712044843,100.0,0,3.96,1.0
M-02,CNC,2026-05-14,Morning,42.61,341,96.45,0,RUNNING,303.76679267514567,0.11039889626153417,303.97365736270694,313.8691247481608,0.929042938346837,315.5677811697363,1.8026762703969947,0.47200080346353485,2.6554558389067373,5.362090106913297,0.41042587584811013,6.282381486210207,39.53111966310496,11.747957444245353,67.06748925768225,761.195765458843,249.4097780459919,1583.0568673841522,68.02387440502936,18.643745443544677,100.0,0,3.62,1.0
M-02,CNC,2026-05-14,Night,44.37,355,98.69,0,RUNNING,304.3079285273715,0.06391879414136264,304.43015420512336,314.33370201528317,0.9275991851868609,316.5808644472984,1.8337974124026328,0.3677313493306309,2.5608962328039877,5.5864555327412315,0.475175351429298,6.861525055356166,39.47838473884912,10.72766855698972,66.09014626743141,730.0960457626907,181.63697023613915,1097.5070569337877,67.60157642356914,16.671588216823626,100.0,0,4.29,1.0
M-02,CNC,2026-05-15,Afternoon,40.75,326,95.75,0,RUNNING,304.1706373772673,0.12854039891289556,304.41365339836983,314.3669825282333,0.7406006147528448,315.630480154206,1.7571394073426487,0.4241591401868763,2.403622079968065,5.574510991454239,0.5579663750345087,6.768174430207374,41.427928612242766,12.528099988666243,59.91742670286013,756.4279443710666,356.87102609018496,2086.6191394047,73.03103475803962,21.551267637264143,100.0,0,4.96,1.0
M-02,CNC,2026-05-15,Morning,44.01,352,94.98,0,RUNNING,304.4551849745715,0.11867322520219105,304.7139394725316,314.4525276047238,1.0352884868320018,316.51008464413,1.8225256503220333,0.42361802865546305,2.6586774115195064,5.49468003638308,0.5473638001533774,6.574123472676727,40.56524711172427,10.859353608352206,65.57138234969514,720.6531793845539,189.6255303091249,1074.974516549388,70.31088364576087,19.797029466969033,100.0,0,4.62,1.0
M-02,CNC,2026-05-15,Night,42.07,337,98.19,0,RUNNING,303.95197856235535,0.11170879548200602,304.1387784367625,313.9829226525582,0.8205697189416049,315.7481507416028,1.8242206204499658,0.39602445942146736,2.7617332015904426,5.46295037228217,0.5019778060862686,6.678579211811982,40.94196235366182,9.685298182755854,58.828620236137965,710.923716831523,205.81607717797272,1314.284089328963,72.27552184146265,18.431431366387063,100.0,0,5.29,1.0
M-02,CNC,2026-05-16,Afternoon,41.8,334,95.15,0,RUNNING,303.5090742121929,0.2121034427245903,303.77679825609187,313.5445926108607,0.8834920363189623,315.02456566157736,1.661734835149804,0.41121166912986606,2.4375377760144645,5.622507868777918,0.5050105063247359,6.655275657983375,41.076231857722604,10.020967172846689,58.94098763045271,718.222953160681,221.58263424076316,1400.9495079910284,71.95432754758528,17.018122013782904,100.0,0,5.96,1.0
M-02,CNC,2026-05-16,Morning,39.87,319,99.06,0,RUNNING,303.8215769957423,0.08431430313994871,303.97718956033924,313.56048163291086,0.9131118524581242,315.45575402932906,1.7807691785905087,0.4274643292503786,2.5520008533001315,5.43988605101155,0.5032837310939315,6.357147338752392,39.71654024669094,11.83357508877351,60.0007163977448,767.608160787909,298.145964504585,1719.408599371058,68.58788493502453,20.505563112051203,100.0,0,5.62,1.0
M-02,CNC,2026-05-16,Night,40.72,326,92.69,0,RUNNING,302.91964787443703,0.08921194388160855,303.13531029196406,313.2009353062938,0.8962136674146374,315.3874597824961,1.7520534254437752,0.4974090286023259,2.6134945316187475,5.571996114209568,0.5574666822927005,6.5136536415852015,35.52045039230649,9.282668150082694,52.6169438958481,839.02349995902,308.9506707777998,1959.698238444028,62.73134890195588,15.33612640665089,89.39072305905258,0,6.29,1.0
M-02,CNC,2026-05-17,Afternoon,40.37,323,93.41,0,RUNNING,302.630668876572,0.16094001227299193,302.9606686883867,312.68916857964433,0.9554658774737332,314.1010581824418,1.8171780073122017,0.49388060229581393,2.9588541933283232,5.330635595169196,0.39755186575351814,6.034307821673114,41.32693989900891,10.657546647777812,64.07661443025697,705.9891825844711,198.5253024402687,1245.7796774837384,72.41228504593681,16.372477136095064,100.0,0,6.96,1.0
M-02,CNC,2026-05-17,Morning,43.04,344,96.15,0,RUNNING,302.9206454503791,0.09563346509193875,303.10860197601284,313.05436353469753,0.9065190857161506,315.2349336519442,1.8021375134044881,0.3740058928404067,2.602376798844573,5.428827128261393,0.528887190359899,6.224393437150626,40.12317358991311,9.374764654351704,59.2666980196484,722.1285870846499,211.138525849532,1452.4834309821654,70.92391351033109,16.946738544200105,100.0,0,6.62,1.0
M-02,CNC,2026-05-17,Night,41.58,333,99.34,0,RUNNING,302.46304858849385,0.0718011932799826,302.5613388575424,312.236048591099,1.094244386562405,314.56151119503033,1.7531753933853627,0.38244101706068134,2.5473643229783187,5.622988009011163,0.4951643606511823,6.446703885507865,39.910516132986636,11.896266444160279,63.7441158500312,762.01552046601,323.7594457941917,1913.8785838923327,68.96379409005773,21.839619271813696,100.0,0,7.29,0.0
M-02,CNC,2026-05-18,Afternoon,41.69,334,95.45,0,RUNNING,302.33872396880554,0.06148126400841336,302.447548651458,312.59974877363163,1.251988586566858,315.24136022669927,1.7439203356643813,0.3889177328154517,2.658711747595156,5.542155421189782,0.5234293442239626,7.05522543172067,41.35153080104408,11.717843585340765,68.85648165820277,726.0915436914688,288.9441949379137,1890.446855770039,70.44824444173892,19.06100766627562,100.0,0,7.96,0.0
M-02,CNC,2026-05-18,Morning,41.67,333,92.99,0,RUNNING,302.5086816472073,0.06351291548891913,302.6373604299967,312.7590793844153,0.7144149955538384,314.6135899136642,1.74178166867433,0.40959335209058767,2.499137859820832,5.47880671103453,0.5586380205106167,6.561274722576505,39.647593087268326,11.35390239996219,59.3686033495952,755.8893240907516,257.75485084065156,1590.4942350425158,69.20331388124036,19.92629635563618,100.0,0,7.62,0.0
M-02,CNC,2026-05-18,Night,38.6,309,95.89,0,RUNNING,302.58964986724106,0.20871831900751872,302.97504830451754,312.86914673490656,1.010079942007849,314.8935191117821,1.799710815117165,0.4521841050412799,2.548797544014267,5.4814694527081205,0.4872464726948352,6.5944264309310565,40.47734066356497,9.920270953897424,63.10402292745279,734.6486144351827,285.2712540508944,2029.112824542212,71.09730129392425,16.5983043049144,100.0,0,8.29,0.0
M-02,CNC,2026-05-19,Afternoon,44.33,355,98.25,0,RUNNING,302.033894849268,0.18199912767342774,302.41604799126924,311.84739913089766,1.116090531111037,314.4836258522004,1.8139965772864999,0.32864127815252064,2.3955059679524666,5.422531144164181,0.46276350717231923,6.408800362913868,39.1420801525657,7.649937310017325,56.94985124690282,730.0847019049061,153.3947367651714,1080.3152306560091,70.18103158992776,14.031932668340891,100.0,0,8.96,0.0
M-02,CNC,2026-05-19,Morning,41.71,334,97.39,0,RUNNING,302.65325607286377,0.16279744080447323,302.9174523799024,312.88604126951816,1.120555995148636,315.2695271358209,1.8012136104587095,0.3774132258553076,2.3693869812746664,5.506392177507684,0.4746844413212449,6.457737320334098,39.70170639362987,8.847056180996386,58.09563697192023,733.9306603221031,194.6122120635798,1475.3128092435345,68.8378868482053,16.035737065347796,100.0,0,8.62,0.0
M-02,CNC,2026-05-19,Night,41.66,333,93.79,0,RUNNING,301.70084840552937,0.11787908183070687,301.8825258000168,311.7871797784904,0.8194864157079131,313.2330243721905,1.6865726682967448,0.30824928123269735,2.2551945238320785,5.588707040841398,0.4356453392628944,6.277579400988753,39.07460106931213,11.067118932544615,66.77528826469101,769.671420004331,267.54875776685327,1544.2759705922767,67.01623694241002,19.54844235349989,100.0,0,9.29,0.0
M-02,CNC,2026-05-20,Afternoon,42.02,336,95.95,0,RUNNING,302.10440213166254,0.06930009910152282,302.308552982286,312.27087014695815,0.9297044207831079,314.5452654413565,1.815037741555257,0.3755143928067343,2.711992027482858,5.601245928067426,0.45719956149007546,6.6105984166338025,42.06990651494673,10.846360608106888,65.35319688234759,730.7689211271486,337.25669333164126,2332.4738306325794,71.37329841608621,17.277009553035512,100.0,0,9.96,0.0
M-02,CNC,2026-05-20,Morning,45.24,362,96.12,0,RUNNING,301.9970932186324,0.0866675720042613,302.1196188962929,312.43234199617797,0.9374206480161495,314.82410804056593,1.786384265188,0.4387475313142652,2.6140589042722744,5.5464837654293895,0.5109504078072801,6.756411473321903,38.84916959808517,10.327371167833247,58.59773109677046,756.9380876302648,234.6901127790825,1590.988404332916,67.99415864185288,19.51798015283908,100.0,0,9.62,0.0
M-02,CNC,2026-05-20,Night,42.25,338,95.71,0,RUNNING,302.2061046705632,0.12210837329734908,302.384118982855,312.12715771344557,1.2031931281758899,314.7154239948961,1.7800128752549509,0.41694449341371265,2.5310249116768078,5.478894649357558,0.5071048227604398,6.415722519096684,38.48367958120055,10.843907053514998,61.187381554713504,750.1022203365646,235.834555065146,1467.2579488121587,66.2413629183335,18.882177243504643,100.0,0,10.29,0.0
M-02,CNC,2026-05-21,Afternoon,41.96,336,94.91,0,RUNNING,302.48516753788965,0.10528637567197989,302.7216584182568,312.54933484402363,1.1110731827236235,314.8044235768314,1.7689645093095974,0.3181993795352826,2.3656049564349697,5.420875042414464,0.5803961797711223,6.7730940840213485,40.767722415672445,7.714990189218215,57.10904883213525,695.2751935717686,138.43795352296124,1073.2320936991832,70.71758311112498,13.234072432506178,99.26582019370088,0,10.96,0.0
M-02,CNC,2026-05-21,Morning,41.28,330,94.91,0,RUNNING,302.36191675115725,0.13097010629826786,302.6272630633161,312.5576399532716,1.1826302156944,314.9060961655712,1.7853945750650055,0.4564897130854422,2.675253565705537,5.585166910455626,0.5292971983572264,6.773962846330147,38.500289968021534,7.890865986038651,53.90723868157583,742.8632243896021,166.07433825567335,1094.9280952749336,65.67407618483965,15.395466036870705,93.53483251415986,0,10.62,0.0
M-02,CNC,2026-05-21,Night,41.1,329,96.21,0,RUNNING,302.59248143613894,0.07465226544509918,302.69486978595484,312.9752978601009,0.9833193792232529,314.84017379772195,1.7575335069863107,0.3117547091605231,2.3476552325873303,5.545478802525598,0.5590097391388725,6.406351318751523,38.57414958837156,11.328892561513866,66.34879101060666,767.4898242771723,240.6775325019883,1447.990553445869,66.98928779644355,18.946453161915745,100.0,0,11.29,0.0
M-02,CNC,2026-05-22,Afternoon,38.66,309,98.18,0,RUNNING,302.69415359435567,0.05819953924560206,302.7946723738219,312.66285634797947,1.234201110713363,315.0940888278814,1.7189725423019102,0.37220538249621365,2.375822734585293,5.421614600403642,0.42357637835958384,6.163270033510362,40.65443440598206,9.547019125815433,61.77170074220544,715.036746305107,177.47338073554715,1056.0103406313033,70.96440470761125,16.317228449951752,100.0,0,11.96,0.0
M-02,CNC,2026-05-22,Morning,41.68,333,99.01,0,RUNNING,302.58325511829884,0.17695352057184435,302.9266359265827,312.5202592076896,1.0863910071661818,314.4470951308073,1.79949072025182,0.40694431438904005,2.7749394574366937,5.535840492836008,0.5269167757958657,6.5502665556313895,38.60063343789023,11.646104277835343,59.36352880483335,785.2966655268547,293.48744446767824,1645.8938156600047,68.38961210947227,20.4862233809925,100.0,0,11.62,0.0
M-02,CNC,2026-05-22,Night,43.57,349,91.85,0,RUNNING,302.5176528682448,0.23013446909110133,302.9196104231615,313.12523382952173,0.9164742933928081,315.077456256113,1.7084009819862074,0.3457079809895767,2.304407390107309,5.5483207258497025,0.5474291661671853,7.055150857609002,41.55243416753727,10.973447518041796,68.06551876080906,707.2362177554253,212.24601011699025,1289.345203562716,71.41676547442741,18.293045934580544,100.0,0,12.29,0.0
M-02,CNC,2026-05-23,Afternoon,40.23,322,94.44,0,RUNNING,301.9747209369381,0.1136889189900437,302.17036819016994,311.95279006517364,1.0010380967767905,314.0823112932732,1.8255252804286157,0.5176111133798824,3.199313439351527,5.378658895010666,0.4661249068910785,6.40270307027226,41.68534952301389,11.01678770903588,63.87475805038285,713.5116002522808,243.4155466956965,1612.3902970037325,73.11165739054945,17.445656106182362,100.0,0,12.96,0.0
M-02,CNC,2026-05-23,Morning,41.57,333,95.26,0,RUNNING,302.14185619235207,0.15754420781114958,302.3753849011347,311.93418283634395,0.9494192319972844,313.44484312297755,1.6954742127640083,0.35691886761858704,2.5865361681198493,5.700971627027419,0.4504613780058804,6.4439950326282025,42.78833195262321,9.082780596920953,67.63473336885575,669.2369090726613,146.94164331767115,1025.1755933480974,75.54952865851342,14.415985703854373,100.0,0,12.62,0.0
M-02,CNC,2026-05-23,Night,40.6,325,99.5,0,RUNNING,301.6864011197919,0.15651026340015975,302.07242374916154,311.49551913804106,1.1747453902118221,314.38866433082336,1.8350023781299472,0.4745654515378097,2.5395167801601946,5.564453532353585,0.48755649290550573,6.435452217974126,37.474465381219396,9.213149723774881,62.42224497900697,774.5629566033807,186.53232748981813,1199.8453178918,65.52355275528947,15.61245606023224,100.0,0,13.29,0.0
M-02,CNC,2026-05-24,Afternoon,42.91,343,93.74,0,RUNNING,301.85217905783395,0.08732439317646488,302.0557657148861,311.6100594264827,0.9317031653741811,314.0585383434656,1.8107235393392227,0.39950930345013047,2.438784107071149,5.572684782093439,0.39456617219197315,6.427787785111995,41.03210861568053,9.159881870420378,59.90944474775836,707.6020117717179,209.24920145787016,1422.1022465826964,72.08220496596104,17.124098690813646,100.0,0,13.96,0.0
M-02,CNC,2026-05-24,Morning,43.18,345,98.54,0,RUNNING,301.77166935828325,0.0679905201837712,301.8929433112909,312.0632740592027,1.245458093962826,314.6825699475904,1.8051854924564668,0.38399366880929264,2.523176860124562,5.4366586266233705,0.5031534600684194,6.191648697290478,39.70689629506036,8.833751493737768,60.033265900493646,720.9054222152935,160.1496727040274,1075.1374011181913,69.77953746200372,16.56917079365347,100.0,0,13.62,0.0
M-02,CNC,2026-05-24,Night,41.34,331,96.98,0,RUNNING,301.92767035433985,0.03922814458318448,301.99788024759664,311.94372533251476,1.091701877768641,313.69552885558085,1.799985174769005,0.4494774164475195,2.7365904411342674,5.459587566885204,0.49068959187292494,6.236818974347526,37.86025634363767,10.571911943886601,66.65168225396403,777.9568554026049,216.64276562212126,1257.550366041504,65.34354998122177,18.2855606620682,100.0,0,14.29,0.0
M-02,CNC,2026-05-25,Afternoon,41.7,334,95.25,0,RUNNING,302.0336688868953,0.053125241489816136,302.168845691312,311.9997499218433,0.9988459670711025,313.8324246033404,1.803764696262001,0.41337870188491566,2.603331374608225,5.541826491346081,0.572997895414016,6.974787920546089,41.1500832045071,11.072097030058199,64.65118282939233,734.008944843445,326.06166243103496,2117.309481564286,70.61928341397453,19.202457578989897,100.0,0,14.96,0.0
M-02,CNC,2026-05-25,Morning,40.46,324,97.43,0,RUNNING,302.09942763844026,0.07562596909445993,302.22637151560576,311.97895731066984,1.1024846589361896,315.1413904724866,1.748144195797286,0.41021115427515265,2.712448085706701,5.27387838831206,0.4580844040875264,6.028457506285658,39.827679700749506,11.134449744329826,64.015143540498,738.4827144492725,201.0136165456789,1187.0187683496931,69.59994700441608,20.4743142078419,100.0,0,14.62,0.0
M-02,CNC,2026-05-25,Night,42.9,343,96.89,0,RUNNING,301.99304610636955,0.10244600721126901,302.1854500811878,311.95842114860994,1.0391195949151741,314.22590109234807,1.713892845803393,0.4327732621807107,2.686900718174281,5.562773854003535,0.6524386408891071,6.977526231846928,40.443856704172745,11.703621984037186,61.59688751578943,740.5640690736345,242.44493989751822,1357.292085038449,70.25262291483334,20.107282844560288,100.0,0,15.29,0.0
M-02,CNC,2026-05-26,Afternoon,38.94,312,94.73,0,RUNNING,302.6404625198795,0.09068133549843523,302.8664479819338,312.61785129186006,0.9014246388876153,314.4880920195772,2.2548982803732582,0.369197685855252,2.9780182091662173,5.770549915700434,0.44305679302695555,6.591679216576409,40.424974671798644,9.605461225856065,56.63668062545917,718.5706790337621,196.39954578511646,1292.6049382998724,70.1882633486187,17.765620814959522,100.0,0,15.96,0.0
M-02,CNC,2026-05-26,Morning,39.81,319,95.82,0,RUNNING,302.35741099930357,0.1620629241953013,302.5840826280568,312.3671189865897,1.2857598727219688,315.61716495335656,1.943210234335835,0.3405448521729734,2.98210955518146,5.6819158693691065,0.4213071872142077,6.663855379873986,40.624737979041306,9.835014990004371,57.644171973709625,717.8709176364109,215.83238805911648,1351.6499651357312,70.66359840225839,17.922893262792325,97.32068276529382,0,15.62,0.0
M-02,CNC,2026-05-26,Night,40.97,328,92.88,0,RUNNING,303.00275501202736,0.13774224185046977,303.21524266694973,312.9597701229959,0.9090927930193358,314.5417927817349,2.5108409005817443,0.3747774109739432,3.3409925642641216,5.795090520261834,0.557237139150972,6.945538376186507,38.997762511604726,8.119769476239467,53.80502695638038,730.2840897204636,187.552464354974,1350.9358643619064,68.19453299847224,15.340195021083506,94.53479509108364,0,16.29,0.0
M-02,CNC,2026-05-27,Afternoon,39.57,317,90.63,0,RUNNING,303.54993544384064,0.1266198386768801,303.7502387716869,313.5647881634523,0.8185062894981574,315.3951813041548,2.6584791639583045,0.3364326058572058,3.298835228327992,5.957629804121386,0.43538326639223207,6.807455610086389,41.50432370889742,7.105039887754358,53.11547448254203,687.0221199792552,146.47235361794728,1100.3837412896985,72.97288419998246,13.32292679558883,96.4150542297553,0,16.96,0.0
M-02,CNC,2026-05-27,Morning,38.88,311,88.5,0,RUNNING,303.4349676374253,0.13821514278496172,303.6105541927056,313.4426487453839,0.9617726786985447,315.1745941497288,2.6327910456796237,0.4485172092740201,3.519171044702993,5.721386341372791,0.45444854774497767,6.826363898015008,42.83815658470406,10.680765350289947,70.5260036790812,678.0460076885806,174.9855980138812,1156.972493853831,72.5067545277722,18.04245595797407,100.0,0,16.62,0.0
M-02,CNC,2026-05-27,Night,37.9,303,93.1,0,RUNNING,303.678453550479,0.1411502015762945,303.9298831691587,313.54503626870536,0.8719301327851782,315.10733857820543,2.8736587003280265,0.3986022187798244,3.861294361128676,6.106424109811455,0.4932350758805425,6.995669938219609,38.48123020271096,9.921236582664163,57.98695345059344,782.6805451535,289.22625048659773,1733.8208636120526,68.1828706582476,17.759177421800874,98.59680535639744,0,17.29,0.0
M-02,CNC,2026-05-28,Afternoon,35.03,280,89.71,0,RUNNING,304.11827935764825,0.1409487693604818,304.3795844534218,314.3136591553821,0.892884161258272,316.090983954328,3.3181457366290528,0.43007922880366123,4.257252840927754,6.260584880518931,0.6171549095534056,7.4943348295285555,37.279778176119464,6.209373983218751,50.60975139509617,756.6434808714225,135.1278088717722,1046.8266057611077,65.62416816182703,13.467319013042896,92.71082349234509,0,17.96,0.0
M-02,CNC,2026-05-28,Morning,35.97,288,85.68,0,RUNNING,303.8838886617061,0.10790549719841643,304.0762285371882,313.83866517812714,1.0221226629728004,316.15818737281563,3.204584979177638,0.3813822744572007,3.8075590272531294,6.163158301221006,0.4872095784180047,7.679711824231817,40.187949320957394,9.555590940316392,57.1519102492334,734.9525939674278,233.69602283547894,1652.5845356466418,71.03300564633238,15.266964241742047,100.0,0,17.62,0.0
M-02,CNC,2026-05-28,Night,35.34,283,92.01,0,RUNNING,304.4075502168868,0.04866927693591459,304.5082521804471,314.4886832169249,1.1873332706113258,316.24107984755926,3.46501044339605,0.41418989891398883,4.344278635009713,6.176435889953997,0.5161127073160041,7.242425830652765,37.92884616938197,9.48637755189611,60.34277905022741,771.7681879157506,240.65591200879908,1436.3679143165602,64.47822047447872,16.085334470722664,100.0,0,18.29,0.0
M-02,CNC,2026-05-29,Afternoon,35.22,282,85.81,0,RUNNING,304.3482653250351,0.10146485555028759,304.5757777895973,314.42257394261276,0.995872565268298,316.64426166383834,3.9782790162821087,0.36780178964635574,4.799582437927253,6.286920444561771,0.5383626415792894,7.070428567632041,41.84874115830423,9.647228059516927,62.74471574434564,690.8045886308039,179.82117275812598,1274.3732093942724,71.2891294337194,17.769539545443383,100.0,0,18.96,0.0
M-02,CNC,2026-05-29,Morning,32.81,263,89.39,0,RUNNING,304.48708758949874,0.05979310960986211,304.57198124399355,314.849467231082,0.9811406253251687,317.0875235047478,3.796945255494872,0.4395223965575229,4.675213545298401,6.412045257770272,0.5014453931466678,7.372092804635528,35.67608416669775,9.655761420722833,56.99831368668492,826.9944058262531,326.93372947097066,2333.4782920805333,62.507446310829835,17.328796542962117,99.2343162885659,0,18.62,0.0
M-02,CNC,2026-05-29,Night,34.43,275,86.8,0,RUNNING,304.20251378162044,0.12295739294645266,304.4988546730709,314.35527587979334,1.1049876997560586,316.27962795951555,4.17183903858951,0.32779763459994704,5.035091685900369,6.448136351503754,0.479059284499572,7.278572064801311,41.44563444165036,7.631398745810251,58.91126767465951,684.2369433895738,141.6404499178227,1140.5896406064403,72.40013751670412,13.269933380216441,100.0,0,19.29,0.0
M-02,CNC,2026-05-30,Afternoon,33.36,267,83.8,0,RUNNING,304.98146967197994,0.07952722746193841,305.13058691754435,314.8982163239285,1.0798230805932996,317.0460141613448,4.543694738201491,0.3497870923891646,5.235282136478383,6.810250365170694,0.6010002245436343,8.143249015989362,36.55248099040774,10.26817080272539,57.35904551279726,802.8545793829693,229.65543422225647,1274.4719189221532,63.457290082367344,18.868403739516687,100.0,0,19.96,0.0
M-02,CNC,2026-05-30,Morning,33.21,266,85.71,0,RUNNING,304.6029164840142,0.1445239168667332,304.92358484739617,314.4612930995112,0.9652761585550075,316.25443095364244,4.389545929873785,0.4986243607402986,5.5057639226086295,6.712455112190922,0.49894210565175123,7.584949867448778,41.0060701079463,11.289326514210527,64.139258391748,720.8391765483095,217.83132557408635,1337.9830540956216,70.14855243227497,19.56262952437914,100.0,0,19.62,0.0
M-02,CNC,2026-05-30,Night,32.89,263,83.39,0,RUNNING,305.394440694614,0.18439833645323803,305.5756624525473,315.5609407122123,0.698664553099875,316.8927940141908,4.839271904063687,0.2689287714307387,5.618053541900763,6.827327685864605,0.5122189174633663,7.58383543611762,37.498415057147035,9.741147034833787,57.799962104349646,787.5176142546144,265.7442489452933,1884.8854340526937,64.40904536216514,17.05884310828572,97.44160728275156,0,20.29,0.0
M-02,CNC,2026-05-31,Afternoon,40.3,161,97.49,240,MAINTENANCE,305.6623176921472,0.1182364773688024,305.9168299780251,315.4342530968599,1.1293769690612139,317.7207396442846,5.152163201050599,0.35214276625355734,5.948937287735646,6.781868314953154,0.5428071171064828,7.752019695837264,39.199186648890766,10.144337795813454,58.73618291679717,750.3472952090161,221.5076523831972,1359.61216957209,68.73850206272293,17.460668992813403,96.66885635890388,0,0.29,1.0
M-02,CNC,2026-05-31,Morning,42.39,170,92.58,240,MAINTENANCE,305.5890484790813,0.10823395181000121,305.7757864474078,315.54793514644916,0.9196601345280383,317.20216547966686,5.024037931745847,0.4450709253834896,5.767519787603059,6.8980845130412956,0.4082495073531135,7.566934795661583,37.817556519466656,11.034657188972115,57.46763212437904,813.1952665982325,353.52483856704845,2310.3328562965594,65.49754914680254,19.866903296265527,100.0,0,20.62,0.0
M-02,CNC,2026-05-31,Night,42.22,169,95.63,240,MAINTENANCE,303.77197679351775,2.009030424419348,305.7790683667927,313.3509702133461,2.420102456515512,317.62028716343485,3.4761631461935636,1.6333162999000945,6.0400738195812025,6.331330278561626,1.0630927902446443,7.72057822391058,44.915023058233594,9.16897207019142,63.849413256221965,651.960579041989,280.56849023111357,1922.5163858041487,76.33742229697508,15.112048834417317,100.0,1,0.62,1.0
M-02,CNC,2026-06-01,Afternoon,41.32,331,95.63,0,RUNNING,302.1566474946253,0.10799078714805982,302.4067500777712,312.05213604786394,0.7964257438419784,313.5264121135261,1.7966531329167108,0.3719385755241409,2.4676579857973198,5.503427658107655,0.48605670383104904,6.427830477207388,36.00934529379105,9.811621050140705,54.94919567760581,827.3354489347445,290.3629667316457,1865.5717269978636,62.306923291562505,18.663613112334247,95.8287561152544,0,1.29,1.0
M-02,CNC,2026-06-01,Morning,42.02,336,96.7,0,RUNNING,301.8835728699408,0.08122653643593111,302.0660667943229,311.6210446248466,0.863827446087953,313.9565804170451,1.8554836054786454,0.3711831056532156,2.830405033323696,5.4962713731373265,0.437485709273663,6.17751074508321,38.572653187142556,12.78712275311581,64.35684180332017,825.0015837748799,441.97367087806253,2915.647002781742,66.24779566237581,20.124640075167186,100.0,0,0.96,1.0
M-02,CNC,2026-06-01,Night,42.25,338,94.04,0,RUNNING,302.25612773778124,0.12594734453811873,302.4490844480851,312.24477741341315,0.8759885799599444,314.26271037100616,1.884580085919216,0.3795975006988507,2.687533727956304,5.521901264379197,0.638015395365389,7.014116535809427,42.006997386010035,9.108863580615889,63.36214760145841,679.7897882848126,157.80901300076593,1082.5441781772834,73.16949793205909,16.639899518106123,100.0,0,1.62,1.0
M-02,CNC,2026-06-02,Afternoon,43.3,346,96.95,0,RUNNING,302.54164900538916,0.2693629401855548,302.9224434566912,312.6265109820485,0.8927522681374583,313.94255978130894,1.8099349913312524,0.3860712076649189,2.719059911677215,5.52807366950156,0.5017506559709073,6.956911021035089,39.2928686065188,8.26089700060279,55.03028838935908,721.0659913320874,146.7440857954318,1040.398966684974,70.33434702084851,15.772511590620782,100.0,0,2.29,1.0
M-02,CNC,2026-06-02,Morning,42.51,340,92.59,0,RUNNING,302.0560438271735,0.15617097158506874,302.3108690492645,311.91912137377903,0.8333566288296769,314.00933884978355,1.8648962052600424,0.3294731841506748,2.5155102545496346,5.372675175152168,0.4518519833068264,6.432633693962533,39.54829729203339,8.131260238939179,56.19002803687034,721.0015617542047,172.09843773183417,1256.234479630053,68.5774919368515,14.053131264845913,96.43632598566278,0,1.96,1.0
M-02,CNC,2026-06-02,Night,42.32,339,97.97,0,RUNNING,302.99112544042487,0.11002887007536895,303.1202118845676,313.29465059214044,0.8002854252204696,314.8718525892688,1.8253250456392567,0.4468064757106943,2.5733132505163736,5.563485881525234,0.47136113959210235,6.573866043638085,39.66330353805089,11.567627244630808,63.86226640039986,819.2823746025437,729.5861953796951,4707.353117549398,68.03658956031921,20.857541273416633,100.0,0,2.62,1.0
M-02,CNC,2026-06-03,Afternoon,39.68,317,93.44,0,RUNNING,303.1009188545332,0.13683220885090763,303.351073214538,312.90793853496876,1.0565058326094692,315.0341637521801,1.8879542694830231,0.4487311291760305,3.045457076842426,5.599104640204044,0.4558510836545106,6.677971674962414,40.39897380926544,9.888549412113722,62.82321283690886,733.3226733935926,235.25767906172536,1443.2490825154105,70.17808355748716,16.750352106970976,100.0,0,3.29,1.0
M-02,CNC,2026-06-03,Morning,44.1,353,98.03,0,RUNNING,303.11828551915954,0.20134203760852423,303.38775383086994,313.263043184685,0.957669812732128,314.76590296868284,1.845999021240953,0.39169707518095265,2.781513557718519,5.499914968822002,0.47441478628502537,6.758165244026829,40.4229595741983,8.190245620299912,57.316936660602266,701.8492154289737,138.78488193408845,1099.1197771320242,71.03451562347888,15.514199278736116,100.0,0,2.96,1.0
M-02,CNC,2026-06-03,Night,41.21,330,96.05,0,RUNNING,302.8983674934547,0.11308626463116558,303.0730390215522,312.8031783054384,0.9058708310805581,314.62988428527694,1.8039577164573029,0.368906831484983,2.667204611706356,5.468621821957386,0.5090911099170444,6.469675148719888,40.60922741045385,9.70952673258317,60.98809148631406,715.2173469459588,203.3841528661694,1431.246185743959,71.42962924710037,17.263298252423706,100.0,0,3.62,1.0
M-02,CNC,2026-06-04,Afternoon,42.24,338,94.49,0,RUNNING,302.68039238387684,0.07484023070467327,302.80922896664254,312.8811583972176,1.1049640411609645,314.9225744568957,1.7483461279682868,0.3897034877447894,2.4417597086411083,5.517006700432228,0.5006303615886472,6.301327694614699,39.075743803407605,10.538713718120151,61.35670144839726,754.1902022117562,214.52551387333116,1283.0238447710071,67.0985387463712,18.307069482463977,100.0,0,4.29,1.0
M-02,CNC,2026-06-04,Morning,42.65,341,94.55,0,RUNNING,302.8153585360423,0.08443487101800948,302.9546776084174,312.28860016366923,0.8312318349526243,313.957405014129,1.912726357753585,0.38819062703652085,2.505423075612422,5.568232458031577,0.4922111171216976,6.363970497441521,39.28531947335844,7.764543155155872,55.25189315743056,723.0131949827221,160.52332626353413,1196.5939952496726,67.22253431567087,14.331194617633182,92.13234615081168,0,3.96,1.0
M-02,CNC,2026-06-04,Night,41.23,330,95.63,0,RUNNING,302.42933382669275,0.24115575848136445,302.85596346086106,312.40007494949344,0.8674820791862019,314.069773613024,1.78219361358752,0.4956075898771555,2.8484015641929865,5.58436006140535,0.4668857683748936,6.816708834298336,40.59072784443209,8.888943396378899,54.90211159644795,721.8554815616245,265.80213119523927,1934.3621736990292,71.92783946238757,16.404529791520478,99.8976611236446,0,4.62,1.0
M-02,CNC,2026-06-05,Afternoon,40.77,326,98.11,0,RUNNING,301.83327240752607,0.0798203397493974,301.9354325390795,311.82324799356854,1.010927145676306,313.8203877716134,1.787798676669484,0.4321295669938225,3.128078640693297,5.471988611521259,0.5167901116789663,6.649428406021139,37.90501979796094,11.281032653969994,60.41031460368534,807.4514948295122,324.42807158384204,1900.4302410970863,67.05375769389826,18.916025438962663,100.0,0,5.29,1.0
M-02,CNC,2026-06-05,Morning,40.84,327,93.3,0,RUNNING,302.06934072495443,0.11412921387409053,302.3060922285402,312.1932327073068,1.1833881666669868,314.15479641519244,1.7910531127483809,0.4491893417553524,2.7153237235333387,5.55864236901887,0.4938392213148647,6.735047901902035,37.88094586099919,10.925728369589603,62.12150068002645,788.0018372626074,241.9809087913177,1454.4917330863286,66.52072201725399,18.865492182815967,100.0,0,4.96,1.0
M-02,CNC,2026-06-05,Night,40.8,326,100.0,0,RUNNING,301.7633883950878,0.13867255420308505,301.9775630643508,311.66715993763444,1.083616976595855,313.7469351856079,1.727185331889007,0.3593191542573166,2.3626395435438443,5.537607705747131,0.462246689583562,6.630955109646137,43.93740768593323,10.916396891746313,71.51752144601022,648.2263009101563,173.92561864754657,1206.7528652518035,74.92572817528286,17.828531025033158,100.0,0,5.62,1.0
M-02,CNC,2026-06-06,Afternoon,40.92,327,97.4,0,RUNNING,301.51742116115963,0.11266572782092792,301.75655882897644,311.57804130589733,0.8181874116511781,312.87944829242974,1.7654735324039394,0.41346241424536645,2.5487115714356188,5.593856811182516,0.5427606996401078,6.406613083929826,40.60002140207196,9.712095496765677,57.35559754294583,715.3113447351445,191.4892609758646,1248.9362165044654,71.52545825153157,17.113177939733117,100.0,0,6.29,1.0
M-02,CNC,2026-06-06,Morning,42.62,341,96.37,0,RUNNING,301.5122074695671,0.0938856283546612,301.6657173617299,311.4623519535796,0.8906388904169329,313.02958682631726,1.8019709425864723,0.42851802359042124,2.837954410296217,5.434590515629892,0.5517179825320868,6.863862151525294,43.08927951925188,10.256190474955194,67.21423990437887,669.91120840498,168.23565620801403,1086.118423203768,74.25475229725046,16.651427924038437,100.0,0,5.96,1.0
M-02,CNC,2026-06-06,Night,41.27,330,96.24,0,RUNNING,301.5602706866259,0.0965882994385779,301.75278756833086,311.65969917141945,1.1086470331902827,313.1820384586006,1.875354020547044,0.4275229969209764,2.758680896638801,5.437387849591097,0.5972112076596026,6.593604333745995,40.94382950829542,10.176520708541503,55.547559021672654,719.3301268527475,223.46269746445765,1437.844949990552,72.51175401817781,18.937492793181832,99.97562366251329,0,6.62,1.0
M-02,CNC,2026-06-07,Afternoon,43.45,348,94.59,0,RUNNING,301.5830402591402,0.066302209763148,301.71316662154135,311.69659254877314,1.026666702274575,313.350795598571,1.7623237809505163,0.3214138377058482,2.2828361109198947,5.627586547581308,0.4384159347492187,6.492755398838296,41.234086905419865,9.5598630087372,57.46485376633792,712.3052515209948,222.4097362466444,1620.7301375993943,71.42107025496777,15.890868889139552,100.0,0,7.29,0.0
M-02,CNC,2026-06-07,Morning,45.23,362,95.81,0,RUNNING,301.5647305170872,0.07954590315213612,301.6990396032353,311.72765690665085,1.0505597070030668,313.4050415066006,1.8112653602707813,0.3601556668369132,2.551887239881198,5.44882734137778,0.5307016030403933,6.896252304131805,40.44244794606687,8.484038133785392,62.956539039792645,707.657779201181,192.5078062687876,1342.6363052421736,70.97360044300484,15.009337389078176,100.0,0,6.96,1.0
M-02,CNC,2026-06-07,Night,41.96,336,99.54,0,RUNNING,301.7238962006065,0.07968428728113487,301.89271916354653,312.1086887502182,1.1642236715218506,314.1948778947293,1.8304140187551443,0.4329594827258726,2.8709046128868314,5.496463896001725,0.6151401354852367,6.54464968163169,38.15389002663489,11.346819699722067,63.89841593414273,800.3299302243664,326.6414383902025,1908.9464428383124,66.92267289516938,18.872943422741287,100.0,0,7.62,0.0
M-02,CNC,2026-06-08,Afternoon,42.89,343,94.88,0,RUNNING,301.44236675171953,0.10200894394746006,301.6279156667791,311.4065572922828,0.9475007726569061,313.13197323267326,1.7883351236969227,0.4115242657229852,2.50082549210602,5.657003029146572,0.4877471736198423,6.510550309428083,39.64574814556938,9.273996773424258,58.00284661108154,741.9090026335826,240.20850299276174,1691.0851703754167,70.12930138020555,17.953418318144102,100.0,0,8.29,0.0
M-02,CNC,2026-06-08,Morning,41.21,330,99.62,0,RUNNING,301.50143291847854,0.07577566352566484,301.60066993611434,311.9950090753149,1.0601751655275173,314.052444281816,1.7093622294499788,0.2889718539355203,2.202107649660036,5.655841524166162,0.4901545887898462,6.6736191320423845,38.1726726330519,9.644458288469314,66.4418304196571,762.4568654642627,206.54512782129677,1302.6407830089531,65.91819646678594,15.669011530001208,100.0,0,7.96,0.0
M-02,CNC,2026-06-08,Night,42.8,342,97.95,0,RUNNING,301.4543748317449,0.0890889168222526,301.57259726682867,311.3568421080819,0.9749637403102076,313.27459177031983,1.7477042399350393,0.44744209043197697,2.729168307928699,5.471390602507214,0.5973768863283322,6.793261914513483,38.509092760463936,9.003532388610118,63.963642321622366,756.5821022849459,236.10541869273703,1718.3620954817957,67.93517665231008,15.909916868342005,100.0,0,8.62,0.0
M-02,CNC,2026-06-09,Afternoon,41.08,329,95.5,0,RUNNING,301.80752028713187,0.16548974839782724,302.04511888531545,311.9276333354335,0.9813688605218877,313.8265169467936,1.7990279419459527,0.38241034271565205,2.8001773120894087,5.521408380555834,0.40808108897093587,6.491451358357797,37.92623600880734,8.42874168903161,55.317289398177614,756.1018919641047,181.52133715665684,1210.7997988477814,66.29039915854943,13.645671727696888,96.95800869089396,0,9.29,0.0
M-02,CNC,2026-06-09,Morning,42.78,342,92.86,0,RUNNING,301.6063088909384,0.08611553199970189,301.7825147875097,311.5139871325072,0.9106448239569763,313.3868070474108,1.8302809834184397,0.44970982715309377,2.6398166978375777,5.656417867785325,0.49322108410750093,6.5568747102763,44.297746865740486,9.532729046168381,64.48777677073089,645.964367302803,159.5310059268255,1214.6486948538463,76.34225298304816,14.11102464619099,100.0,0,8.96,0.0
M-02,CNC,2026-06-09,Night,41.91,335,97.24,0,RUNNING,301.7725696808622,0.1027936655117015,301.97977211185326,311.89830561560603,0.818536581177819,314.04696187663006,1.7473636603794067,0.36583542000928476,2.6236046001169018,5.526366983245607,0.3610167019484982,6.201684231296737,39.238639636243235,8.41429274340649,52.66934015009561,735.7073198782668,195.79823107901663,1390.096329252273,69.06335373707223,15.136548418211015,98.81329501350255,0,9.62,0.0
M-02,CNC,2026-06-10,Afternoon,42.48,340,97.22,0,RUNNING,302.3875987825109,0.09850461756153833,302.5731197555829,312.56024527042047,1.3060271103077665,315.1063873587467,1.7987193393713987,0.3448145184351829,2.5973886869111924,5.585430865950385,0.4943039200618054,6.666707644165407,39.73480533366089,10.180808552502084,55.76592083414336,740.6843115332397,207.2801524895412,1216.316971027659,69.50856622913712,18.835719836979894,99.90915490141906,0,10.29,0.0
M-02,CNC,2026-06-10,Morning,42.22,338,93.33,0,RUNNING,302.12091124453156,0.12060910416161495,302.29263824190133,311.9349483122454,1.2749986276672802,314.3355693843278,1.765522309371848,0.3559306163159468,2.4979098135519955,5.545741155226785,0.5119468539966814,6.461500547935403,37.870842790958754,11.12909951724046,62.27601530181028,784.7588161663339,247.63305986740676,1364.6194210321617,65.55160011100658,18.570866334083107,100.0,0,9.96,0.0
M-02,CNC,2026-06-10,Night,42.71,342,98.16,0,RUNNING,302.5371577138793,0.07200006583231369,302.63920771164715,312.7420969904833,1.0867758678844366,315.49339101622473,1.793643576483179,0.42450737814482026,2.6212702329649,5.438677091552902,0.5500294895866861,6.576220892839485,40.80726011181527,8.4778904074321,56.32236552158022,700.9103696738048,172.10911570321622,1206.6069701871277,71.81776967542139,14.990037279685383,92.3088432366992,0,10.62,0.0
M-02,CNC,2026-06-11,Afternoon,41.91,335,92.68,0,RUNNING,302.8860562533052,0.12755642855212374,303.160663844973,312.7649509623496,1.1585644187649193,315.11108503045006,1.8132959334437975,0.4145057163250147,2.758904777822025,5.666618306199842,0.4062225391536228,6.613944146795827,40.79775885788833,7.90999610743224,62.51074533873653,688.6454701375173,144.12381880331085,1181.152261633657,70.50086818308911,15.151802246381289,100.0,0,11.29,0.0
M-02,CNC,2026-06-11,Morning,43.05,344,96.92,0,RUNNING,302.46163472385007,0.11675399325553934,302.79292798593866,312.59031218501076,0.9201030756811952,313.94126235515324,1.8578724175361792,0.3509523131566799,2.609029539323161,5.429980709201903,0.4980537131336965,6.858846935847636,43.534559586125326,8.416932855034815,62.863898972592445,648.7908948430652,139.45114194258582,1096.4526003572655,75.58531829024429,15.139166060625591,100.0,0,10.96,0.0
M-02,CNC,2026-06-11,Night,42.54,340,96.42,0,RUNNING,303.18150095744653,0.2006331259408034,303.4477284979611,313.38559733966633,1.1830013400360073,316.64064814470817,1.7228969881808915,0.33381689577229057,2.4200599490923334,5.597173714087321,0.500256282749197,6.635786205935571,39.68739876114844,9.019846635778949,59.906165129215886,723.1461345117365,186.19047060109835,1233.916779255228,68.8415211506491,16.344176738991248,100.0,0,11.62,0.0
M-02,CNC,2026-06-12,Afternoon,40.64,325,98.11,0,RUNNING,303.42737541570136,0.10115907314172698,303.61535174530303,313.78404320427023,0.8397719649761184,315.8239535925389,1.7749420669184224,0.4056422922378929,2.6381847390647293,5.525940438450174,0.4982379240032391,6.531372048553607,38.694436159247104,8.912804751086595,56.80069599654652,747.9124564758804,195.88430518358157,1187.2662497462472,67.38202291794435,15.530428245754248,96.85609611240037,0,12.29,0.0
M-02,CNC,2026-06-12,Morning,42.34,339,93.45,0,RUNNING,303.4491545758107,0.0647940329664279,303.6180667911339,313.7993172483931,0.8041174730145874,315.99658722865473,1.853562976888231,0.36342669007819506,2.655245423314784,5.4776290723654535,0.42331916195816793,6.384957344239307,38.55450138285214,9.589771125886358,59.3173221846068,750.7535106946501,195.28057155591594,1195.4015072606292,67.88879950455645,15.525380512250395,100.0,0,11.96,0.0
M-02,CNC,2026-06-12,Night,41.95,336,97.36,0,RUNNING,303.40024696041377,0.15705907683813883,303.6687638357488,313.44792883916153,0.8241863478902163,314.7762864891358,1.8519685628107816,0.3936094249116361,2.7808659427194824,5.347448329430609,0.4659852797550136,6.2763739758695545,42.1136999322449,8.468251062106843,56.93452177848002,686.0535848880866,183.01787194413865,1304.153285703239,74.40314405255673,16.168502341080803,100.0,0,12.62,0.0
M-02,CNC,2026-06-13,Afternoon,43.18,345,94.97,0,RUNNING,303.3792281612498,0.0710339914725382,303.5100875579726,313.4219516248275,0.941203108048607,315.7737743081707,1.820421029734614,0.4323589913857031,2.8273190208045964,5.456949833898369,0.4902079007635748,6.687332113079068,39.48777323778925,11.419909113475658,69.41459363430658,737.2346716176419,229.1431077544588,1357.573520930129,68.36481060904032,17.41901180503811,100.0,0,13.29,0.0
M-02,CNC,2026-06-13,Morning,42.04,336,96.06,0,RUNNING,303.4430881142881,0.13729437056864993,303.7231153474927,313.6168061461432,0.8218024442866447,315.4298995546403,1.8587667183098924,0.37215167827313733,2.829078752868787,5.543748991624119,0.45780334922473354,6.485977458084718,40.73505975983458,8.998351279428089,58.46531556521491,701.0917831056003,167.1510745318904,1167.8796750075337,71.42422238263984,17.133907476974525,100.0,0,12.96,0.0
M-02,CNC,2026-06-13,Night,42.12,337,95.08,0,RUNNING,303.4339067953743,0.07848469323973485,303.56579282788243,313.29707622248503,1.1139594945281674,315.5314148225466,1.7699371628150893,0.44156649718068813,2.724518264683888,5.4744347220128216,0.5526704170280765,6.764544552401934,41.61680981071286,6.519458724019539,62.94681853542548,669.5051301077183,103.90265696068715,971.9131489429948,73.04844832320494,9.979763668884871,100.0,0,13.62,0.0
M-02,CNC,2026-06-14,Afternoon,42.28,338,95.04,0,RUNNING,303.74248530751373,0.08063364853345936,303.8903677100864,313.5167711176836,0.8949267813318309,315.63991059965394,1.6935005403343963,0.39806368265710396,2.268657620334935,5.302466122497154,0.4557428677275237,6.3361499313042255,38.926007985219314,8.822337559300987,61.20266677488588,739.6502556594162,176.74548419119526,1188.5300658038827,67.69988290238486,16.876554164210102,100.0,0,14.29,0.0
M-02,CNC,2026-06-14,Morning,41.45,332,95.38,0,RUNNING,303.5531736121062,0.09300286289791723,303.80294559485446,313.2661704177329,0.9480339187399095,315.0555364418841,1.832470282491324,0.3646857155838113,2.5874917508980517,5.349974142167241,0.5405440880559007,6.42571778256169,43.42030140710499,10.333487944356198,64.55232829339329,664.6458494530407,162.12170889786825,1102.5797544810214,74.85612933550644,15.458877198584364,100.0,0,13.96,0.0
M-02,CNC,2026-06-14,Night,43.58,349,94.21,0,RUNNING,303.5594706635823,0.10066381397620706,303.727981621263,313.564747737662,1.053269856871143,316.2526854655382,1.7953311002241903,0.4255191065050429,2.6517007648506854,5.498012103274404,0.47654832592261875,6.559422075080212,38.932189556076644,11.379108480728725,59.94680211348176,780.3508761512745,301.31022219429354,1728.716706379147,67.24256531315375,20.72761401620575,100.0,0,14.62,0.0
M-02,CNC,2026-06-15,Afternoon,43.82,351,96.39,0,RUNNING,303.75941376408616,0.09591268143294256,303.935769434852,313.57125274471827,0.9376047613211833,315.9226270907404,1.865398802179152,0.3657961189634565,2.4980709131572736,5.391411793486419,0.5015983254717231,6.230188708347844,39.5442069314337,10.121398408672468,64.06851739827137,733.8425240530224,190.7519048792589,1212.706121391739,68.86885735141757,16.206675583201616,100.0,0,15.29,0.0
M-02,CNC,2026-06-15,Morning,41.76,334,95.12,0,RUNNING,303.86350600682357,0.13483189328627218,304.15199541199365,313.92424843050094,0.9960390597381872,315.8674456715482,1.7767210246986087,0.4252307416901936,2.7037638022606885,5.545386226692241,0.4355333163681864,6.391609537311235,38.20165827035852,9.833844979751024,60.7016260110352,769.0728516191157,222.22425915975072,1516.398727308318,65.79665323699616,17.167640184722476,100.0,0,14.96,0.0
M-02,CNC,2026-06-15,Night,43.3,346,93.03,0,RUNNING,303.51958102995184,0.09500320892026881,303.6849381511368,313.5959699176156,1.0530852756111206,315.8499423971284,1.9216223138227202,0.4157252363530991,3.1061686635495587,5.565272900394214,0.4569266386463302,6.400230351371611,39.50058549689033,7.808059606214639,62.20037140589311,717.8961216232962,140.45608711187938,962.6135340092748,69.04021450738456,12.962656325326343,100.0,0,15.62,0.0
M-02,CNC,2026-06-16,Afternoon,42.1,337,98.13,0,RUNNING,303.12840900030915,0.0884405734188995,303.2939600098745,313.0175506244599,1.0398389285643257,314.956583302814,1.81145106344755,0.47718487207765514,2.887922415818999,5.474575736020848,0.44118877091297526,6.645534147866211,42.901530116258485,10.916222114030777,63.18526022545581,676.7868541199792,196.54393483693258,1213.0793545335805,75.00994935898217,18.009166999118634,100.0,0,16.29,0.0
M-02,CNC,2026-06-16,Morning,42.34,339,97.78,0,RUNNING,303.3257302525483,0.16985156971925225,303.68281451358985,313.44847187366537,0.8539083176195629,315.56541056514413,1.85117925872501,0.4008335378661272,2.68920546648536,5.602261333263723,0.4612266706479859,6.789151591134783,40.45696949994462,8.941714478222565,58.873102229849565,703.2246040091727,150.9578169825666,1014.9461222991353,70.64578712814449,16.467030907155074,100.0,0,15.96,0.0
M-02,CNC,2026-06-16,Night,41.35,331,98.82,0,RUNNING,303.40943461697634,0.1620908907624359,303.6685192746596,313.44960213948247,0.8775092611741228,314.9169212873823,1.8032186764848421,0.4707040310420085,2.707227297500597,5.481635987590645,0.4249721173432022,6.58266686160284,40.04509975517469,10.217570332786398,59.15047175120934,739.093693523693,267.55684274881054,1863.156790528511,69.4839359337636,18.61495340797932,100.0,0,16.62,0.0
M-02,CNC,2026-06-17,Afternoon,41.44,332,98.91,0,RUNNING,303.13497086417897,0.14522672287087532,303.3339132916738,312.9651729541842,0.8410372300816005,314.21838705493053,1.8011041148401081,0.37732547139467043,2.5181941952996154,5.6302580432533205,0.54971469438421,6.917444988220449,40.84473580977305,9.135107980244454,56.81589036970463,708.2153877643455,196.31632692103958,1403.2332819887786,70.90991279490362,17.260567999848227,99.83495549359452,0,17.29,0.0
M-02,CNC,2026-06-17,Morning,44.9,359,95.27,0,RUNNING,303.5313190531087,0.16056892355389066,303.8157162010484,313.27556533300503,0.9195029607961946,315.25309763255075,1.7597809625344927,0.3698191129491892,2.484634986637859,5.392339928001554,0.49938095778398534,6.775412188095296,38.32811070088932,7.7992173463026475,60.94523972686875,748.0918649045841,200.30282851332186,1589.3604722837822,66.7712933323566,12.571990903573674,100.0,0,16.96,0.0
M-02,CNC,2026-06-17,Night,43.99,352,94.95,0,RUNNING,303.1324783862483,0.12930903283737868,303.4305043644397,312.82908344382486,1.0999830611757415,314.707479618886,1.6902751119219712,0.4259347807547946,2.4713048555475723,5.421469371393524,0.5135819335383014,6.426770207417083,39.0661611335975,7.756377012032085,52.58595213429576,728.8277296052842,157.35432994706616,1269.3622275318749,70.52089718599552,14.791582456474476,95.98243936655804,0,17.62,0.0
M-02,CNC,2026-06-18,Afternoon,40.31,322,94.16,0,RUNNING,302.7723680692096,0.09973362530245801,303.00140881759563,312.78051259564717,0.8708020864744422,315.18439934492204,1.7106418927508815,0.4415143840743302,2.503365867152144,5.509204567195996,0.41832247925569277,6.324426627414714,39.06908154020172,9.254800049978648,56.62548337336371,733.5933999852999,201.94184383456982,1292.0721729511745,67.7867110083373,15.894272015009856,97.65565557332565,0,18.29,0.0
M-02,CNC,2026-06-18,Morning,41.47,332,95.44,0,RUNNING,302.9703294132448,0.11646939604602984,303.23825499263853,312.893328599618,0.8309997229822369,314.71812399238223,1.7127833639741457,0.3875609718445633,2.406934061426081,5.4979613485885785,0.5067739345396148,6.9072188764410605,38.723532976041774,9.4289232682435,58.41269016396608,775.3149386607586,233.81894242000516,1282.7097154737205,67.48054860344529,16.361576100227964,100.0,0,17.96,0.0
M-02,CNC,2026-06-18,Night,40.73,326,94.46,0,RUNNING,302.8548013704781,0.08311115220294407,303.0050561947188,312.86881510981215,0.8140074473388168,314.8806797526452,1.7692593483240018,0.40892927602305396,2.7772419374800714,5.50805788485255,0.4199227006470805,6.071056836481617,42.180629886424725,12.032862603239131,63.26779790609172,712.3429626574513,279.52382081544937,1774.318562556237,72.96479736398507,19.071174431789014,100.0,0,18.62,0.0
M-02,CNC,2026-06-19,Afternoon,43.95,352,94.0,0,RUNNING,303.1548108002418,0.12556196427746982,303.41527411980815,313.2963126023388,1.0514448854223195,315.384084835241,1.8573886693554158,0.3992010538418554,2.511778325446863,5.559191138758022,0.4697285928969215,6.462385357501789,39.913824408375454,9.56017438266579,63.96427351648466,727.5479369386679,171.58281132166016,1147.0711107415912,68.74609154609377,13.329900431562265,100.0,0,19.29,0.0
M-02,CNC,2026-06-19,Morning,41.96,336,96.47,0,RUNNING,303.03376545679816,0.0978978039250961,303.2779608496094,313.0268212688703,1.24929558433198,314.8285166183116,1.736870669524897,0.44695638211606453,2.643979378198335,5.328303244386093,0.5142717828150151,6.239100554155121,36.595195727675254,12.156639351442454,54.89162847230409,861.8836227665404,396.5090352154725,2364.335041666241,64.05353688781062,21.64451308738191,100.0,0,18.96,0.0
M-02,CNC,2026-06-19,Night,43.24,346,95.57,0,RUNNING,302.8238035581188,0.10126001765836772,303.03703231063935,312.4874596176629,0.9612544194763633,314.20130333596137,2.0152985380838033,0.4770257764937423,2.988314394436159,5.4796246674003255,0.4487818189318617,6.6206597441559385,37.831429903870756,8.946476015386455,58.16705084172242,780.9068989404561,167.75515654923777,1181.7757031047156,65.38523219905005,15.227274881212233,100.0,0,19.62,0.0
M-02,CNC,2026-06-20,Afternoon,40.59,325,96.76,0,RUNNING,302.4022096971412,0.10812500439721126,302.5729575958986,312.4448394117437,1.280860641653835,315.225002666838,1.7003500167205738,0.36618423335671013,2.6589454828529187,5.410905478325679,0.4179322548754403,6.29333222134877,37.761036975862034,11.765212013587234,62.86183559524644,803.22149396161,310.2329906028722,1598.9914977594692,67.17747749808409,22.241293326734255,100.0,0,20.29,0.0
M-02,CNC,2026-06-20,Morning,41.94,336,97.35,0,RUNNING,302.56436431676593,0.13575064871533757,302.9040089193901,312.72533964034807,0.7778813977300755,314.78173110612283,1.7947542090619855,0.4087923681623008,2.6009175360810826,5.448806306900141,0.416589553302563,6.214679681142197,39.649768314164874,11.279676696543733,59.85451978600605,768.4111945596414,336.3157543545847,2231.7568789954794,69.06338977963306,19.62094666970572,100.0,0,19.96,0.0
M-02,CNC,2026-06-20,Night,42.21,338,96.98,0,RUNNING,302.01727280397967,0.23082716266940798,302.35344934777805,312.40032068524465,0.8974279121775038,314.30107732326275,1.7933444668502523,0.3654574679519565,2.5462758999988524,5.603899583449612,0.4600416541006767,6.526918585498653,38.766234994288375,7.827821656290625,51.95697189013174,724.8465858978357,162.94151041431746,1128.1079499843463,68.62027320230088,14.13427663091783,93.40825448310268,0,0.21,1.0
M-02,CNC,2026-06-21,Afternoon,41.2,330,94.94,0,RUNNING,301.1258865158134,0.11990240683543457,301.3788945094065,310.99866021586064,0.833334762298013,313.77190366954693,1.7028486367676576,0.3117944894189545,2.372054407205041,5.448942340201759,0.5302621894881004,6.552179702982257,38.43711864410535,12.723072458678931,74.61365771094427,805.5482199512493,313.8834325329223,1654.861678100073,66.16311249235056,19.934304788539585,100.0,0,0.88,1.0
M-02,CNC,2026-06-21,Morning,42.36,339,100.0,0,RUNNING,301.42298926639523,0.14779264018338653,301.625184250487,311.5457758020256,0.983914209101164,313.4639135597716,1.7247315831036725,0.36560980705998664,2.6489343248646726,5.5689522943544825,0.5513357877197937,6.589553953032381,41.08823631502324,9.158777866236194,58.03621330355318,706.9230909828658,190.38174616508638,1136.1351313494915,73.00550721996255,17.472066761066458,99.93935112656573,0,0.54,1.0
M-02,CNC,2026-06-21,Night,41.21,330,94.89,0,RUNNING,301.4942285512981,0.10114459470371033,301.684322074586,311.67421537385695,1.0108625800165065,313.7291954116224,1.8494442830628144,0.45947489029158844,2.921988841646832,5.540068009366279,0.4779702842665938,6.942569093490688,41.05635598533702,9.472554082678288,55.97286277112559,704.5609130846424,184.79439102429868,1154.96472422511,71.27405876494015,18.171690105263558,100.0,0,1.21,1.0
M-02,CNC,2026-06-22,Afternoon,43.79,350,94.86,0,RUNNING,301.3062093419706,0.07157096625482331,301.50185816826684,311.37389887414184,0.9328997282376601,312.9697830460102,1.8069714310519873,0.2990478272201724,2.303646499268825,5.4814402860271745,0.5968846217488508,6.740076639541484,44.06903760627265,11.315677576333199,69.87015844574648,672.9639265174461,198.16713952579838,1319.7079816495718,75.70008927432455,18.306919921917274,100.0,0,1.88,1.0
M-02,CNC,2026-06-22,Morning,41.2,330,98.38,0,RUNNING,301.5423278171844,0.1343996520487556,301.782314974899,311.40187830778126,1.1710753987964195,313.90523417845134,1.7717665842403887,0.44051067771479463,2.5836216482252112,5.546900955502883,0.6121116072170447,7.049446959578031,41.55797587769018,11.803615125275766,69.87015844574648,713.3095754239074,238.15105124993156,1582.959550074998,70.72828196853314,18.68305808201587,100.0,0,1.54,1.0
M-02,CNC,2026-06-22,Night,40.95,328,96.94,0,RUNNING,301.07873936448607,0.1494164980511368,301.3806045054797,311.21143322107315,0.9511580895465686,313.30028739244665,1.7976098263753613,0.32513430893324935,2.4747263466030103,5.468654479072416,0.42442398131280734,6.424909784196519,37.34814806305443,11.870117035836529,63.7753104193689,855.7344328246905,453.39999111497286,2491.330346440579,65.4692837758735,20.2713524708772,100.0,0,2.21,1.0
M-02,CNC,2026-06-23,Afternoon,42.26,338,92.97,0,RUNNING,300.3519311246512,0.1004180213499426,300.59861155589704,310.0703630043933,1.0827434572560173,312.1499093566407,1.8099347739643041,0.4054326340721137,2.650768909377001,5.529912317739405,0.43037116691202465,6.192170359831909,40.20238933635977,10.622847234873433,63.285857110339386,737.4996296679401,238.98207394971666,1387.218179430181,70.29449140699316,19.73299067347709,100.0,0,2.88,1.0
M-02,CNC,2026-06-23,Morning,41.3,330,97.27,0,RUNNING,300.67572823868676,0.17007959538125747,300.9782041198208,310.7151462674633,0.9867064728987035,312.9577585067907,1.9448982322580768,0.4147586831076088,2.4873616598532173,5.393112074411857,0.5286113863673129,6.665230874534228,39.657391106270666,10.065579010171069,58.48633779297506,744.6996954357012,228.46671763026202,1334.2899168609135,70.74524992988295,17.81422182364771,100.0,0,2.54,1.0
M-02,CNC,2026-06-23,Night,43.95,352,99.59,0,RUNNING,300.3290775726664,0.15060054074135587,300.5433243063281,310.5974036398291,0.887608305163132,312.2780292160576,1.69833830423015,0.404590471607422,2.508301543352407,5.615032049373073,0.5724914027591578,6.582856897989593,38.476565806528555,10.948913949615871,59.607424881575,789.1781202497287,292.6410103382453,1717.1495419667228,66.5484926007701,19.15179238480788,100.0,0,3.21,1.0
M-02,CNC,2026-06-24,Afternoon,42.36,339,96.67,0,RUNNING,299.35568721383913,0.06994917667485896,299.4601329633774,309.1721712940222,1.0630880782060936,311.1410332820617,1.7139942686550997,0.4042622999637792,2.731038583584385,5.320954456213471,0.43100486247861747,6.514971783407555,39.37066511492317,9.545488691955859,60.52012323305149,732.118353249439,171.5023155208116,1034.4905654386018,67.55090423660654,17.4948403934968,100.0,0,0.21,2.0
M-02,CNC,2026-06-24,Morning,41.23,330,95.22,0,RUNNING,299.7044505875919,0.18965461314174445,300.0160937890829,309.74890793617567,0.8657980393527609,311.62066290092014,1.8752840523330891,0.28388334844545476,2.532015447080032,5.476141660981504,0.3286753857884607,6.261323607448207,42.373490404120005,9.995358059556038,69.76580678736798,683.1926498673706,146.87275041442928,1027.9382708154385,71.93401513535792,16.14607360938493,100.0,0,3.54,1.0
M-02,CNC,2026-06-24,Night,42.83,343,100.0,0,RUNNING,299.073160579931,0.11328897036097915,299.3063164396113,309.3514771520721,1.072314498522712,311.22452625757984,1.808531192429721,0.5136493442046406,2.998957571646065,5.557743287721859,0.46336184053826596,6.338018941148875,40.40879076572142,11.909280846033353,59.5596924220046,760.8211951078752,326.70627415947445,1948.305186101855,71.25885470044612,20.992604142539626,100.0,0,0.54,2.0
M-02,CNC,2026-06-25,Afternoon,40.26,322,94.54,0,RUNNING,298.77824895033604,0.06841757217421339,298.88572877445705,308.94564370158884,1.141451128187613,311.2412690367913,1.84767861705019,0.38933716306227933,2.630081985759994,5.464298541980213,0.45495449666457144,6.350632008947694,41.74457022384672,10.62798923150656,64.02607594124083,695.5891463491306,204.41795488693933,1406.1350783322978,71.8242470377144,18.140201236781106,100.0,0,1.21,2.0
M-02,CNC,2026-06-25,Morning,41.78,334,94.4,0,RUNNING,298.8460512734134,0.17267863567644978,299.2327716944725,308.9018253602276,0.9708764462862136,310.6821229214543,1.753149688895917,0.43824565779215763,2.444291530338353,5.440584098170743,0.3819615001232504,6.201352643242979,39.63821610930295,9.740586078417719,57.4131674111506,743.862512362704,266.22128258549037,1972.3255651238155,69.53388072617176,18.744097723603,100.0,0,0.88,2.0
M-02,CNC,2026-06-25,Night,41.96,336,99.59,0,RUNNING,298.1297343426777,0.2682379205698532,298.70447544726653,308.13798778854334,0.9443969853627322,309.73287105730554,1.863255805705897,0.48997699670587175,2.8636725629764275,5.451300247361363,0.4565008343591221,6.592424508937157,37.016929728556256,12.069697982503847,64.45735743302549,789.8898211802313,264.03970785136886,1406.917272500762,64.29327253961095,20.52524112031312,100.0,0,1.54,2.0
M-02,CNC,2026-06-26,Afternoon,41.98,336,98.38,0,RUNNING,298.19178420903665,0.17237756081308359,298.4133051037502,308.0584981134703,1.1495921501002426,310.83893513469445,1.8774329389376274,0.3979105921168262,2.871121209549246,5.592436156667542,0.5203457475619874,6.316898089785607,36.295803970041284,9.37684066812923,56.15657210924076,810.0296863205067,251.23016675030888,1524.531683489649,63.10575072825644,17.49110292330957,100.0,0,2.21,2.0
M-02,CNC,2026-06-26,Morning,41.35,331,96.45,0,RUNNING,297.70659639424406,0.10883245341240397,297.90003739203155,307.6356826741634,1.0124534877721243,310.4823253819288,1.834268776052752,0.36615996173583143,2.579843076427629,5.636691068554847,0.5149474152000061,6.875621469744489,41.48287629125775,10.467868604742952,56.86801011386268,712.681906087627,250.13662679066397,1521.9142229964866,72.60723622376969,17.892560428738896,100.0,0,1.88,2.0
M-02,CNC,2026-06-26,Night,45.18,361,94.94,0,RUNNING,298.3373481009706,0.10463229945988703,298.5169992951452,308.2095455454047,0.9071530673832738,309.96096388732207,1.6975457064043833,0.5151609154367924,3.234188630148478,5.410930796632219,0.42020228498771545,6.239302292830849,41.226774713378006,10.141037857304733,59.98478353617563,716.2035018400177,229.1275474066837,1472.640420286759,69.99541446115494,17.598857755745954,100.0,0,2.54,2.0
M-02,CNC,2026-06-27,Afternoon,42.86,343,99.69,0,RUNNING,297.997791769444,0.06906422209680864,298.1023919036355,307.98710072898996,0.9014514973885138,309.75723969831864,1.8108525221970184,0.40325319591538433,2.62969882931524,5.374760378054418,0.5316145567401351,6.551607483736538,39.69118417312117,11.517506969009565,58.07167385876875,793.1481132498952,519.4126349268619,3414.214803301093,69.79733247125877,20.97568274933424,100.0,0,3.21,2.0
M-02,CNC,2026-06-27,Morning,41.38,331,98.09,0,RUNNING,298.1866796385635,0.1592029861800443,298.4923660708889,307.9414418580641,1.1092819144772355,310.0080772725559,1.8875132527767273,0.4157617396931582,2.639758236211801,5.41501358150485,0.5646313921878658,6.344347851986825,42.010612258574305,10.181055649904668,65.9187824210018,683.220951669473,187.9984992483093,1276.7588964612685,72.31092826196803,16.74727982865719,100.0,0,2.88,2.0
M-02,CNC,2026-06-27,Night,42.74,342,95.28,0,RUNNING,297.8907119826833,0.09323497866692827,298.0686201244128,307.8111206081496,0.9084027501496936,310.14078807486845,1.7710038444377396,0.35660414091952874,2.5176442254536844,5.410728686521276,0.43447351312610877,6.257233017277522,41.08951359827131,10.50034037741142,63.73913269537834,741.6063818485922,384.1431241340277,2715.70210038951,69.59322507823086,18.32277309457003,100.0,0,3.54,1.0
M-02,CNC,2026-06-28,Afternoon,43.03,344,97.01,0,RUNNING,298.1966272728159,0.14651868079440888,298.479207293826,308.0595120178963,1.262189630299066,310.15412511014813,1.7561985785275007,0.4731392868834941,2.548076440939705,5.534937636588422,0.58092267225972,6.6277628546795935,37.60892072707516,11.289116706633864,63.86997532649325,811.5151769552343,315.9255005740115,1919.3165609067548,65.95742182842599,20.11654572845648,100.0,0,4.21,1.0
M-02,CNC,2026-06-28,Morning,42.74,342,98.22,0,RUNNING,298.09175016686225,0.15557147952493203,298.39414006325507,308.1788300635864,1.132045788797904,310.97001351458016,1.8795191897862282,0.46486808892837145,3.0458672020214443,5.476330904786055,0.615868552570276,6.970478119450503,42.085601152064314,10.985223280396786,68.15830461196853,698.3989479878278,207.05716484479393,1303.601628208438,72.25414901754512,17.860703775643895,100.0,0,3.88,1.0
M-02,CNC,2026-06-28,Night,43.34,347,98.34,0,RUNNING,298.0432802604264,0.18113717559797318,298.38768336975426,308.2259451264791,0.9263260669886448,310.48247487685734,1.8454298168772045,0.39034571499499215,2.763041921433934,5.332091047393097,0.45584214454068067,6.379398021661944,38.413322310261044,7.272617612982889,54.94184173601107,735.7660198218065,143.40069867474722,1028.497023797786,67.81005474547611,13.000786613529872,96.73361611602958,0,4.54,1.0
M-02,CNC,2026-06-29,Afternoon,41.79,334,96.29,0,RUNNING,297.0321601140058,0.23629901842324438,297.52237261122457,306.714595854362,1.0128021226026214,309.0243676076167,1.7540737625471614,0.38429776598770854,2.4545485810781256,5.4850334458680425,0.48030518131480887,6.886009320888267,36.22846789975382,11.867127831469586,59.12622345775185,857.6136340224622,353.676191973834,1885.4698929185745,65.15579702148857,20.715919083852434,99.60006933426432,0,5.21,1.0
M-02,CNC,2026-06-29,Morning,43.74,350,97.3,0,RUNNING,297.65761839257715,0.10586699101588856,297.8219484377586,307.8243838878488,1.0008529203521535,309.784234205894,1.725386834774177,0.45898244201884963,2.735077548511953,5.600826536987712,0.4347642888498517,6.741056752541397,37.783546083578116,11.869546789366684,57.25730767190174,844.199073100816,454.2347722636592,2857.9250073047065,65.83297621002946,21.099523139958198,100.0,0,4.88,1.0
M-02,CNC,2026-06-29,Night,43.52,348,94.37,0,RUNNING,296.98749806618633,0.08950311766290019,297.1639766730556,306.94918334327633,1.2048530449117962,309.0006492167638,2.024708310677716,0.26274451887352235,2.6215465981788704,5.548077591519237,0.6261826323554203,6.637741890984156,38.63249527364966,10.18265997143002,56.185561204194215,772.2619306835935,262.19738898498383,1724.7277947181287,67.13689934401258,16.128381676169806,95.00491077987962,0,5.54,1.0
M-02,CNC,2026-06-30,Afternoon,42.04,336,98.56,0,RUNNING,296.8306789022097,0.1666804183459586,297.2132341570557,306.5723188259694,0.7808103719393394,308.1595629454315,1.7217405870692974,0.3400293428345205,2.4902319741680423,5.575922565075062,0.508319114173581,6.759216096864473,41.29628126953713,6.437264447287414,56.359993537338994,676.9824761231146,105.02318403711621,932.3162707923605,73.8507169251361,11.503955474383488,95.28531977072888,0,6.21,1.0
M-02,CNC,2026-06-30,Morning,42.46,340,95.21,0,RUNNING,296.9306727050145,0.15712433760362024,297.2080962779771,306.8095263704389,1.038384206023991,310.0685984491125,1.7524681580889028,0.4642808527511112,2.856426639531635,5.356913004841687,0.3408034481822106,5.951115470508055,41.293019729576166,8.96944317043209,60.29076850127869,697.0837854847044,200.34978766551305,1519.8935997832914,72.05967408545652,16.380429234398676,100.0,0,5.88,1.0
M-02,CNC,2026-06-30,Night,42.24,338,96.09,0,RUNNING,297.27939937974656,0.19140067884908596,297.7089507143433,307.1105418414633,0.9641298830051708,309.2017690338284,1.7721364827646864,0.4091279648667305,2.7130605429686625,5.508273911534573,0.4599524869467486,6.25025090627175,40.3005981901633,8.717427611777584,53.8611047957212,715.1451122933946,172.86977098589466,1167.8066681386365,70.3187124213487,16.398136997389805,97.71004980221318,0,6.54,1.0
M-02,CNC,2026-07-01,Afternoon,42.81,343,100.0,0,RUNNING,297.88898452341897,0.1447698318522567,298.12884621879255,307.7599911259023,1.025800380709295,310.68677069649664,1.8392321637732825,0.4565940946764576,2.9366755418759656,5.713714039738193,0.47714950766776254,6.513353432408739,37.91322584108179,9.848059678707132,60.98200766675767,774.4078971242761,229.33632527903214,1403.079507850977,66.07976176013416,18.30379196518498,100.0,0,7.21,0.0
M-02,CNC,2026-07-01,Morning,40.29,322,97.49,0,RUNNING,297.80358475521996,0.050214034727987654,297.922802365343,307.8797069232143,1.040803021400987,310.01877952875594,1.7236318682493454,0.41299270032324525,2.778318831869191,5.411163651474015,0.5440529965899535,6.617190096940833,39.82711591448694,8.375659513560553,60.26057228959212,723.7281931455511,189.87410479039661,1355.3750797343623,69.82755893273047,14.428009565799648,100.0,0,6.88,1.0
M-02,CNC,2026-07-01,Night,41.61,333,96.44,0,RUNNING,298.0853482503509,0.12242902095265952,298.3637927704938,308.04494453289044,0.9069373249932748,310.00418614360257,1.8570809776689425,0.36525347850860984,2.8228999038250957,5.505789904856537,0.46574922886048464,6.27187894557427,39.040530760388606,8.528393507370147,55.42807983869577,742.2097891104052,208.8972218301595,1430.482457559156,67.56542200377345,16.021120564476217,96.1628361139423,0,0.12,1.0
M-02,CNC,2026-07-02,Afternoon,41.88,335,96.56,0,RUNNING,299.0215184110032,0.08123792067035847,299.18325021923005,309.0905783571324,0.9258763173366032,310.7787210437009,1.8559073088361486,0.30554350796439184,2.316632805523556,5.38542232951935,0.4350796780129958,6.29459160327903,38.706804466853356,10.567255772226972,58.75577971463432,773.5666114677266,295.17425779647624,2090.7140099164258,68.25652534403926,18.697195913791933,100.0,0,0.79,1.0
M-02,CNC,2026-07-02,Morning,42.31,339,99.15,0,RUNNING,298.7272858990752,0.16075982327980357,298.98226026049844,309.73410586806807,1.1112420813868775,312.20855334776206,1.8777745997729836,0.4142742968184359,2.7867283100026032,5.3605606356831075,0.4875307713742002,6.644882105359876,40.92674841379242,12.15246892100015,65.32134487353034,736.6368994745213,241.4702372265724,1440.6477123434036,71.20997863773373,20.3550978687561,100.0,0,0.46,1.0
M-02,CNC,2026-07-02,Night,42.77,342,96.37,0,RUNNING,299.0887929612676,0.09233430826168809,299.24752128058805,309.1050255538889,1.1218771597931188,311.0186049416842,1.9120313744834023,0.5089003521463907,2.754019863357803,5.460118309046898,0.43237308416884285,6.477206977134612,36.28506738136079,9.532572081759444,57.56480963250177,807.6436476767077,225.78904088864027,1331.370841590796,64.3630133397821,17.78184000586095,100.0,0,1.12,1.0
M-02,CNC,2026-07-03,Afternoon,43.35,347,93.95,0,RUNNING,298.4327899318087,0.12739464559210434,298.6298687863486,308.440827273601,0.7626014026160208,309.5756467691264,1.7778551375940546,0.43382961136668313,2.4570340331618747,5.584346585222266,0.46825362682338195,6.610679990906646,37.32132577702319,11.660015160213634,57.81358916416335,821.8094344081112,331.6367635619643,1838.655556043748,63.941373705707164,20.62453875987726,100.0,0,1.79,1.0
M-02,CNC,2026-07-03,Morning,41.44,331,96.39,0,RUNNING,298.9497154220629,0.13655709632930077,299.184178014854,308.8220518688255,0.9177900510354373,311.0908590548213,1.8440725287989526,0.3996385953895101,2.680491799236787,5.510782178224999,0.5633948876115957,6.5578237154606445,40.09670744354211,10.235989531844515,56.26873794046121,740.9815703852648,271.43148157454124,1679.581446467536,69.57874842454308,19.713783724316215,100.0,0,1.46,1.0
M-02,CNC,2026-07-03,Night,42.17,337,94.6,0,RUNNING,298.2191098419965,0.11830504497739812,298.3718801359426,308.2841512545197,0.9231630838968352,310.5075649855106,1.7373820157847608,0.3879962535754129,2.700843564150051,5.469277694932851,0.5569292940490909,6.656972606302984,39.28880960571354,8.388507202547325,52.81751934511882,727.0837441372564,166.6823730917028,1095.1688787726034,68.12333386227517,14.44841388844357,94.20190909470818,0,0.33,2.0
M-02,CNC,2026-07-04,Afternoon,41.3,330,96.75,0,RUNNING,297.69495826328665,0.12894385334741948,297.913950337783,307.739443576866,1.1070817696277464,310.0580048585308,1.7490354983904968,0.3787226688376144,2.5336166334220844,5.485626985284446,0.5155881018453371,6.905571360447216,39.51291853813896,8.729908520450964,57.81954135111742,729.0933719794073,165.00994345281782,1021.4050086461382,69.8770301022279,14.726533512265142,100.0,0,1.0,2.0
M-02,CNC,2026-07-04,Morning,43.51,348,92.95,0,RUNNING,297.94144332748914,0.11880678087751224,298.1971118285953,308.1923947873636,0.8413323075034298,309.9989048977092,1.7405357192324356,0.37887712176566796,2.427387195953012,5.374422761556391,0.45786666285147365,6.559923256245305,41.66201257064608,11.448436931627283,63.61053881318693,716.636718001999,236.90798816878595,1388.3161438983063,73.28372136668905,19.3285505012455,100.0,0,0.67,2.0
M-02,CNC,2026-07-04,Night,43.97,352,95.63,0,RUNNING,297.6963573610705,0.1824294585133425,297.95519401209594,307.7946313296838,1.202863838933625,309.7703732648788,1.7561797759724624,0.3890450567901269,2.560486640150521,5.53919390113985,0.3788408051475204,6.171334399023189,41.14101100034431,9.028576962622495,64.5819191250463,698.0001500894031,206.93461584861146,1565.2213092206025,71.00053383743806,15.893843336104005,100.0,0,1.33,2.0
M-02,CNC,2026-07-05,Afternoon,37.66,301,87.85,0,RUNNING,298.5769868901274,0.2403504648481966,299.0838731069439,308.5452173101932,1.1082716651384594,311.4354146333635,2.419951347909341,0.4774603892417759,3.4035883148721826,5.85255343931328,0.4367250193031341,6.814323691379799,40.53892511198949,7.999738798427079,62.5068830361958,693.7078832125575,137.05249927700365,1013.9830016801376,72.4138569814196,14.1707012062329,100.0,0,2.0,2.0
M-02,CNC,2026-07-05,Morning,38.72,310,96.01,0,RUNNING,297.91862508902665,0.08298778317483178,298.1309865016776,308.0611596402453,0.9201386130821919,309.9757150907588,2.2162293175680956,0.38948585333911784,2.8693322179764413,5.4866259543445075,0.42054421474164466,6.558259054707635,41.870719564025,8.151771705770134,57.40056104616423,676.9324897737064,143.6081534522245,1160.8907617843197,73.80546224786029,13.074741035975876,99.2100354734632,0,1.67,2.0
M-02,CNC,2026-07-05,Night,39.89,319,91.25,0,RUNNING,299.41478422177147,0.18535026823842674,299.74358893166607,309.2476708554186,0.9598833408431627,311.4654496018126,2.6518444463234423,0.35998021663465624,3.3580015083745494,5.9320236935125505,0.47470650753707105,6.7186533421781744,40.0185767021183,11.003359756571049,60.49885733818012,734.1200928522055,223.27020477841612,1276.5435963299649,71.03133747333277,20.41839084599847,100.0,0,2.33,2.0
M-02,CNC,2026-07-06,Afternoon,37.02,296,87.37,0,RUNNING,300.51494497964205,0.2341054795068514,300.89100742272404,310.6737685521133,0.973117255824721,312.50130029380887,3.235265482352009,0.38230787655805626,4.134238453579282,6.216386891418504,0.5977183946641157,7.377381089157565,38.94805604324774,10.837886223576353,64.60380543101982,768.0705807596972,261.99319599801265,1719.4838644468975,66.42823818547744,18.468529521410925,100.0,0,3.0,2.0
M-02,CNC,2026-07-06,Morning,35.62,285,89.92,0,RUNNING,299.7544394344373,0.11065490613172346,300.0072063141878,309.7401044367015,1.0514809808722871,311.78012307702835,3.0051327593693835,0.5169291076547379,4.694545971017173,5.990982830448297,0.5441673314237374,7.32153550816736,42.20967201863675,9.57368439317766,66.28176986912142,672.0483951694529,160.74928948515364,1021.1902853932636,73.10097364282467,14.472458570263676,100.0,0,2.67,2.0
M-02,CNC,2026-07-06,Night,35.34,283,90.24,0,RUNNING,300.8033725674336,0.08898532010237528,300.9522504635668,310.6032572578191,1.1825946819212692,312.5546071981805,3.5248973384882865,0.40862983396586217,4.255697970956717,6.31744878017637,0.4554255120481875,7.470607729059936,39.73737721940869,10.714350334355228,59.89026478352884,758.7160282817242,310.76355189563833,1869.681851953413,70.0076493336569,18.28290001821717,100.0,0,3.33,2.0
M-02,CNC,2026-07-07,Afternoon,36.02,288,82.61,0,RUNNING,301.1535158650794,0.1894592252864135,301.4552313056003,310.9560149501166,1.0403617877722473,313.0197446319018,4.232132359208401,0.38987468524884356,5.008907723030305,6.558173934875701,0.4968915670746155,7.487383134198181,39.882172847521595,9.32498169849967,61.31144487934676,711.4015948871779,156.23903935070015,1003.2756452174668,68.4114725439489,14.823327554958263,100.0,0,4.0,2.0
M-02,CNC,2026-07-07,Morning,34.79,278,84.55,0,RUNNING,301.0440023596121,0.10869289601093599,301.2882297316824,311.1009327391584,0.8911767293489278,312.49960353621583,3.8983233248540503,0.3147540995059073,4.592873102751623,6.439227406613923,0.47659204966061286,7.626525230840965,40.64232121641721,10.714590562215358,65.73655979803395,721.4148894154075,195.17592124869887,1140.056237822811,71.37736354978897,19.15272250807945,100.0,0,3.67,2.0
M-02,CNC,2026-07-07,Night,32.56,261,83.37,0,RUNNING,301.54064457273336,0.08667438707555382,301.74091890710434,311.48937241700264,0.9248648404677458,313.13398260949464,4.509103972201142,0.45130237243991095,5.288894259720208,6.663272000526742,0.5522446910961742,7.631940077954085,40.124025036623685,11.579084996456753,65.37080096044633,755.6384656490516,277.5761805219032,1742.21494560335,68.97973488446978,19.259289209351167,100.0,0,4.33,2.0
M-02,CNC,2026-07-08,Afternoon,41.7,0,96.7,480,DOWN,302.22686946195154,0.086109786471609,302.4084347166328,312.1717463627771,1.1084483494741222,314.095876469516,5.075279782060464,0.37396337973349125,6.065046863968234,6.958765671857032,0.5075440890303389,7.970423514716554,39.8723580393227,9.623367093158954,57.883446922797454,739.8262743370473,242.48826840962917,1554.8372810232636,70.02428204328572,17.050440278118984,100.0,0,5.0,2.0
M-02,CNC,2026-07-08,Morning,41.94,0,96.49,480,DOWN,301.7753011002254,0.090354106416602,302.0158976940821,311.59650042688787,1.0597897723995464,313.8405181640779,4.745515256494488,0.3754618724904213,5.7197535313646295,6.6600632000943305,0.47673072927234644,7.680038902587441,39.39753640289224,10.647121730275048,64.58989471963255,746.1699707548512,232.8042023241245,1277.597754587438,69.17330486477711,16.874002880091215,100.0,0,4.67,2.0
M-02,CNC,2026-07-08,Night,40.42,0,98.89,480,DOWN,302.41575399028835,0.10235696834710052,302.51499018428694,313.03046471027886,0.7972304606085115,314.4208855010058,5.087525566162199,0.39172146123677326,5.803541539374846,6.679995510810026,0.5206923768870926,7.789286228228784,38.672128072559396,16.282833743613434,51.89647360947619,1081.2003331019735,1159.3134015836301,4581.199688717704,69.77016168809331,29.248579253942047,94.73837030106166,1,0.25,2.0
M-02,CNC,2026-07-09,Afternoon,42.43,339,96.91,0,RUNNING,298.3883557699168,0.0,298.3883557699168,309.1425914993357,0.0,309.1425914993357,1.2900365122354862,0.0,1.2900365122354862,5.572989325083855,0.0,5.572989325083855,37.16397073638092,0.0,37.16397073638092,764.3279148256814,0.0,764.3279148256814,66.87480710375299,0.0,66.87480710375299,0,0.92,2.0
M-02,CNC,2026-07-09,Morning,41.9,335,98.23,0,RUNNING,,,,,,,,,,,,,,,,,,,,,,0,0.58,2.0
M-02,CNC,2026-07-09,Night,42.72,342,96.9,0,RUNNING,298.5917676804641,0.11080171261684188,298.800555603445,308.89361631156817,0.9524659146734076,311.6460863446597,1.9092116472347733,0.373743122073431,2.568280846837842,5.583898210104467,0.4931988184079697,6.4874731275804685,38.27810880360284,9.711925825799206,57.23744193253637,765.973011142193,220.79681421802638,1324.467611130496,66.42718216236423,16.859483143495225,93.71975796125624,0,1.25,2.0
M-02,CNC,2026-07-10,Afternoon,42.25,338,97.42,0,RUNNING,298.79659056747215,0.1571822585182612,299.0714492169397,309.00730359357664,0.8624816085151601,310.9642686475021,1.7560924871293548,0.4347341502683501,2.6985319885697505,5.352400168933498,0.5497587494952885,6.887539988460293,37.312691963048294,9.456839810466095,54.29651403430663,795.4450290736268,247.89054496176144,1421.2370260073894,66.69313633644849,17.823417423325566,93.47779389646595,0,1.92,2.0
M-02,CNC,2026-07-10,Morning,42.81,342,98.66,0,RUNNING,298.59596219019124,0.060190097839040814,298.70159346152093,308.7661123116099,0.8440848103159491,310.9903922326262,1.7508933694648823,0.3666578696281688,3.040075088446794,5.630177904186097,0.5233699827450431,6.568857953713604,38.10878862775104,10.846124288302542,64.12749428469603,774.6900998745526,232.49964122788523,1299.3040544601138,66.52506750968598,17.920874439501056,100.0,0,1.58,2.0
M-02,CNC,2026-07-10,Night,41.89,335,98.88,0,RUNNING,299.12053511699156,0.12459716677690852,299.38690548351195,309.41521382849766,0.9920114824790153,311.2181014669884,1.7394667537359425,0.3267434593437288,2.658360442542692,5.45358270647585,0.4910012786497853,6.463870620287971,40.388427125858364,9.746476100820342,66.59950718310115,717.706926519346,182.09112157665234,1162.5870798675203,69.01026565739647,15.233734623239007,100.0,0,2.25,1.0
M-02,CNC,2026-07-11,Afternoon,41.95,336,93.14,0,RUNNING,299.11583401598466,0.12812640636793185,299.285147666763,308.7882367898536,0.836643332590072,310.6348201187527,1.8629279008816289,0.42878302133060053,2.52040793613964,5.634321292865345,0.4397417820119523,6.587459789038613,36.751376201443755,9.99459135694305,54.61906939284142,808.8242923948769,256.04322701745247,1552.2572303230804,64.3900540197325,18.286355105670555,100.0,0,2.92,1.0
M-02,CNC,2026-07-11,Morning,41.15,329,99.6,0,RUNNING,298.9600675812905,0.14273911759424024,299.1545730034376,308.8227835455267,0.7975321248113821,310.4645288366276,1.8492754396913365,0.4498548290097564,2.711503832023252,5.442333389581898,0.5122455496000534,6.654658351683107,39.714836398975486,9.758848479440244,59.000838041822576,734.658635936989,235.64780748753444,1502.2266982242547,68.25526433110706,18.54700062372465,100.0,0,2.58,1.0
M-02,CNC,2026-07-11,Night,42.16,337,94.64,0,RUNNING,298.92408173973934,0.10863608460537964,299.06350977739805,308.89893826498684,0.9602739648242282,310.33605756895514,1.8928645946550706,0.39488756046139223,2.549249697494077,5.598329788690348,0.4004998486916232,6.444301028674504,38.49065709919784,8.296465172946277,51.52754201304428,753.6719575112104,211.1833583729447,1447.176132168617,65.93774769730015,16.36188997068327,90.49176639265023,0,3.25,1.0
M-02,CNC,2026-07-12,Afternoon,41.44,332,92.22,0,RUNNING,298.1327018969505,0.1121265933705215,298.35533489551705,308.28847172016674,0.9773758086742648,310.18543898248026,1.8252078463034476,0.43168176562753113,2.758289565513683,5.390469375764437,0.5592130154541826,6.501230544698224,39.648153174021644,9.421027426294732,60.91002128206696,734.5177932633459,194.46500504673838,1237.1548739429295,69.57954610099087,16.903425873677406,100.0,0,3.92,1.0
M-02,CNC,2026-07-12,Morning,43.06,344,94.69,0,RUNNING,298.31924068732326,0.1957324936023223,298.6524468273714,307.976098203363,1.0890970290300663,310.0252952449519,1.813730847269576,0.40087057759934036,2.7414673769406974,5.715883338796315,0.5973645705086869,6.562273004330562,39.24982958410389,8.49971864046685,52.96686046160431,735.6545650198158,194.9451864880146,1403.45713982385,66.61322742324977,16.99377815692498,96.41690322003008,0,3.58,1.0
M-02,CNC,2026-07-12,Night,41.43,331,91.15,0,RUNNING,298.6987088712314,0.1688847292996095,298.90755435666745,308.6738432143849,1.013534514425005,310.1206133165493,1.8914011580344474,0.3515496433461979,2.399667383275577,5.537413947993891,0.5012280333067408,6.8205148258549535,39.57943374838758,10.318079886182822,59.75138222553544,750.5557757071111,254.89890377758374,1526.4244499189492,68.68973372868523,17.200376044564468,100.0,0,4.25,1.0
M-02,CNC,2026-07-13,Afternoon,42.99,344,96.85,0,RUNNING,298.2108506708455,0.08702043088754075,298.36123251198234,308.02878179198285,0.8061692562496859,309.81657463066443,1.7125215007215069,0.3489339597025979,2.374317500037571,5.440316461346569,0.39022566692285326,6.12098003119127,40.17992700438255,10.69834046729305,56.42465042802026,738.6922430774341,232.62709178379066,1361.9778324924214,70.11806930555943,18.578405563659416,100.0,0,4.92,1.0
M-02,CNC,2026-07-13,Morning,40.0,320,97.52,0,RUNNING,298.4959559800679,0.1340176683146743,298.8146945653376,308.4679675143485,1.1974532351936094,311.38383573868725,1.8059559021841325,0.3774388768399871,2.3056325018362003,5.483160722126093,0.544094700499899,6.378797718219924,36.3209114079139,10.59132530865885,58.16967828610304,818.6857169319662,317.6800105579746,2096.1375350844387,63.358280889992336,18.770466674188018,100.0,0,4.58,1.0
M-02,CNC,2026-07-13,Night,40.78,326,95.9,0,RUNNING,298.3385326254822,0.15773775652230237,298.6367042243259,308.2488600932475,0.9002756309336855,309.47943613329403,1.788779409432844,0.35605808599020655,2.526302710009066,5.584269122792571,0.5175359490495919,6.714232899206282,41.5845800723778,10.063999971953562,63.29504531577392,695.5855992859211,175.94857369164927,1073.706939979674,71.80183746160913,17.62304828214674,100.0,0,5.25,1.0
M-02,CNC,2026-07-14,Afternoon,43.89,351,97.75,0,RUNNING,299.05087068168706,0.2330986730424871,299.50939047660773,309.15240216875947,1.1068567447176862,311.7818276424766,1.8437061032370818,0.4464775488229503,2.6190060212594526,5.502985167944916,0.38923653871316105,6.669363749507817,39.08775579438725,10.166635621966174,56.79749551787414,750.0935784735137,224.57484076134728,1316.9216740232068,67.12787778128767,19.484876397232714,100.0,0,5.92,1.0
M-02,CNC,2026-07-14,Morning,42.0,336,93.68,0,RUNNING,298.7855903166839,0.08692938985075335,298.92557867491297,308.7481455606972,1.235979210549209,311.0763305065098,1.6707108507098287,0.4059283454197047,2.65874747437888,5.764606762132265,0.4500345556943387,6.738824488439182,39.68375642401731,8.331688781335217,53.22884307572299,739.1007915497083,262.85243151967666,2001.23347243426,70.30152042558909,16.063030665671103,99.96119245075978,0,5.58,1.0
M-02,CNC,2026-07-14,Night,41.72,334,96.05,0,RUNNING,299.32096277456293,0.20184363326836785,299.6299918839504,309.1852694695494,0.7277020037910293,310.95408759780344,1.714922777519686,0.38925334595156197,2.507076188465009,5.614201260886492,0.5295671484183389,6.899198536042123,39.23999152479662,12.106996649844488,61.73616895815355,791.4607743866521,328.29222532190084,1759.0834884087064,68.24376366763455,20.083760766402218,100.0,0,6.25,1.0
M-02,CNC,2026-07-15,Afternoon,41.69,334,94.64,0,RUNNING,299.5976026999818,0.06631881016394325,299.7149617073312,309.74557213834294,0.9841531911877477,311.7949544060616,1.7561303106281363,0.2900334656117484,2.4068818828639422,5.494327434365141,0.4315738307728459,6.304497744587721,40.307046675502754,10.757422812886272,60.174116751586666,740.0287578416335,264.8673233125713,1605.1795525268074,71.45640243900758,19.165536406733434,100.0,0,6.92,1.0
M-02,CNC,2026-07-15,Morning,42.26,338,91.92,0,RUNNING,299.64188648864655,0.09956830098032689,299.8815300268294,309.6683242228488,0.9245287923783165,312.05537429061104,1.795646451349788,0.34148464724910466,2.33695051558704,5.511786998508056,0.48962490155767935,6.628157131726391,39.73058871503903,9.78874603844037,59.110367087416655,741.5915695579101,198.55369001169794,1292.0384346075068,69.99248674741636,17.02765394988726,100.0,0,6.58,1.0
M-02,CNC,2026-07-15,Night,40.74,326,95.44,0,RUNNING,299.6261689740403,0.06956760851786883,299.7324515169858,309.6379698865231,1.1010309974544301,311.99684176280545,1.8258690425429565,0.389166622392008,3.004438240026381,5.439531689961986,0.5075637380530007,6.598665806854442,39.27864475398452,8.075604312956104,62.64806947877341,722.3134142151565,144.23524559582063,1111.9038161880294,69.83075949462345,14.843724235609898,98.8693286214561,0,7.25,0.0
M-02,CNC,2026-07-16,Afternoon,41.28,330,97.15,0,RUNNING,299.1514731339789,0.14953429145094496,299.40576155130844,308.83607689296014,0.9073215311377401,310.48799997315564,1.8287212003931825,0.43734374961804967,2.6115823780495755,5.594083961235613,0.3474448037094119,6.324094051471322,40.58229847353612,9.233628574926065,60.43749692163392,708.4290213191825,189.55250867692442,1474.780952739605,70.43437443746718,17.045260634701982,100.0,0,7.92,0.0
M-02,CNC,2026-07-16,Morning,44.27,354,97.28,0,RUNNING,299.5000824395527,0.09912733571985621,299.6536972729139,309.48011166329843,0.8329091232617519,311.0118772095558,1.8860762424851794,0.3792979753002926,2.470232912858507,5.532937383061981,0.48715883244119157,6.343802978550592,38.19816144909694,8.304424816569984,60.34844187416648,751.7652365365403,207.10237612970204,1587.1495920089023,65.37506713265044,14.17301394920658,100.0,0,7.58,0.0
M-02,CNC,2026-07-16,Night,43.76,350,97.85,0,RUNNING,298.79242835151774,0.09525979862573367,298.949659820738,309.03473640627334,0.991432118718739,311.58942826435543,1.7228408951680312,0.3681421996202093,2.5417265110086102,5.511356093300376,0.38649066254754966,6.417616686270309,38.608689856947656,10.094761696200388,58.14539536892474,761.719261587996,214.05891295212047,1234.8741300248405,67.27593325169995,17.531961590743393,100.0,0,8.25,0.0
M-02,CNC,2026-07-17,Afternoon,42.88,343,96.79,0,RUNNING,298.6336265040818,0.08758326573406888,298.8076392588842,308.4251049420536,0.8743114569633662,310.2156689356139,1.8111738041038312,0.3466688218606105,2.668008046935105,5.670994328906657,0.513734831406278,6.652453563904327,40.02336432506166,10.986133189513815,72.17577825761633,731.9282749419142,210.68311867056028,1321.1523716788029,68.94859645232218,18.46263375821342,100.0,0,8.92,0.0
M-02,CNC,2026-07-17,Morning,42.08,337,94.71,0,RUNNING,298.50064335300715,0.07179718435227744,298.62625034118463,308.6072790885365,1.096912163977136,310.4963164441487,1.8664376052296894,0.4341388818088152,2.81557668575412,5.551645610129822,0.5734069742574,6.838570410938081,38.1716039973757,9.621302220133476,66.51394923738331,766.002417774292,197.20280831125805,1179.6493707036052,66.30486188733369,16.075137809458877,100.0,0,8.58,0.0
M-02,CNC,2026-07-17,Night,43.13,345,97.27,0,RUNNING,298.709485235492,0.06754801900596918,298.85529311381845,308.91385650462854,0.8978736780053955,310.2787643306429,1.7665649810306299,0.3899982148601168,2.433183128729996,5.419136625253135,0.44309671681937773,6.548652268390375,41.66602804149719,11.520980431523663,59.99575290188768,704.761690348143,206.6787140358026,1224.1384071120106,71.58370420322412,20.467257325545447,100.0,0,9.25,0.0
M-02,CNC,2026-07-18,Afternoon,43.66,349,96.4,0,RUNNING,299.06253980598973,0.2117312083036727,299.3980547316432,309.0419077247893,0.8152821381274665,310.635334054924,1.7834728673391695,0.3815668046286049,2.3880813265332383,5.554580226861183,0.46028472881813587,6.739313705468962,42.59618910063139,11.146504799974473,60.09873181683947,711.8461609792105,324.6149175363082,2170.2610649514627,72.64726504680925,19.198650759314543,100.0,0,9.92,0.0
M-02,CNC,2026-07-18,Morning,43.32,347,94.93,0,RUNNING,298.8486881769847,0.06884255308129165,299.0344649410024,308.87731418271284,0.9862805400082154,310.49524943733974,1.81159720810267,0.3089572036291362,2.5406897498849967,5.436325477952605,0.40396928561371154,6.315169281260196,40.988966423221456,10.913797543697495,69.02846169670337,728.2625577583794,267.0672840883557,1652.00927031107,70.63831656268277,19.655083313620516,100.0,0,9.58,0.0
M-02,CNC,2026-07-18,Night,44.61,357,94.62,0,RUNNING,299.34113660069636,0.1145075081296545,299.48516941433724,309.4139418420859,0.8573630653253608,311.1965686520245,1.8278549926568723,0.41176701041570835,2.504099438258155,5.391215513317123,0.4479383228054284,6.23479515740253,42.52783822621896,10.906624707625062,68.50084795273452,697.5185657316089,195.4402325074101,1201.3668142868955,73.59160068678005,16.983519615930422,100.0,0,10.25,0.0
M-02,CNC,2026-07-19,Afternoon,41.18,329,95.03,0,RUNNING,299.4562451327394,0.09000151776588643,299.62076672159446,309.5080400104121,1.1610487425751046,311.70636689825653,1.9126522302340336,0.42040733007315734,2.6604544784973765,5.380584795733768,0.6505592987628269,6.655262032962888,36.72387933880057,8.380975136179497,52.81912737217301,803.5952195981022,287.0741089952616,2082.922093663212,64.86494443233083,15.306879853719488,93.22932916696288,0,10.92,0.0
M-02,CNC,2026-07-19,Morning,44.19,353,96.4,0,RUNNING,299.3832107623241,0.06145006137635697,299.5000493981064,309.20309637832275,0.9784758804699897,311.08443221033724,1.775013772141523,0.4000520397659279,2.637635491884008,5.408879236295625,0.516917189995793,6.37422931265044,39.510002107879636,6.852322752129268,56.18859609722274,711.4149282927712,138.50288872170822,1024.4325122141229,70.92638959180769,12.739758457570435,100.0,0,10.58,0.0
M-02,CNC,2026-07-19,Night,41.6,333,96.85,0,RUNNING,299.19185707254496,0.1302705351364629,299.4299697643322,309.30758205645054,0.928902658886209,311.3810896095389,1.8611211874414069,0.3962914250265695,2.79520569462563,5.49891717530559,0.4847596596851761,6.308807837377906,38.55626706049356,8.379724573545195,56.20010117549435,759.8972855988372,203.8665335894623,1508.8468558752463,68.88810541549205,16.204089255427718,99.52052039278692,0,0.12,1.0
M-02,CNC,2026-07-20,Afternoon,41.97,336,100.0,0,RUNNING,299.5367819365836,0.10037219277960854,299.7295232365972,309.6958273980113,1.0005259266491462,311.7283099805418,1.827386045607767,0.3410820664666041,2.6211100459669883,5.604668977488903,0.5520041061323896,6.599764151629072,43.45246341798797,9.775145464964142,65.14011118593643,666.251581073474,200.0309958415851,1442.3603405809638,74.53947008506113,15.50987278830346,100.0,0,0.79,1.0
M-02,CNC,2026-07-20,Morning,42.66,341,94.85,0,RUNNING,299.22921176193626,0.0922660352346311,299.4715559348117,309.13658248922445,1.0624714668061712,312.00539307946855,1.7876784378658992,0.4042385488780542,2.620074542495749,5.459409063868212,0.48794613969228484,6.248647095860669,36.47687062993499,9.747633384483127,64.82078818709513,812.5375514984306,279.1666407204397,1828.828396099636,63.62342381669108,17.45597590186206,100.0,0,0.46,1.0
M-02,CNC,2026-07-20,Night,44.18,353,96.87,0,RUNNING,299.3687783093831,0.11730928729896575,299.6725069126712,309.59370740784107,1.1987849583438666,312.2937963231295,1.7447001651943865,0.3503857130374244,2.4302939361167586,5.438474685319545,0.4748047799010475,6.534880523726139,40.18828719520988,9.954909825885755,62.94258787902267,727.7838818868613,198.9664692039978,1315.124053835722,70.52339762575781,17.146829142123167,100.0,0,1.12,1.0
M-02,CNC,2026-07-21,Afternoon,42.77,342,93.95,0,RUNNING,299.04274469327527,0.08809621011516541,299.239256114985,309.13188684764236,0.985415024843548,311.645318745866,1.662465015362788,0.3909827362910519,2.4114896775684973,5.287822165519785,0.5604975631591748,6.573935016244223,40.955192990198675,9.084478007319882,62.9807014255414,703.6573213285376,172.42848070014236,1121.2483108658798,70.404381540864,15.728766715612645,100.0,0,1.79,1.0
M-02,CNC,2026-07-21,Morning,42.05,336,96.24,0,RUNNING,299.2539469344617,0.09746140092878301,299.4219436078633,309.4884577024265,0.6293472285212955,311.00772443166903,1.81426096949894,0.38695522004982447,2.7822977276982286,5.473212112158646,0.46979743337582197,6.5799241219763855,36.7309574939608,10.433388066748932,61.28640344385383,806.7441000557284,239.0503853926103,1441.9814387151782,64.8835409364704,18.88128442144628,100.0,0,1.46,1.0
M-02,CNC,2026-07-21,Night,41.68,333,92.66,0,RUNNING,298.99193956132024,0.09552090466763626,299.15897500087493,308.89632307925604,1.022263042773441,310.5323315875424,1.779129802636319,0.39776150488156053,2.5083178506357204,5.4861838550967885,0.41133342693844877,6.483757687671346,38.001921571317084,10.687782291061449,63.09210537986239,787.6377031069871,270.61670103689033,1577.8872070777743,64.83351443714392,18.07744863125579,100.0,0,2.12,1.0
M-02,CNC,2026-07-22,Afternoon,41.39,331,99.15,0,RUNNING,299.28481279523817,0.09143734910994326,299.429153696248,309.3391775115917,0.7486439810118982,310.71869013151564,1.7916268129036088,0.3840889564059856,2.5710966706232927,5.411525785942871,0.49046501713971374,6.851706738851751,41.42125475017303,10.703114072465798,70.59433445079169,704.199178243982,201.06393731620187,1211.8006883754715,70.94990456637035,18.356406155100945,100.0,0,2.79,1.0
M-02,CNC,2026-07-22,Morning,42.5,340,97.29,0,RUNNING,299.12749378655013,0.06041497805051793,299.25645008934,309.2057447911389,0.7983374159689636,310.7505086868431,1.817517193101739,0.3945202134217816,2.628176532956448,5.451360835969458,0.4434310394772833,6.435430782349711,39.04188293376353,8.856037147847609,54.45826661125896,740.7940686971357,194.5718444532523,1204.0517834666691,66.82026655166271,15.301995154412863,91.70295212303029,0,2.46,1.0
M-02,CNC,2026-07-22,Night,40.46,324,93.07,0,RUNNING,299.37224676500017,0.10154462801206011,299.52942101796907,309.2371006602228,0.8090668748400258,310.8984163565784,1.9161815516228557,0.35496515184610616,2.5317160560376037,5.460046767047844,0.4474050251302532,6.50549420339375,39.06270793215107,7.190494600486626,53.81572569949255,721.2227327521703,139.43605137605638,1082.0691424671816,68.68779838071117,13.768432211861636,94.73732061457316,0,3.12,1.0
M-02,CNC,2026-07-23,Afternoon,44.12,353,95.08,0,RUNNING,299.2135109106557,0.06933625612133655,299.3676192608756,309.1124123282152,1.1117977413505353,311.37580993143735,1.8405864339524192,0.4597870942174651,2.7423992655739093,5.505178285896893,0.3904504850074348,6.354806604886614,40.97266578927949,9.987929925353033,61.49613861953442,709.7320106054074,211.20599818061777,1248.9537146151042,71.28923928594858,18.13833522649541,100.0,0,3.79,1.0
M-02,CNC,2026-07-23,Morning,42.28,338,98.09,0,RUNNING,299.26904705964887,0.0808959514645699,299.3908619638973,309.3808809530452,1.223831498197784,311.3338403173947,1.7805358127814193,0.4469807368962853,2.811030715848632,5.479400790005839,0.6375010616528926,6.528006296706423,37.63424342109774,12.396555865734669,59.19777996454764,841.1595471851006,380.4613792550042,1949.4734715836328,65.79724139874521,20.73094349203589,100.0,0,3.46,1.0
M-02,CNC,2026-07-23,Night,43.36,347,95.92,0,RUNNING,299.18902771112414,0.10520298755675919,299.36968304848216,309.00483715375736,1.0802185630827865,311.3157848492761,1.7944507708980608,0.43109408021323314,2.501246875539739,5.501137513970601,0.481873996975877,6.291461019035936,40.986010125130726,9.190256799705727,57.34046045552788,710.9138487669226,234.58470127414915,1671.312563786004,69.54580395246127,16.055280882568805,96.17744689848908,0,4.12,1.0
M-02,CNC,2026-07-24,Afternoon,42.82,343,92.85,0,RUNNING,299.34229477643174,0.2248580099199879,299.6442274282494,309.66534001603986,0.6789256958143928,310.9430492299789,1.7048444811386243,0.46605239818732563,2.557528789705331,5.439341653376414,0.40809329577180226,6.147872131631663,40.98830944279413,8.768625431638338,62.188857305899965,693.9634830872386,154.99427351355067,1037.9987623536388,70.62559910172982,15.948114836697975,100.0,0,4.79,1.0
M-02,CNC,2026-07-24,Morning,41.78,334,97.77,0,RUNNING,298.91962248073156,0.15799930984700022,299.2136856399108,308.8160440493777,1.0932748452442869,311.997730999951,1.7829420228306694,0.4466064487405766,2.749432170686348,5.561672183000146,0.4612962672949522,6.372342148978946,39.90011268905336,9.391584683453509,59.41725928015043,723.4794512835166,174.78269392483938,1211.9418953644536,69.3877523630616,16.638209861913257,100.0,0,4.46,1.0
M-02,CNC,2026-07-24,Night,43.86,351,98.76,0,RUNNING,299.3114433314852,0.14586239198129797,299.593501093132,309.25486027547703,1.0195476192582906,311.29112573056807,1.888481852039268,0.3597548623214411,2.5909408146587865,5.478639996892361,0.4898114153991709,6.410716827836662,39.04872427808845,9.710775841921835,62.43478986421735,745.3463417365369,197.51217112318508,1358.832148392647,67.00920411636291,16.973781466419272,100.0,0,5.12,1.0
M-02,CNC,2026-07-25,Afternoon,42.62,341,96.52,0,RUNNING,299.5656578029842,0.07950825725781387,299.7718180007405,309.285140609555,1.004500740952721,311.0531818518055,1.790824358193784,0.27019312625660596,2.384249751986823,5.438113449862999,0.4964859751751536,6.607760628564717,39.4412930118871,10.922072724520064,57.53989173098269,783.8594992841647,414.2005200925422,2771.3398697564,67.26575145209695,20.665298296454978,99.12809244874008,0,5.79,1.0
M-02,CNC,2026-07-25,Morning,41.21,336,96.79,0,RUNNING,299.3684853573753,0.08134213030053664,299.51577855498226,309.7163248854786,1.1360938281584032,312.30135111920856,1.7036816996198922,0.38967498619794616,2.592938852399501,5.5771297740283705,0.4745350256355983,6.5119437434223135,43.53169409633895,10.5724517440645,71.91657528913036,660.0028453577297,182.36820733644655,1359.3210555498604,76.84215613578672,15.709335261492797,100.0,0,5.46,1.0
M-02,CNC,2026-07-25,Night,41.31,330,94.66,0,RUNNING,299.41165558473216,0.10378222832609589,299.60392910243166,309.03490508928115,0.9517211313005179,311.2289445759529,1.6954882342078355,0.3895012896556987,2.40402586330596,5.538500812061855,0.5327703712474302,6.519024785210554,40.559254681621425,8.18390983638141,54.91103283509627,705.6796657203496,166.92816047803973,1233.006932147689,70.55529985852259,15.480593686171005,94.84198599538088,0,6.12,1.0
M-02,CNC,2026-07-26,Afternoon,42.68,341,95.26,0,RUNNING,299.0742884427343,0.2046788496136312,299.3107066894414,309.3166693279527,0.9255918060209294,311.6955740778385,1.6981804734112738,0.3718940534342781,2.445004260992119,5.5108764853232355,0.44301095744648306,6.358576199303795,40.55989941761067,9.402872328750407,62.750856834777416,725.195264209454,244.4951618892784,1553.0798456868044,71.38485105231383,15.454611615965101,100.0,0,6.79,1.0
M-02,CNC,2026-07-26,Morning,41.97,336,98.35,0,RUNNING,299.14098438992164,0.12334092188021872,299.4309127537411,309.1719842817187,1.1850717856923147,311.7030709149735,1.846699762135452,0.361704446126297,2.6900168319333977,5.451086923984447,0.4999336702377676,6.529387580938136,38.673310491572764,12.837739180668244,65.35912104453291,804.9346322473928,325.98004542511615,1666.469770461454,65.8262377365431,21.196424129768012,100.0,0,6.46,1.0
M-02,CNC,2026-07-26,Night,42.97,344,90.3,0,RUNNING,299.0871569662519,0.13498980536062302,299.26684709920784,309.0803059335685,0.9427613523901148,311.0218017477685,1.8365882221264644,0.41948325807415165,2.7430691774461726,5.464704228119604,0.4787851545171297,6.347166148079605,40.448306176069714,7.8378797998752505,56.50766541637377,711.8739342014048,156.71467353923381,1106.5434855539925,71.83337702388472,14.822477848422105,100.0,0,7.12,0.0
M-02,CNC,2026-07-27,Afternoon,41.54,332,93.76,0,RUNNING,299.0207032700477,0.054339998201425904,299.11201013157296,308.8909986459292,0.997393972710192,310.7633256097978,1.7507061946994298,0.36334993866521176,2.780140553679105,5.423522754912604,0.4507310756704861,6.4443726843593145,36.61202656891324,8.802209401085276,56.4108712420624,788.3668708997768,222.11026388153638,1532.7546567654856,64.7371009872612,17.71299319255059,99.23433777958306,0,7.79,0.0
M-02,CNC,2026-07-27,Morning,43.45,348,92.52,0,RUNNING,299.07810712334293,0.1384899645013466,299.36437486032725,309.03100584236927,0.9990899430487562,310.69107661831254,1.8039938044701354,0.5448044718145623,3.272303577774884,5.422261756839211,0.441544287580194,6.242895122052042,36.42345516826215,9.863016079169771,53.50970609307584,820.8209278475889,295.00958018073175,1850.5526130569249,62.89517824948889,17.830592879946206,93.63404650951254,0,7.46,0.0
M-02,CNC,2026-07-27,Night,40.37,323,98.32,0,RUNNING,299.0438634855933,0.10961465259730138,299.2997843754317,309.1214145288749,0.9686503406118895,311.0629598434997,1.874104261678414,0.24271615447697495,2.2863535236449195,5.658521600194961,0.4152326373189307,6.534178145574096,40.69468252580266,8.500605815480045,59.25144125485545,699.7923120302917,151.1105528006874,994.0268682113016,70.28902087249918,15.626131895189767,100.0,0,8.12,0.0
M-02,CNC,2026-07-28,Afternoon,41.94,336,96.95,0,RUNNING,299.487222592387,0.1288156558333056,299.67835260047434,309.5507330678649,1.1098289160245518,312.4393734077568,1.833034762149187,0.43064823428765087,2.7493804514498508,5.423509152053993,0.5310337818848359,6.714570270415623,38.23167890902992,9.697959668945124,52.84577736477962,765.9382530427008,225.52365180176636,1324.1790035485649,67.17742370907432,16.818187302651094,96.35672254449176,0,8.79,0.0
M-02,CNC,2026-07-28,Morning,41.41,331,96.69,0,RUNNING,299.30149995938723,0.13302349894316173,299.4830099026514,309.7948807102722,0.8851533565355474,311.6594438719049,1.8181860116855673,0.42366309319839107,2.6524122093908997,5.643408170867083,0.3829890736460045,6.82506914595825,38.25484009465401,9.815782282428804,53.2666433296219,768.8886612716298,255.95104552948743,1482.5844029428,67.19537763532179,18.013584216273067,96.13969478805994,0,8.46,0.0
M-02,CNC,2026-07-28,Night,42.1,337,93.43,0,RUNNING,299.4940528563494,0.09851086904308043,299.6564045895867,309.66568298247034,0.9380783738620988,311.8334754205801,1.7471447225459713,0.31037089913975807,2.3578978930500605,5.63178038189613,0.5104733725568393,7.005732253782089,41.21355771368201,9.60511401585836,57.931705232498814,708.3311636892396,219.71128793283583,1492.4641890594069,70.57169940239064,15.61709399325704,100.0,0,9.12,0.0
M-02,CNC,2026-07-29,Afternoon,40.04,320,95.14,0,RUNNING,299.17065999393185,0.09548173802091364,299.36052558894994,309.1645500694841,0.8694060185802462,310.50021202997084,1.792048610625557,0.4155590735387333,2.4186629638118715,5.537772133424024,0.4251529420911557,6.674981985015368,40.753238775739604,10.29707215402752,61.7622325430804,727.6858468722346,269.5216992955244,1982.8411784644527,70.10500817528134,17.302466859314332,100.0,0,9.79,0.0
M-02,CNC,2026-07-29,Morning,43.26,346,95.01,0,RUNNING,299.26068578772725,0.06655444844162185,299.4007643985049,309.30096569201845,0.9795645922066135,310.9429921318421,1.8062257103260255,0.3798095552412457,2.381141074321011,5.661971046583431,0.42318959031981224,6.708994151373806,39.24594428083719,11.050989624869267,63.02938730156357,754.6298580361578,214.10172774118385,1162.030724892895,69.69413871810048,18.97514861038413,100.0,0,9.46,0.0
M-02,CNC,2026-07-29,Night,43.89,351,97.7,0,RUNNING,299.13238114230296,0.048008124453603467,299.2076622043003,309.37574945254136,0.8370914184845036,310.892798099653,1.6706655863259192,0.5554336979821309,2.3264130507519267,5.622827431523761,0.5997317301085623,6.249294329443132,41.936704054855,7.1530856801997045,52.102488741785294,662.3763849599093,111.79800355614928,857.7295856017787,70.893923167315,11.352551854536449,83.56543345963186,0,10.12,0.0
M-03,PRESS,2026-05-01,Afternoon,64.37,515,100.0,0,RUNNING,299.11872696844597,0.07175868832847677,299.3094891842726,308.9262122830431,0.8777212608286706,310.5447418160832,2.7430393365383248,0.5439765740813878,3.833410126158269,11.920545497163044,1.2481242792479705,14.577862590988834,57.69956462122149,12.460065514840457,90.66552952060864,731.410906531702,159.61310004109953,1123.4263932155045,71.60540685568259,15.881706494603042,100.0,0,,0.0
M-03,PRESS,2026-05-01,Morning,64.32,515,95.3,0,RUNNING,298.8621732534293,0.09516693914935244,299.0618420594905,308.96829085392994,1.1996781363525046,311.3911194992324,2.89757708352713,0.6635472210145328,4.228259627843082,12.147623425767106,1.16903721395233,15.122527141513544,54.459116679521905,10.561146714682543,83.50705951460867,765.5308658090121,156.74904711929207,1275.9732027032114,68.02917155279904,14.501593914970185,100.0,0,,0.0
M-03,PRESS,2026-05-01,Night,65.74,526,96.86,0,RUNNING,299.0382896894139,0.1863632344673645,299.2953765273067,309.2711886527036,1.0973397230374244,311.9374033517813,2.706303810782666,0.4564468559480864,3.818365769115869,12.013805668830704,0.9382014802396613,14.209140848150144,53.99888817783787,12.094932587879969,78.66069688775121,790.7563867364645,205.75561473696288,1450.2914774745016,68.48932066183157,15.665684396968436,99.91608138013832,0,,0.0
M-03,PRESS,2026-05-02,Afternoon,64.49,516,95.61,0,RUNNING,298.1262924600334,0.06129208053455716,298.3016096161856,308.0785967566419,0.9886006145185193,309.9667588752586,2.592947204647314,0.519021468097874,3.4090100514882247,12.32492320900321,1.066111046674797,14.386312428296126,57.08466299512407,13.040072920553568,79.40257979483732,744.0329049300627,186.78986332043075,1241.1358631191536,73.55355380639845,16.29385697015415,99.37083029059,0,,0.0
M-03,PRESS,2026-05-02,Morning,67.01,536,96.48,0,RUNNING,298.42298756697613,0.19029098505769282,298.7242679747956,308.3201902191001,1.0749887030436545,310.0681994043796,2.6861633645732614,0.623939231647135,4.300622282430447,12.099296525374765,1.008924008907337,14.327412924200257,57.07435170199045,12.305428928584734,83.36074747857464,737.6045893438544,176.87647763222972,1234.1773084701294,72.56051835815873,15.983675166451242,100.0,0,,0.0
M-03,PRESS,2026-05-02,Night,64.86,519,95.93,0,RUNNING,298.500329890797,0.18176664278136073,298.836250815589,308.59260202714665,0.9257468572912576,310.4133020516904,2.7375320057704733,0.5278377045220475,3.904160844053843,12.080417816768819,0.9136543276668588,14.30900494656272,53.984571514107394,10.839711635389106,72.64704471193352,772.4446701074969,168.3111653524931,1321.2507901922622,69.70252913338304,14.9838008701293,97.98172632071676,0,,0.0
M-03,PRESS,2026-05-03,Afternoon,66.43,531,95.84,0,RUNNING,299.4090107804853,0.09279415221645451,299.54472171040004,309.81092947048444,1.0840410356130166,312.062555426003,2.4377064763609035,0.6535966057545937,3.741549461419536,11.892921807878887,1.086670029613275,14.00441991668243,53.56589716708037,12.032772634824848,93.8797694553583,794.1439088586428,204.014856053834,1519.7473175851112,66.94459758999176,13.376767917512925,100.0,0,,0.0
M-03,PRESS,2026-05-03,Morning,66.42,531,96.1,0,RUNNING,299.03070074444634,0.09691946094292495,299.1947977350533,309.092194307936,0.9797061110124186,310.7978339315762,2.3306690315545766,0.596584251616526,3.456309393073669,12.375928152683816,1.326503018165482,15.032099531210058,54.641566588180815,12.96737227097328,82.40381045683108,774.5036731420166,190.59136377693702,1291.1878277071671,68.57890777215933,16.123213655271215,100.0,0,,0.0
M-03,PRESS,2026-05-03,Night,65.15,521,92.0,0,RUNNING,299.82193045482,0.22207053140582958,300.1215220726382,310.2129015973373,0.9242294099878434,311.8430509707347,2.83007127137408,0.545316647752943,3.8235963957528543,11.87016731760403,1.0845266020522613,13.832212476571296,56.0158983911396,14.977240246862157,87.67278620786196,807.7255946921781,387.34368221643945,2467.01506477044,69.78853916185108,18.37375606182017,100.0,0,,0.0
M-03,PRESS,2026-05-04,Afternoon,66.95,536,90.21,0,RUNNING,299.66519541958667,0.09373056547150463,299.8148806655294,309.7537558392953,1.0020477746719174,311.2245441178868,2.6233172281598245,0.6992063285996823,3.498400460020471,12.345198000532802,0.9889751378849784,14.046376707708738,52.106983700118015,12.973606918401158,76.59418146277093,826.7743989450285,258.1758560039235,1652.6763271417094,65.52207489303781,17.29565442729929,100.0,0,0.29,1.0
M-03,PRESS,2026-05-04,Morning,66.79,534,96.69,0,RUNNING,299.9261804828431,0.0909271174224615,300.0566360958985,309.7454050077281,0.8094983319060602,311.6876501558347,2.6692823590479184,0.6214069536719553,4.149914923465791,11.99805868557139,1.1876221149142854,14.92388801639341,53.58409972973294,12.956159604298177,74.29716374645736,802.8405468646841,246.35781741831494,1483.4209859185742,67.81242573243142,16.09621116394317,93.3735102017073,0,,0.0
M-03,PRESS,2026-05-04,Night,69.07,553,95.72,0,RUNNING,299.69510886658736,0.19070267567041935,300.0636941244612,309.4519617030616,1.1969362213156596,311.1963960271606,2.7146845214275874,0.5757749146368848,3.864567292377016,12.182540178896586,1.2328010515632168,15.017985227906443,53.77869415613113,13.680052006957336,83.71146598747806,807.3877005213726,223.5780239606861,1476.3184341592955,68.40636747585205,16.8214746404961,100.0,0,0.62,1.0
M-03,PRESS,2026-05-05,Afternoon,66.19,530,93.89,0,RUNNING,300.01206350459836,0.13826544548272315,300.309840510292,310.3174827846622,0.9641046549608894,312.1021793817862,2.585235937984301,0.5967571839200638,3.5871383018716503,12.17712148955414,1.2147949920841585,14.110184749964969,55.54651672422803,12.835168339549508,83.2719951517472,760.5195248345894,178.81209843456872,1161.7791612520086,70.30087370710186,14.99298860529737,93.08437316731803,0,1.29,1.0
M-03,PRESS,2026-05-05,Morning,67.16,537,93.92,0,RUNNING,299.9574102166439,0.0880548624215731,300.09264777359886,310.23899390836664,0.8262526988230839,311.8798654868198,2.6471065083209755,0.6098101219507156,3.6308446142089448,11.9161913267006,1.2996431522613074,14.230299997803945,56.42458819483744,11.473550594170188,77.50004122471874,751.8945676495651,198.31519352913364,1485.8788882602298,71.76577781828472,15.213749432976908,100.0,0,0.96,1.0
M-03,PRESS,2026-05-05,Night,63.78,510,99.83,0,RUNNING,299.9423423489592,0.18272031583022624,300.41363261164724,309.7782825581178,0.8842136510039822,311.22020871424064,2.598274357150598,0.5830875887599541,3.9407625171086655,12.238671582300135,1.0412382007518897,14.363523393687354,54.43304225093513,12.080791016253535,77.6665166963628,779.1486563632205,216.05658006655895,1600.3063816185852,68.15879366656367,16.308644220409388,99.74452554840504,0,1.62,1.0
M-03,PRESS,2026-05-06,Afternoon,66.7,534,96.99,0,RUNNING,299.76721836067844,0.13882055261700124,299.9731508034432,309.6681040552955,0.9896641130402485,311.1287996551282,2.5350496592599994,0.5391579012642695,3.8132673321265953,11.85310204208173,1.2356379147733378,14.911837925843953,60.42502331596064,8.44247813858536,74.45839574302647,682.854580247306,114.3783258963057,1075.8209268795438,76.50362835321093,13.553718799379258,96.7972463652916,0,0.12,2.0
M-03,PRESS,2026-05-06,Morning,64.63,517,96.43,0,RUNNING,299.76092249971293,0.04781364471668265,299.8769855968196,309.8330418896601,1.1179266120974025,312.6939515644427,2.827808895541681,0.7002213668650271,4.057700762335921,12.367664742174501,1.1286762680497375,14.80698322823385,52.4759672317983,12.033772966278093,78.02253761270177,803.4115099789285,215.43244251762042,1377.6395392800907,69.19976749282925,15.161536318809448,99.55093995032723,0,1.96,1.0
M-03,PRESS,2026-05-06,Night,65.29,522,96.73,0,RUNNING,299.2821861006199,0.07722298246816488,299.4055798733956,309.4067120454902,0.7074098980108765,310.99284756948555,2.5516401290828026,0.5473750961990458,3.699965849915027,11.873933797373505,1.4272011399059887,14.55229913503343,58.06487706415099,12.255164836017835,93.78767260056657,726.2147602622535,163.3141998234591,1183.82437454488,73.98923507946711,14.057392120128455,100.0,0,0.46,2.0
M-03,PRESS,2026-05-07,Afternoon,65.39,523,98.1,0,RUNNING,299.667263378986,0.09462930681464904,299.7892892065376,309.50920998868503,1.0587770673505743,311.42811889186856,2.7550430661484646,0.5595998430471418,4.088786174396706,11.95319477369919,1.1478941875173143,14.848013724033702,55.34655018104758,12.543452599408722,88.95233675008855,770.4030504282066,210.78246338594766,1463.4449636020377,71.25812959046293,15.541708849752526,100.0,0,1.12,2.0
M-03,PRESS,2026-05-07,Morning,69.69,557,95.88,0,RUNNING,299.3806978070812,0.08987430708394484,299.5537494019761,309.28828952092016,1.168065558973826,312.2430998785365,2.7683564990289855,0.7317081519229813,3.864591198527525,12.088374759361134,1.3728738734670616,15.420680131193745,59.770436282700246,11.721059936569093,88.78681949532114,695.2187720475404,136.20620911926534,1103.8823562097512,75.12132297868317,14.30092612328766,100.0,0,0.79,2.0
M-03,PRESS,2026-05-07,Night,67.16,537,98.37,0,RUNNING,299.93157045873295,0.09507242763528456,300.09502558503743,309.9164969143425,0.9048281435254306,311.54621861195847,2.602564278684347,0.5866676344411299,4.208063041831507,12.121104277764,1.0085706868039679,14.330906662543423,54.66091041313298,9.738317176705054,70.56612742870064,760.9976680262209,169.4756068864965,1416.365567640284,69.40020512651697,13.939878355863435,93.91953009927582,0,1.46,2.0
M-03,PRESS,2026-05-08,Afternoon,68.19,545,93.71,0,RUNNING,299.9301518936012,0.1075459080072713,300.10832058994686,309.80845120788683,0.7806293469522885,311.05489544943083,2.6427723902453057,0.6054316303322794,4.18520275450617,11.863340897132815,1.2117790467709817,14.059706106899544,49.20943673265905,13.170524058749564,70.65658597396045,899.0232390153232,338.66622953772344,1932.314168915528,63.54783637894244,17.10126602089008,95.1591731843512,0,0.25,3.0
M-03,PRESS,2026-05-08,Morning,66.25,530,93.71,0,RUNNING,299.7549267583831,0.08988381529178369,299.93502991731714,309.709262203174,1.0570801596538777,311.4666187752593,2.628204075684583,0.6415414291124594,3.908096528907687,11.783889766164249,1.0426714979767129,14.735673501113004,52.94889780626671,11.745782541035517,77.23796017362282,802.1479196319273,227.30251494814513,1762.9060083302925,68.08905756620227,15.84718421961182,93.0423515855888,0,1.79,2.0
M-03,PRESS,2026-05-08,Night,65.59,525,94.49,0,RUNNING,299.67052884809647,0.09719619068174615,299.85239065480545,309.41848378410185,1.188333198643903,311.3431684672649,2.4448472886405,0.7039973476082148,4.374563357372919,11.722618687232329,1.3731387969155542,14.317992331936516,53.31653463885094,11.54000826955909,82.44410195965224,804.8862450418163,202.03083732651268,1528.5888584703223,67.78044695121342,14.833264626801613,100.0,0,0.58,3.0
M-03,PRESS,2026-05-09,Afternoon,65.63,525,96.84,0,RUNNING,299.3101147517937,0.1091954242951753,299.5553589986812,309.19005256557307,0.8035608625060392,311.00040271643155,2.756508641070503,0.5107168334410028,3.6407611637226207,11.905604662210887,1.064740781548384,13.822260274958184,53.43791295132775,12.950166738010758,85.13733195415776,796.7954516522,207.7865737007938,1476.7362649621502,67.3566799832622,17.419536052643398,100.0,0,1.25,3.0
M-03,PRESS,2026-05-09,Morning,64.87,519,96.66,0,RUNNING,299.66023636667575,0.094487859117447,299.8184520086624,309.8139415338916,0.9379790616811052,311.541883555898,2.5172453422431484,0.5665665399239064,3.90892841695756,12.048886840130246,0.8684746218300782,13.97638641052121,54.266664882040885,11.707444444002357,77.54194160319457,770.6546302179994,197.90719224429785,1489.804341492,69.72297353766982,15.578775699328691,100.0,0,0.92,3.0
M-03,PRESS,2026-05-09,Night,68.15,545,96.91,0,RUNNING,299.312698148331,0.06850559786906685,299.44790073237994,309.303310210124,0.9789902569376139,311.13599913091684,2.7293246963905524,0.5679590650742744,3.941884525769731,12.001646998215616,1.0771663751150347,14.342224732770006,54.3676005788136,14.070345223417133,87.67899691887827,795.0225874493705,228.704276078273,1341.6300287441031,69.71759449097856,17.513228324445848,100.0,0,1.58,3.0
M-03,PRESS,2026-05-10,Afternoon,67.32,539,93.54,0,RUNNING,299.72952980490066,0.08086179944142419,299.9124504353516,309.83966925115806,0.8896586776831731,311.7319465203996,2.749866687991058,0.5671721104232657,3.9120316767265777,11.7349284708385,1.1586630588860205,14.21237390210984,53.21700770201815,14.043917226215196,85.90502396476037,811.9865430335094,228.95087771653078,1493.7317786409417,68.6230322986384,16.609408516539432,100.0,0,2.25,3.0
M-03,PRESS,2026-05-10,Morning,64.52,516,97.93,0,RUNNING,299.4311136087056,0.1556280421623003,299.74232125660944,309.5496837875875,1.1663418184300292,311.88036114705415,2.6188865759819824,0.48502648483117083,3.698923957826572,12.176279023696306,1.1843363681934564,14.452288786076624,56.90103390310477,14.971583172424038,89.37315604302276,769.8669889898956,292.3519999785744,2056.206453477892,72.29521073763605,18.60577041133294,100.0,0,1.92,3.0
M-03,PRESS,2026-05-10,Night,66.16,529,97.4,0,RUNNING,299.7104120901451,0.11694599164074974,299.8970189212557,309.47007274181897,0.8544025456098608,311.0340456727652,2.795443263106543,0.5470100363627877,4.584226575307107,12.521015755543068,1.2625703028919244,14.99416309430154,54.6502057863835,13.254395891972464,76.13196143247069,793.1876389158505,270.92004771925957,1632.696684789115,70.44668818213721,16.821453074370833,100.0,0,2.58,3.0
M-03,PRESS,2026-05-11,Afternoon,64.71,518,96.25,0,RUNNING,299.49640397452055,0.17183553047834946,299.8534017821153,309.5325303069109,0.8915793517046217,311.432691544608,2.6592567979109387,0.5334040147970395,3.4500522863368026,11.965397099965767,0.9068251012977036,13.62425945402006,59.272656204905175,9.987170355882846,85.25611653237564,693.1750839960242,111.56311682589168,987.2388594334424,75.43779795435394,11.7391153106823,100.0,0,3.25,2.0
M-03,PRESS,2026-05-11,Morning,64.42,515,98.75,0,RUNNING,299.44487402892645,0.254478362627451,299.79985629789365,309.81405308172157,1.0596130743522514,311.90825379263816,2.595827089072262,0.5207296480565043,3.399503296535743,11.80633861878017,1.0681937532825834,13.903814333307547,56.51243897476219,9.109330417666788,76.0253663645834,731.3476741328944,139.4923435218867,1251.8340820954704,71.9485058339935,14.017633458824147,100.0,0,2.92,3.0
M-03,PRESS,2026-05-11,Night,64.66,517,96.03,0,RUNNING,299.5957999676048,0.1240377409503718,299.8734732033884,309.8613943256051,0.8896889515750422,311.60732449150424,2.672035926110118,0.5697894221421828,3.974208104527434,12.019096318315704,1.241443420384398,14.457851644563492,54.0337581004011,9.449881411130045,74.80328822005988,764.8286361544373,133.63154456778278,1125.1507595116411,68.28186986197856,12.757136207922304,100.0,0,3.58,2.0
M-03,PRESS,2026-05-12,Afternoon,68.11,545,94.31,0,RUNNING,299.4188942620669,0.0648750546239532,299.52692039963733,309.24280393172427,0.9009860177600209,311.04518000682924,2.7690177624802996,0.8166804910353999,4.705560735002274,11.809386037625838,1.0019750373617864,14.041254339457874,54.554411750885606,12.027071459287518,74.32180616432487,775.7575066997716,203.21013256727088,1342.28777416224,69.63241874463556,15.289128415882109,95.62244910792508,0,4.25,2.0
M-03,PRESS,2026-05-12,Morning,62.86,503,93.12,0,RUNNING,299.59650141304286,0.08903215254489452,299.74450356263003,309.80843276687887,0.9431066383110018,312.3389701112872,2.5874332565216247,0.5961715399317155,3.896811409630715,12.18075831941003,1.1180982586590398,14.701091368756988,52.983848881311395,12.452426507004969,83.63654849071588,798.2236457952748,205.30448924387701,1398.0995282058173,65.70546789215204,16.886528648443193,100.0,0,3.92,2.0
M-03,PRESS,2026-05-12,Night,63.07,505,91.69,0,RUNNING,299.3846890672122,0.08979472713852406,299.5624577291564,309.67707234755346,1.0220391941869635,311.8983728345898,2.714978373691946,0.5384058717438147,3.855107838193997,12.026381805938717,1.231792358200655,14.585991787507322,55.22721555128789,12.115186689803762,79.44334844899194,769.7210689879676,217.0944416052905,1519.8010733867068,70.8000397876134,16.32248484319443,100.0,0,4.58,2.0
M-03,PRESS,2026-05-13,Afternoon,68.2,546,98.02,0,RUNNING,300.2170039231711,0.23843359560645375,300.5376154799064,310.22575699219607,0.8063590747719294,311.76034238764043,2.7165047572341385,0.674940508524773,4.1624616270000425,12.12578456840652,1.0749253999378234,15.57804285619784,53.64896587076279,11.741600685676149,77.04231440520627,795.7601354807722,244.5656525192454,1707.9454668497456,67.65377791842964,15.535598319810859,95.57529439771434,0,5.25,1.0
M-03,PRESS,2026-05-13,Morning,63.75,510,93.35,0,RUNNING,299.7066973572261,0.18785770143806546,299.9609660762315,309.63894639256347,0.933047529398661,311.02643771389324,2.7333007056154397,0.57911402098157,3.6842177874819138,11.956871976445553,1.1222813402812395,14.574016182731429,58.308768077359645,16.852452438304425,92.90825545771352,743.173269777082,206.60119885874178,1242.2483219937026,71.83456616744019,19.119315077202742,100.0,0,4.92,2.0
M-03,PRESS,2026-05-13,Night,63.66,509,100.0,0,RUNNING,300.59640244421996,0.12963684890707772,300.82661034939406,310.92546383338475,1.0103205589449422,313.54114868917753,2.640211624884693,0.6245666431350174,4.209325173498129,12.261255158235759,1.229364373196849,14.742280555172062,56.41922436802704,13.270033493083643,79.69001823133017,759.0328419244493,245.37929225234956,1703.6008272949043,70.52553771858724,18.04345809473302,100.0,0,5.58,1.0
M-03,PRESS,2026-05-14,Afternoon,60.13,481,100.0,0,RUNNING,300.67226489709566,0.07044112089245687,300.78836135759485,310.70633935262265,0.867632461285317,312.8430753177362,2.5965343297351318,0.5317845262464782,3.922881001473171,12.12857992706299,1.0202476463456465,14.68187814389132,51.774219583549254,13.175312382835603,78.83340299628836,828.6801283918146,217.04918577889984,1297.1621830556774,63.80671992785522,18.046424214860966,100.0,0,6.25,1.0
M-03,PRESS,2026-05-14,Morning,66.91,535,95.35,0,RUNNING,300.4974989203458,0.08421194338104923,300.65209696988006,310.59586888519834,0.966620417870538,313.4188508125808,2.606324523841684,0.5624410587136155,3.431914461625759,12.183927229228493,1.14217212482372,14.529615518744084,54.75942120057544,12.767343233363762,78.60497134899775,799.7793589347059,353.0532568765935,2568.806823031803,68.95704797601186,16.500688507148933,98.9977254631358,0,5.92,1.0
M-03,PRESS,2026-05-14,Night,62.29,498,92.71,0,RUNNING,300.5327225545194,0.07009441942181956,300.7088100179432,310.4867549194527,0.9656740093069257,311.95016621312783,2.7416693435915453,0.5921344545822943,3.7277028529527314,12.444931423835945,1.147069720987579,15.524904535438164,55.945953931711784,9.562291061493973,84.96000239981804,728.8290151176005,110.30129716718689,914.6373526199726,71.87527769519382,10.974784475029486,100.0,0,6.58,1.0
M-03,PRESS,2026-05-15,Afternoon,67.7,542,97.13,0,RUNNING,300.69479299933965,0.10330111598274513,300.94524561854644,310.5666969241733,0.9607622630157822,312.5172266823868,2.5678674591521435,0.5519232410510937,3.71616378893773,12.185924454913101,1.3054776417918015,14.836844119785766,54.97022022275187,12.1543940105309,81.4541842568229,773.5944493378688,183.112168103026,1238.7078756101212,68.69211690995999,16.841170858017506,100.0,0,7.25,0.0
M-03,PRESS,2026-05-15,Morning,66.99,536,100.0,0,RUNNING,300.5908530879414,0.08941149173621125,300.71661287061545,310.63652481243395,1.0169407065430631,312.65234146491616,2.6507419222935016,0.4682254617221393,3.624128997831419,12.054693068931323,1.2444871166441303,14.368184197896031,55.99650793872988,12.46367385540172,89.93367319927677,751.5064495110965,189.16810355064635,1421.6265896667978,70.42441873570996,15.74938548444648,100.0,0,6.92,1.0
M-03,PRESS,2026-05-15,Night,66.16,529,97.71,0,RUNNING,301.1438297196142,0.07188066647798635,301.2749350338614,311.19062446724166,1.3126872569428278,314.24678905252966,2.5324585219756854,0.651909922920435,3.72462056141528,12.00033498284301,1.1816982409642924,14.099496578102713,56.85567595987127,13.902727732894203,88.13240905024759,752.0527474995476,190.510102239669,1180.616737476242,71.3296437757548,17.945860594960337,100.0,0,7.58,0.0
M-03,PRESS,2026-05-16,Afternoon,65.2,522,95.87,0,RUNNING,301.53002272526714,0.10531109983800592,301.6973105007161,311.5778782530308,0.9583856496970808,313.67840011054216,2.7481832351530406,0.6208593506074671,4.401280895199326,12.086429100448083,1.0207715368441306,14.2014556475922,58.814725827059135,13.24367630828574,85.9271004333967,726.657414224193,178.4686814459703,1124.3519518354017,75.24808420050836,17.002896080044767,100.0,0,8.25,0.0
M-03,PRESS,2026-05-16,Morning,66.48,532,96.56,0,RUNNING,301.4369479685673,0.1560971403840166,301.6508842161478,311.3036444007786,1.2311295187577098,313.5703340643992,2.5242272394008123,0.6335439521812581,4.227440698851454,12.212186974658387,1.023690296725558,14.34682517567184,53.51243314388802,11.447124503316875,74.83155944057474,784.2442738578216,178.05937691086396,1228.0151075287165,68.53596771864262,15.444619358219418,95.39543274036603,0,7.92,0.0
M-03,PRESS,2026-05-16,Night,63.53,508,95.44,0,RUNNING,301.81913898305373,0.09948792598015015,301.95935732983827,311.9987740846887,0.9084609991966561,313.85598944646125,2.7000481320675727,0.7580669627693409,4.12646439194278,12.14297923780208,1.2193637476649164,15.363981026459596,53.995685466724716,12.757984126963812,84.51630829952998,791.4604936126433,209.04574839278052,1419.5703174890664,69.94493070589006,15.029589142010462,100.0,0,8.58,0.0
M-03,PRESS,2026-05-17,Afternoon,63.07,505,93.79,0,RUNNING,301.4818743646363,0.08158997973272882,301.6194386449006,311.40308910790145,0.951223089929101,313.6533065561049,2.7761228840640153,0.5861712955048963,3.766458755493512,12.168954672229082,1.435610883160227,14.922383928586193,53.47691522639989,11.093155424922381,75.24804380276859,804.8792766206293,305.2511212102715,2309.739774002029,68.68247308117148,15.123030753437309,95.64256435267956,0,9.25,0.0
M-03,PRESS,2026-05-17,Morning,61.7,494,95.8,0,RUNNING,301.6156455066282,0.10889811385964679,301.82136513826,311.66775450933335,1.1111248855162743,313.8065924247408,2.383922470721675,0.6393077794305616,3.558353278475592,12.432672582629273,1.1112743454858438,14.95431246154994,56.549831572052845,11.547236565330858,84.58894783192059,739.8322971559083,159.66523020806173,1199.677090484388,73.56794569283423,14.485313948860034,100.0,0,8.92,0.0
M-03,PRESS,2026-05-17,Night,65.35,523,98.78,0,RUNNING,301.6014739090527,0.17204334969456103,301.87749694812186,311.63302606402516,1.0107229369142603,314.09899035830915,2.6244654661446782,0.5081617552591143,3.7183668934350935,12.03750995892052,1.0648384194434148,14.310821979636732,52.48890896234171,11.068312536089374,78.58915480682724,803.4644287439078,204.9148628503,1543.6850950513538,67.58687361649889,15.962063249952056,100.0,0,9.58,0.0
M-03,PRESS,2026-05-18,Afternoon,63.07,505,97.88,0,RUNNING,301.4725200125155,0.05077218587176656,301.55053779065105,311.3972491949588,0.9863121908978248,313.3219927951358,2.506634775554009,0.47039227194877553,3.562990809604396,11.825514356400815,1.2738626035673803,14.160688088907785,55.58527223746163,12.655734551587301,83.4860226185983,757.5593002613093,172.93301631479324,1119.4381716365804,69.19203031999001,16.82410279038811,100.0,0,10.25,0.0
M-03,PRESS,2026-05-18,Morning,66.79,534,92.86,0,RUNNING,301.6004170546373,0.1437565527090986,301.79659371955296,311.44585549581694,1.0631885550276166,314.4314905001742,2.479316682522963,0.6346959194777418,3.7538405282577,12.118638557450241,1.0135212980291637,14.126804931264536,55.595069185402,11.573449577962288,79.15449840748659,758.5011294736822,205.0097452947458,1563.0078435585406,69.18955071701089,15.150300504828774,100.0,0,9.92,0.0
M-03,PRESS,2026-05-18,Night,63.08,505,95.55,0,RUNNING,301.7351069230047,0.09548193451451517,301.88240500549824,311.51367948918704,1.0528335172679268,313.8649070487445,2.499306836472513,0.5523017849815582,3.735182495990894,11.797538904109434,1.3822924657612436,14.917730450197038,51.92830645074877,9.5561710770028,67.98102776975654,802.4591518181712,164.76187598519894,1226.95381550099,65.75207782638914,12.107075503347565,89.60740853204011,0,10.58,0.0
M-03,PRESS,2026-05-19,Afternoon,65.21,522,93.33,0,RUNNING,301.58374941690255,0.08744690693627244,301.7980364259456,311.5215253553551,0.9950943183812748,313.0316930027358,2.498573255785508,0.6001840581285249,3.5242673730098355,12.078405110032055,1.1513693591064336,14.748581548601576,56.434070508928706,10.486365726444243,77.11425613811885,730.6961440715982,164.9390498511039,1240.71146757244,70.87946130368499,14.41504341802679,99.7955641792684,0,11.25,0.0
M-03,PRESS,2026-05-19,Morning,66.07,529,94.06,0,RUNNING,301.66343354878165,0.13080550523172774,301.87742472717645,311.6495037091237,1.1017514655880427,314.6269863395688,2.526426671893673,0.6349728377785748,4.201454599473683,11.904892945074458,1.2268670415143101,14.46449482488863,53.292657551406705,14.150393993730708,83.71983375106927,816.40745572033,293.77009473961385,2055.950024342526,67.81747579832977,18.397306474156988,100.0,0,10.92,0.0
M-03,PRESS,2026-05-19,Night,63.83,511,96.64,0,RUNNING,301.4915824992668,0.10158732273063058,301.6373299190112,311.34085747538984,0.8321997516509972,312.57437690156246,2.6177727983994497,0.5681219465377436,4.078541023076857,11.924935936796937,1.3518083440540607,14.652107379898696,56.61535345072538,10.72351035814161,82.85878832909785,735.5117895736394,126.95326550790791,1049.7558908346707,71.09739734955843,14.252719374786153,100.0,0,11.58,0.0
M-03,PRESS,2026-05-20,Afternoon,64.96,520,97.1,0,RUNNING,302.1344188184103,0.07143659496409908,302.27493049434366,312.07515379346324,0.9419424608223524,314.2696381146155,2.5287203821116973,0.5487546799811465,3.482818698896234,11.91698924485298,0.9991737354348073,13.961590062030014,54.811253290400295,13.77476021337718,81.82503906628925,791.0951259541882,252.6698595554551,1615.1447055778465,68.59834720855385,19.445328699757933,100.0,0,12.25,0.0
M-03,PRESS,2026-05-20,Morning,61.89,495,96.88,0,RUNNING,301.7418453070382,0.16090017939923731,302.0624738406592,311.8842556616546,0.9525279963936544,314.1571338914374,2.582252924334878,0.6335242623701781,3.990951027402629,12.15965420567029,1.1575795432342453,14.455141762840624,50.01856292770203,13.423946755133077,79.52543071213614,892.9412599755277,361.1014884864727,2529.424275537287,63.57210328888585,18.30722630867685,100.0,0,11.92,0.0
M-03,PRESS,2026-05-20,Night,65.44,523,98.73,0,RUNNING,302.00996340988587,0.10383411154486127,302.197986293798,311.9666281096094,1.1173707388887504,314.3718688976617,2.640122444448688,0.6205401860280029,4.308850129650983,12.171343818357759,1.3522484579025387,15.013567096812032,54.646989228023244,11.261714496983279,71.47598935629537,771.7652459364471,194.2894734143557,1338.6607440585656,69.79455256611446,14.620428324112675,94.67157148518932,0,12.58,0.0
M-03,PRESS,2026-05-21,Afternoon,65.24,522,97.09,0,RUNNING,301.79811548917445,0.08239657712244433,301.9696264484204,312.132365697472,1.229169541611497,314.7511987301555,2.5238294019021703,0.7131269902266586,3.782215832774993,11.992579956947035,1.2204479165083633,13.893640001934008,53.206007127773205,12.796046599366768,80.62423261502738,795.5756735389017,191.98032305159123,1338.9175811889509,67.31889698946942,17.197834452391792,100.0,0,13.25,0.0
M-03,PRESS,2026-05-21,Morning,65.24,522,95.14,0,RUNNING,301.95885887662683,0.1104198727972508,302.1242922324235,311.9080301967376,1.132189644193728,314.2526289663354,2.768019908691147,0.5622218921172882,3.741539648098184,12.061654723719656,1.5930676625357512,14.90336156389123,54.57001272981817,11.582247043883559,87.13298639671893,767.8811743862361,179.53403126518083,1464.3897672159117,70.00555980301613,14.43592121647198,100.0,0,12.92,0.0
M-03,PRESS,2026-05-21,Night,65.1,521,96.08,0,RUNNING,302.039918944851,0.19436109458653086,302.3763230162149,312.2122169125809,1.1178697055230649,314.4612872491149,2.646555381439544,0.5658821182952892,3.776872201139165,12.53112417543201,1.0904428486577298,14.23180503726112,54.78804087673628,12.928681789098231,81.94148180261482,784.8567411213468,255.3548058296905,1736.4591411897584,70.50035239060752,15.915553503364407,100.0,0,13.58,0.0
M-03,PRESS,2026-05-22,Afternoon,62.26,498,99.5,0,RUNNING,302.3624515522845,0.13628251745874884,302.64260329463417,312.2663451839094,1.1267099459137904,315.18836399060484,2.5899745040239317,0.6658279709728611,3.782208705490692,12.24511633223869,1.142842850615978,14.442993853667064,54.679548104906104,13.417705525263413,80.08729818944448,805.8573382260837,342.7427406007238,2454.022185736697,69.16431939746812,17.31842978622067,100.0,0,14.25,0.0
M-03,PRESS,2026-05-22,Morning,63.63,509,94.67,0,RUNNING,302.32266473652953,0.14589220554248797,302.5538480332254,312.1763498872823,1.096863761954053,314.2217406509416,2.630791585565758,0.42502885394338963,3.4012628553115687,12.191263466596627,1.105023462802517,14.29922156027968,55.623324442374276,11.316169795927946,77.99672303120683,755.5483364993622,168.20261099547,1195.8460947775077,71.09210463652582,16.14422861736187,100.0,0,13.92,0.0
M-03,PRESS,2026-05-22,Night,62.57,501,94.61,0,RUNNING,302.39101959650094,0.17775358611837977,302.61280792674694,312.2679107991818,1.014139549500254,313.9744712566924,2.7486610121031783,0.5693809813120314,4.003254125969694,12.12370068844694,1.2456880647241315,14.776535923639084,53.43056260887385,11.169254034490077,74.945464468714,797.5625828767078,212.23718130820757,1412.645123702721,68.82885510738994,14.219974391308108,100.0,0,14.58,0.0
M-03,PRESS,2026-05-23,Afternoon,64.42,515,98.5,0,RUNNING,302.3484902681152,0.06727249718358248,302.50489552657484,312.1513253681468,0.7410258301162699,313.92784282000304,2.481071433178093,0.5370274688550531,3.402273990148636,11.967691526559252,1.0847110128521873,13.845889088525375,55.57551276098962,12.37878920763307,87.71266507995819,761.462458271849,198.0725030748302,1272.9396048069557,68.92359616886452,16.184570833965694,100.0,0,15.25,0.0
M-03,PRESS,2026-05-23,Morning,63.6,509,97.79,0,RUNNING,302.2152780054383,0.15333354046545603,302.4796114036832,312.13201816559564,0.9046063534651896,313.7696095793727,2.818661998900747,0.49193187598969806,3.950198048825974,11.800872052114714,1.5371043909570976,14.87475171262879,54.47650439478167,9.594444736199074,72.69417686972875,760.8887633136331,156.69523791231023,1226.769987729421,68.80957110049886,14.561253784373438,98.6826048790619,0,14.92,0.0
M-03,PRESS,2026-05-23,Night,63.69,509,96.56,0,RUNNING,302.26447657345966,0.07534753255843081,302.4629613529957,312.34413255239485,1.352568197544535,314.5482442352807,2.6611996732316174,0.6100348438050756,4.137284423848413,11.753340178333914,1.1746387389284545,14.060429000571672,54.132462807792315,13.528759168103441,74.89962334218694,834.767656142295,298.9143077370477,1850.0369379900255,66.45471579136048,18.351838916286162,92.23709090220378,0,15.58,0.0
M-03,PRESS,2026-05-24,Afternoon,58.77,470,92.87,0,RUNNING,303.4392785136913,0.18046601336465523,303.79225987704115,313.36676210722834,0.9004892778269684,314.8611724977637,3.233654256507161,0.5202372155452292,4.16341985839421,12.1517022592743,0.9883266735633663,13.89883038237911,56.02581548123101,10.792134528528539,71.97291197936242,743.7954508327817,168.61164776461112,1154.438157669796,70.75653259215531,14.855879570968506,96.9488313499467,0,16.25,0.0
M-03,PRESS,2026-05-24,Morning,59.41,475,96.54,0,RUNNING,302.85098831591506,0.17255484404921853,303.1300465611796,312.95376740895875,0.9911314605363868,314.6735157944221,3.060803048665182,0.6460901296248838,4.115202263174152,12.502429188438265,1.2085521811640059,14.644970809394689,53.072024304735436,13.79019940563276,76.47788419323166,832.7195614902723,336.7593674963588,2210.079659305319,67.97890481162815,19.67573753933328,100.0,0,15.92,0.0
M-03,PRESS,2026-05-24,Night,62.1,497,93.08,0,RUNNING,304.24317342069656,0.23994949083379125,304.4977400649691,314.22276663198215,0.9755073697645709,316.05532101973995,3.675110282026562,0.6449974006916094,4.8115552484575685,12.284341923011475,1.3123840313903772,14.198346619524838,59.62024320635325,10.663548759697658,87.15891936090698,693.6749436190192,130.12131800776913,998.878741132506,74.336595187574,13.275206167839027,99.35914203700072,0,16.58,0.0
M-03,PRESS,2026-05-25,Afternoon,56.95,456,88.21,0,RUNNING,305.0029538591052,0.09369277996308924,305.201728138098,314.57579678941863,0.9520001416416689,316.4818800205195,4.236185375452384,0.5922927472963743,5.380233064803565,12.382645623574197,1.143659726403436,14.86730490445972,56.14528114849305,11.772860781185633,80.73491676060797,740.0575308364897,160.01215275933816,1061.3675397164748,71.33515090313965,15.600602005241958,100.0,0,17.25,0.0
M-03,PRESS,2026-05-25,Morning,56.56,452,88.24,0,RUNNING,304.5802301072346,0.1850728338380285,305.01625690396673,314.5912862357025,0.5894905217890797,316.03280218977574,3.782641391188689,0.7007755002862748,5.160259675644597,12.484555588344596,1.1678455640154084,15.770567707522716,56.85286903283719,12.979782867946795,84.38194571893878,755.0906289446158,210.44703507963453,1429.2215275733429,73.45239231595968,17.550070049036307,100.0,0,16.92,0.0
M-03,PRESS,2026-05-25,Night,58.52,468,92.92,0,RUNNING,305.43979688359934,0.16000756698670285,305.699647146986,315.53839642394496,1.121947646775901,317.68358166491805,4.158976953876345,0.5338552826161294,5.399311844870367,12.769074500444022,1.2243006796372093,15.379518039579024,52.61915529279465,12.739931124246723,83.04069536140696,808.4626469952286,224.80918909243758,1524.579487908593,66.72233669858065,16.594911063726965,100.0,0,17.58,0.0
M-03,PRESS,2026-05-26,Afternoon,52.67,421,89.91,0,RUNNING,305.6777283191138,0.08553390194350463,305.86303871287,315.46485209834015,0.972690925295174,317.5914416760097,5.112855068378537,0.7087746497686449,6.536732773369808,12.991445840487923,1.1621214477440323,15.060608120345927,52.34511367928616,13.137329108889336,77.63079194326966,820.4678707182551,236.9933468635409,1401.5684735446275,67.57210628083044,15.440037037666007,98.55056282600708,0,18.25,0.0
M-03,PRESS,2026-05-26,Morning,51.93,415,82.01,0,RUNNING,305.55367369526056,0.08918749601167944,305.7062423294953,315.3218405372387,0.9492162749253914,317.12591002945493,4.8558129720901,0.5506308387106293,5.845658679374999,12.754763771790058,1.3589609457299137,15.467589401313573,56.35952806599924,10.806582949707588,77.84391656786546,736.8146854198576,156.04432222023073,1144.9313360560514,71.17968736613898,13.647302754190306,100.0,0,17.92,0.0
M-03,PRESS,2026-05-26,Night,51.54,412,88.03,0,RUNNING,306.16639685896797,0.21243287436006417,306.48503790908234,316.0532151338667,1.093941337059878,318.5945340480268,5.094528321038538,0.4593420706948882,5.806991779817983,12.982618129132856,1.2109242414079717,15.321924126966527,54.330559568162826,12.189166603225573,79.25181686944227,783.5132558701306,196.07210602982548,1377.3827235793533,69.05447985445899,17.066007344782697,100.0,0,18.58,0.0
M-03,PRESS,2026-05-27,Afternoon,66.11,0,99.26,480,DOWN,307.2779113200341,0.11722794719486279,307.4829387144293,317.1204033996997,0.9456837554958493,319.3909607328076,5.817918429204587,0.4749030542127382,6.579944940196669,13.600587685308794,1.2813716983161336,15.98310526572778,54.673246589328116,12.990186986158157,73.9233701491367,785.1326056038142,216.96097473471366,1323.769229539862,70.3144813750287,17.59242295767854,100.0,0,0.25,1.0
M-03,PRESS,2026-05-27,Morning,68.27,0,94.89,480,DOWN,306.74209007281286,0.13769522225754688,307.0268272115409,316.8273601129314,0.9896267353671129,319.5533484028748,5.404448284695823,0.6358836518744155,6.834572138267751,13.341332120879912,1.1189363167206317,16.246997111193497,56.081137643120805,11.582354527863705,83.8808750817357,746.7373365835153,150.83509246036806,1088.9212226754858,71.47511619548729,14.315565605009311,100.0,0,18.92,0.0
M-03,PRESS,2026-05-27,Night,64.26,0,95.59,480,DOWN,307.48465678181816,0.08377478557494786,307.5604814047962,318.0380265739586,1.218172283576501,319.8541225627028,6.439241050291794,0.6559161971007536,7.116870429488994,12.491917132737095,1.92393810606828,15.759566586159398,57.42553882875497,13.11584093671374,76.70066294953266,757.5165700721782,192.22644336519258,1133.7413932870954,71.48500330767186,17.572778937499077,90.96142314768096,1,0.58,1.0
M-03,PRESS,2026-05-28,Afternoon,63.73,510,93.55,0,RUNNING,303.45489682254805,0.14322260633943104,303.63175984723654,313.5600682670875,1.0318644216121124,316.5464567561926,2.582986371317528,0.6493974031563132,3.808355767899712,11.885143628081,1.2961025288752182,13.869732977263716,55.381605475332464,13.284806715392765,74.19729932730868,769.9643278197558,248.46589271299817,1774.61551865122,70.7644188569797,16.591735087999446,93.4891989375304,0,1.25,1.0
M-03,PRESS,2026-05-28,Morning,63.87,511,93.97,0,RUNNING,302.97627783243706,0.046465529588052036,303.07661438274664,312.7199548934191,0.8586225216765236,313.3231405744522,2.8223937723079464,0.6540895309262957,3.212010775702833,11.47108700440335,0.7873667882742749,13.341563461030324,52.38783109027116,7.901670872118195,67.51718286106279,797.51236510816,111.33918787601976,875.1825945590432,74.26279328207245,4.424592188469281,84.25513792217323,0,0.92,1.0
M-03,PRESS,2026-05-28,Night,65.07,521,94.46,0,RUNNING,303.38234649809425,0.07703052912670852,303.5324950391769,313.436593851798,0.9396166387486637,315.5903967259435,2.489508898344094,0.6719070802768101,3.943557453633328,11.964843143984774,1.0339160109591015,13.73617538496118,53.50656320623834,12.018097768289135,79.71588186448251,783.230841888895,184.55669628673226,1360.6198518205722,68.76527645616765,16.200528264790123,100.0,0,1.58,1.0
M-03,PRESS,2026-05-29,Afternoon,65.65,525,95.78,0,RUNNING,303.56819378521516,0.08782723653100191,303.7023014784092,313.7117349383161,1.0933315044414331,316.7079164450418,2.5521077728178545,0.8124564586021121,3.789553182251408,12.07455507591111,1.0927361025522841,14.561231423731922,59.059319359547644,8.206419928216604,77.54187447178526,693.4349833682863,100.00669232446174,928.9024266192704,77.13769209508075,11.950962245177918,100.0,0,2.25,1.0
M-03,PRESS,2026-05-29,Morning,65.46,524,92.89,0,RUNNING,303.4045288076724,0.0878251239878307,303.612001613317,313.2543636862362,1.1495682864873011,315.9175572717168,2.4191153719536254,0.7037674178566177,3.782407677748714,12.011613959387702,1.1776809892073548,13.785730368852104,54.00747176493662,10.242165774906232,69.67450887863703,781.8887408015435,179.75053731921204,1329.908268798889,67.39684396579698,14.49909658585175,91.79272248835348,0,1.92,1.0
M-03,PRESS,2026-05-29,Night,61.11,489,96.75,0,RUNNING,303.5570266298417,0.10726933001094688,303.7425738494731,313.6707939444012,1.0567208472638143,315.32866994413223,2.453050449555725,0.5580378589652305,3.352818184242305,12.137880080778553,1.2226727248382991,15.906183836821334,53.40647111886881,13.643599661338174,83.57765289995187,810.3991157679574,223.08352166140804,1345.5895068650102,66.35851522320712,17.614353019760994,100.0,0,2.58,1.0
M-03,PRESS,2026-05-30,Afternoon,68.26,546,96.84,0,RUNNING,303.7165444315252,0.09741297976206191,303.8665034217049,314.00123611159574,0.9159503980681399,315.65977362738727,2.550307408873937,0.6663051302035571,4.180708005440994,11.96262925986118,1.4563761489531293,15.365635835286785,57.397246999947455,11.636880218433124,90.24853002957056,725.7000704300817,161.12449489974546,1210.705649448808,74.0610210267081,14.34898147832453,100.0,0,3.25,1.0
M-03,PRESS,2026-05-30,Morning,67.39,539,93.58,0,RUNNING,303.75500779443723,0.06045645120877762,303.8719354753574,313.5754291653954,0.959090538673948,315.4713979148481,2.5210637338787767,0.8148808327861004,4.2736456599221615,11.858681685756375,1.050338797214526,13.267090022626537,55.01562090324004,9.856940946528574,71.41972626339637,759.6703351905443,165.26200078447022,1186.376682851718,70.07996692994452,14.524257603944662,97.30109925200765,0,2.92,1.0
M-03,PRESS,2026-05-30,Night,63.63,509,95.89,0,RUNNING,304.1662212550788,0.3530769074556347,304.721667421255,314.10359687765043,1.1107926846256397,315.95863756210497,2.6393247487699827,0.497692122888251,3.811661490723695,12.176003573398935,1.118702294877135,13.834987167524863,52.06593925891803,10.127960758745774,79.56831242290988,800.0118050129423,156.55253822152952,1226.8840592530366,66.85388406507138,13.015609743071746,95.43471725236108,0,3.58,1.0
M-03,PRESS,2026-05-31,Afternoon,66.05,528,94.16,0,RUNNING,304.81774694336826,0.09022586762038995,305.02392519643706,314.70819511403204,0.7814700237808035,316.96255958165835,2.6320899881658724,0.5493972072908079,3.890785610702747,12.032223895266473,1.21174515198331,14.730432839662848,58.07784037873434,11.44103787557898,77.93012179705804,719.0080485802471,154.75587085559766,1157.7070324201034,75.44881922125366,13.388993772145554,99.49471326079404,0,4.25,1.0
M-03,PRESS,2026-05-31,Morning,66.09,529,96.15,0,RUNNING,304.74956159347204,0.08889400897914994,304.8776061080905,314.89100899451034,0.924766321172408,316.702374101159,2.6143804303079445,0.5213899945210839,3.823422531665552,12.214204579471529,1.0056416146009863,15.232533248952226,56.57936782383411,11.193195237449402,78.51723443464465,737.750230340321,182.10887138294697,1457.08134743691,72.7753867455519,15.237603787868501,100.0,0,3.92,1.0
M-03,PRESS,2026-05-31,Night,65.33,523,93.17,0,RUNNING,304.683191074335,0.05756530265869198,304.8229650759293,314.46055761768076,0.8424130989065137,316.72232599377406,2.452002321973234,0.6007158818984554,3.535603163381116,12.021041092547287,1.016995949627221,14.068062439702343,55.77649292699422,12.131844707250153,92.16975866931637,750.534869746336,179.0691714075195,1401.3357369552386,71.43890185557473,12.813266772976782,100.0,0,4.58,1.0
M-03,PRESS,2026-06-01,Afternoon,63.57,509,98.47,0,RUNNING,304.6515420838636,0.10230201518013775,304.8276170258616,314.6003219544173,1.1109661602617145,317.3282354565613,2.6679011857118566,0.6536193771655542,4.245944653052087,11.833076042871292,1.3315036508177873,14.865439674610474,52.360247126204,11.619548062365551,75.5149262981363,804.9260517067779,191.73491463513113,1446.4881015043422,65.96953343285502,14.852728684068445,100.0,0,5.25,1.0
M-03,PRESS,2026-06-01,Morning,64.78,518,94.19,0,RUNNING,304.72929410240585,0.0689003300918331,304.8370657866138,314.71253153992427,1.0629206440985965,317.05809457209386,2.5671664151899036,0.657387819138263,4.244325302988646,12.131371714515929,1.0802412395705954,14.773411459131427,54.23435863612261,13.135809702194383,75.5464537633544,813.9601689026892,389.53365979033094,2720.5023475385483,68.49522348146914,16.26113329696954,95.86783281705664,0,4.92,1.0
M-03,PRESS,2026-06-01,Night,67.13,537,97.22,0,RUNNING,304.6667809659923,0.10661826715920224,304.87463037444024,314.93036910803096,1.146749077668856,317.020704125566,2.65823020921875,0.7141764072616725,4.438562941178059,12.013666185846557,1.3056733492423251,14.735631225447744,55.144760100695834,10.93964424861681,77.87691710546136,757.0996110571913,179.5394878804051,1233.620498019215,70.45544630868078,15.973126644994267,100.0,0,5.58,1.0
M-03,PRESS,2026-06-02,Afternoon,67.37,539,96.28,0,RUNNING,304.6557906920992,0.0755409334825091,304.8120369591618,314.7873298332706,1.135858784697353,316.9386523962436,2.706157747068873,0.7293794174078255,4.59708507484188,12.095779414150376,1.0882176005085518,14.073235900624958,53.538861957527644,12.805488353798493,85.92900480288273,788.7940657252803,225.8387341294518,1580.4613980981824,68.17168992625284,16.380771811062278,100.0,0,6.25,1.0
M-03,PRESS,2026-06-02,Morning,62.87,503,95.37,0,RUNNING,304.71336058797135,0.19425107207761266,304.9971089823219,314.5906383283249,1.0541896393875414,316.2900504135538,2.722914288876918,0.7922728545561616,4.657091981430285,11.635268686514323,1.1416119137115206,14.004644803207777,55.33698138471662,11.195147921195012,83.90595339949331,756.9020415815836,153.1308970641338,1081.4420096341248,70.50182001252936,14.37773648514079,100.0,0,5.92,1.0
M-03,PRESS,2026-06-02,Night,69.52,556,96.79,0,RUNNING,304.53968298677415,0.1080573647453151,304.749288465667,314.3000247399304,1.1675635940539997,315.8668261458204,2.764065523576507,0.6768348919384215,4.217008225593049,11.589589308294217,1.0437345482016753,13.202023264888494,59.27872872426979,13.24949291953427,77.25639734869591,715.2641601191983,189.90864241318357,1163.8616835735218,74.28958842479757,19.37812459541421,100.0,0,6.58,1.0
M-03,PRESS,2026-06-03,Afternoon,65.26,522,95.7,0,RUNNING,304.6465851126601,0.06950319280505521,304.76912530912733,314.9244593909114,1.092749913078881,317.7764976723583,2.6371318714763397,0.47916740861085283,3.619690638833209,12.019905991993104,1.196202244569599,14.245790741139457,51.813025168136406,9.98022843869731,72.30390763964961,811.8061384326585,207.83145540961442,1626.1930617612436,65.75701099892203,14.091047182911739,100.0,0,7.25,0.0
M-03,PRESS,2026-06-03,Morning,65.37,523,95.38,0,RUNNING,304.50718613156863,0.09925116173762229,304.68628601757854,314.401214793688,0.9902358297602535,315.95852755303224,2.4914241387942893,0.6987408674594732,4.100411620388834,12.174373391393019,1.164481542228418,14.253685053048851,55.26012206415801,10.651971808186168,78.65363097053861,754.8432856135988,153.20922425643184,1256.210477207893,68.54770761064478,15.459088122929977,100.0,0,6.92,1.0
M-03,PRESS,2026-06-03,Night,66.38,531,97.91,0,RUNNING,304.95319841826824,0.1988630490152964,305.2333170340742,314.9810680705587,0.9115530314961641,316.86396936413485,2.677551506808107,0.5780540028803379,3.923092785759632,11.984880961485398,1.190144405685003,14.164530226766772,55.297811647670386,12.435203812783596,78.07659834533698,775.4062335307635,249.20631689079488,1824.9860311572463,70.96255946702249,15.553199146567255,91.20509409970742,0,7.58,0.0
M-03,PRESS,2026-06-04,Afternoon,61.42,491,97.02,0,RUNNING,304.78583320561347,0.10314133172555477,305.02781026987293,314.745265689868,0.9910889432526109,316.425000018482,2.427708441702123,0.5798398211852711,3.772119324696949,12.213978026906005,1.0927570898768533,14.042661030517806,54.252185671507675,9.514015903412801,71.03998863600987,762.1063643123554,136.22827267793372,1004.9761671874178,68.85211036960521,12.477200823636478,92.73818928508834,0,8.25,0.0
M-03,PRESS,2026-06-04,Morning,63.47,508,93.34,0,RUNNING,304.85567232287076,0.11048644691534015,305.0038930519668,314.9540736497398,1.121271605235279,317.57202918694554,2.4654279316555914,0.48338458879753915,3.4723774442013786,12.128321280329725,1.2853706033104548,14.553018667194753,56.07379851216478,14.301075855630208,87.96035977619974,768.9547821094512,226.95407499914768,1642.1112241882354,72.17522427013839,18.798333118735417,100.0,0,7.92,0.0
M-03,PRESS,2026-06-04,Night,62.85,503,91.69,0,RUNNING,305.11413293126674,0.05654215080381845,305.2175140312642,314.8588627544837,0.8479903646090033,317.28116022259536,2.7411378534652115,0.5988431568295021,3.7997545213872495,11.888678652240388,1.1368525450322826,14.15516331420649,55.51274064836019,10.510392430410711,73.6558957127551,751.0796379599727,152.12210739295836,1128.0773003001634,71.365156724921,15.566824788689825,99.47371181925357,0,8.58,0.0
M-03,PRESS,2026-06-05,Afternoon,64.99,520,97.68,0,RUNNING,304.6415194277818,0.08357942046586839,304.799802127392,314.52376138493315,1.0139339745954117,316.9065203414032,2.709957135460171,0.5002214691752325,3.935726960847013,12.10320504821115,1.3037068168390091,14.723370559684826,56.1201909250753,13.232543302051333,85.0302983133136,756.4274400443963,196.78129558835548,1243.723770748842,70.86012766690799,17.687177232051635,100.0,0,0.29,1.0
M-03,PRESS,2026-06-05,Morning,65.76,526,100.0,0,RUNNING,304.9571376395936,0.1312432867311171,305.2339516349544,314.9083807091815,0.9630194059178527,316.68586319687347,2.4884932785441554,0.6599764044008657,3.841214551724192,12.055136127243362,1.0550764063134748,13.862997788382687,57.30708715750754,9.235766598155355,73.83231064428365,715.333263403227,124.01885556424196,1012.9338635446755,73.21608232077833,12.196023888696697,94.20370341197882,0,8.92,0.0
M-03,PRESS,2026-06-05,Night,65.16,521,95.8,0,RUNNING,305.0831952113179,0.0843201852223415,305.22861580643445,314.9954205277521,1.0500757897935165,317.0036544361127,2.7297200302887834,0.6065001207055633,3.844702930551105,11.935438417178057,0.8446009734130077,14.143626296732618,56.25733179977167,12.001323924698557,83.93579251400011,750.579585440365,193.18653829516657,1504.995143049019,72.10206368982719,15.034888937435227,100.0,0,0.62,1.0
M-03,PRESS,2026-06-06,Afternoon,65.52,524,96.64,0,RUNNING,305.15065765671676,0.05504195762064682,305.2350224290164,315.2772466262433,1.124612018788157,317.14237427077694,2.4687231810297874,0.666333541459644,3.808852935613155,11.71499382862602,1.0396898087644408,13.815722009418383,55.56841067999447,9.516299158544689,71.53444301851606,746.6646669406832,142.25265291332357,1064.2596480891066,71.26069642502948,13.33234267025362,100.0,0,1.29,1.0
M-03,PRESS,2026-06-06,Morning,66.79,534,95.42,0,RUNNING,305.1042323805249,0.06251909846573825,305.19967203730755,315.24681820931534,0.9826300628977243,317.10352555505494,2.6694071500109198,0.576469727859739,4.107828538308337,11.608367289742507,1.190653595069561,13.611284290047635,50.55021628967236,14.242710523147492,92.90362296526712,870.4573260987688,290.0720669398155,1693.768218052746,63.102470118262445,17.483541231456165,100.0,0,0.96,1.0
M-03,PRESS,2026-06-06,Night,63.7,510,97.98,0,RUNNING,305.1524907873804,0.07821071757497927,305.3173620026016,315.30495678072225,1.2573282676563766,318.4906986065543,2.653739042992057,0.5581949885751639,3.8126413677281192,11.996968966746334,0.9524683521641155,13.41860653696701,56.44763290860424,11.913495546331733,78.73370282662599,745.0124899070526,166.938959837281,1140.451362747028,70.01350823010014,15.899219008764442,97.82687227811476,0,1.62,1.0
M-03,PRESS,2026-06-07,Afternoon,66.05,528,94.2,0,RUNNING,304.75502981173065,0.19909348831746873,305.0638436116701,314.8131454264671,1.021805662948749,316.5868786908643,2.5599368567184215,0.621247225327188,3.930232415203264,12.240926361559149,1.326768419571915,15.769469610457897,52.482014209026794,13.717532556892943,80.64775893251726,820.4806696190291,234.36243934706803,1486.074129668098,67.09031742473148,17.540925731794438,100.0,0,2.29,1.0
M-03,PRESS,2026-06-07,Morning,64.66,517,94.49,0,RUNNING,305.1844631259807,0.056948384498439926,305.3134337300277,314.959490064364,0.8357920487697766,316.8371908218502,2.488133921086736,0.669041183000374,4.15102114905974,11.917906294542883,1.2761991020829424,15.370475867385876,56.23268866815118,8.916868486786486,70.94670378854073,733.214966216646,130.78927537584505,1020.6203641746314,70.56226520815272,11.314176739280015,92.9100564724159,0,1.96,1.0
M-03,PRESS,2026-06-07,Night,65.05,520,95.98,0,RUNNING,304.49596732625594,0.11483334778668806,304.79910030227825,314.7619462646726,0.8534436577130967,316.92754956214765,2.4715926051235564,0.5419686262991353,3.758037400100061,11.984318392788207,1.300306998988905,15.034588682099042,57.2544461008782,11.374385019420766,79.22364902989186,732.6652143261997,178.71897778902067,1380.9943091682394,72.95919728180304,15.7092006022817,100.0,0,2.62,1.0
M-03,PRESS,2026-06-08,Afternoon,64.95,520,97.64,0,RUNNING,304.8357759710182,0.11467296194468198,305.00406652763354,315.1491152903306,0.7132441522768967,317.04044972894474,2.5792813577874973,0.6511468724262257,3.865407658485143,11.642700195194505,1.2001817984321574,13.955835860241809,52.06932438801689,11.073644699289577,80.04526164417786,806.2633002593741,195.80771685034122,1495.9931617551565,66.65197256262941,14.739471366840116,97.46057412796904,0,3.29,1.0
M-03,PRESS,2026-06-08,Morning,67.12,537,96.95,0,RUNNING,304.77478263255216,0.16462793636601059,304.95801924028973,315.0096274997727,0.8973204026068016,317.1695108490423,2.655403050415302,0.6173567725407356,3.978063244392358,11.855920946401609,1.1255807999824177,14.31971227159836,52.58894334618856,14.165910223496603,90.78158205087136,800.8456624432055,250.9279900991412,1715.71421889951,66.9972016664026,17.494456893635427,100.0,0,2.96,1.0
M-03,PRESS,2026-06-08,Night,67.71,542,97.12,0,RUNNING,304.7995141108482,0.10259656558687155,304.96440844424603,314.62273419859224,1.0543056579504861,316.66587997296926,2.5757212545512145,0.5565679575226923,3.466466080868322,11.995333309240772,1.1611098817962655,14.257263579639655,54.87147209816976,11.35123569452482,86.49648003194805,761.8614683379435,162.7591840060007,1112.4729755049027,70.3221648993976,16.41372665206889,100.0,0,3.62,1.0
M-03,PRESS,2026-06-09,Afternoon,62.92,503,95.39,0,RUNNING,304.83919549745923,0.1718056547170353,305.18598943613097,314.90472544891946,1.0057586092490551,316.7487167335075,2.5971621798191475,0.7444083980158501,3.8305019689603976,11.836293270896112,1.4210749944903236,14.459562985666215,54.98623147683091,12.426488618658635,80.32752759926936,791.273501165334,223.62545818887617,1542.0554462217465,66.82709894296363,16.80204791790422,100.0,0,4.29,1.0
M-03,PRESS,2026-06-09,Morning,65.02,520,93.38,0,RUNNING,305.0136139931244,0.11458678769300752,305.2071463595937,314.9385443531459,0.9145011181885165,316.83178183459194,2.558703634443745,0.733404910248179,4.227646481648689,11.866928501164683,1.4170128782804552,14.59014219719919,51.1998701436132,11.654333717118275,77.83279332728736,826.8044629410417,188.09723957975902,1307.8576459378976,64.69918939277937,16.18285332211728,100.0,0,3.96,1.0
M-03,PRESS,2026-06-09,Night,63.81,510,95.63,0,RUNNING,304.65258001260946,0.10674542402313875,304.8154304313434,314.9644077106268,0.9306965581189816,317.1710634149236,2.5952739603766783,0.5119159754103798,3.607718575982641,12.176217448083241,1.0922600397096407,14.60086996456952,56.848159693574914,12.131788894933019,89.40140671175449,734.513938189814,137.7361323213649,1009.7448629872572,72.19306742276692,14.28217660291351,100.0,0,4.62,1.0
M-03,PRESS,2026-06-10,Afternoon,64.86,519,96.97,0,RUNNING,305.00918142555867,0.072355618368202,305.1717609095212,315.04201010136944,1.0322325305730815,317.1583588030984,2.59684584848083,0.6550012076791768,3.78549930301392,11.727709602955695,1.0289549791995731,14.642191902226852,56.05010564100866,9.461369493299319,84.04289108058853,737.9808369506381,131.9014332118061,1129.179455066827,70.60642746450374,13.103442268649811,100.0,0,5.29,1.0
M-03,PRESS,2026-06-10,Morning,65.11,521,97.06,0,RUNNING,304.6941559549822,0.18775003292112305,305.00884265591395,314.83935608409524,0.9501267056342925,316.81901113554414,2.4185388241041514,0.6523157084907188,3.78378334163372,11.990873974910226,1.0556874800399367,15.006950810244774,54.751625503355925,10.953334277334823,74.22093570721394,766.170206380463,166.07387075532995,1277.447672583742,70.66347072695399,15.282042555100336,100.0,0,4.96,1.0
M-03,PRESS,2026-06-10,Night,65.13,521,92.05,0,RUNNING,305.0904784155389,0.08884652446872493,305.3011164128083,315.0986984839021,1.2195252729214094,317.8822067343696,2.532136650429853,0.7103332121031044,4.091783918278589,11.93204027475372,1.2585449638582968,14.291458557209952,58.12923482531055,11.751554891164153,80.40984631424189,717.898877867718,163.7921535773536,1188.3098143036443,74.21438482367843,15.836935093722847,100.0,0,5.62,1.0
M-03,PRESS,2026-06-11,Afternoon,62.64,501,97.2,0,RUNNING,304.91802107479793,0.14224527083119598,305.16609263467353,315.0007952965196,1.3444589985001734,318.7162225137923,2.62617275585988,0.6388837744026885,4.085842623327121,12.086762955829355,1.247100545649844,14.73406216707732,52.267968855127776,10.12858439043044,74.0753340682673,801.943728205076,173.0761895676618,1376.8724931363524,67.19807761286167,13.1891247245188,98.80429700650396,0,6.29,1.0
M-03,PRESS,2026-06-11,Morning,63.17,505,95.71,0,RUNNING,305.1371530666632,0.09896402745706226,305.30094530129406,314.683210045094,0.8878903875372874,316.3429283947967,2.781084239935562,0.6384727824207859,4.064752897267027,11.715692132771249,1.3221689831309111,15.28216300235432,55.14738560118082,13.385302608705238,78.9389741283336,776.032472814534,233.4567516889696,1427.1266635760169,70.77922412526058,16.861402313956752,100.0,0,5.96,1.0
M-03,PRESS,2026-06-11,Night,67.98,544,98.44,0,RUNNING,304.75107696269947,0.099786847992835,304.93062834776435,314.67596806097083,1.0822148582321651,317.1818205608114,2.523990805733624,0.5584703512357082,3.4465294147903944,11.850901852504396,1.5152045897999311,14.481951362442242,50.73316987899262,9.548759871417694,71.15530270964754,818.7911196165189,150.99537897827352,1139.5611856872636,65.36388478768889,15.802873351300743,100.0,0,6.62,1.0
M-03,PRESS,2026-06-12,Afternoon,65.29,522,95.33,0,RUNNING,304.09643820402437,0.0975997310930781,304.280821025308,314.1189619903649,0.9458085132105998,316.185853061486,2.5895976919191512,0.6949286419688167,3.7189291946561607,12.059421446463748,1.0343095513846763,14.47997212328594,49.147284873926935,13.815300598506976,79.83023602045719,922.515109921474,436.0963237533821,2884.269661268723,62.75153314559322,20.25748437999677,100.0,0,7.29,0.0
M-03,PRESS,2026-06-12,Morning,64.58,517,98.98,0,RUNNING,304.3392177412426,0.2596573140961575,304.7399586178195,314.15540006323454,0.789081223511254,315.7373131900153,2.675945619073283,0.527038822788274,3.5122675367593805,11.71195071705991,1.2074507383073916,15.194127521588095,57.66698434942369,13.197162202285933,89.67532349312529,731.4107915439045,158.41570580316994,1055.4705722921442,72.80238653689463,16.459543792297204,100.0,0,6.96,1.0
M-03,PRESS,2026-06-12,Night,63.8,510,95.4,0,RUNNING,303.900276408699,0.10308758458644164,304.12024911358884,313.89728928656376,0.868260085887278,315.5609233423141,2.735509409771755,0.4575860349761485,3.800682441710153,12.09799175201667,1.2629905184261199,14.506253579555546,55.19571522906329,10.994922034638055,76.00704675060703,754.8070166977619,164.29033812860024,1123.9273880719338,69.59370123544943,14.314550069495033,100.0,0,7.62,0.0
M-03,PRESS,2026-06-13,Afternoon,65.31,523,96.01,0,RUNNING,302.88038038650666,0.12229844416323497,303.1419495690076,312.937377035501,0.9558213669951403,314.4958145274008,2.479317010492432,0.5036145701732379,3.288609685139693,12.26457230821777,1.3435099995633435,14.324941586495957,55.31851627389238,13.69445152260536,77.84432219941527,788.7714205035345,311.7470269148841,2239.651426998213,70.74841162955052,16.88116027059558,100.0,0,8.29,0.0
M-03,PRESS,2026-06-13,Morning,64.24,514,96.34,0,RUNNING,303.52781833776913,0.2685368317169793,303.98756404322586,313.6727096144038,1.4239120735957422,316.0388439911362,2.53027366425803,0.6180463867996752,3.914191111521778,12.378505902402715,0.8868330799626788,14.511379522814703,52.64751881240696,11.763015307056639,75.78401615966033,801.7845579178975,201.23411678199335,1436.7918396574748,64.87528824493383,16.27342142785494,100.0,0,7.96,0.0
M-03,PRESS,2026-06-13,Night,65.85,527,98.38,0,RUNNING,302.8275448981353,0.07633685472974372,302.9936294629811,313.0797465920253,0.7970199507133723,314.3564256513702,2.5925414957363864,0.6780884603397132,3.7856311541895376,11.80603156080338,1.1156162267779788,13.6069751865985,54.71473007772085,13.29429170520672,92.03894648106892,781.851466383527,211.47694016593363,1280.0513899251391,69.42519711968033,16.275548209877012,100.0,0,8.62,0.0
M-03,PRESS,2026-06-14,Afternoon,60.02,480,97.87,0,RUNNING,303.37613309480815,0.08917494317643361,303.56519155654627,313.43053707592696,1.0820791546139674,316.5731206238368,2.5742045471916133,0.6009439885060367,3.7300006515254314,11.787945370077727,1.3041871544442878,14.449070140061758,52.69466179487139,11.080869020010434,74.61277922944171,795.1682941135123,166.3048855741385,1118.4704002204162,64.83001475574835,15.385509919021931,96.3619359138374,0,9.29,0.0
M-03,PRESS,2026-06-14,Morning,66.85,535,93.03,0,RUNNING,303.10470143455154,0.12167115556453925,303.3320860106021,313.3471319076352,0.9936758227582801,315.84892843798406,2.568683502511123,0.5634951002576255,4.224257032568729,11.96318229095706,1.1461997094902814,13.88359329939078,55.25887984686391,10.33564007506702,75.84414694267306,754.5519290555303,144.45752901568616,1035.0885713080716,69.91263065906438,13.314490685996095,97.49594565341606,0,8.96,0.0
M-03,PRESS,2026-06-14,Night,62.33,499,95.55,0,RUNNING,303.5261203688068,0.11433377355411686,303.70426420332564,313.639330165846,1.070315929121999,317.14411342266635,2.8044806489395944,0.7050876924807363,4.240337681005772,11.927574963854873,0.9067629398131521,13.666343238902108,55.19678308902842,14.367092810667287,80.3163176783396,780.7432601151531,226.1913358329576,1349.8311939051275,69.66463838035102,18.458663268151803,100.0,0,9.62,0.0
M-03,PRESS,2026-06-15,Afternoon,66.06,528,97.52,0,RUNNING,302.82908105063126,0.09695823491194934,303.0900828599527,312.393846588116,0.9219050281760331,314.0650635827172,2.38170428940324,0.5181375420190291,3.396096346592605,12.085331228221444,0.9994459544565694,14.260308448446942,51.908410176163045,16.007166863668537,79.19694139602835,870.3911305476527,347.9495156187538,2148.550978842665,67.40075800686863,21.948748893331892,100.0,0,10.29,0.0
M-03,PRESS,2026-06-15,Morning,62.72,502,92.4,0,RUNNING,303.0852652136752,0.23261323316639088,303.55607195513727,312.8749084731266,1.0649348367692368,314.7463721519828,2.4336754541018624,0.5433761674007346,3.565202655329685,11.948418132923077,1.1316594351270617,14.798157812644424,56.790461419191395,12.39686951167622,79.85453695788867,741.6902999751937,195.61823712235682,1453.6331561805775,72.20284922320336,17.4009235131034,100.0,0,9.96,0.0
M-03,PRESS,2026-06-15,Night,63.88,511,90.82,0,RUNNING,302.93715828623766,0.1504730995252097,303.169763607644,312.77488839191307,0.8067105791344605,314.25723390932984,2.691932880693214,0.5577086653080242,3.8430929249555534,11.821141489478746,0.999552046959712,15.090624892097711,56.03828771394917,10.80767696155581,75.6359626819161,750.5016783537052,206.5509108763769,1669.2902535235005,71.80136888517104,14.93814372580943,98.12292326356716,0,10.62,0.0
M-03,PRESS,2026-06-16,Afternoon,62.12,497,96.37,0,RUNNING,302.73526785270167,0.15079496267580544,302.90971258394904,312.90544038605515,0.8998959552255321,315.4192877776956,2.6028132808776787,0.5289498336309326,3.491120591983101,11.665646821764074,1.1831747762854763,14.247543276757025,59.22246927222117,10.955476041480079,80.54325411298633,708.3430043137203,148.83460466593064,1248.5681597604778,75.07566171956314,13.980492643471184,100.0,0,11.29,0.0
M-03,PRESS,2026-06-16,Morning,63.93,511,96.78,0,RUNNING,302.52399584961,0.17131005829046528,302.81168191496846,312.86395934118366,0.9632402092695156,314.67540693275936,2.4785478410166633,0.6727588292964772,4.035589547248686,11.27540078157216,1.5009219520150634,13.694039241134458,54.662906604667384,12.180311514601836,79.01311372384836,768.6934764652666,193.70132686496362,1214.969071655476,69.25304394023355,15.050114373865402,95.63455300820698,0,10.96,0.0
M-03,PRESS,2026-06-16,Night,64.97,520,97.16,0,RUNNING,303.12838234110916,0.12569329863419132,303.32428805858217,313.379409072837,1.0535798968987036,316.1865017674353,2.6791188021600965,0.5668709906703767,4.024228416436635,11.75181707683697,1.288511033495832,14.312267674790302,56.07156347773883,10.998620895233197,76.54550066920332,753.7156695988414,236.54336423423052,1900.256446874326,69.58456826680415,15.599287284126767,98.06715712931675,0,11.62,0.0
M-03,PRESS,2026-06-17,Afternoon,67.33,539,95.68,0,RUNNING,303.2354347805966,0.0523293769300539,303.3493252126621,313.19627845015015,0.9022645666675442,314.4970620149496,2.5637893011586863,0.5018174718634643,3.563014803349507,12.144416862861906,1.4375547377083318,14.944786480064636,56.45879155612016,9.843575131868162,75.30037405987439,727.6249809330285,137.89264520503318,1146.027331660923,70.79959933487167,13.538986132623448,98.51235726347755,0,12.29,0.0
M-03,PRESS,2026-06-17,Morning,65.23,522,94.05,0,RUNNING,303.217775539587,0.0713819608789991,303.3398995390868,312.8221429639432,1.077325098971866,315.4533570854374,2.582051502751409,0.5538639842864967,3.5684009180414247,12.071873676395361,1.1933830134358816,14.76286344108254,56.15036409698104,12.154217340570039,80.3605955504771,756.0326242105693,188.66508922671082,1259.213044006813,70.23544822569501,15.07547027550783,100.0,0,11.96,0.0
M-03,PRESS,2026-06-17,Night,64.95,520,94.13,0,RUNNING,303.54167806346,0.17361797713020635,303.827038960567,313.6031252888568,1.0764370017300267,315.3200082267566,2.6823338112195514,0.5921724252698927,3.800931909296785,12.066786292632688,1.1142686771480814,14.261402467920846,55.49097639297179,13.376176091968526,82.40001041519322,764.7705440354717,198.9274352314085,1172.4083514860488,70.41988331600349,16.98269521750839,100.0,0,12.62,0.0
M-03,PRESS,2026-06-18,Afternoon,64.66,517,99.42,0,RUNNING,303.78378720804784,0.10688295626967131,304.0114572208801,313.8919487446417,1.1258817991563799,316.01476787705616,2.2929182059522457,0.5947160532210204,3.379403024983721,12.001533332386265,1.3461627297108523,14.877013476579366,53.135972545138614,9.362589313837749,68.48550863052299,779.1285748663684,165.04157510440737,1315.8061141314631,67.83949763004624,13.766297110991067,90.90787926417956,0,13.29,0.0
M-03,PRESS,2026-06-18,Morning,64.14,513,94.23,0,RUNNING,303.64064221816545,0.08047371950697793,303.7698748411645,313.56744935395375,1.0006534431051066,315.66773723247087,2.463516669520401,0.44007854887881126,3.294828916972292,12.2434936007327,1.1562138726815627,14.526822358039476,58.17902575727552,12.587780216014066,86.83114043290124,728.2419692032925,190.71860861305242,1316.089987517751,74.285698301806,16.74009842936591,100.0,0,12.96,0.0
M-03,PRESS,2026-06-18,Night,62.32,499,92.77,0,RUNNING,303.74543451156035,0.15504378607203514,303.98996074678223,313.82968769896115,1.1677848230539085,316.28727457091,2.4144142965042628,0.6765635090146722,3.5593563072277608,12.180987762478338,0.9067596675123507,14.13944950967149,53.64315452143231,13.287678224251973,78.93358332380664,796.8887916790903,217.53857603218609,1446.4704392571498,67.71526082889042,18.025627511604867,99.91744156069026,0,13.62,0.0
M-03,PRESS,2026-06-19,Afternoon,63.7,510,98.08,0,RUNNING,304.32539940234665,0.22275958513952535,304.6216058597211,314.36317048893426,0.9688230428557875,316.4581796623885,2.6251659244099925,0.6032435709949304,4.066440698264521,12.122665137303743,1.3936440326987336,14.746946096067267,56.83429235508995,12.352979845539144,75.49807525013725,750.555104968593,237.26839738365805,1698.883542248185,72.4309706043293,15.435176376849608,98.21864144618937,0,14.29,0.0
M-03,PRESS,2026-06-19,Morning,67.87,543,95.58,0,RUNNING,303.8408004231053,0.14254828537518097,304.0385606236434,313.6541914349576,1.0686913261516178,315.5580772928616,2.657754111305459,0.5544516879166939,3.636448117437874,12.075341362961598,1.3580003528501103,14.240169053027138,53.97550069525919,11.179448211877776,76.97656513870986,774.9844340963614,178.09002466598093,1364.8639584167477,69.26818486486621,14.111659667619293,97.38705073689218,0,13.96,0.0
M-03,PRESS,2026-06-19,Night,63.82,511,99.65,0,RUNNING,304.80476479767145,0.15215430663018026,305.0737892982144,314.9643936401059,1.0608292215382813,317.2169428908828,2.636917698545276,0.6714065934074636,3.905436779863363,12.303602229650057,1.3737109577946618,16.902055039190856,52.504245994758165,10.166081537721315,78.45475581690722,790.9312199497051,159.93603203879104,1117.4725513859653,67.18473935109613,13.284498415093033,98.6072891079196,0,14.62,0.0
M-03,PRESS,2026-06-20,Afternoon,63.44,508,89.79,0,RUNNING,306.49379698279614,0.332424417993458,306.9631428028088,316.8867614954022,0.9023984093962328,318.6848359798044,3.5508169427820473,0.7736935070200552,5.274121748787898,12.336027403046568,1.2388957287674895,14.366787245809622,52.160590679960855,13.722170747999565,82.39356764766234,827.768473972931,245.81769242150682,1495.9097020419724,65.95963870240044,17.727617657920746,100.0,0,15.29,0.0
M-03,PRESS,2026-06-20,Morning,60.8,486,90.02,0,RUNNING,305.3527775405755,0.28284887178378443,305.94275411598335,315.3792275628685,0.8789154219504159,317.0311994416308,3.013268056351419,0.6674923649994289,4.36967139272547,12.563769865528181,1.2412595047229544,15.12030213371067,54.83429497397871,12.900392903569077,84.66624334131754,770.1891154946209,183.5258255449516,1165.9107870783605,69.09824457705135,16.487566456962714,100.0,0,14.96,0.0
M-03,PRESS,2026-06-20,Night,60.91,487,91.6,0,RUNNING,307.3297960291163,0.2171387181220725,307.7954156250404,317.5938580666886,0.9043106944183859,319.69812305000926,3.8645987693931296,0.6083415781471623,5.688878416971061,12.496429241711576,1.1929970104753858,14.7059705709508,57.47197633692303,11.884780183305454,79.91728641038702,732.2943387745153,170.6187718632282,1245.265763101296,73.43477358596006,15.788187438564043,97.88955033171166,0,15.62,0.0
M-03,PRESS,2026-06-21,Afternoon,54.22,434,84.49,0,RUNNING,307.54573273844886,0.06781395739026927,307.66502955820573,317.2757658995699,1.06333256152408,319.11089452309767,4.620350434227289,0.4416619032011556,5.3444931448406,12.889465117250268,1.1960411709443337,15.408392988109815,51.11528475503505,12.773223347223762,72.21664824737616,844.1908493704526,261.38910509197405,1669.7339757477723,63.92953964871437,15.932482792093417,88.84481749511343,0,16.29,0.0
M-03,PRESS,2026-06-21,Morning,56.28,450,89.12,0,RUNNING,307.4387881733051,0.12442892092315007,307.70111289100487,317.09823786024754,1.0264767695208485,319.0719130692577,4.095522640281505,0.5406474392767934,5.005635680466074,12.909778345436354,1.0184090400604018,14.90317926285606,52.11346084235682,12.552320628518808,75.88922110699193,828.9557606881209,271.1035791310887,1729.1016830503884,64.9347617883293,15.715832378124523,92.83069712893077,0,15.96,0.0
M-03,PRESS,2026-06-21,Night,54.91,439,84.64,0,RUNNING,307.708510530152,0.10613868581436185,307.975109080512,317.77333703273524,0.787512362753197,320.088326211011,5.06753619576998,0.5662654955440657,6.145643766024719,12.543685305649685,1.123311394964518,15.540551462195266,51.7783185974598,13.442488313757464,83.68502847566873,825.406133194789,221.07185063109966,1376.5121963985289,65.79216903030678,16.33384053273784,100.0,0,16.62,0.0
M-03,PRESS,2026-06-22,Afternoon,64.29,0,96.37,480,DOWN,308.7702806293226,0.17907078764472006,309.04755400227566,318.56240053645007,0.9820621962646522,321.4165951365,5.798084001782045,0.5162914391874918,6.643222948105447,13.576540700845124,1.1894081082289536,15.62488144451704,56.30068913632203,10.880717067716741,76.45829408474384,748.3139413888098,206.2753282153049,1562.5040696526796,70.59208405080263,14.993662131047927,96.8073108587103,0,0.21,1.0
M-03,PRESS,2026-06-22,Morning,68.93,0,96.27,480,DOWN,308.19228838266326,0.1628525044982918,308.4523587978248,318.0846803664466,1.1158696403285713,319.9492672302131,5.678887115897227,0.46231860879090086,6.378823314457788,13.106724561269505,1.3209479376022149,16.10573730209442,58.794529541926835,13.562634827269965,84.63099515416228,725.9954090230815,218.56665500861948,1536.5697622745804,73.77571359290667,17.937076953960233,100.0,0,16.96,0.0
M-03,PRESS,2026-06-22,Night,62.37,0,94.06,480,DOWN,309.0322248925498,0.05943676665649177,309.1297389749262,318.64028293558164,0.6186043930505211,319.6555501501683,6.024844619532192,0.42270963808349865,6.426980391926193,13.961935189856346,1.633960715242801,15.451913165187117,56.20366847996448,7.8396991576736275,69.06913350826119,726.9956962564097,108.03724082107291,891.2566263961944,69.6040271850651,11.640151802841904,93.4821396291726,1,0.54,1.0
M-03,PRESS,2026-06-23,Afternoon,62.96,504,97.07,0,RUNNING,304.89121713478073,0.11317781502459619,305.0711017198091,314.93593079683234,0.9315621460304194,316.99715822786027,2.717648949835005,0.4509222641844947,3.975625757684057,12.113115556964557,1.067749286571019,14.44453684386526,55.45489944338364,12.376693893729925,82.63331420505313,759.8772689271285,179.8682793776355,1245.962884476636,70.55182741229773,15.54250378844291,100.0,0,1.21,1.0
M-03,PRESS,2026-06-23,Morning,67.34,539,94.69,0,RUNNING,305.0286547963237,0.030207354413557017,305.0715792840016,314.9284308198177,0.8183088875091333,316.17764179776816,2.357887052481432,0.5668676797125097,3.364138709290933,12.427534504897045,1.01214411049109,13.782096304547332,51.20825667406813,7.770957015287692,67.78614686666606,805.3522193372626,119.69216707964117,1091.6023786510714,63.34364617720576,8.416703719969556,82.54285783725541,0,0.88,1.0
M-03,PRESS,2026-06-23,Night,67.31,538,97.44,0,RUNNING,304.7428749171069,0.060584359112754144,304.8566697092266,314.92151092055974,0.9344270231617204,316.8047751241043,2.7250669854689757,0.5035150818269551,3.697297393277754,12.151901115509189,0.9992934016351829,14.263989775774666,52.71400434269728,12.327806681945637,83.13889757071388,806.2596206225744,182.4328389948053,1172.5639059677424,65.74519528732297,15.17380894709525,100.0,0,1.54,1.0
M-03,PRESS,2026-06-24,Afternoon,62.23,498,99.0,0,RUNNING,305.2916918753531,0.27389517123880497,305.6328374732441,315.3542442205315,1.1095283489666965,317.125003937039,2.557426217550742,0.6262844126160292,3.6566002015669454,11.922797218841156,1.1660894355312885,14.140044367710868,54.3937265612946,13.116375522265127,79.68703294097247,786.9072108051288,206.17241686137754,1441.086107872742,69.01641829467751,17.742877842382807,100.0,0,2.21,1.0
M-03,PRESS,2026-06-24,Morning,66.94,536,94.49,0,RUNNING,304.73409354628717,0.08064942488799498,304.9062303705054,314.97635694559705,0.8628088437016792,316.79789356531114,2.6042346708685318,0.48250682948198936,3.602906184215904,12.012467484228031,0.9144064305235704,14.665116096932572,56.91356690528305,12.805210701363174,91.54177761270736,739.5549106737819,178.98665403282467,1164.0822712671838,72.26876576037589,14.751634338219814,100.0,0,1.88,1.0
M-03,PRESS,2026-06-24,Night,64.37,515,95.5,0,RUNNING,305.6302722434068,0.09132127184181676,305.79445406859924,315.6015096664597,1.160923710247369,318.09209823555705,2.655336014071452,0.5990242000843173,3.583942727153129,12.152330545971601,1.1619870208717282,14.143336231854356,51.53885040001637,8.880259530074854,70.46595633390393,803.2196584725043,149.354801029166,1180.6230697028222,64.59283251281654,12.153515266061605,90.79447730560388,0,2.54,1.0
M-03,PRESS,2026-06-25,Afternoon,65.89,527,100.0,0,RUNNING,305.62501651624797,0.20589517110261538,305.91195056407827,315.38689695971465,1.055478765319954,317.7893305250471,2.7664781921758292,0.727173224356137,4.055396995996143,11.799283256460498,1.369093573667788,14.336147008326586,55.90030204402187,11.970958287963178,82.18503040156847,751.1733734308442,172.3437658244253,1289.780763274944,71.41904462310691,15.039945503412534,100.0,0,3.21,1.0
M-03,PRESS,2026-06-25,Morning,67.59,541,97.11,0,RUNNING,305.76303141019775,0.11791335879137975,305.96852698221494,315.64711278764435,1.1957411902249713,318.02754074462,2.520605427326855,0.6551486275635967,3.535498834084284,11.51827184996039,1.3444445413192598,13.537921652788116,51.61620534554278,11.108242286055157,77.22743531879567,811.0105827817881,171.04850553622933,1216.9016005451092,65.68037134866549,13.413022260240222,95.57672639738838,0,2.88,1.0
M-03,PRESS,2026-06-25,Night,63.75,510,97.86,0,RUNNING,304.8079788956548,0.10746030499591208,305.0923674725099,314.7617772085643,1.199301728618708,317.67498076086724,2.514824048982526,0.717011491546909,3.771610706088846,11.71815188087022,1.146833935534946,14.129833567937926,53.76445052115224,12.886397758385174,78.77229301015257,788.4698695961322,209.58391496469648,1413.900790095723,67.82540535132303,16.20086547848064,100.0,0,3.54,1.0
M-03,PRESS,2026-06-26,Afternoon,67.98,544,97.02,0,RUNNING,304.80656499666753,0.16196530734184256,305.0454736684167,314.88804487853275,0.97285899034424,316.86045757433936,2.5553351915159794,0.5721724351283163,3.523525657428568,12.292182102076614,0.971627701264203,14.387840912591011,53.63992612127256,9.346119171102716,71.8916109600288,779.451371896635,142.3784706624628,1128.216040038592,68.7616233502677,13.859587373407727,100.0,0,4.21,1.0
M-03,PRESS,2026-06-26,Morning,65.11,521,96.54,0,RUNNING,304.49099091432487,0.21572656382268612,304.7848495683635,314.5087895480654,0.9783249088219932,316.5732489750553,2.4604700810666253,0.5349408290143048,3.5594719256977108,11.80390522394452,1.1504499507106174,14.050794000064386,53.92596383418887,12.11434462474394,83.07669242149615,786.9736172831166,224.44309392491115,1566.702046729052,69.1779742698795,15.90847843515271,100.0,0,3.88,1.0
M-03,PRESS,2026-06-26,Night,66.05,528,98.15,0,RUNNING,304.8880333591525,0.10840473774213027,305.1064472381617,314.93293265678767,0.8715443708862352,316.36833021009505,2.5512476112848277,0.5084269289923858,3.541186268665221,11.934984627442319,0.9134032612550861,13.755425652568409,55.35284820170571,14.655430773969416,87.477030124559,775.1549588188674,206.8503935505025,1257.9164457490108,68.01754922684265,16.803140615796657,100.0,0,4.54,1.0
M-03,PRESS,2026-06-27,Afternoon,62.96,504,92.07,0,RUNNING,304.7027068314412,0.09635927421894824,304.9067275649706,314.6062792541528,0.9314330396896335,316.2103621396764,2.495059997523869,0.47280871577368566,3.402607735173697,12.027703438447446,1.2541451762656037,14.406679198479395,58.37650186076686,12.003340223539272,84.88950580132652,718.0726586106678,167.58444426484346,1164.48086521631,73.34047691887669,16.41135987971249,100.0,0,5.21,1.0
M-03,PRESS,2026-06-27,Morning,64.29,514,94.32,0,RUNNING,304.7662600002531,0.10295320585938471,305.0031448775932,314.59933460143066,1.104566325572602,316.55171173335043,2.674367125786676,0.5735040928180786,3.869001622733125,12.161675686571868,1.0093930444101864,14.296777479256226,55.877854359894044,9.24421330568041,76.08721756304155,739.3120866774312,125.84521239840053,1040.2266236063203,69.68673013326318,13.387729790074847,93.22167106527964,0,4.88,1.0
M-03,PRESS,2026-06-27,Night,69.01,552,93.79,0,RUNNING,304.84257018905566,0.10578801123869071,305.095143933317,314.85822228811224,0.8453571196597258,316.6267159921452,2.4767606941858733,0.6288728859925365,3.6598836426999592,11.966136957418373,1.2491772556480096,14.59584898415528,51.753344483162664,10.132504554026237,68.67204426410882,810.5956543720539,169.3610186990909,1209.5058592479625,66.80134385214399,13.37777112067392,91.16714321005544,0,5.54,1.0
M-03,PRESS,2026-06-28,Afternoon,65.6,525,97.63,0,RUNNING,304.9091621792841,0.10061152067960882,305.06622579449765,314.65888698267196,0.9457274586930708,316.7763958034068,2.567592743097659,0.5289837855757465,3.859589034294928,12.087917571567726,1.2483675978606434,14.415166103303129,58.580918752794695,11.136560900305481,85.09041439983912,714.1107711617944,165.31053164035907,1373.909731809761,72.8145358795836,14.471269173532816,100.0,0,6.21,1.0
M-03,PRESS,2026-06-28,Morning,64.57,517,95.45,0,RUNNING,304.983319867885,0.10419509241524244,305.17935538641257,315.1873462919704,0.9086796285091134,316.9025184703967,2.8052619443618836,0.5039154225776572,3.793816679379005,11.885440040948355,1.2052309440305278,14.891357277470885,53.310989281738514,13.504484477756568,80.23471013117837,806.2754018847255,236.33825012104987,1359.37315886406,67.06696214578653,17.11509263473329,100.0,0,5.88,1.0
M-03,PRESS,2026-06-28,Night,66.68,533,94.83,0,RUNNING,304.9193994160645,0.12711614745884606,305.15581037379394,314.8882895594068,0.9121645573917309,316.6841542452404,2.6622860567234343,0.6692593857099894,4.232628502017297,11.812037334163096,1.0888689887406708,13.776264455863878,53.77451361537298,11.713101365672006,81.52864791586629,782.3047277727248,198.44145463782866,1298.3489344716909,69.73197043979644,14.85003636980742,100.0,0,6.54,1.0
M-03,PRESS,2026-06-29,Afternoon,64.52,516,99.21,0,RUNNING,304.6859538902136,0.12648184611696064,304.9030459701048,314.3763460825914,1.1391912693690858,316.81719718100146,2.6105382635869496,0.5018501766415573,3.5689946963942405,12.157145820518103,1.1584329706068448,15.029357851887278,54.48995655422225,10.4367172531994,82.53588035733583,764.1972324158021,157.93304354795382,1211.4414533599654,67.41757364117947,14.338097244429292,100.0,0,7.21,0.0
M-03,PRESS,2026-06-29,Morning,64.67,517,96.57,0,RUNNING,304.88289105305756,0.07997163190169347,305.11115362210114,314.7843221971136,1.2004635471499918,316.8296970626186,2.41017934739531,0.8388751920615033,4.537351075168022,11.92856978685643,1.172187535631005,13.777949424963062,59.94225509135708,13.260648606432412,84.78709590170564,702.350540169043,174.29652382300023,1249.2281372587884,73.28330886249101,17.624315561172537,100.0,0,6.88,1.0
M-03,PRESS,2026-06-29,Night,65.96,528,97.47,0,RUNNING,304.4721841280913,0.07235254215345774,304.58197268144096,314.52201144408065,0.9764298227893757,316.20851468496005,2.6168652286812595,0.5908371916424502,4.331370989730284,11.928549554384263,0.882574243741307,13.38523226183978,54.161157862623845,12.934338361519732,84.36867264923417,776.0537158131361,197.05083439614782,1424.02094792704,68.2356558991007,16.822057079698382,100.0,0,7.54,0.0
M-03,PRESS,2026-06-30,Afternoon,65.35,523,93.41,0,RUNNING,305.00387153459644,0.150398763844781,305.26312086928124,315.0448407405892,1.0236533421095468,317.9148996403855,2.5986940589945875,0.6021871179258779,4.034067556873166,11.994345966854217,0.9555532791624343,14.270377192153504,53.86720757219389,9.148559523731851,68.89113941895985,770.9498759311075,143.15499560428526,1135.587893171729,67.78345478929451,13.193806070911645,91.94509370778076,0,8.21,0.0
M-03,PRESS,2026-06-30,Morning,66.29,530,98.35,0,RUNNING,304.6027416216659,0.10551899532433376,304.79724473987795,314.5618696919996,1.109306760195373,316.83589062688776,2.7606031180891875,0.5317971920705682,3.832857659982502,11.851404291503444,1.0892570592787076,13.668883762446985,59.79934878215478,10.441544335151281,82.42945939394312,689.2788983550898,121.19056595024688,920.1023124248228,76.282887793383,14.622896384965866,100.0,0,7.88,0.0
M-03,PRESS,2026-06-30,Night,65.78,526,94.7,0,RUNNING,305.13344076524953,0.11828299010216879,305.3445753634203,315.1282468692093,1.2820167699825435,318.8449236582292,2.6730989982397784,0.6926200647470602,4.341797971219578,12.011013439227485,1.137460316427569,14.285001649040227,53.66939048802707,11.34428161230912,73.6846231076996,779.4809714265792,175.06271848137803,1138.6678255740185,67.68855731165664,16.133693130333985,100.0,0,8.54,0.0
M-03,PRESS,2026-07-01,Afternoon,64.61,517,93.54,0,RUNNING,306.2815838513259,0.16480639563557492,306.5417629541444,316.00271926936017,1.1274738495759462,318.39463197920384,2.9291680458870704,0.39591035050847684,3.691152298873094,12.482080221206113,1.2466539580640883,14.802363279586563,56.83972188667478,11.073407550273943,80.41268315293816,730.8057646752505,164.5574064855629,1083.305324807948,71.68357622492059,15.25679336849877,100.0,0,9.21,0.0
M-03,PRESS,2026-07-01,Morning,61.3,490,94.67,0,RUNNING,305.61319510596877,0.3039739475382288,306.19643590793135,315.7920417090446,0.9544791079069754,318.4258004550378,2.9199471589452664,0.615330747476405,4.132606748633148,11.946619813603025,0.9522316623215586,14.397827503790316,57.427551706265085,11.0115515548322,80.96630171500168,721.1930866142744,146.5201473490317,1073.361191151475,75.17042934775802,13.99930321184924,100.0,0,8.88,0.0
M-03,PRESS,2026-07-01,Night,62.87,503,96.9,0,RUNNING,306.6597330588109,0.1120574198427234,306.9511864741002,317.0056866378791,1.1243391487662415,319.49224128849914,3.3803221975025357,0.5205175050880492,4.391195079677941,12.35972923204831,1.320643165709366,15.33269050710577,52.879272499874446,12.308335030248355,77.96896548790781,797.6234671515143,191.82787723949338,1348.2413284568413,69.16616394736874,15.232229730859734,99.94935607496508,0,9.54,0.0
M-03,PRESS,2026-07-02,Afternoon,60.59,485,87.48,0,RUNNING,307.0983073448657,0.07704745348140034,307.20631479572984,317.00210786830417,0.9732931049876935,319.028086045701,3.7648673653289717,0.6492884565855871,4.883578805838102,12.126056262963077,1.1081174126534363,14.235724853144005,55.0918061673862,14.183571222633176,75.25073033386256,756.8701825303931,186.0805855983121,1499.145240986698,70.6446976480495,17.26016470241845,96.00817339951102,0,10.21,0.0
M-03,PRESS,2026-07-02,Morning,60.01,480,96.2,0,RUNNING,306.95550504242385,0.06400551234080176,307.07063697034675,317.04416304521675,0.9257822248603115,319.44144826190865,3.5436189755909298,0.6573893874845982,4.746638411253522,12.002883110182344,0.9531428087852317,13.47111724474421,54.54929176509078,11.424230310774803,80.54699288339881,770.6958754640744,161.1700504875312,1152.7128922899303,68.87053747873057,13.588954765953527,100.0,0,9.88,0.0
M-03,PRESS,2026-07-02,Night,60.93,487,91.76,0,RUNNING,306.9729553528012,0.07885068222735228,307.10732088743737,316.98619108898305,0.8768533206881112,318.65949711881507,3.8488241074925438,0.5882538137794355,5.121480411152495,12.411521498841278,1.049731721110382,14.61576082673373,55.70834518343553,11.851803207658271,77.25486171039337,755.0376981895781,195.58562506506678,1383.772302314284,71.27376829346677,14.47204939964986,98.73812112614452,0,10.54,0.0
M-03,PRESS,2026-07-03,Afternoon,56.64,453,86.05,0,RUNNING,307.969758615769,0.2405503931190086,308.4427151104949,317.8343536376955,0.9634147896867167,319.34876059471736,4.377085257741924,0.5523086144722179,5.418202825576312,12.558616720544666,1.3575737548418711,15.29750810618565,55.29267935803141,12.927833093349449,80.56593557006327,770.2101948407375,207.6997431411563,1334.0763632550695,69.71202953004526,17.6445683540911,100.0,0,11.21,0.0
M-03,PRESS,2026-07-03,Morning,59.08,473,89.85,0,RUNNING,307.19138847683206,0.2165850111323217,307.53118979632035,317.480507718221,1.2446267143846859,319.9501959212839,3.928746466454706,0.470697404282742,4.73819471627247,12.484001821127553,1.02008794793882,14.343527413428106,55.77911174503922,12.74092816230227,79.08666293816293,775.1319578584425,248.21905498783204,1702.521106838844,72.42956572967614,17.091181309928526,100.0,0,10.88,0.0
M-03,PRESS,2026-07-03,Night,56.52,452,86.8,0,RUNNING,308.41334115706377,0.16119789238895227,308.7550845361995,318.3207602483647,0.9414574396069012,320.6396206829534,4.498176214567753,0.6700402107556096,5.680552507221945,12.551302452903748,1.0959168888898505,15.004507850910237,59.229838819906135,10.572936056502982,78.47879622282979,703.4717585059004,148.87714573842376,1201.1441118589291,75.28399840938283,13.841745429583687,99.41336285387648,0,11.54,0.0
M-03,PRESS,2026-07-04,Afternoon,56.88,455,86.79,0,RUNNING,308.96950171277444,0.07548987444929278,309.10423707656525,318.9867879016582,1.0539793463672549,320.9118239285074,4.8581315406202865,0.498014005459406,6.516261080841405,12.851370281966089,1.1190187586082623,15.522877614851112,51.962989456645,11.448542558666546,74.34192886232836,812.588135343579,202.22116573104947,1453.545064759271,62.84424449118316,15.1262666575665,96.02909671927642,0,12.21,0.0
M-03,PRESS,2026-07-04,Morning,53.22,426,87.18,0,RUNNING,308.65091142162254,0.12337758055363719,308.8511919447186,318.70211156398597,0.88017469373751,320.4593956046401,4.549792144626054,0.5203461615125322,5.73109483038318,12.859752812705317,1.2485836920579916,16.29800252576548,55.259077186681566,12.052220043283542,76.5938712596403,771.1298697153077,227.56541197530422,1714.543733138208,70.32164575962035,15.5665393402982,92.39826890115228,0,11.88,0.0
M-03,PRESS,2026-07-04,Night,52.22,418,86.89,0,RUNNING,309.42909114180463,0.26437314921933025,309.9377917090088,319.403058465178,0.9963021424963205,321.3267521558355,5.127052808064391,0.598263843121495,6.251338891383603,13.375329622882147,1.0135101378259281,15.99396019826197,55.78078521950104,11.081462772832388,76.09582729323844,751.5264859348393,165.03079147711773,1245.3536852060895,70.61998134654318,14.281311428416613,93.81969763248884,0,12.54,0.0
M-03,PRESS,2026-07-05,Afternoon,51.25,410,83.53,0,RUNNING,310.37083496094056,0.09747559491769536,310.51477989814003,320.42704418872415,0.9490597415309686,322.2582624729584,5.332061128745297,0.43950217667655833,6.52016424860443,13.388048168696328,1.1303108348918522,15.362297390202086,53.21256403064357,11.133012230831712,80.6288363917379,785.1482235775643,154.27741380364344,1117.2725859327911,67.16449025435706,14.73472904050661,100.0,0,13.21,0.0
M-03,PRESS,2026-07-05,Morning,53.31,426,82.28,0,RUNNING,310.054844171266,0.1308270335249788,310.25506550879254,320.03970650219463,1.1735715013927468,321.88639465014137,5.186136727296098,0.5636594784642052,6.562016768248679,13.458316101723835,1.131907374240563,16.63126682398424,51.17290612047491,13.234192112201992,96.22887271592631,830.2418874324669,207.60484936950508,1436.7133518106068,64.26068187591191,17.602806856358214,100.0,0,12.88,0.0
M-03,PRESS,2026-07-05,Night,50.25,402,84.8,0,RUNNING,310.6717130457682,0.30470077401573686,311.0917018197907,320.7047339898262,1.26621392024667,323.8831458252697,5.410247039957985,0.5784271669616965,6.542153641569676,13.326218488817254,1.223396977933433,15.881648042071784,58.655621044557606,11.112533910220604,77.03011781738577,713.8831885841759,147.53245288187026,1140.0252862628042,74.73745298100374,15.197822677575783,100.0,0,13.54,0.0
M-03,PRESS,2026-07-06,Afternoon,63.27,0,95.13,480,DOWN,311.0910260446534,0.2011607157596799,311.36543217966664,321.33556067962445,1.2168876394280146,323.48000017832953,6.161139265569192,0.5377887671742775,7.254056937920163,13.385072058273009,1.1987321021425155,15.376164153889327,58.26321961355007,13.549445591835763,84.15440043988532,728.8999287773726,197.09206441318452,1334.619997363909,73.21995194838068,17.1239239434287,100.0,0,14.21,0.0
M-03,PRESS,2026-07-06,Morning,64.76,0,96.84,480,DOWN,310.898945004011,0.10698602179904425,311.0832872823884,321.0225137421336,0.9340511276562226,322.7558400442155,5.755159089212445,0.6621522003081882,7.283236313865363,12.933428153665007,1.297051063886152,15.435940356823965,50.945993929489646,13.285201268923421,77.10408008657242,848.8412908372089,270.4052033058267,1589.584301166513,65.21479592046676,16.410094282390922,95.59959845905924,0,13.88,0.0
M-03,PRESS,2026-07-06,Night,66.41,0,95.25,480,DOWN,311.16650707768196,0.04714803632029569,311.2810302616243,320.89078654057175,1.261870506107539,322.7633118478991,6.051077449574838,0.6253987688148586,7.44087300297509,13.400473579979609,0.8473613889014755,14.640135778478257,55.87495418592301,14.103272059794547,68.70831614015265,775.497062216894,264.6204287270904,1303.7914979793077,70.71848129244978,18.98039654921908,88.18105899243099,1,0.33,1.0
M-03,PRESS,2026-07-07,Afternoon,65.44,524,97.87,0,RUNNING,307.51752486844254,0.053157890956401166,307.652623040902,317.29341020472475,1.182307456121028,320.27343003329185,2.619406095968486,0.3973600507608385,3.541360829904071,11.671119459497831,1.0175620799358,14.309985484842596,57.45152841761117,8.533699379099138,77.29965286974894,706.752671201412,128.52699797292917,1139.8744522043726,74.94608219590164,10.60011686528869,100.0,0,1.0,1.0
M-03,PRESS,2026-07-07,Morning,68.37,547,95.2,0,RUNNING,,,,,,,,,,,,,,,,,,,,,,0,0.67,1.0
M-03,PRESS,2026-07-07,Night,62.23,498,92.48,0,RUNNING,307.8410633523606,0.09569804634378345,307.9820831933888,317.7689917678503,0.8440941717000273,319.0984222261416,2.6196489293085623,0.5464346576253459,3.8853758521676394,12.156839522313701,1.1689262464836758,14.635617610080237,56.58412169042914,13.007459452541317,78.72318388697903,763.882319950497,235.54863527040973,1688.4308988363273,73.18991539705458,15.378109973550275,100.0,0,1.33,1.0
M-03,PRESS,2026-07-08,Afternoon,63.92,511,100.0,0,RUNNING,307.7587994097618,0.08102896463260051,307.9381943104957,317.81701861922755,1.104323416754879,319.97082983155747,2.598167846160942,0.760196079961294,3.847421639270856,11.774078700738418,0.8301399301569955,12.985699080331344,52.729581727172494,11.573539000625294,81.89429962354684,801.4829418613411,227.24017369340942,1587.5159432320183,66.4986089276463,14.606457597420317,100.0,0,2.0,1.0
M-03,PRESS,2026-07-08,Morning,62.02,496,98.53,0,RUNNING,307.87032649438885,0.12327500074460793,308.1191546043514,317.93137368196597,1.1437200758250028,320.2581901681504,2.5284331917904024,0.6330452610247301,4.044591369357784,12.044876463396758,1.2754676597152945,14.126607189135768,52.95082151666985,13.591843684636089,77.32860706452752,824.2642110720255,295.13621771422623,1751.281298969608,67.68049362971965,17.69269112228148,100.0,0,1.67,1.0
M-03,PRESS,2026-07-08,Night,63.9,511,96.37,0,RUNNING,307.7761986727553,0.13367699628805865,307.9776460505335,317.49890081988417,1.1324219090930252,320.2359230379418,2.610200581196065,0.6053059914122472,3.5485441564138327,11.674401604812392,0.8111563047285167,13.292928158708746,54.774233226363016,10.64162865033768,74.63895216861522,762.2279245859909,186.38451903233417,1458.1712434582123,70.54693175171239,13.490726942466443,94.9670004183001,0,2.33,1.0
M-03,PRESS,2026-07-09,Afternoon,69.02,552,98.42,0,RUNNING,307.8025632971255,0.07757917055513043,307.9547630719799,317.86765869298523,0.9789500722603547,320.0661407430312,2.715221787603329,0.5266233988497955,3.965711090864328,11.618394345815446,1.0083966876601325,14.297699006471106,58.35684161730176,12.009767023933152,85.99744181342503,721.5980410587231,159.51505052780433,1080.2470993655677,73.72868833748873,15.266046469988433,100.0,0,3.0,1.0
M-03,PRESS,2026-07-09,Morning,68.01,544,100.0,0,RUNNING,307.49645450596364,0.0915015429640996,307.66779226342726,317.57006876617595,1.0735282592240543,319.4344873954267,2.69089214226366,0.6276777462294432,3.920768100651932,11.887787514309117,1.2626323370007102,14.834507427855335,54.410185442947345,9.99994357690415,74.71834198465586,759.290435066491,147.7129683486681,1172.4861558233888,69.63360699593659,13.518898348771593,98.0250822385668,0,2.67,1.0
M-03,PRESS,2026-07-09,Night,67.0,536,97.19,0,RUNNING,307.5315101797351,0.14702504918413595,307.84371666968303,317.2036730105364,1.167465244672455,319.68547744206006,2.5412661074959946,0.5971766525130754,3.899120805714774,11.748790821072143,1.060051559673889,14.542827373342936,55.71640314497529,10.256881838935003,79.98419657081244,744.3248849903272,138.82746799871956,1110.984008762716,70.48620930069393,14.734283895823596,98.12958367084356,0,3.33,1.0
M-03,PRESS,2026-07-10,Afternoon,63.4,507,95.99,0,RUNNING,306.8609064509816,0.1689921100621075,307.05794946982303,317.16540858152985,1.1796977632446226,319.6859102289745,2.830689396460415,0.48892519056780476,4.135143609321926,12.388464629286778,1.1494631368305426,14.553378575865672,54.40291269707708,9.711797855328014,77.20032161116936,764.3932641735489,151.3524079073177,1189.8345314205503,68.5305946116881,13.28962681913248,100.0,0,4.0,1.0
M-03,PRESS,2026-07-10,Morning,66.52,532,94.9,0,RUNNING,307.25290861269787,0.09751390687969817,307.38952412834834,317.36864217839224,0.8820337888176394,319.8699575906889,2.6570919436399283,0.4518173957856611,4.086136953703645,11.64389945888135,1.116347157466273,14.223845728780056,58.243929915408614,11.79030692301257,89.39024289054964,742.5197535493513,187.60735380146372,1255.0594963211038,72.48094541800596,13.362757102770736,100.0,0,3.67,1.0
M-03,PRESS,2026-07-10,Night,64.67,517,95.09,0,RUNNING,306.4769753951296,0.07837094297928579,306.7210349144491,316.35666352598463,1.021398117075277,319.1679392032228,2.446753393453751,0.6502943713883569,3.939813294732701,12.15327304658371,1.3335405750138445,15.094521367964802,53.314359145372045,13.166491143173282,79.98026839439396,800.9515973227026,210.8109062172215,1294.98345785712,67.37965655628027,17.66302761099241,100.0,0,0.21,2.0
M-03,PRESS,2026-07-11,Afternoon,65.17,521,98.96,0,RUNNING,306.71801807893144,0.06506064105198069,306.84770928681075,316.73862513781387,1.090658948314442,319.63181793644685,2.6319690125144684,0.48112747869026234,3.757709040077003,12.28095271784857,1.2458999956763475,15.37974782935787,56.92960413551057,13.343459306608967,83.77132330449399,749.6010657265043,207.4822222000388,1240.518860364706,71.76445762525945,18.507296318190573,100.0,0,0.88,2.0
M-03,PRESS,2026-07-11,Morning,66.36,531,97.91,0,RUNNING,306.52008505132403,0.1753458164781698,306.83754153374554,316.6307108389688,0.9663917364497424,318.32051205846415,2.5736878162659154,0.5160719006952579,3.360101440956308,11.666610417931869,1.1973460891166594,13.512497953936853,57.63297853938679,11.650085022321859,78.55709613145565,718.1249349033692,147.38237789693432,1105.9310099252957,74.45129012719848,13.803221036640025,100.0,0,0.54,2.0
M-03,PRESS,2026-07-11,Night,62.77,502,95.61,0,RUNNING,306.7649515460588,0.12484114782202858,306.94142930312773,316.7238422541687,1.1822533873358767,319.2703279298597,2.519390572977054,0.5685047979303451,3.37313901487988,11.712401321970818,1.2501983557824259,15.016131236774626,52.70023174393835,12.60442050299738,75.1536635037522,808.9256292030768,209.72813405209143,1338.1031257245363,66.81245653281394,17.979953523773112,93.68451131488273,0,1.21,2.0
M-03,PRESS,2026-07-12,Afternoon,64.84,519,95.76,0,RUNNING,306.08845718653123,0.10429634835176553,306.2766770211509,316.2354089326903,0.9367354610555676,317.9530587108405,2.635288193569813,0.5484565399871574,3.679477578896927,12.025568633040676,1.2263933631350232,15.1622432815877,58.50496445579968,10.937697938062612,78.0396345833399,713.7217013169019,148.45454820073698,1221.2052123412666,73.86532937301921,12.97963857707245,95.02052108123092,0,1.88,2.0
M-03,PRESS,2026-07-12,Morning,63.6,509,92.27,0,RUNNING,306.485768185832,0.1265163012502963,306.6829046183947,316.4140755310179,1.3642529171051017,318.9695369696571,2.550521383446127,0.7187778644337856,4.441626707798923,12.395187857146345,1.1384380846473,15.559063655328822,55.443359502213795,12.09295694567502,83.1880175961039,753.1389593333494,162.72816038279092,1090.1111443428083,70.5120807972327,17.163239532790485,100.0,0,1.54,2.0
M-03,PRESS,2026-07-12,Night,67.95,544,97.26,0,RUNNING,305.91389420656526,0.12298282376423532,306.0944724584709,315.8113583045949,0.9315891502749241,317.6013028841404,2.5596587965121,0.6832334150970337,4.427643174024845,11.819888746536732,1.1548927599624974,14.232704660682549,58.35926701629227,11.801599778239368,80.59143961242924,718.3696775807106,203.4193167649295,1666.0710143799824,74.67666187010383,14.735583401671265,100.0,0,2.21,2.0
M-03,PRESS,2026-07-13,Afternoon,67.38,539,97.16,0,RUNNING,306.22932698997374,0.1004519386390577,306.43869535901,316.27673274118655,0.917821566533159,318.27647853065,2.5693910892450287,0.5799048890968926,3.5053602493159826,12.044998592070426,1.1660081419322115,13.870416440055402,56.22408717848256,10.636140820801467,74.71618519038687,742.7155708134436,170.52527740947502,1307.9300653291236,72.55962628221108,13.748941806628096,91.03064807007276,0,2.88,2.0
M-03,PRESS,2026-07-13,Morning,63.0,504,99.71,0,RUNNING,306.093998127018,0.150880388014027,306.45043661800776,316.0677482610805,1.1517458318513276,317.98598153362934,2.759156785357454,0.668164614461698,4.3376511339483255,12.012538033492463,1.2429483873399776,14.754627481949148,57.28505490337399,11.615010567130462,84.5490038482815,733.6651265229181,184.30769913846817,1463.858669786319,71.81641673615101,13.50391162460447,100.0,0,2.54,2.0
M-03,PRESS,2026-07-13,Night,64.56,516,94.08,0,RUNNING,306.61526043658796,0.10337653088807129,306.78564660626046,316.6400129440157,1.0598505402215652,318.9888783240015,2.594080461393807,0.6312368402434994,3.84842421204608,11.9663284578446,1.2890971461107614,14.26702607945963,56.0849267343895,10.062646169324992,78.04477606506475,741.1496003179158,136.97264145225404,1112.3955241779604,71.58928574521549,14.474406504484445,100.0,0,3.21,1.0
M-03,PRESS,2026-07-14,Afternoon,68.67,549,99.09,0,RUNNING,306.87036262976625,0.23687448812426826,307.1459628594445,316.70957050736394,0.9477248127515712,318.18566195186,2.6326642898311827,0.553102223930316,3.76098174007337,12.16620779808521,1.3641005237323216,14.948183371754665,53.80656505918605,14.536301255020533,82.91377226126517,802.3467938938336,220.07142690290985,1311.2224155595832,67.04916610418917,18.928133262062744,100.0,0,3.88,1.0
M-03,PRESS,2026-07-14,Morning,64.27,514,98.18,0,RUNNING,306.5540157985605,0.07938148611371405,306.7068152970995,316.71171398204586,0.9391662251674998,318.8446570983643,2.5682394459052498,0.6668032781452194,3.911136527595285,11.922783848356335,1.059674479469177,14.324428589686775,58.980264772106594,8.86595684061997,75.35343375691666,697.4650889586271,121.04119823189241,1061.86697882224,75.14291459910595,12.790366537585008,100.0,0,3.54,1.0
M-03,PRESS,2026-07-14,Night,64.05,512,93.76,0,RUNNING,306.7607987718539,0.0893833048094791,306.9338561133223,316.89080875075894,1.154168112983144,319.49883283415755,2.5895988228386906,0.6744438875542554,4.279867043737384,12.104984311422927,1.371013862669052,15.5421699246817,56.36742680101603,14.446037891975966,80.13398016201512,782.1316358243472,339.13612260211454,2328.2106662946208,73.3146278096069,17.06535980100651,100.0,0,4.21,1.0
M-03,PRESS,2026-07-15,Afternoon,65.63,525,95.7,0,RUNNING,306.7125570397555,0.07139473361089871,306.8730650175897,316.57346790588554,1.0596743473653765,318.8120982491991,2.840473775787781,0.5643752190759282,3.6778798294009487,11.726204068629055,1.3571523761521174,14.52667200140194,55.30470781890015,10.186008408931215,79.59195194141995,747.9409070540678,137.67702593934635,1166.3829241638173,68.90690312501332,12.53998741301036,100.0,0,4.88,1.0
M-03,PRESS,2026-07-15,Morning,65.27,522,92.46,0,RUNNING,306.63798029273755,0.12504362921753234,306.91421202048474,316.651569088135,1.0738295535638975,319.0553665133798,2.5916611748132694,0.5361986188352763,3.5765637670246004,12.144373426207077,1.7613918587392325,16.556341802531335,57.797508081424276,13.364054357624497,84.15574081254903,733.6478420412112,180.34199882297355,1134.3072383017848,73.56721963710754,17.748564564584118,100.0,0,4.54,1.0
M-03,PRESS,2026-07-15,Night,64.09,513,92.81,0,RUNNING,306.41525060452886,0.10601769428849016,306.64897580550183,316.6125194241279,0.8515076235266343,318.32921184765286,2.548579326615398,0.5109254565143434,3.424074407902856,12.168199766536096,0.8952296389696438,13.943904790440635,52.32640536913206,8.374444727621333,68.08530066338193,788.98761575205,133.34906594849747,1155.519795716909,68.25098409351249,11.257455749356325,92.98874525617704,0,5.21,1.0
M-03,PRESS,2026-07-16,Afternoon,62.72,502,90.26,0,RUNNING,306.48443958154246,0.11265688636885532,306.68589330981985,316.63710864038393,1.0478080938932763,318.3981681036189,2.45444349174591,0.5346709729747858,3.505270467032129,12.064573074763423,0.9664018942951248,14.476578788578758,52.3964176913078,13.60715344640272,78.48535350889104,818.6959926895124,227.24018692686,1250.4365885648526,66.68032002720003,17.077356070801468,100.0,0,5.88,1.0
M-03,PRESS,2026-07-16,Morning,66.0,528,94.93,0,RUNNING,306.5240358051353,0.11300239935906388,306.7255793557802,316.52641755395166,1.3190208730041684,318.9041158301187,2.50402596604974,0.6658599281617973,4.004229510294154,11.683715677398762,1.0083627668110844,13.03806141425038,53.49851308508936,12.278844015107028,80.49778688206224,776.4761131099661,174.92879640903882,1227.8945499614197,67.84381945381988,15.971490204446772,95.17330394678204,0,5.54,1.0
M-03,PRESS,2026-07-16,Night,64.95,520,99.54,0,RUNNING,306.4770968126657,0.0659163028304855,306.6481663685134,316.49624023443073,0.8733663255449196,318.1778313065172,2.592615753800543,0.6258026922439638,4.185300304212915,12.222097118533801,1.3333450779060987,14.992346023343591,51.64460837005902,12.06939849873692,86.67687092971202,817.1585927247072,193.76319700679454,1255.3542318577418,66.84983261184018,13.848361984341324,100.0,0,6.21,1.0
M-03,PRESS,2026-07-17,Afternoon,63.83,511,96.94,0,RUNNING,306.6355801178217,0.06493989356289202,306.7992335124856,316.6980442971709,1.1476435153652795,319.4859977470457,2.5064221193805607,0.5772113717987347,3.5986960652511457,11.694757943548892,1.3392289954968124,14.285898532926447,53.08376579217649,10.51653387757758,75.883991841421,786.5753550821646,160.01492402494,1146.8403201700155,68.32996786987532,13.550250298930576,100.0,0,0.33,2.0
M-03,PRESS,2026-07-17,Morning,68.24,546,95.09,0,RUNNING,306.53208678801326,0.08295678346462332,306.6776254019249,316.76075727134406,1.018073763915428,318.16433175256105,2.5842222662357384,0.5092396255254789,3.539729997296241,11.9888857491825,1.3022209663530542,15.482253665511683,56.274820203617026,10.839714225193203,80.65944263888056,740.4245954791813,157.34113391899479,1241.2168022596047,71.8738348618306,14.156511868793169,99.9462996907438,0,6.54,1.0
M-03,PRESS,2026-07-17,Night,63.05,504,96.6,0,RUNNING,306.1854152130715,0.1757273429435992,306.5051934903253,316.4494474411992,0.8603475327520932,318.1046398256775,2.4867778343804483,0.5401639295714703,3.858891304663742,11.88024367168286,0.9842827851753764,13.981947938392342,55.70499387454225,11.087810884052153,88.57303805761165,748.7405588292668,151.24298416104526,1055.239627326965,69.99664476861463,13.898691469121147,100.0,0,0.67,1.0
M-03,PRESS,2026-07-18,Afternoon,64.8,518,95.59,0,RUNNING,306.6246716279117,0.10449829384306726,306.81813611041014,316.7868832064046,0.9429550413896103,318.7347819031248,2.6067346581586706,0.6730447622584427,3.667144607866546,12.016957169177783,1.2100735003595315,14.586671459744592,56.290951532241785,13.228628156820736,71.84854505973372,788.6656903962858,392.48139401923066,2744.7048139393687,71.18477313162546,17.94375128130371,95.33376418861684,0,1.33,1.0
M-03,PRESS,2026-07-18,Morning,66.49,532,98.45,0,RUNNING,306.11998780794437,0.13746563904484044,306.3158669037245,316.20510722686123,1.3436453900938272,319.6385140235363,2.684228502632856,0.5827980596614384,3.825112756216204,12.161432845064628,1.3279359433109374,15.536802854278967,55.75320588918854,13.097259623507213,85.13559160790976,771.9800572035621,193.1087721124983,1204.8618484294495,70.40652936862118,15.214887224294896,100.0,0,1.0,1.0
M-03,PRESS,2026-07-18,Night,63.29,506,94.35,0,RUNNING,307.1508190981108,0.1510488293552841,307.32249095656874,317.1860154536614,0.8895428477401315,319.00824924661725,2.6103941672720024,0.5697054692576048,3.5251960590566105,11.944422864741416,1.0498408767057765,14.63617500286173,54.14608541649244,13.648664877483048,87.02620795063238,788.5165078215788,205.89047796380223,1502.9998670107022,68.84620045337984,17.626352434036065,100.0,0,1.67,1.0
M-03,PRESS,2026-07-19,Afternoon,66.78,534,94.39,0,RUNNING,307.50842759523147,0.12627506122728957,307.7330242044711,317.6969108568371,1.0871984033509137,319.36173913128994,2.681690997432226,0.5957829448891738,4.411659620805685,11.587145099189033,1.3686204462915081,13.98704003339422,53.300900034774536,14.393568017327844,86.63667728231638,812.4096191718702,240.58074896962358,1462.735348403871,66.43819636974088,16.785300009831268,100.0,0,2.33,1.0
M-03,PRESS,2026-07-19,Morning,64.56,516,96.73,0,RUNNING,307.3732762587566,0.06994792010621667,307.52132660477594,317.26482889917867,0.9096152003590287,319.11410119134945,2.57581803852409,0.5036021693925781,3.7978658021830887,11.964943205836637,1.127539571240631,13.82863729161829,55.13526412058393,12.745715515541757,77.3407839107868,754.3879891115874,205.67277635538352,1362.314349475669,69.45401498634375,17.004811797993927,100.0,0,2.0,1.0
M-03,PRESS,2026-07-19,Night,67.91,543,95.46,0,RUNNING,307.7982723827064,0.21668838261938458,308.293238776621,317.9326567561167,0.9643303714626631,319.6598473683282,2.5723418767999044,0.5782281931935235,3.838653489657552,11.943085958336944,1.4113618643317458,14.165448546625557,55.76741199399805,12.837645191153982,89.16314111974805,755.8356662735001,220.26980475276284,1700.3467007707927,70.68677166937172,15.168803811355044,100.0,0,2.67,1.0
M-03,PRESS,2026-07-20,Afternoon,60.27,482,97.77,0,RUNNING,307.6940191184707,0.17920324322137648,308.06647672470183,317.51382624163296,1.2235051369785808,319.8251753159318,2.58782261006096,0.5361340447404745,3.8454324155680633,11.874733454083051,1.1144879604872315,14.07236934667464,56.28949457242715,13.00153987506661,81.48505262708254,754.2573802381905,237.27522820803804,1716.8486554744372,71.512105599568,16.268985253716675,100.0,0,3.33,1.0
M-03,PRESS,2026-07-20,Morning,64.96,520,94.51,0,RUNNING,307.9904196505022,0.07682796580830288,308.1322810741431,317.9688520491851,1.0642927801997226,320.632543778722,2.7962779867385312,0.5878893680795017,4.062344876742485,11.967692861218657,1.0532696385364775,13.978423370101408,52.29225928946085,12.000774414112092,74.7618378687086,841.4888188183206,389.3472884528452,2776.205031573963,66.89577995760979,14.514520229334266,99.59814956824134,0,3.0,1.0
M-03,PRESS,2026-07-20,Night,66.44,531,95.44,0,RUNNING,307.2684922280668,0.16336135701994312,307.52521080222107,317.223924804698,0.9294686002264583,318.53066231403744,2.807145818381528,0.6022539058036922,4.16972323617494,12.193654602301807,1.3972885118113811,14.260394675752256,57.490886302447926,13.344820563613657,90.2429813853904,740.4634767145684,215.88751874554725,1640.562366912016,72.73242433327707,16.292122811036926,100.0,0,3.67,1.0
M-03,PRESS,2026-07-21,Afternoon,61.95,496,94.94,0,RUNNING,307.30174882695974,0.10261291566979243,307.4877465649424,317.13244213362736,1.0237536076644302,319.07454820445696,2.623364801084678,0.408472412617762,3.7043997798086297,12.169576883858403,1.1579347423365167,14.383822540716965,58.335365986677665,11.42713516009884,80.14729383174614,720.6138504347837,179.58619715602114,1416.539277283922,72.71138043061842,15.396054786212519,100.0,0,4.33,1.0
M-03,PRESS,2026-07-21,Morning,65.13,521,97.03,0,RUNNING,307.20762248462523,0.08899627300292845,307.3228983859508,317.2137522105749,1.0945199051729575,319.2068777751711,2.6172568073471196,0.5986643407250485,3.665624572632318,12.136491911574339,1.225563632369717,14.117567007318362,57.52115142797768,14.149776027232468,93.17413942070372,742.8528297478834,201.32710493211474,1339.464988910246,70.64591015391133,16.2994804223677,100.0,0,4.0,1.0
M-03,PRESS,2026-07-21,Night,66.55,532,93.49,0,RUNNING,307.142883273893,0.0758725700412067,307.33052318829965,317.087489293555,0.8704607890026687,318.42136507368593,2.6343068908635656,0.5527182354211294,3.62545074616191,12.273967585100635,1.0063064188046091,14.234462967400493,52.90939401297903,11.440662620889842,76.71937858082873,796.3989717471499,196.81340965527414,1295.9993604751255,68.60554042421073,15.230654696026797,100.0,0,4.67,1.0
M-03,PRESS,2026-07-22,Afternoon,65.91,527,95.93,0,RUNNING,306.7859627499379,0.07485954169563888,306.9191254467717,316.94242363953924,1.0417816642164477,318.7109292147275,2.6704905154313767,0.6641575159050184,4.6136987760653625,12.039155834009314,1.2561692218101281,15.031580573913104,51.02662337112006,13.328349337830925,77.8416435011232,846.4007147771756,258.5268861068808,1605.3994231620738,64.93231276522167,17.216380804456485,100.0,0,5.33,1.0
M-03,PRESS,2026-07-22,Morning,65.57,525,93.29,0,RUNNING,306.8673419965353,0.10084950266110963,307.11589805522743,316.9695654284339,1.0521117947788465,319.3266885018522,2.5867866343266144,0.6041078428966717,3.615402970027026,12.01900000155419,1.4006032720998731,14.50298564351652,55.80291417085034,10.79999870388214,78.31517667135844,738.2682599229375,161.35049272465722,1126.7093716412342,70.68975934788172,15.451729708060512,99.98540032569204,0,5.0,1.0
M-03,PRESS,2026-07-22,Night,61.85,495,98.33,0,RUNNING,307.06596494867324,0.1258263305078961,307.34854884121046,317.0923984981445,0.8625920277541189,319.11447964303034,2.641795840604151,0.6851576495359417,3.981075120026573,11.811646301652194,0.9669488862656163,13.770935685318534,61.31849386392194,13.731676328246431,90.83097986921813,692.9238205208579,181.31356120555031,1257.756733230676,77.5879202188046,15.672790685846792,100.0,0,5.67,1.0
M-03,PRESS,2026-07-23,Afternoon,65.39,523,98.3,0,RUNNING,306.54724187704375,0.0445817791786051,306.643360931104,316.5192327660914,0.931503574908443,318.81365260847343,2.549855987508649,0.5654012208258266,3.560478381595509,12.137782324164007,1.3634541101708113,14.57283792204265,53.838621317641795,11.535229403561361,81.06081655135571,786.8747715304336,212.94052532369082,1638.644923666559,68.22587161818379,15.527123489927178,100.0,0,6.33,1.0
M-03,PRESS,2026-07-23,Morning,63.57,509,94.38,0,RUNNING,306.9381362212105,0.11205065558788291,307.09991201357064,316.80100069437134,0.890367811263791,318.5271065502053,2.7006835788081527,0.6942473681537048,4.37702448350949,12.116238395432255,1.1211661484267517,14.89071517698112,55.73392356648781,13.254014047566956,77.49283251289648,780.0687956511946,304.6482772400996,2135.842021588084,72.07045400184853,18.556573698619186,98.83679045230072,0,6.0,1.0
M-03,PRESS,2026-07-23,Night,63.02,504,96.12,0,RUNNING,306.5659635114695,0.18178561848992195,306.88398838399326,316.326686241033,1.070433046666383,319.2729754387309,2.702834172584678,0.541665312600313,3.850626749264438,11.85452487448339,1.2291312646262866,14.98973401677624,54.59255917960461,10.887262215004897,83.88619747640084,766.2310081851248,163.1507100472876,1211.0706377530962,68.41288133169468,14.609783767522945,100.0,0,6.67,1.0
M-03,PRESS,2026-07-24,Afternoon,65.34,523,95.27,0,RUNNING,306.3029724891644,0.10684962321697035,306.5184323878715,316.4363683474197,0.7118551612247102,317.898893492752,2.5360644001312105,0.5851452797456519,3.848312381747144,11.892657634370543,1.0929789814896644,13.6509776730256,52.805511642479026,11.219428575604601,78.55824445492414,793.0729878480174,168.58242426370157,1167.159056884513,68.02108169769187,14.697800377629994,99.73563477125973,0,7.33,0.0
M-03,PRESS,2026-07-24,Morning,65.84,527,97.39,0,RUNNING,306.39914111885474,0.10141136848889806,306.5474535840939,316.34328987519496,1.1143872593020419,319.20287148132167,2.6096703734241884,0.6532689802604865,3.627081399388471,12.299054165122923,1.115723988768242,13.853952038414247,56.6683249169705,10.26366504427395,78.42752827923046,731.5973630509259,144.62246926508013,1070.226044538403,71.6916039231998,13.201892054164999,100.0,0,7.0,1.0
M-03,PRESS,2026-07-24,Night,63.39,507,96.17,0,RUNNING,306.22912369196115,0.1517287179886347,306.4450137836629,316.40558476290227,1.108745653636299,319.3172918872813,2.4575284584605868,0.4525214898172008,3.3361049244505354,11.988192258660556,1.4662537732899712,14.395388554523622,60.623775897609875,11.607543779399855,87.59760691557719,689.1146365113734,153.8971715569191,1137.1936783047202,76.15735391630554,13.26745270371436,100.0,0,7.67,0.0
M-03,PRESS,2026-07-25,Afternoon,65.85,527,97.81,0,RUNNING,305.9713737329422,0.06322917238882239,306.09026379818755,315.8627510826876,0.9963862789255217,318.2283551545781,2.570049824834466,0.5835719743242026,3.396603696036544,11.891136115542098,1.2353928978398314,14.296958402074925,54.84496448473748,14.10127707205543,84.63290479522769,785.7306102788557,220.8343697379369,1379.6384775792735,70.3700279781605,18.572096116570226,100.0,0,8.33,0.0
M-03,PRESS,2026-07-25,Morning,62.91,503,90.16,0,RUNNING,305.7799597158112,0.10855210615700728,305.96788956703494,315.67371588094954,0.8436797099134455,317.3997401914226,2.527770443312761,0.5108840041823638,3.2877859304186465,11.68908628097172,1.266947442448927,14.187262497194569,49.33152777852192,12.65409070103433,77.5516553088373,875.7254748872319,281.0925258300895,1981.4633171146615,64.1086938804065,17.314541467559657,100.0,0,8.0,0.0
M-03,PRESS,2026-07-25,Night,60.39,483,93.98,0,RUNNING,305.52964004034686,0.3269305621541178,306.0384996208387,315.48001558565966,0.8852817010576244,317.81813915250456,2.5277493971415743,0.619990092649256,4.0604905050699855,11.406561081308585,1.348744799945994,14.3717669577476,57.02533230501909,11.047509921417399,76.92388101633114,736.0332789117549,183.1075448609808,1353.7066153319925,72.36055182470844,14.893503253179302,100.0,0,8.67,0.0
M-03,PRESS,2026-07-26,Afternoon,65.04,520,94.54,0,RUNNING,304.8943516300855,0.07110225601835318,305.0270580737027,314.9701244272642,1.0942327109695182,317.708263130949,2.5495175645458086,0.4749741121202125,3.709972441698024,12.079775073938654,1.3530562039779472,14.242312168075006,60.36920646668411,15.84150919369791,91.8949659416399,711.5742568730119,195.23648620892843,1146.711518360988,74.06552299682986,17.89581430049314,100.0,0,9.33,0.0
M-03,PRESS,2026-07-26,Morning,66.21,530,100.0,0,RUNNING,304.8269713556701,0.14218612714872228,305.069198104488,314.88525238454747,0.9558805650000682,317.3759945767169,2.8155800125851393,0.6727544441428186,4.251976923915537,12.033486857265501,1.0402566482799043,14.706322192222084,52.40896511856115,11.318874107471474,71.48763382573772,804.7064422185557,205.5868337258245,1311.7196906081756,66.27093719334853,15.10078009376334,94.96600745543851,0,9.0,0.0
M-03,PRESS,2026-07-26,Night,64.64,517,98.75,0,RUNNING,304.8903297769099,0.11752382702071267,305.06634778841425,315.07666381972757,0.7743571501070956,316.6057045730309,2.4243134410092866,0.69600054220093,4.012664365330985,11.895450648632943,1.076568881413968,14.445053207025644,55.75393227008612,12.021529380012247,79.80504445663851,769.285972961154,197.58756041503344,1404.1507988625335,69.33105581650167,14.993777315671121,100.0,0,9.67,0.0
M-03,PRESS,2026-07-27,Afternoon,64.06,512,94.09,0,RUNNING,304.7057708544993,0.1285907124167103,304.92392588710254,314.8182454461554,1.0258978312732785,317.2542247912415,2.5872180339950965,0.7338235026588111,4.222776303436228,12.529715892527156,1.0160889545566354,14.705681533464425,55.39324455220354,11.270873806904927,80.93166638775358,759.8624639710534,179.18311924701055,1187.543186937973,71.61145560223123,14.33093022883217,97.34562186712677,0,10.33,0.0
M-03,PRESS,2026-07-27,Morning,63.74,510,94.4,0,RUNNING,304.58875632410246,0.10715422138861949,304.8145152686553,314.6069770473567,1.0217058543465638,316.7995697771116,2.7829075290240914,0.4617869186240758,3.5509034786770024,12.165889717916267,1.319143671576167,14.76183399699615,55.784005617419645,12.826995127972072,80.34523479913233,772.0720077421435,241.98050682646695,1823.6549416081912,70.7210250816427,16.50514587246983,100.0,0,10.0,0.0
M-03,PRESS,2026-07-27,Night,65.24,522,99.25,0,RUNNING,304.5201942307886,0.10004563700478063,304.75364715080053,314.50078779701903,0.8904716514789919,316.6665711867667,2.5206205065416696,0.5387113473385169,3.389349981870577,12.067799863557035,1.2290075722559801,15.993312905341442,57.23232846234123,8.51740813585546,71.00462315511855,716.2735379618825,121.15421942128842,976.972767413589,73.87649818707561,11.992133849347763,90.09465013977652,0,10.67,0.0
M-03,PRESS,2026-07-28,Afternoon,64.43,515,92.87,0,RUNNING,304.80678157580365,0.1328225734527091,305.117140862206,314.7245410266909,1.1812549656817781,316.8680926078666,2.470440297766499,0.6038725908246623,4.115092840309511,12.046827674900253,1.2011538109710744,14.49888924632628,56.03366723332881,13.64807254725671,86.41159048491232,770.6005910379625,203.72204093257392,1323.2511030929736,70.31811090581542,17.21652934557077,98.47313174741512,0,11.33,0.0
M-03,PRESS,2026-07-28,Morning,65.63,525,95.78,0,RUNNING,304.85574325618023,0.14482343445684048,305.1058832473768,314.6093529220263,1.188954014256606,317.2258079686908,2.3990219139091704,0.5042225147114611,3.773145961974168,11.781138311218788,1.068061382210228,13.70667462889774,60.0107782580499,12.791522286045389,92.85981531828249,697.4553501867473,149.62204392072607,1039.2685573727706,76.69239740912947,15.830959132322546,100.0,0,11.0,0.0
M-03,PRESS,2026-07-28,Night,66.72,534,95.84,0,RUNNING,304.6423682780777,0.10004908165367499,304.8177736432156,314.57853867747286,1.0718678705210187,316.6097019516289,2.6643694624105962,0.6560066828189312,4.221326627905858,11.791633261056086,1.4196136804011041,14.621983387301366,55.11493577602264,13.216400797588713,88.72237287614729,769.1953878880047,184.80968323986386,1236.0509145655578,68.6187380765318,15.647444103605986,100.0,0,11.67,0.0
M-03,PRESS,2026-07-29,Afternoon,65.58,525,94.5,0,RUNNING,305.04666245865405,0.20732809567360982,305.2870727633997,315.0743219008057,0.9572263770646315,317.0412564001363,2.700097971256889,0.64565633895867,4.153189260828072,11.89677428850115,1.0923201253991754,14.800113041356417,55.0133896980162,11.59191551415482,76.74019485075287,765.7559680301193,187.21302964330718,1323.8809955131535,72.0856059841386,15.401053154924437,99.51601725834531,0,12.33,0.0
M-03,PRESS,2026-07-29,Morning,64.65,517,100.0,0,RUNNING,304.58118675057307,0.10597821710284205,304.7222154399531,314.7148687616795,1.001051133056673,316.7586327564858,2.5987133583010746,0.47570409325581664,3.285908537629063,12.124283347821592,1.0304771656272937,14.299785948724978,55.67176941406059,14.12136926771404,88.29161296157318,763.3135159810046,200.71176993161384,1179.0739897974013,71.0186581852245,16.917119501110534,100.0,0,12.0,0.0
M-03,PRESS,2026-07-29,Night,64.17,513,98.3,0,RUNNING,305.13561074072356,0.05507363994086043,305.2112992129308,315.1718422056903,0.876506087726524,316.24160518972343,2.0979202640556727,0.707042747164065,3.4560533670496723,12.39722390713243,0.9447793457062998,13.919557954739982,61.308431279500745,9.794858824259283,77.65642040430654,681.1794969428814,123.82308388419382,953.4883179321328,78.85660738546937,13.02127795929331,100.0,0,12.67,0.0
M-04,PRESS,2026-05-01,Afternoon,66.79,534,94.66,0,RUNNING,306.63375640213667,0.06730346797803703,306.7616030207239,316.5210615738585,0.9871095172213552,318.393922371042,2.6290050687671016,0.43132061991188564,3.4321124092554216,11.97026302815641,1.1219303290890967,13.943975364517662,57.095662779718694,10.650503460462005,77.95330627437231,739.3935346189132,149.71673141576957,1063.185843600411,72.53410789695918,14.388563369464366,100.0,0,,0.0
M-04,PRESS,2026-05-01,Morning,65.22,522,93.12,0,RUNNING,306.6219083616724,0.11819629162697914,306.8571044448657,316.75861027543317,1.0176230344237653,318.3651486045137,2.6025138672392463,0.7513262815105769,4.064442261747556,11.882110077469012,1.318550662241972,13.964425582968587,57.038051247508015,12.384324342588686,79.69673206208256,743.7143208222544,171.61428712638332,1177.8565288076409,73.12143365471945,16.878002760900273,99.35872862729654,0,,0.0
M-04,PRESS,2026-05-01,Night,68.65,549,98.16,0,RUNNING,306.28692634985487,0.15053435417906733,306.4927699712055,316.034478899449,0.9094432574104238,318.3571527569505,2.7313279404658726,0.4358580634614404,3.5474676475412767,12.061479285130037,1.23149272208239,14.149348520762729,52.99831927925758,12.366915169379169,81.9067154335752,807.4842459396945,238.64548938523595,1724.1309333783595,67.39056241079452,15.235458264844537,100.0,0,,0.0
M-04,PRESS,2026-05-02,Afternoon,65.13,521,97.71,0,RUNNING,306.51530423531284,0.11620922991019608,306.7107592966139,316.5678062830735,0.8994262244470637,318.871067501015,2.616936793751581,0.5945137656038476,3.7609530056826737,11.943696200620067,1.1483568854616095,14.195165205339665,55.888545530280396,12.945330095353233,91.86033879720183,750.0985572836275,183.22391455500775,1344.7418901311817,69.96885113745145,16.476967259481796,100.0,0,,0.0
M-04,PRESS,2026-05-02,Morning,64.13,513,98.56,0,RUNNING,306.5940137510534,0.14330461547876497,306.7982212525086,316.547666017783,1.1616449682669745,318.5897586333311,2.611579626644287,0.6959539048536312,4.085823624429263,11.975859561528072,1.099056688532476,14.174266596158756,57.1006800845073,14.256501901824166,92.17827911824708,764.0633795009832,291.07328074021126,1885.1483541040304,71.260316263134,18.2798123065384,100.0,0,,0.0
M-04,PRESS,2026-05-02,Night,65.95,528,94.31,0,RUNNING,306.8161716155618,0.0663815281060199,306.919141545745,316.76029953942225,1.0825154270681252,318.713753195054,2.411482105274687,0.5320565553039136,3.7896643369151226,11.940888095274067,1.0336096042146166,13.820238745654752,55.6806333997015,8.716699442046766,69.32566501377765,734.4006527971043,126.34549304731854,1052.6952377750897,71.8296312208669,11.586799724638844,92.87403673982767,0,,0.0
M-04,PRESS,2026-05-03,Afternoon,64.35,515,95.19,0,RUNNING,307.00880798536593,0.12331096689091771,307.1995968738373,317.01102600232446,0.922226008475035,318.92097797224585,2.5394630130212787,0.5468426121397811,3.597308700225031,12.085114240881364,1.3157464564676027,15.798051682467996,54.201883528711576,12.671842853659559,71.40600107395788,780.8950730517669,229.686329131481,1578.7464736557583,69.00796752677667,15.672698539857818,91.83344767586154,0,,0.0
M-04,PRESS,2026-05-03,Morning,63.75,510,98.06,0,RUNNING,307.03619711206676,0.09427633363768534,307.17065554820203,317.3952990591821,0.9007849987188828,319.2619747237406,2.641703396697159,0.5669656143887504,3.716569568696008,11.802509841887408,1.3240705260987282,15.73169143879094,54.33516582435745,11.519680148705413,71.74619209914687,778.4805240836986,207.08561534810508,1419.0838460779505,69.23183998569328,14.36662427425123,89.472201252115,0,,0.0
M-04,PRESS,2026-05-03,Night,63.14,505,96.85,0,RUNNING,306.9032866534783,0.11579803034728943,307.05549872932846,317.01940290670893,0.7742115640930615,318.7498282730902,2.681377028665368,0.4807238677917256,3.4904669257399465,11.748755908358454,1.2255369211766156,13.970340138204662,51.82702303672916,12.494671776935798,75.46977550413969,836.5600747927372,256.3440141659486,1656.1415964134324,65.95879143927758,15.103768491764031,93.60861010818084,0,,0.0
M-04,PRESS,2026-05-04,Afternoon,65.05,520,98.82,0,RUNNING,306.51760281932366,0.192746463743239,306.89804240465367,316.8405141308474,1.0648483288204194,319.0187090024731,2.3260115231105822,0.65814974951767,3.688293770860554,11.902206058499221,1.2609926260800972,14.59450650364473,55.00761998438367,10.455001047154962,86.73369171812871,751.9131574112032,136.34198976683405,1054.548964727357,69.88240310672548,13.563155377275287,100.0,0,,0.0
M-04,PRESS,2026-05-04,Morning,69.02,552,93.86,0,RUNNING,306.5580136224619,0.25689694424910714,306.9874387251844,316.50568681452256,1.063858264389156,318.425560752604,2.6005729299232847,0.4687279673446528,3.750284665392609,12.024024137804846,1.161869205451717,14.47181528827874,57.5665285592049,15.29214953800218,96.25467899647492,750.2794467935753,224.44814938934388,1364.706463423455,73.73344120303095,19.117066398696856,100.0,0,,0.0
M-04,PRESS,2026-05-04,Night,64.84,519,96.9,0,RUNNING,306.95491134766235,0.32183961062513117,307.42603628023807,317.1338669661558,0.960711888691779,318.73117648590693,2.689313104586758,0.5714609117972884,4.084386596795947,11.80260612686906,1.3165055342272467,14.646883745778227,56.02677780475056,12.161033774942917,78.40785840615051,758.9265515697808,197.62556149381504,1358.5952047973155,71.55685914122215,15.294232579909623,100.0,0,,0.0
M-04,PRESS,2026-05-05,Afternoon,59.25,474,92.97,0,RUNNING,308.5273180155954,0.0817056390872621,308.7285533513378,318.3008015462579,1.1235913869319696,320.0213943808496,3.646884296836306,0.5764238272506368,5.2420074206811575,12.18049415813567,1.4444745836834356,14.640923513841306,50.62864289946501,13.013389006871458,75.15784144575493,842.8508937108813,315.9092602486397,1969.117218151299,65.18774337728674,15.268412530502387,92.4923144990295,0,,0.0
M-04,PRESS,2026-05-05,Morning,57.68,461,91.86,0,RUNNING,307.89956075483815,0.29181740107499454,308.3841384355404,317.8041031765434,0.9189847857179028,319.2548989568172,3.0642084331550956,0.5563163032552286,4.000930025933722,11.993986527982539,1.4418283097035072,14.229762087444302,55.53609481780047,11.199257359314387,83.64147660464155,753.3638107798722,171.9505317508976,1160.6587432822337,70.60478013721789,15.985165815213904,100.0,0,,0.0
M-04,PRESS,2026-05-05,Night,61.71,494,96.18,0,RUNNING,308.92734565626057,0.2508539975209923,309.26602296925967,318.8309412822155,1.1002784063487507,320.8229889685604,3.6640273084191817,0.5672200351479744,5.384372097437339,12.294220705840214,1.1590835219522295,14.426188174074298,54.37202612464834,11.525035436930505,75.38016878223873,774.3383017169847,191.13444020994177,1257.3264274153348,70.24847301375999,14.457032696951401,94.28199197392756,0,,0.0
M-04,PRESS,2026-05-06,Afternoon,54.48,436,85.29,0,RUNNING,308.790162129889,0.23022038856298946,309.2524370900006,318.9160942394587,0.8361727420264756,321.05200898897624,4.7666017779106635,0.5374442162218526,5.9662467560117545,13.082208314561862,1.3841490813302872,16.597645341199037,54.540615469239185,10.715351429395708,82.86139991879882,759.6669431946062,169.62117017941583,1253.4620372823117,69.9982347063129,13.531233918347029,100.0,0,,0.0
M-04,PRESS,2026-05-06,Morning,55.11,441,86.65,0,RUNNING,309.24001468297087,0.10383743425061662,309.4538660119969,319.2353753045753,0.7649266368665426,320.9561040860961,4.310384283015357,0.6014117991748781,5.553791402594044,12.967925400606706,1.0369866691162861,14.867383990864983,52.38120316590818,12.826013722231412,78.62820200807158,813.8203625307866,220.3665759627422,1617.5697392927182,65.6525534965215,16.957281626556814,100.0,0,,0.0
M-04,PRESS,2026-05-06,Night,54.72,438,85.41,0,RUNNING,308.7747200364431,0.13149502610193886,308.9919534987205,318.5523432518915,1.1639108210366125,320.51402619229015,5.150949741475111,0.7177633231090924,6.552668084321859,13.011767494030838,1.21700668671911,15.257409177620708,54.92879325500936,11.7610712783574,75.5323095651099,769.3256326326447,204.3504467855481,1388.3784779304656,68.85961756020654,14.987141946376349,94.10073966889436,0,,0.0
M-04,PRESS,2026-05-07,Afternoon,63.04,126,98.28,360,MAINTENANCE,309.6128695037825,0.34467041336895937,310.2828367716443,319.70188550759025,1.1412058881336575,321.90462642263907,6.00865780722558,0.6787484594016923,7.093939801169777,13.138799316081721,1.3612957863502493,16.492874672144374,56.280712557257644,12.102176665534818,88.98497233090879,747.1924225358974,165.59938307129195,1220.8515517655449,70.743952562599,15.358071070000854,100.0,0,,0.0
M-04,PRESS,2026-05-07,Morning,65.33,131,98.64,360,MAINTENANCE,308.8867424632497,0.15786470326437727,309.23972995088974,318.9760011057724,1.0032281008313924,320.87652452530904,5.764501186677139,0.6176746451857508,6.638190793258781,12.966730076427273,1.2334939492821135,15.797769915753918,57.33117816143875,11.74027753121252,80.05056100449687,727.3069941061366,163.49048744703143,1098.7915244582352,74.18537625289036,15.290031698526068,100.0,0,,0.0
M-04,PRESS,2026-05-07,Night,67.57,135,95.76,360,MAINTENANCE,309.01065453630383,1.8724620548199342,310.3198351858276,318.00726766154645,2.6401758146671046,321.83686758715555,4.606886153964705,1.6753768277800554,6.406655607041477,13.153241235674304,1.8374256816062886,15.340470616781332,46.97011671738953,8.014611228865528,62.21918650988758,893.2864411387126,156.0044974273929,1087.9212655599465,62.49646667076023,8.596207521182482,79.64148875331101,1,0.29,1.0
M-04,PRESS,2026-05-08,Afternoon,67.53,540,95.95,0,RUNNING,305.7384188447527,0.17897686447251665,306.0226157508856,315.8037151444033,1.0434289445379024,317.6918170394723,2.4917885036107226,0.5028816261955734,3.5955823834869163,11.667413067314344,1.1388089861807644,13.437683383690604,57.612911790516684,10.171143735068148,80.36995934017042,717.6081995402116,136.1943860224396,1103.543112625888,74.42229626090183,12.812798374157587,100.0,0,0.96,1.0
M-04,PRESS,2026-05-08,Morning,60.86,487,94.78,0,RUNNING,305.90626838309987,0.09252095862361881,306.08322867862034,315.6349053271676,1.0301138240006729,317.86092878967287,2.5840123189579405,0.4779239647370216,3.377573911749346,12.000836903025675,1.313280408001157,14.681496118244414,54.00927969363407,10.642021604024425,75.00089381352008,772.8704189573334,160.0283440180334,1114.6781441873943,69.70020598745185,14.011689638598408,100.0,0,0.62,1.0
M-04,PRESS,2026-05-08,Night,63.05,504,94.99,0,RUNNING,305.5670766249636,0.10684226796244033,305.8082770232318,315.5303871427375,0.9002432350205131,317.6866750941836,2.6045914833104296,0.5480410554227322,3.854768314279132,11.958335008274128,1.4072805099146757,15.305701664789606,54.916468654456345,12.860742195970632,74.52713621491684,789.6399282448257,290.6396481466343,1909.2796486082889,68.05682114292395,16.949915945384973,94.07568083971054,0,1.29,1.0
M-04,PRESS,2026-05-09,Afternoon,64.53,516,95.27,0,RUNNING,305.6494901262044,0.09351227415881021,305.821040201422,315.85278309003166,0.932922160583823,317.7185314296266,2.5883083469699915,0.6622686649871378,3.701274953680904,11.958058780348924,1.0544029792036829,14.152250094005185,53.86335127306799,13.60436620587396,77.68116622439373,801.9793872184631,238.74668199747555,1705.6046088241756,67.29476080303503,17.982995398401336,98.47023330095116,0,1.96,1.0
M-04,PRESS,2026-05-09,Morning,66.64,533,97.09,0,RUNNING,305.4918381720711,0.07058938497652634,305.60204806353374,315.38450520703134,0.9717656913373921,317.7657022224504,2.442303611178548,0.6207792314085455,3.935127514722613,11.574637297678807,0.9676919737337363,13.679597426261733,58.47567503300037,11.438072733434417,78.97337973204122,715.3644731965974,162.99360605955516,1209.13582607412,73.80116384292063,15.655721677277418,100.0,0,1.62,1.0
M-04,PRESS,2026-05-09,Night,64.24,514,94.16,0,RUNNING,304.96693781634485,0.20377297317641296,305.52927299590783,315.17843382548523,1.169682214538499,317.53978180837635,2.7209561967207874,0.7286122348222797,4.791165515470038,11.618281076797105,1.2317072788217656,14.048624505787592,54.09662479979516,10.494870791961764,69.75202714620994,775.0979798338144,198.72918473403564,1520.1268111072789,68.76663493436793,13.802618799186327,91.69218242033968,0,2.29,1.0
M-04,PRESS,2026-05-10,Afternoon,67.37,539,99.04,0,RUNNING,305.4860382377529,0.13986539000273993,305.6870912983968,315.27143215036676,0.9444077258868782,317.09349859572194,2.5533672043512308,0.5150812178912396,3.643606598050795,12.011465772551214,1.1978252156270175,14.66262308238487,57.32188480075065,11.602446415427801,76.1183531051318,732.5627036690282,162.730894389695,1080.686550907042,73.18032268199228,16.472061270218717,100.0,0,2.96,1.0
M-04,PRESS,2026-05-10,Morning,68.15,545,95.36,0,RUNNING,305.1586240019359,0.1103661526672188,305.3886210878176,315.06391151006653,0.9384099377190055,317.0411802689054,2.4671672653947248,0.5377945909144644,3.710333579308141,12.027747756991918,1.2302696646217375,13.95941993770352,58.53569264932006,13.423306052950464,93.90171307584149,730.2341051647754,155.83887910470136,1071.905731746832,73.83262770342253,15.643477607038308,100.0,0,2.62,1.0
M-04,PRESS,2026-05-10,Night,66.95,536,95.14,0,RUNNING,305.73630960271674,0.13116753679152524,305.9363911886772,315.67435296080316,1.0437760452443317,318.16688739720496,2.507936458392625,0.6039869345444309,3.5141166359079907,12.190521326629321,1.1306925836642925,15.402198683642446,57.69681281250589,12.016536737543657,85.18163385867422,729.5420416861033,170.23856531462715,1188.6875612435,73.2052675503466,15.889406824606851,100.0,0,3.29,1.0
M-04,PRESS,2026-05-11,Afternoon,63.24,506,96.65,0,RUNNING,305.0059697848839,0.1293341449640058,305.2901920117137,315.35409795225496,1.2124488780552862,318.1498520667198,2.6416322846771743,0.6400245354826978,4.154289056284107,11.95838732336687,1.1431320728195098,14.179041037265986,54.88770141915566,11.92565610042267,74.85188319796785,767.0446754091879,182.9393894280315,1160.7893332104563,68.76554082403936,15.83914926215449,100.0,0,3.96,1.0
M-04,PRESS,2026-05-11,Morning,65.79,526,95.95,0,RUNNING,305.57441254898316,0.19428030449297842,305.78456879614373,315.4501453711216,1.0032658576822577,317.4083711907109,2.5457940902044607,0.6366338058509161,4.11538615273092,11.93719592680836,1.1413062523489028,14.310442907496126,53.04743600831054,11.5565486037268,70.74201795064897,796.3774066476205,200.72531413521648,1362.0109547330767,67.81641222247555,14.930077642570431,93.91808358122404,0,3.62,1.0
M-04,PRESS,2026-05-11,Night,62.7,502,98.38,0,RUNNING,304.89295681620155,0.1576437462767704,305.0682645608486,314.66765774513175,1.0334643531789698,316.5409849537997,2.6266224075006748,0.5216797451643386,3.648580428955128,11.92545195802991,1.0666019742456165,13.704953659365422,52.031195628390755,11.522096773244762,70.54157915111918,810.352570336881,195.66219316377095,1351.6146048423686,68.04853073762939,16.22491930820122,98.909932877383,0,4.29,1.0
M-04,PRESS,2026-05-12,Afternoon,65.55,524,95.48,0,RUNNING,303.60406434401705,0.17227549859490388,303.8481482042981,313.42727773807604,1.0069912203830422,315.81647774000936,2.578251799561906,0.6955412980842983,3.982900554071872,12.132418799841231,1.4078716968427456,15.724388093483828,53.93168085130144,10.860457208966091,75.16034461713235,772.2540635393178,163.84196439072133,1165.9052597647694,68.84023768669803,14.579267789434667,96.00114762967137,0,4.96,1.0
M-04,PRESS,2026-05-12,Morning,64.09,513,96.4,0,RUNNING,304.2165447195538,0.19488594284311356,304.5600649745608,314.0917574566958,0.955103825597625,316.10307943708614,2.6638813169476996,0.5152641548895459,3.916666234079965,12.091313809384442,1.2386072541905386,14.524038299848044,53.57959376215096,12.988282381517172,84.70448696490081,784.4448814016349,200.4735907815534,1292.5246716259612,67.51502407893823,16.53451688377222,100.0,0,4.62,1.0
M-04,PRESS,2026-05-12,Night,66.14,529,95.05,0,RUNNING,303.9111857480264,0.09140696864663476,304.11641582359607,313.96773266456273,0.8468499808929206,315.6758742041476,2.77436316101415,0.5578041216111678,4.395835058891036,12.147219290017436,1.156601458138865,15.126257064583548,56.746900419438454,10.180014968500181,80.31370704598234,728.9566394835615,144.18252915350345,1063.3035910076978,72.36675519547529,14.053679457076573,100.0,0,5.29,1.0
M-04,PRESS,2026-05-13,Afternoon,65.25,522,99.88,0,RUNNING,304.16109681804505,0.11049916886329915,304.3771415407809,314.1375023537237,0.9375903301178301,315.3600836580372,2.49072620224158,0.550364432067725,4.048191595795559,11.982810208588303,1.1498270319336619,13.890365948751487,54.80313580176402,13.587869513812286,77.12065980551444,782.4000957331285,226.57194645014013,1252.5346343973097,69.65470229091876,18.993134783582608,99.51831588431187,0,5.96,1.0
M-04,PRESS,2026-05-13,Morning,66.7,534,93.31,0,RUNNING,304.1971109435463,0.19302796632341027,304.5237741656248,314.27974054847294,1.0130758384256318,315.9345783869209,2.5564009269642582,0.5965008065826298,4.053086149088817,12.109696510550595,0.8920670351824767,14.043808898314996,60.33993653901133,14.922751310064795,91.5382956135904,704.5306020732634,174.08788884533038,1153.6070665598857,76.01056922468695,16.37381586245877,100.0,0,5.62,1.0
M-04,PRESS,2026-05-13,Night,63.05,504,94.64,0,RUNNING,303.8865386578774,0.1453201883789649,304.04826593226335,314.1569860939089,1.1390086040295184,316.2026154442951,2.661914420501812,0.6044338683818884,3.951554645869439,11.835643072794712,1.2914824632340585,14.561910091800176,62.80707330398639,10.273848159095712,80.3454410214838,655.0249293523053,119.15045546480528,1032.8413505656122,79.69348399722136,13.563015969120856,100.0,0,6.29,1.0
M-04,PRESS,2026-05-14,Afternoon,65.68,525,96.98,0,RUNNING,303.1767751381191,0.1298390273852249,303.48175808000246,313.39061407276284,1.0664842365522225,315.7066760892793,2.537922301571156,0.5847452245907373,3.244780460219544,12.193979554197817,0.9076035555026125,13.802993313994678,52.583242539284015,10.53742408986438,73.86968481372021,791.9205847264103,181.07909229682969,1399.9033886024745,66.46413746339987,14.925036813653183,94.43280412210171,0,6.96,1.0
M-04,PRESS,2026-05-14,Morning,66.0,528,96.36,0,RUNNING,303.6748921573484,0.08046930485863331,303.81569389798733,313.5933811693188,1.0305277018908032,315.229538605984,2.7530213466220177,0.5785195233321266,3.9367034230247695,12.0905423816526,1.362926565720561,14.548049402069092,58.404345223272884,14.420389727847068,80.50899630407213,746.6946955929645,269.692370790786,1747.1451530373863,73.79362436387368,18.157896461153776,100.0,0,6.62,1.0
M-04,PRESS,2026-05-14,Night,66.24,530,98.22,0,RUNNING,302.6254726859578,0.14515175074142195,302.8910473619568,312.54408456523004,0.9345401187872929,313.8903518818041,2.6966991351020777,0.6755222256897611,4.195570213779409,12.426953097483699,1.4297707898840621,15.815471046376128,55.50986884469229,11.25204292370682,80.51228034354146,751.4278910941518,146.4763046189371,1053.3933262199096,70.47168514003698,15.2304138036362,100.0,0,7.29,0.0
M-04,PRESS,2026-05-15,Afternoon,66.31,530,99.8,0,RUNNING,302.06265314087784,0.19862044336696066,302.3200110391496,311.9706584679275,1.0945346362638522,313.9093507974879,2.4152393429895302,0.5515243745536517,3.3933390253479905,12.387206050115921,0.9937034042776872,14.46545331947453,59.15500980958351,13.870108918327878,90.434767538245,714.2334951379415,182.0651621920812,1210.2749823670515,74.23655553781734,17.285938770531324,100.0,0,7.96,0.0
M-04,PRESS,2026-05-15,Morning,65.8,526,95.52,0,RUNNING,302.22607460870375,0.11274911601691812,302.4140397306288,312.0227045134064,0.9963742779397012,313.96459616837376,2.6474904915673765,0.5869315410330936,4.164536195493412,11.696977957833658,1.3018856182816287,15.834961831037786,53.69750863325401,14.245832252532932,90.66670234819966,798.4842523532269,251.777692521666,1843.852080487052,69.51170671990637,16.072229078442746,100.0,0,7.62,0.0
M-04,PRESS,2026-05-15,Night,64.74,518,94.05,0,RUNNING,301.8135097598959,0.16524080556102377,302.06660062938766,311.5459190099695,1.0283256354040935,314.17396617199483,2.6870370559918775,0.47800672009678613,3.972369776723842,12.06044617832094,1.4206066851847856,14.52422196466298,56.74716114596006,12.336006527760679,76.84146559502786,744.4375659061765,208.5804771731255,1305.6455413141296,73.96740103430685,16.137872545079997,100.0,0,8.29,0.0
M-04,PRESS,2026-05-16,Afternoon,60.76,486,97.69,0,RUNNING,301.8223475155431,0.14398809999490417,302.083704427929,311.68234784879485,0.9151675435153926,312.975485620629,2.632230092702828,0.6952635975147028,3.75117056286084,12.374744566497517,1.2143383138922341,15.191257558369289,56.95741188194174,11.243076831285073,80.3290475726741,732.6973079576278,161.10110916673563,1304.096146950721,72.56500151302751,14.390445738660818,100.0,0,8.96,0.0
M-04,PRESS,2026-05-16,Morning,67.16,537,95.76,0,RUNNING,301.9281795771347,0.06929502360298961,302.069920271333,311.85478785679743,0.9800921052446251,314.00370884573283,2.6636414783530706,0.5608843825634617,3.656560252144168,11.739449858569742,1.0203972539969233,14.189095298266942,53.570105825085456,11.18619492741122,77.4974573855592,794.6115006866537,209.39186455058825,1474.4412681949875,66.70045670011211,13.813933221619555,98.1310926974702,0,8.62,0.0
M-04,PRESS,2026-05-16,Night,63.96,512,95.82,0,RUNNING,301.90575497078595,0.15904649553270164,302.1274093586932,311.64389170327377,0.9702222748604921,314.1508762543995,2.514815816574241,0.6134357986051597,3.986125995727455,11.642203746970425,0.8904998664695848,13.132754412567849,52.27101843390837,9.23786508216793,79.49953748905415,790.3977764323313,135.201811821598,1088.8189899236745,66.46843969837042,12.285416018155084,97.00790358506907,0,9.29,0.0
M-04,PRESS,2026-05-17,Afternoon,66.38,531,95.13,0,RUNNING,301.90406672438917,0.21706016983108123,302.1987741941268,311.6649961221827,1.124325083837955,313.7748749415197,2.5903328336624867,0.6205537629347995,3.92969733092775,11.811915546345496,1.2611065468290552,13.773506115743622,56.91919740489768,10.658408493181915,75.86034774902141,725.0976937551679,140.99581229977466,991.4954475084832,74.52862279602157,15.800070542375293,100.0,0,9.96,0.0
M-04,PRESS,2026-05-17,Morning,65.65,525,96.38,0,RUNNING,301.99540432580807,0.1719496695182349,302.2341204305681,311.8491709049179,1.0096746965135208,313.9959722862351,2.6202701172867897,0.5169968701581767,3.7430374743023327,12.06262777760197,0.9678269210467689,13.883035687095887,60.1845116448676,12.51029615998474,85.96384632599279,694.9575191801816,145.01629038024618,1048.940745117813,76.44936385523887,14.911984963164588,100.0,0,9.62,0.0
M-04,PRESS,2026-05-17,Night,66.0,528,95.48,0,RUNNING,301.7690668067596,0.19514884482467967,302.18309116320296,311.51684300833085,0.9898988953418687,313.6501641350766,2.563244705238217,0.5506595978104957,3.351063254837785,12.545277047524173,1.260044266808834,15.841521051132714,54.8468590734118,11.020316517767368,85.11838339187763,760.5215130577329,165.77210709361356,1216.77520257098,71.0101464541793,14.64711407522489,98.37055568921942,0,10.29,0.0
M-04,PRESS,2026-05-18,Afternoon,63.18,505,98.17,0,RUNNING,301.0077543834615,0.153961227977905,301.439758978558,310.9508030465631,1.0459691976231476,312.4659416878995,2.514330540172698,0.5960885285141098,4.007355467954715,12.121275192180127,1.0113997583160408,14.39667930443682,53.33114635529395,12.180660364686414,83.63096489376352,788.4388581850112,179.4600608560672,1184.677824752457,68.00781256889312,15.272527283103045,100.0,0,10.96,0.0
M-04,PRESS,2026-05-18,Morning,66.44,532,97.23,0,RUNNING,301.55494359574334,0.15196347517983008,301.87557752896095,311.6522811637959,0.9666278137605747,313.320230398515,2.804982373131344,0.6448302697249746,4.017780797366749,11.977065864930871,1.2774927290325204,14.002115914648746,55.35598043686499,11.468806106753561,78.13751033615294,761.2419017537144,163.52893169635928,1141.485217383219,72.04420523651737,15.920801636424246,100.0,0,10.62,0.0
M-04,PRESS,2026-05-18,Night,63.95,512,97.62,0,RUNNING,301.23948711378074,0.13416066681393776,301.46456554245395,311.2784769135599,0.9657135184940504,312.826677843156,2.593950099304328,0.6438387900949605,3.969123240938648,11.698700871134333,1.1198310393376516,13.837619170523515,55.81200074870159,11.267609947923848,83.80452436116677,752.2984057746737,165.53555451097688,1165.4154768983133,70.65928020229242,15.185617927861646,94.60155973057005,0,11.29,0.0
M-04,PRESS,2026-05-19,Afternoon,64.56,517,95.3,0,RUNNING,300.8874959840662,0.18547487489779002,301.33927142017046,310.81015176279766,0.9586332106752901,312.846323677345,2.670381262897975,0.5753073155293743,3.809583932105795,12.127508153222138,1.167284111316289,14.005417088755408,53.861334745995144,10.344452961499599,71.94829990627882,781.5597135760371,177.41539719188108,1353.927503114773,68.76754933542087,13.464047618562525,90.90408193458536,0,11.96,0.0
M-04,PRESS,2026-05-19,Morning,65.72,526,99.68,0,RUNNING,301.2805491425099,0.0797590174584864,301.43811318424025,311.2905115059391,0.878398782535468,313.086395866912,2.6213094510097403,0.5066158858384062,3.8820189876064815,11.887910318882902,0.9423351360735451,13.38344512776644,53.49870940055733,14.217829107989965,96.46207049272336,811.0277546371735,203.31205415798615,1227.9004283255167,69.17971255005583,17.432214366949967,100.0,0,11.62,0.0
M-04,PRESS,2026-05-19,Night,64.96,520,95.39,0,RUNNING,300.8062465284544,0.1215387329389546,301.0511126158745,311.0163439501751,1.1309492573856337,313.21517353759714,2.453694822881765,0.6596457108859717,3.9866385766511367,12.181367104010592,1.179884926153056,14.537847040531677,53.1166045843982,11.405301230749451,75.85427018840653,790.8959914772952,177.07045289679706,1237.7526472336274,68.56175763931122,14.252543913531712,96.81267310203216,0,12.29,0.0
M-04,PRESS,2026-05-20,Afternoon,62.95,504,93.86,0,RUNNING,300.7095599273214,0.1574636825557155,300.9252928569008,310.70766001882845,1.1235757863641374,312.83854562773047,2.8627759334575917,0.7134973457706698,3.932276033575984,12.287874946078304,1.3716389142886523,15.107724808776576,55.67751500120913,12.015030353467608,78.88585777703042,772.3930805682327,290.82034472092806,2179.682629551779,71.20281717117892,15.996114553850038,96.3539420422806,0,12.96,0.0
M-04,PRESS,2026-05-20,Morning,66.56,532,92.77,0,RUNNING,300.5764352331962,0.12331748144225944,300.81306500394663,310.63203109246905,1.0899520513143133,313.1591625403772,2.575786869554845,0.5723534871570787,4.303342472063633,11.766176147073157,1.063372548047428,13.602721738351256,56.31323709397489,13.442913802647553,81.66705754436265,758.0923108811261,195.20660863086724,1127.139802876026,71.94056274294441,17.76769106311143,100.0,0,12.62,0.0
M-04,PRESS,2026-05-20,Night,66.85,535,99.42,0,RUNNING,300.55473401964827,0.1285219639205813,300.81042773002576,310.6018502628511,0.94433304185156,312.23144639751723,2.680765162430053,0.7006585843875823,4.16839234105163,12.543173110040538,1.2681522500279265,14.710305113689571,53.0735521906684,9.080927050285915,66.03970627299431,777.5362463782881,161.03053150929568,1211.9835293749252,66.91458457763332,12.827134778019818,86.64265726116075,0,13.29,0.0
M-04,PRESS,2026-05-21,Afternoon,65.14,521,98.32,0,RUNNING,300.8047556272619,0.09413299212740855,300.96703230484127,310.92505487799326,0.9416176203956539,312.9172387542969,2.6506504412516256,0.5555030228849003,4.374625208448555,11.77168621014704,1.2245933058538436,14.27537327792297,55.91144403096465,13.095264185980822,89.29890445440566,743.3043633140318,195.5175100614013,1283.2760177075727,72.20733056984443,16.575532748193034,100.0,0,13.96,0.0
M-04,PRESS,2026-05-21,Morning,64.8,518,95.66,0,RUNNING,300.95659453539747,0.14011554761182243,301.20818949010936,310.7666603888901,0.9685371075523309,312.4862125924388,2.5268357291669896,0.7534935296271037,3.6989621165648527,11.81532933425676,1.1191348028042862,13.70208053400618,51.38970995897738,10.987871298558623,74.5019111337761,812.478666841747,173.2600533207595,1177.4636167517788,66.76387417787265,14.311616217322225,98.74984052416818,0,13.62,0.0
M-04,PRESS,2026-05-21,Night,63.19,506,96.48,0,RUNNING,300.9201385276813,0.14530889913076628,301.1762559301905,310.93689073390374,0.9831093176452508,312.9093418727756,2.480315180735474,0.7328408027350883,3.839443972593245,12.10589693035385,1.052954177166451,14.103199170590925,54.3969263890715,12.66656527747033,83.45516022944904,773.0575898602873,172.70172311414782,1165.0144430154282,69.28363797927443,16.794835594899425,100.0,0,14.29,0.0
M-04,PRESS,2026-05-22,Afternoon,65.37,523,98.0,0,RUNNING,300.88747409742945,0.17026433931855417,301.14830254610536,310.69726728467214,0.8093193379774166,312.19055157557835,2.693849871964498,0.5531136038818968,3.5741517498790394,12.184907925190146,0.9936307223398572,14.048315635621748,53.48608409015601,14.33671123978475,74.30204879500403,870.6186414738287,507.48923642176476,3155.354193194813,69.07971192547738,19.101986458776523,99.94841488574798,0,14.96,0.0
M-04,PRESS,2026-05-22,Morning,66.9,535,97.0,0,RUNNING,301.0263876684108,0.06777983916727617,301.1747746964854,310.95287031314604,0.8057281967409757,312.33232732443355,2.478190794373546,0.5437315979493395,3.328812753147588,12.039800376443736,0.9741874412354982,13.90318579134543,53.5511557495399,9.781906869872852,68.43499143465779,777.7272856422578,165.28429746873553,1259.2334249719418,69.66465364801802,14.194284186401465,97.73854626816852,0,14.62,0.0
M-04,PRESS,2026-05-22,Night,59.73,478,97.36,0,RUNNING,300.7126290515276,0.08676934491901409,300.8525323525816,310.85596727702745,0.7565650845222102,312.1203756886706,2.6603891611850985,0.5791037442613266,4.3068085087963714,12.100574919807494,0.9770160416100201,13.812781238472,55.89827110637794,13.932884798100142,85.3341980423647,768.0640905160557,229.8904958600843,1623.3370650883871,69.98988124858919,18.950002400246184,100.0,0,15.29,0.0
M-04,PRESS,2026-05-23,Afternoon,66.0,528,98.75,0,RUNNING,300.86972803033774,0.07509889083933922,301.0182382572945,310.9328549325657,0.963845997605433,313.13445544144184,2.6475668960205136,0.7016639122361578,4.100418776797974,12.299947918676693,1.36651547901133,15.294286310372517,57.31484402248918,12.266806681069745,83.20598667287436,740.9005405086092,191.7926862254538,1470.830160808695,73.08465761522835,16.270951869924403,100.0,0,15.96,0.0
M-04,PRESS,2026-05-23,Morning,63.72,510,92.34,0,RUNNING,300.5613783531195,0.1827441125804516,300.8369154633771,310.6626468230677,1.0584441264292017,313.372318555615,2.6557072911425346,0.7200274250227565,4.156888344448103,12.180697583134714,1.0094275152432848,14.501056112489724,53.13617556998038,11.027634232235686,72.31130760009341,794.5157395766963,212.29147096001748,1522.6593588740047,66.94524663144395,14.43842708131063,98.18875100722602,0,15.62,0.0
M-04,PRESS,2026-05-23,Night,64.73,518,97.91,0,RUNNING,300.9231261970949,0.16375530186398052,301.2324937170025,310.80891189519986,1.052083318352155,312.9444410978449,2.342218751535062,0.5240029805624462,3.180364745755157,11.753756441847424,1.2133062086013333,14.450583141237878,52.89349834182139,14.57866773699603,88.33720804525117,832.8645167313398,307.4589956600535,1897.769871316273,65.84569895930233,18.297449344254964,100.0,0,16.29,0.0
M-04,PRESS,2026-05-24,Afternoon,68.2,546,97.48,0,RUNNING,300.31420158995115,0.1983789417542749,300.64211155945253,310.24365739948996,1.243681288569236,312.6693942404199,2.602834784455124,0.5744904284969473,4.283526452568111,11.883658893577113,1.0637537472287675,14.015759209321512,54.544017075330814,12.586045749972381,74.54451113962197,776.1631387718801,229.38209359644495,1609.910269507867,68.90895175052165,17.93841916561448,100.0,0,16.96,0.0
M-04,PRESS,2026-05-24,Morning,68.14,545,98.63,0,RUNNING,300.40366399421043,0.23772495778871355,300.7782566605226,310.49275735739985,1.1149621143094,312.8811259381376,2.4359554085914388,0.6756806305073391,3.721723531200878,12.124004082516368,1.3880180293111717,15.91777839436893,49.49444078559523,10.58120195849857,67.68952140185544,861.4356111824895,255.17403482312818,1727.5642039053662,63.253661290436796,14.414712206756572,93.73290960844471,0,16.62,0.0
M-04,PRESS,2026-05-24,Night,65.15,521,92.8,0,RUNNING,300.14705473091504,0.17757920048923834,300.5558914751297,309.8237916216388,1.0050990793268304,311.7499232034079,2.7096147580457295,0.5508759086944577,3.988096192597513,11.665604023676428,1.2076568364521707,14.31358320909309,57.69165406093688,12.17551897958126,79.79250835918552,737.3384950509086,202.0407006738561,1309.8524985377585,74.09671708240043,15.802451891775066,100.0,0,0.29,1.0
M-04,PRESS,2026-05-25,Afternoon,69.23,554,95.65,0,RUNNING,299.35083432189185,0.11356118278230384,299.64282494665935,309.3817844523202,0.9240259585780258,311.7184282655579,2.5876562311538747,0.5682348031566952,3.726779039591218,11.684076612832484,1.0521298755142017,13.860846117671072,54.050388809164204,12.097428234431861,76.2515655609037,793.0338018856893,269.171382107512,2023.6347927617735,67.4208155841044,16.16459415362718,98.17539446720218,0,0.96,1.0
M-04,PRESS,2026-05-25,Morning,64.52,516,94.31,0,RUNNING,299.88334506315806,0.0936360401987583,300.0608683136488,309.878741832816,1.239254813818974,312.5244160182751,2.552776484149813,0.6890286006719428,4.013710421344786,12.222609580043546,1.3283553187487183,15.804107041715346,53.61089926705083,12.17960786169888,80.15033885386444,793.4867627544074,219.78965926956326,1462.289462361039,68.25629949737454,15.968998276877358,100.0,0,0.62,1.0
M-04,PRESS,2026-05-25,Night,65.24,522,97.1,0,RUNNING,299.42771864834657,0.11551484145250335,299.6017152883102,309.59459668047793,0.9130723290304542,312.1384176610373,2.6290593722117492,0.6779545072613616,4.149507348911011,12.0002343331389,1.184132811696452,14.012906907748103,56.09336151584871,10.186371061606442,73.59579383380115,735.6624783348665,153.3475529498024,1146.0462944340911,70.89586766104182,13.687528296269285,95.7196357757809,0,1.29,1.0
M-04,PRESS,2026-05-26,Afternoon,63.79,510,96.39,0,RUNNING,299.77159559676363,0.10436738297219263,300.0229101456787,309.83172656404275,0.8826999720587186,311.76435404663147,2.6585837786095556,0.5647241881370396,3.951875816880195,12.292976139789156,0.8305418038099373,13.726443480424908,52.77697117051226,11.635169376456,73.00702890527432,805.3278374410369,221.71261379618804,1460.2176848356398,67.55454095578143,16.657640732229055,100.0,0,1.96,1.0
M-04,PRESS,2026-05-26,Morning,65.09,521,99.39,0,RUNNING,299.49962556381263,0.13101842548892098,299.7412241907343,309.22362303002757,1.0587983632263835,310.78478825513224,2.6273619742753107,0.5526160112647197,3.7457590342372544,11.729669796844439,1.3047400819814523,14.91716285006315,56.83131138605213,14.63612564051108,89.86080989729462,755.3949482834811,212.9044685052484,1347.0855877576755,70.43682508883337,16.560067150307034,100.0,0,1.62,1.0
M-04,PRESS,2026-05-26,Night,63.55,508,93.36,0,RUNNING,299.9907154441897,0.061500523085478924,300.1253413593746,310.03394886561864,0.9600236898484766,312.066212894928,2.5551882866976796,0.7497124517780086,4.546216825305605,12.170322111765197,1.1055795397217063,14.29050788895004,59.481023097266274,9.896163366332019,85.5133650556831,693.0090626570544,117.67782034602845,930.917647302656,76.23608540664803,12.090728260796359,100.0,0,2.29,1.0
M-04,PRESS,2026-05-27,Afternoon,64.16,513,94.62,0,RUNNING,300.4639136939693,0.08494267679755468,300.73415375624995,310.34824217662464,0.9988035897044726,311.86392702724373,2.5843577977022263,0.5765153559801587,3.870556439220984,11.726669593488507,0.9173238185440559,13.522247687084846,52.51105605188308,10.692625652972763,74.1008519143203,799.6722431600124,182.41856023970814,1325.4221986693196,67.65733925588428,14.903377224528644,98.56824188176608,0,2.96,1.0
M-04,PRESS,2026-05-27,Morning,63.81,510,95.93,0,RUNNING,300.3010816916287,0.11514585916245225,300.48728827504686,310.0649181020853,1.1632217281982649,312.3429112154622,2.500682473732923,0.5733483794109993,3.756485360610889,12.119637926495793,1.0385996878245276,14.786033669610909,51.41752750634655,14.649614983812974,79.62421888725382,858.9102666473832,340.75376188404306,1975.0384852302095,66.56372289637116,18.740666168030668,100.0,0,2.62,1.0
M-04,PRESS,2026-05-27,Night,62.26,498,95.83,0,RUNNING,300.90372418601913,0.10762011577928611,301.17785450775614,310.86432154835893,1.0228256668852918,313.4319064083415,2.648735172598959,0.6850116127104816,4.079424353214132,12.053310611682205,1.1147468245564445,13.930371592458217,55.957711467781856,13.612220824290537,95.85122396676084,755.8253779684121,183.36196640002876,1129.2853078376838,71.98664235568074,16.961349209755728,100.0,0,3.29,1.0
M-04,PRESS,2026-05-28,Afternoon,65.16,521,93.08,0,RUNNING,300.65790819318244,0.1002703588741875,300.9128734557469,310.7720468104328,1.0768430426724371,312.455416057591,2.5022228987431467,0.4905953343758384,3.491654480101527,12.002643129108385,1.105590535807848,14.08277616714577,54.71589948503626,12.89986444995544,75.03002759988495,782.7943234142515,207.48947057180737,1296.501652817106,69.16280524950042,16.82675679978897,93.72385530094424,0,3.96,1.0
M-04,PRESS,2026-05-28,Morning,62.07,497,97.52,0,RUNNING,301.0564512650752,0.06810322746084879,301.15535560208787,311.1761461095342,1.1805461659899392,313.9669402086861,2.6170739471984583,0.5595307332850119,3.6195388191335818,11.980422226269468,1.1776915982320124,13.560829503538926,56.103523632569186,9.803929987348397,72.80080243960788,738.6342052347085,162.975748644682,1293.3230411504794,71.14697382731117,14.173213852257758,97.6151434404733,0,3.62,1.0
M-04,PRESS,2026-05-28,Night,64.4,515,94.5,0,RUNNING,300.30304663544575,0.20553924887429134,300.6894375921546,310.8806955193055,1.0225106030466546,312.7433421976121,2.6080162333839807,0.5757200080669242,3.823731817161545,12.376084001508332,1.1152908059214408,14.82520981889818,51.74706725728927,12.88217809598215,71.86159202626673,858.7326272561214,379.2185619103922,2630.632668896556,65.78633897769924,17.03759912548589,100.0,0,4.29,1.0
M-04,PRESS,2026-05-29,Afternoon,61.34,491,96.23,0,RUNNING,300.17137909795264,0.09292959715165078,300.34761091207554,309.8287671486229,0.9376298224161794,311.2751531972031,2.431023198132147,0.6753578875745957,4.005248772474946,11.86537090864913,1.2267722185774164,14.333103223806509,50.936227177785455,14.054810694392804,70.15596401338064,883.0245574673272,431.5441371953267,2900.093380132904,62.98952908010487,17.719259815223054,95.60359155181972,0,4.96,1.0
M-04,PRESS,2026-05-29,Morning,65.62,525,98.68,0,RUNNING,300.2163148159125,0.0765774001657254,300.3221095100797,310.5247874711113,0.9555091083326461,312.070957376298,2.5412361135207453,0.529108529490878,3.571298898403996,11.61333106730665,1.0016401714419947,13.702726595943718,56.75818716511502,10.824581912616061,84.90399801907023,723.9263085711806,135.74687966810862,1031.3561628251482,71.43929090278881,13.588642103181536,100.0,0,4.62,1.0
M-04,PRESS,2026-05-29,Night,64.69,518,97.34,0,RUNNING,299.6773441035397,0.10811966450295246,299.97990512754524,309.6924468160307,0.8968245077951804,311.9302942392905,2.8416655730996414,0.5831537400197737,3.843968530293001,11.949193453655813,1.1255564651006844,14.00582586763085,54.86846227759164,11.872344358126723,76.9357666822889,770.6603355688928,186.8665787058104,1216.0422799421106,67.95799640651803,15.675914103970904,92.89955560747396,0,5.29,1.0
M-04,PRESS,2026-05-30,Afternoon,64.38,515,94.41,0,RUNNING,300.29717714879934,0.0943121345816203,300.514370306796,310.33539349797707,1.1772935978948615,313.0138593366377,2.4925712366826085,0.5918840047652981,3.6284857067383935,12.127802775862186,1.3325344966189048,14.60248587419989,53.44376034715599,10.441300105133603,70.50507393938486,784.1210772120843,181.44997110742028,1382.6400460630932,67.56872191037279,14.485420213897648,93.12103683562674,0,5.96,1.0
M-04,PRESS,2026-05-30,Morning,65.42,523,94.5,0,RUNNING,300.1304704410573,0.17958846996024827,300.32536381849985,310.358341802346,0.8740366498352512,312.0837424732183,2.684087633701516,0.5413990167003018,3.5427196260911886,12.361228132843832,1.044699425478452,14.479262206574347,57.94655952337344,12.628830607832121,86.70962466645955,731.776940386588,201.44428349240172,1325.3364242770533,73.71720558578602,17.4837597169237,100.0,0,5.62,1.0
M-04,PRESS,2026-05-30,Night,67.1,537,96.04,0,RUNNING,300.1594302403668,0.09637626489242605,300.34731350413097,309.8181759536902,1.1630949694343407,312.1040689092465,2.6079683497087203,0.667047701265457,3.7928912472436567,12.420475696770337,1.3154474114830998,14.824470444429643,52.68616581198439,11.651118303789282,76.37650920241961,808.4565276424585,198.32072044777482,1358.14334421231,67.44977921005997,16.014421898184462,95.17351030324282,0,6.29,1.0
M-04,PRESS,2026-05-31,Afternoon,63.62,509,92.97,0,RUNNING,301.1353480138317,0.12898345219742843,301.3789741498992,311.3735734334754,1.1068461566107313,314.00733651762795,2.492535065174857,0.6400615191772546,3.972071653608016,12.172889207575984,1.0666042655177117,14.936594078337022,55.736349472567156,10.07781461835873,78.21638102803318,742.9187913953294,145.4820122661972,1197.3808789279155,68.79728473108077,13.112386927836146,95.1025204982838,0,6.96,1.0
M-04,PRESS,2026-05-31,Morning,68.71,550,95.88,0,RUNNING,300.15888444438264,0.30063025245307,300.7390171360935,310.25968016008517,1.0099054849346658,312.0007922672987,2.6839690660635216,0.5235085943791994,3.7276754063957394,12.384891928149875,1.116489686444991,14.661467872632343,52.66937669385696,13.758636214465616,89.17069381161335,815.3945165356866,217.00524526674334,1380.939192209411,65.59263727380251,16.313352043695055,100.0,0,6.62,1.0
M-04,PRESS,2026-05-31,Night,61.48,492,92.83,0,RUNNING,301.17418969300803,0.13212634680221302,301.3951020016513,311.1545602449302,0.9026717686140809,312.7495499497944,2.5577727189375783,0.6373266134503792,4.111749065927486,11.698102781846597,1.3332648218841683,14.475170428460649,55.62652057409769,14.197338261096883,83.75308020820042,773.3256556156928,230.29007713833298,1419.5444796217887,70.96860365008367,17.966102948221494,100.0,0,7.29,0.0
M-04,PRESS,2026-06-01,Afternoon,61.92,495,97.79,0,RUNNING,300.93070496436025,0.0925381230194445,301.13552748034385,310.8950129148259,1.0037894996887295,313.5345176578201,2.6141769898416425,0.6204853971051743,3.5302359150673617,11.733056408243364,1.068829667531748,13.819013683414257,55.1571351002105,10.028890195944895,75.54915606137331,757.3220502612854,170.77523126556372,1363.4934444764583,69.2745580035732,12.522455529083622,95.78630178597732,0,7.96,0.0
M-04,PRESS,2026-06-01,Morning,65.52,524,97.02,0,RUNNING,301.1052508017819,0.09803680705153232,301.27851442486644,311.2709223572708,0.9528686493470772,312.90081212715046,2.571365403036361,0.6388635151776932,3.97193561844205,12.12244966914153,1.249240890898409,14.583424380735911,56.50147873196456,10.131256383625741,83.6789327506753,730.7510202754198,130.92205891289828,1043.261924505352,71.49720558748312,12.778705359198968,100.0,0,7.62,0.0
M-04,PRESS,2026-06-01,Night,64.06,512,96.29,0,RUNNING,301.1267389477463,0.14145130037955012,301.50375642768955,311.10090660561707,0.9495722888617909,312.7973648100961,2.6527640472386063,0.6381085468311922,3.968664947415414,11.790671989806945,1.2329505281853725,14.919262832438456,56.79113572519052,11.392466471598608,79.18392206405468,737.6691232092159,163.9489795394317,1093.5088293496246,72.4240179300082,14.578360032656287,100.0,0,8.29,0.0
M-04,PRESS,2026-06-02,Afternoon,64.48,516,94.22,0,RUNNING,301.8830370242605,0.05619586160525313,302.0378486981017,311.80747066368014,0.8514727579761533,313.9054766333589,2.6926568598674585,0.5329719138904915,3.502377762657624,11.776517916538053,1.5139413093445409,14.834732482087103,56.791883561641804,13.487768470352695,86.65953608246232,738.8505788797786,168.60172818445292,1082.1821814969196,70.66538215347735,17.662961517497454,100.0,0,8.96,0.0
M-04,PRESS,2026-06-02,Morning,68.14,520,97.79,0,RUNNING,301.6379907927872,0.1351454528727046,301.89246594861675,311.46115373157426,0.9555325190543859,313.3781216708529,2.646675755236127,0.5632789216318395,4.07939504142116,12.083946599652196,1.1658257849160225,14.692738239114153,54.25933861359706,12.653501297657307,77.5459415598831,786.3552175701897,225.1188845708749,1475.3556935290378,69.9475681307381,17.569649091275476,100.0,0,8.62,0.0
M-04,PRESS,2026-06-02,Night,60.8,486,94.56,0,RUNNING,301.9702270169406,0.1535698332709876,302.21063532799644,312.00457338898843,1.0236585826088136,314.7606249089376,2.5735431803966575,0.48651727213047524,3.790224456151175,11.74939841874144,1.228121610582386,14.541199068647185,55.47374167006886,12.525764274134666,84.58597189631082,765.9927143726177,214.80728073489632,1545.980616877359,69.67542963111413,15.610604134408469,100.0,0,9.29,0.0
M-04,PRESS,2026-06-03,Afternoon,64.74,518,96.15,0,RUNNING,301.649533146417,0.0983450278875977,301.8125113670717,311.70186754129827,0.9003944277842572,313.9258151886149,2.4657207202163316,0.6279074612036305,3.963309718835695,11.76024518579502,1.2549010853624205,14.367675092391432,52.72113459482986,12.684737545666719,81.43392615317313,804.4607470905912,224.64043575587633,1483.3934126304532,65.81690617735649,19.61384831754395,100.0,0,9.96,0.0
M-04,PRESS,2026-06-03,Morning,64.59,517,94.03,0,RUNNING,301.883230012569,0.13309176593674665,302.08168885330883,311.76616028678956,0.9078973762000712,313.6796252580438,2.7992984974086443,0.5008920529983227,3.728547984678056,11.778616703712025,1.0691632231633263,13.798893383110196,55.96144065904686,9.404877926664767,73.4073409438113,741.7446393557888,147.16038652643795,1214.7517328442775,72.03681526840384,13.002454455740978,93.13846973635398,0,9.62,0.0
M-04,PRESS,2026-06-03,Night,64.56,516,94.7,0,RUNNING,301.6070204582409,0.10174877780548362,301.8546914452028,311.77705428231894,0.7844172411427541,313.8133702313634,2.6144355374681507,0.5053766137405858,3.717309845700276,11.899726246530744,1.063488893042542,13.96872200461168,57.33078612647306,11.368337884685367,74.35469336272408,733.1083528284364,186.8464012246031,1428.727202231817,72.9499116701372,16.162186796373074,98.9576539786747,0,10.29,0.0
M-04,PRESS,2026-06-04,Afternoon,62.87,503,98.82,0,RUNNING,301.9222431964535,0.11809906565086611,302.1307162586858,312.2150433355182,0.944594046820736,314.6357217907888,2.66616205706277,0.6210028850180568,4.570790866975174,12.036313104093036,0.925486536326365,14.071451548442647,51.66189557396409,11.489076910838227,75.72387879430865,823.0499842962605,225.6794109922855,1540.2575418435913,64.80305868640008,14.230687643147233,95.33119284017798,0,10.96,0.0
M-04,PRESS,2026-06-04,Morning,65.33,523,96.88,0,RUNNING,301.8520526894941,0.09637554501012764,302.05039541478976,311.84741023807,1.0586657938121686,313.91414172607494,2.6299636709971463,0.5321118790549297,3.52568423434532,11.885978269851755,1.2045385405213982,14.90871264133047,58.629480352530756,12.709951533647716,78.41379707184137,711.6339262058375,188.458756413698,1413.0219673312668,74.21576159722989,16.18686842228647,100.0,0,10.62,0.0
M-04,PRESS,2026-06-04,Night,64.81,518,96.04,0,RUNNING,301.80351731773817,0.0836699392603716,301.9390729566862,311.553170214677,0.7229354095050016,313.3802217896288,2.6922238737057183,0.6069175385476768,3.7075328315007368,12.152019547629012,1.0124863304942402,14.587231146681194,54.58149315244009,11.722050599570482,77.38530334934369,770.9800844980285,191.32006632965022,1239.0273059303304,69.7242831521547,16.523446128592916,100.0,0,11.29,0.0
M-04,PRESS,2026-06-05,Afternoon,66.86,535,96.57,0,RUNNING,302.0199903556863,0.1573558902564954,302.23689237387964,311.88166165758565,0.8689486438714652,314.13904347076004,2.555166218760255,0.5552659363199401,3.3217900488883623,11.705153156186084,1.2106147102618507,13.715885705779376,54.90445980284368,15.378509199301593,92.06674603831507,799.9294136320534,264.8882136454668,1735.761204197663,68.37451180730217,19.28975002233917,100.0,0,11.96,0.0
M-04,PRESS,2026-06-05,Morning,66.38,531,96.47,0,RUNNING,301.89535349450847,0.06352998757494792,302.0063272524302,311.78456610814516,1.169386623330724,314.13668030058915,2.712152393242928,0.5957629153802977,4.181064234463377,11.962357438734957,1.3979481985882378,15.02280052747375,55.071969807950055,13.603804311458775,77.10560202892432,775.5535919093462,240.85116401137202,1333.038708226347,69.20129361222561,17.155861550665165,100.0,0,11.62,0.0
M-04,PRESS,2026-06-05,Night,63.81,510,95.89,0,RUNNING,302.1351526766704,0.10584762655751458,302.3444339232374,312.13226183571504,0.9855364161123393,314.21266202112145,2.4782360583402134,0.6075843153688132,3.899943814240301,11.782874587267859,1.0517483435833996,14.680118730753197,57.23754903192602,12.826265857141227,81.34876109932678,747.1104336576357,228.49054178685535,1584.5506774247815,73.05654031543172,16.42637913740463,100.0,0,12.29,0.0
M-04,PRESS,2026-06-06,Afternoon,64.94,519,95.58,0,RUNNING,300.98010381018116,0.17574239844221515,301.37498730642585,311.05848439792135,0.9046939858819182,312.88862759102057,2.598251956448671,0.5783144573880247,3.6852224616446674,11.652331272531171,0.9987654121408103,13.977599657358066,54.52141178392663,9.264848479718339,75.2209113976312,759.5274013131527,134.83492947600124,1064.8739665925157,69.03891100672301,13.916520573672033,97.80939110612402,0,12.96,0.0
M-04,PRESS,2026-06-06,Morning,62.77,502,96.22,0,RUNNING,301.78221263325173,0.2568032711737349,302.06269001584747,311.58703335340107,0.9743539090458553,314.5569950002011,2.6057869493127175,0.5951047172909287,3.8071371117824,11.80937518676501,1.2484895504714644,14.625110478674287,55.07180678086041,11.037342163197252,71.56312259684796,768.9940921619094,209.22666999979742,1533.7281685799742,69.25585830449484,14.482827484991587,97.90199720836172,0,12.62,0.0
M-04,PRESS,2026-06-06,Night,64.75,518,92.24,0,RUNNING,301.049467088343,0.16776376440378238,301.3002533070691,310.70848318250984,1.2422264013995858,313.1649594775652,2.7304141579788292,0.4394194481491828,3.6449599796692103,11.642289824692503,1.4922341544977742,14.533520244961212,50.88588525373644,12.869282837563258,76.6069830363763,862.5404805969622,264.26056320359186,1579.858323151424,64.49471662284093,17.21244722651672,100.0,0,13.29,0.0
M-04,PRESS,2026-06-07,Afternoon,65.31,522,93.94,0,RUNNING,300.5448588698824,0.21176959577976692,300.85710231761817,310.7255104437105,1.274069131564511,313.2207511750691,2.4984026592125725,0.5415432364229997,3.916987721615814,12.364744901060272,0.9543183008147074,14.135325984349898,61.34213033034456,12.197331937907006,78.38893662630016,697.5220700232398,227.43999278073852,1738.5350555650912,79.1411650759828,13.86846141495142,98.12335789648036,0,13.96,0.0
M-04,PRESS,2026-06-07,Morning,63.93,511,96.19,0,RUNNING,300.71750758608704,0.09913447680777335,300.899614383092,310.4465605643517,0.9525281040787288,312.4923645136444,2.5608800943275902,0.4418609740208644,3.451280927615008,12.110552126248129,1.1261741631856066,14.31696262950586,53.88264126997195,12.401221145556077,79.27873790074088,806.6453102963255,315.04669415895097,2357.801152308288,69.34807516037795,14.535327005708892,100.0,0,13.62,0.0
M-04,PRESS,2026-06-07,Night,67.47,540,94.27,0,RUNNING,300.4625396702721,0.20954932478892815,300.851945637374,310.51648958361676,1.1614936362304065,312.11995001074,2.6477448728041906,0.5328915071475053,4.029909841735088,11.874827832867256,1.0769264161024072,14.258851468021431,50.970744203904125,9.861080234038864,71.10575370754624,828.6602252612561,219.08874265071606,1694.7588123293822,64.86169488371654,13.960914159059186,96.67698245701956,0,14.29,0.0
M-04,PRESS,2026-06-08,Afternoon,63.74,510,99.55,0,RUNNING,300.63647908871815,0.19356109103936237,301.0004977524908,310.62213590073344,0.9667837030031108,312.7354344326536,2.860942469363753,0.5028364097369346,3.640883101106125,11.970639682603137,1.0111082656040131,14.602228489916648,57.24661621926643,12.430424664919357,77.10272733257624,736.4978868913398,172.84620395796327,1147.2790301060954,72.22703602938496,17.500647121190777,100.0,0,14.96,0.0
M-04,PRESS,2026-06-08,Morning,66.89,535,96.85,0,RUNNING,300.40118249164937,0.11684872907008285,300.63098363166284,310.35966051181987,0.8964980171920959,311.733937191305,2.781768690687078,0.715454315425076,4.489265793012218,12.04116165014298,1.039279952975975,14.022745484327078,51.28607254279242,12.706827702250038,83.86479084596182,841.0293024324176,283.58361277740016,1934.8511139449383,66.40835526428688,16.445217064954978,100.0,0,14.62,0.0
M-04,PRESS,2026-06-08,Night,62.67,501,97.84,0,RUNNING,301.53432155268376,0.2416995443407007,302.0048051405864,311.52073227601227,1.1930562377631522,313.6992730363028,2.5430465652788747,0.5542971135824842,3.2868731022122217,11.799809230687437,1.038542618465811,14.429656934949524,54.29565834032971,11.184934939752427,71.11064703682482,782.9488883297399,223.1062163848888,1686.6981363907626,68.07869025966878,15.639769057579274,97.0456891902793,0,15.29,0.0
M-04,PRESS,2026-06-09,Afternoon,67.72,542,95.5,0,RUNNING,302.6702941718918,0.10618038147558498,302.8219102543424,312.5691948265182,1.1278190651488844,314.3405509540479,2.591523052916136,0.6554290776846895,3.78666268799508,12.257360456159981,1.368605514743594,15.604662202678504,53.28191116543254,11.403836206242508,75.12893841619692,792.868921090226,206.98312546707248,1469.9642202738212,67.52786211887626,15.489961298139942,100.0,0,15.96,0.0
M-04,PRESS,2026-06-09,Morning,66.95,536,94.66,0,RUNNING,302.1475521209601,0.1859159103861159,302.5692310859173,312.00677654540976,0.8653778069317768,313.5226277750738,2.7561307911395,0.5379570320051809,3.636743957347095,11.703783542967233,1.1494443886952663,14.438965591710588,50.94242234223316,11.760823032999555,91.410640510236,825.5321867895527,182.1137690125598,1306.9679929322651,65.2954157071634,15.314370188167638,100.0,0,15.62,0.0
M-04,PRESS,2026-06-09,Night,65.56,525,96.52,0,RUNNING,302.39053387720656,0.10849152200466307,302.5774199762402,312.1413984836542,0.9175555861495001,313.9495404853978,2.629430229888417,0.6706854180002707,3.599050731437358,11.612753462918343,1.089318796130218,13.728941947136695,54.97192494430523,10.198608566637605,74.14149194138366,752.5891103880642,153.48560730663306,1189.6132505944108,71.42836486165845,14.561300786977355,96.33450938395188,0,16.29,0.0
M-04,PRESS,2026-06-10,Afternoon,66.55,532,92.5,0,RUNNING,301.73446531636887,0.08031557050848655,301.922788094906,311.6910413519474,1.1141198172833406,314.0748501282891,2.624582114398275,0.5179601085128073,3.5914011851583094,12.114222875718921,0.8930688848244089,14.086019450238275,55.10107431480718,13.67283502265045,88.11945894413822,766.6354656260703,176.63006457042061,1100.4889290456406,70.19331981554245,15.962510193231495,100.0,0,16.96,0.0
M-04,PRESS,2026-06-10,Morning,64.74,518,97.62,0,RUNNING,302.0974696152149,0.19476495088908374,302.3306113457901,311.954126437339,0.9081756209382589,313.74553397614983,2.6106127305382234,0.4596511670711802,3.574430347455794,11.902471308217143,0.983257849186144,14.308317802764565,57.33782233967158,11.59004239521183,78.81309375473363,733.9353036677384,167.58139598173562,1195.244285087549,73.195352911952,14.812553094317373,99.65995293303033,0,16.62,0.0
M-04,PRESS,2026-06-10,Night,67.54,540,92.68,0,RUNNING,302.0362280549561,0.07427750388322792,302.14163289259767,311.99878608080365,0.9689954200481784,313.9586073954796,2.641561559634584,0.6207948999955005,3.739110630615374,12.57931530929611,0.925092658546822,13.933869665465403,55.35429854295128,10.825600190780586,71.93325845566869,757.0552010410611,180.5372084804255,1390.108552349307,71.04325017000659,13.66063836299558,94.18780066232615,0,17.29,0.0
M-04,PRESS,2026-06-11,Afternoon,62.87,503,95.18,0,RUNNING,302.8233347098177,0.20971593692031762,303.1071892721267,313.05569672593674,0.7625853093200298,314.5996070733738,2.630174368837352,0.5136517248279401,3.7060364639151513,11.82364434610283,1.3803955335478182,14.596094309183036,53.81028002962709,12.089594546467138,76.07331760628941,792.8377001354498,245.38618761639776,1748.2860634420877,67.87424914247384,13.24555528779315,88.91932444437433,0,17.96,0.0
M-04,PRESS,2026-06-11,Morning,67.01,536,98.25,0,RUNNING,302.09914134950327,0.13212409169391437,302.49612438677195,311.8755848939203,1.124078139520539,314.2816744315753,2.483552760280847,0.7071138755673518,3.873610286588494,11.585491822592799,1.3003754730476311,13.700079794260018,56.76944174207552,9.938078167085747,76.6796358116656,728.7730888280937,131.0458283990649,1118.681238669179,72.9639131021857,14.075779931538385,100.0,0,17.62,0.0
M-04,PRESS,2026-06-11,Night,62.84,503,95.57,0,RUNNING,303.32337859460387,0.28669185000657454,303.6841800464041,313.18236392965593,0.9593237797346571,315.61443299718707,2.48187877962515,0.7315800999277644,3.8281553794542713,11.767880763900296,1.0872329771362028,14.394534427035367,56.544313624755254,11.568607467433633,82.02748131827263,741.7537560040957,177.55146350694804,1281.2679305869483,70.19048400873658,15.530300897590603,100.0,0,18.29,0.0
M-04,PRESS,2026-06-12,Afternoon,67.56,540,98.79,0,RUNNING,303.95118542262435,0.2528735863517771,304.23693964604206,314.1459192480636,0.9349425935374717,315.70861842723883,2.499054966500874,0.5290727480720735,3.4970153297477413,11.941186998738537,1.0987307286461772,14.6146994748684,57.3819805581022,13.602504933236112,85.22855378969882,745.0037577428235,205.25908293066436,1299.5280240049387,70.24952124942061,17.42177776908798,100.0,0,18.96,0.0
M-04,PRESS,2026-06-12,Morning,64.4,515,97.56,0,RUNNING,303.471874376749,0.06526414563286428,303.6170014427543,313.54048004864933,0.63472165732785,314.701728186247,2.6394562635425958,0.54309144630173,3.688415146750467,11.876599706193026,1.100050169249794,13.909544834741274,54.719230868064685,13.910895955220658,76.76831166800014,788.142031161682,216.96832392703024,1198.6424510697177,70.62569305495927,18.6557615747749,97.4245803090171,0,18.62,0.0
M-04,PRESS,2026-06-12,Night,63.9,511,95.58,0,RUNNING,304.5007054976714,0.1575995526431331,304.73165715426205,314.28929213965085,1.2135114517024055,317.87096590768726,2.656545411376369,0.49567267336143706,3.7218893070659016,12.135491089135485,1.2718274715120748,14.956739090269714,55.228136527229395,8.649762303132894,76.53068174506652,745.1513813763963,120.72814281588919,1073.085088016015,70.8908586315961,11.367344084633501,97.87953805680968,0,19.29,0.0
M-04,PRESS,2026-06-13,Afternoon,66.88,535,99.23,0,RUNNING,304.6400556691246,0.11479738895298991,304.8177039139023,314.739997296748,0.8306831392745431,316.33166521953626,2.414993436346873,0.6388928591616478,3.582758732598082,12.568121046960815,1.103833877146692,15.347273584779938,54.824333525537064,7.936051342297488,73.88449492593644,747.565225866119,112.83677296409745,987.9771738421754,68.95018303905907,11.519550544247874,87.56123289281814,0,19.96,0.0
M-04,PRESS,2026-06-13,Morning,61.72,494,94.39,0,RUNNING,304.7340660069535,0.15439945947240377,305.03659608234244,314.76170129231417,1.0812642764409897,316.7327743431228,2.418222064114034,0.49880015464209476,3.435952280811424,12.21208191238339,1.3173262412093625,14.666486301734228,55.15068667606818,12.311184429896722,83.35792034198904,777.1215287659928,260.57027739540735,1935.2821742098247,69.31145881396543,16.59376330473938,100.0,0,19.62,0.0
M-04,PRESS,2026-06-13,Night,62.59,501,94.82,0,RUNNING,304.47901670268527,0.08863542940466006,304.662385535595,314.0270557384813,0.9328385511779117,315.9700810961558,2.71469476396028,0.719074206254186,4.15211190348935,12.034434553696931,1.1356555532241843,14.362105233844089,58.056555654441894,12.976736876069031,90.4182688829841,729.9901467191656,172.58632253786243,1171.0515889498072,73.15962441779848,17.74455246702078,100.0,0,20.29,0.0
M-04,PRESS,2026-06-14,Afternoon,63.42,507,96.85,0,RUNNING,304.4947266931013,0.19134782687922877,304.8088470456144,314.4432220575341,1.2308726084305404,317.103394210728,2.604669696831508,0.5565611270380096,3.58517283190378,11.774860812820794,1.4433823640987138,14.382107669507503,55.66692123681232,11.056975642356944,76.52987264141285,753.5797644315594,184.46809130511065,1353.884618256228,70.22112192504011,13.428600332649687,95.82800124498316,0,20.96,0.0
M-04,PRESS,2026-06-14,Morning,64.95,520,96.56,0,RUNNING,304.47723759770724,0.14083992504430862,304.75762922867256,314.52125668033227,0.741881245041714,315.83157848148574,2.6522455095218618,0.6783577146135988,4.19855283584598,11.841525601567922,1.1512427474708502,14.41623175993565,54.25873462428182,8.12235881395151,70.18332559457248,758.3611651498114,129.98759396104174,1151.6436755910934,69.43998909627602,11.70415368751219,89.28107920124158,0,20.62,0.0
M-04,PRESS,2026-06-14,Night,64.08,513,95.97,0,RUNNING,304.91214796377346,0.18517438975802342,305.2258157961376,315.17500575684323,0.8169590067488829,317.0692116618222,2.6622207016852624,0.5617856440396758,3.758055054821984,11.663115950592847,0.8216800712635445,13.249234349872305,56.258996794124926,11.049227064011388,77.97528949453665,738.5441342469949,147.5089376566423,1121.882182932584,71.11618703244037,13.085300402644744,100.0,0,21.29,0.0
M-04,PRESS,2026-06-15,Afternoon,64.15,513,95.78,0,RUNNING,305.5382077198033,0.11088337505280607,305.6998625626604,315.65713044153966,1.0070179616361903,317.3887056413615,2.496165432503974,0.6741810327277394,4.038111477362134,12.316745476656536,1.4136531722401142,15.487293424873576,55.4079119006207,13.86696922600341,78.17803411648394,774.6454658014567,223.13002872337017,1353.295207565748,70.41682292205579,17.420564181692313,100.0,0,21.96,0.0
M-04,PRESS,2026-06-15,Morning,66.07,529,96.01,0,RUNNING,305.2091442642022,0.09561297477178782,305.3484869554683,315.16730578218204,0.8359789612396732,316.95138121487355,2.531149624834633,0.5595737398379382,3.775191766646637,12.064110514670546,1.1360522630652214,13.97221771705206,54.715112559297076,11.706939235895355,80.48282630682857,761.6404050700695,202.71027571698332,1367.800257155957,70.93390401637723,14.555980630893375,95.9549550012456,0,21.62,0.0
M-04,PRESS,2026-06-15,Night,64.83,519,95.26,0,RUNNING,305.63430787071616,0.13683209597727547,305.84500207508444,315.614044084724,0.999325191975421,318.461225139074,2.764595812514418,0.5867458349833318,3.8024642502719783,12.308582713531854,1.4001313077069522,14.568175698184238,57.33882209677484,11.782676540582388,92.81914748047078,727.0940018235742,145.47301689675714,1098.8592657482593,71.63887419503091,12.800261546216383,100.0,0,22.29,0.0
M-04,PRESS,2026-06-16,Afternoon,66.09,529,95.41,0,RUNNING,305.6946139684075,0.0877087692912073,305.996131572376,315.4407248162025,1.0937852449030516,317.2757298030136,2.628629732744897,0.48083494855912606,3.59361654887642,12.250746936998862,1.2440694344277383,14.874426362498465,54.36135719283562,12.251533146511717,76.91914352249937,773.4168075107287,171.68145871202051,1083.634651237472,68.21506016046926,16.94794901091542,97.9607261962328,0,22.96,0.0
M-04,PRESS,2026-06-16,Morning,64.5,516,99.2,0,RUNNING,305.7658019136911,0.1318478962858224,306.0897470239441,315.46541927018745,0.9301723491483254,316.9915668396325,2.4677300490723066,0.614487445279335,3.6436650816864455,11.990886251394762,1.1593693576073163,14.000670911782098,56.172067913820385,9.526057439089694,79.86250744510308,731.3107188915806,126.15147788075974,1101.8644918399602,70.58610888367504,13.267589131792171,100.0,0,22.62,0.0
M-04,PRESS,2026-06-16,Night,66.36,531,95.33,0,RUNNING,306.09967181290995,0.1611108285976114,306.3657311915456,316.5120136624658,1.134816783110783,318.91384120115544,2.6618143417206275,0.4783635226952211,3.579105654393669,12.339738883523028,1.004894547355103,14.27543961620795,55.637388748451215,11.952471229549323,75.1123272530954,756.6889774049456,220.51170665982025,1614.4196705350596,71.54791961733923,15.571368184603207,100.0,0,23.29,0.0
M-04,PRESS,2026-06-17,Afternoon,64.79,518,96.9,0,RUNNING,306.58010229352556,0.09917788223526625,306.74042237353547,316.5942714023054,1.031456042409445,318.2627336179162,2.4511807862089103,0.5622289171922008,4.155043562572648,11.59747458374359,1.21739811357368,13.922031690945538,55.229918717896574,11.991646403689822,80.67676833746638,771.3676366365512,218.1117143246254,1588.208700144267,70.96069182249288,14.584728120564492,100.0,0,23.96,0.0
M-04,PRESS,2026-06-17,Morning,67.29,538,96.74,0,RUNNING,306.41890303959985,0.1057505513432378,306.6014741677964,316.2105531896122,0.921624053162904,318.92465553429133,2.6188593822833686,0.45596982202542674,3.5421354516189005,12.087422761505888,1.1315925968375637,14.015299190390705,52.42650639564842,14.582589754744511,81.14979264665011,848.3443952640013,330.8862165106722,1931.1576170698984,69.12695869236889,18.388168073574544,100.0,0,23.62,0.0
M-04,PRESS,2026-06-17,Night,61.94,495,93.75,0,RUNNING,306.15203132729306,0.17113050556450873,306.5140523532239,316.43301147954537,1.011881293932028,317.8413155394939,2.602814185761721,0.6195044267181958,4.364878574612803,12.04236053803278,1.3232585356855637,15.437964258875386,53.479071437170525,10.758663979864536,74.38190231557155,784.1867446026872,170.06100745981547,1338.3448088948126,68.59720328876003,15.053761251412991,93.98884302266625,0,24.29,0.0
M-04,PRESS,2026-06-18,Afternoon,68.38,547,100.0,0,RUNNING,306.12621877440523,0.1323913177664522,306.3162179237715,315.87409501454147,0.9220568979642956,317.9693917444986,2.608845953629936,0.5932830525578896,3.84197736958706,11.955954312372183,1.435462068225843,15.020220439792826,54.3283701759674,13.367422515217047,89.20594353038713,769.0934449783927,190.26961647159183,1271.2770316793046,70.13478535530835,15.862584288321239,100.0,0,24.96,0.0
M-04,PRESS,2026-06-18,Morning,62.67,501,96.29,0,RUNNING,305.7365267075259,0.15873316910282473,306.04894508451207,315.8442992531611,0.9491116832325244,317.55287961434084,2.638968964095317,0.6488224959243151,4.290144701763946,12.231148583148316,1.218952622575772,14.005197746660324,54.8173620306703,12.859042151636249,78.21499549843487,773.4893165451988,212.40603126482463,1372.8210752568998,69.73546969893226,17.55697462618496,100.0,0,24.62,0.0
M-04,PRESS,2026-06-18,Night,66.24,530,97.0,0,RUNNING,306.3604938914899,0.1175656237250924,306.56542922646383,316.39964868258073,0.9573821833308497,318.2278221498783,2.6296644830232823,0.5892134719378616,4.02296635672012,11.929957372901017,1.1611967700852894,14.996325575176028,54.95931173078764,11.55129382575432,72.67649741514268,814.0112403959532,474.572398297771,3335.6491282440943,69.40218203091716,16.198509858274523,97.91581781117036,0,25.29,0.0
M-04,PRESS,2026-06-19,Afternoon,63.46,508,94.76,0,RUNNING,306.96659169595426,0.20881165561426368,307.4056089161782,317.27526556915694,1.21602994532478,320.1796179046891,2.5858708665539263,0.478545600311842,3.7754924951779487,11.893485475543825,1.1329863595315293,13.802270608311684,56.371652695760936,11.79045180911313,76.57462831210086,746.4770258648982,174.05200283925905,1157.1334302673988,72.58183601573471,16.25141537153377,100.0,0,25.96,0.0
M-04,PRESS,2026-06-19,Morning,61.49,492,94.91,0,RUNNING,306.5739124686154,0.11995747863006344,306.766628459813,316.4563215181987,1.1981473297216085,319.16138629769523,2.6708669960287916,0.6351412200270271,3.737072840340379,11.636555852967394,1.1463456839100525,14.392869484807102,58.623608367540974,10.668044739420523,77.64045335721642,704.6051774902143,136.21494181399697,1027.4008644672313,74.35757122527228,14.222512867751922,99.05136599634432,0,25.62,0.0
M-04,PRESS,2026-06-19,Night,64.67,517,95.89,0,RUNNING,307.4964789115566,0.10290803860666883,307.73966647232174,317.37893108111984,0.8407762252828513,319.04839961128505,2.5910145967177027,0.5421596577610693,4.0797613220064886,11.790486279011008,1.4146591256605974,14.555718749197627,54.971281346240175,13.064500094215033,81.39574636908046,774.5351330585338,213.2481086733234,1505.3109500713745,68.75121716357111,17.56846322495636,100.0,0,26.29,0.0
M-04,PRESS,2026-06-20,Afternoon,62.91,503,96.48,0,RUNNING,306.91742171385107,0.07947366226709542,307.0550040028507,316.7731102593483,1.0174029473468733,318.60314999405,2.624576467564627,0.5272323585440555,3.818436470607704,11.74518279083378,1.5132037232513722,15.064847146352829,54.120915467607674,11.35979875959358,72.36813456269279,780.1281458722246,205.37647597819222,1511.3310496938393,69.1031390528636,15.472186826209107,93.96354253400492,0,26.96,0.0
M-04,PRESS,2026-06-20,Morning,61.14,489,97.5,0,RUNNING,307.05012836789876,0.08654810230604248,307.2733147372865,317.1527781427903,0.964271139059918,319.69714904399075,2.642891685055947,0.6148923359008228,4.026694600200449,11.793980144344516,1.4528256981722092,14.277590243907806,55.66367577538054,14.348222835223485,91.7233613409418,770.2390152489704,212.5646994805435,1366.4013796470315,71.47789932390172,16.539632849360057,100.0,0,26.62,0.0
M-04,PRESS,2026-06-20,Night,69.04,552,94.16,0,RUNNING,306.72479991444095,0.11328591976546463,306.8948772593351,316.697813009378,1.113493678158457,318.9207616546528,2.6847036698764932,0.5856032598895548,4.016469796949298,11.935660351320582,0.8943687461958371,14.517845050331076,53.243000471212575,13.340566729288156,80.43067276381174,810.074051734998,246.67759866143604,1728.1046131771632,68.06081001735487,17.363115961742263,100.0,0,27.29,0.0
M-04,PRESS,2026-06-21,Afternoon,67.15,537,99.92,0,RUNNING,305.9944159016602,0.10324418565603327,306.18988025039675,316.08546271391555,0.746938113474136,317.2234565945896,2.576146043819094,0.6783538342962828,4.151123746521866,11.782245267853352,1.0853284075132097,15.40162308409574,54.880619551825994,8.963900380845063,76.32291043184748,751.6293771160852,127.90572337263207,1082.379719661052,70.14433005048856,12.295949516497767,96.03829698373762,0,27.96,0.0
M-04,PRESS,2026-06-21,Morning,60.07,481,95.43,0,RUNNING,306.26013716487347,0.08932398878289463,306.525859001131,316.6007487797641,1.1548946525710038,319.0823319068528,2.682077998717615,0.5952869199960455,4.057216106564853,11.93447975536281,1.1184056591802911,14.65523977259575,56.601300784498214,10.512336854767993,77.21548853074535,734.3990324556739,153.31146905235812,1145.238456286269,72.37842669973459,13.237484620285874,100.0,0,27.62,0.0
M-04,PRESS,2026-06-21,Night,62.6,501,96.99,0,RUNNING,305.6250344867086,0.1048937890132262,305.8107669896124,315.5242731424329,0.9406176356414231,317.6299516568053,2.478437666967362,0.6614466559609945,4.071350448111474,12.01532473987568,1.0995412210857154,14.333927979408571,54.256669800943946,10.854442655913651,77.95873446739029,764.0808483446579,162.06983141176772,1088.3272102232515,69.04201434471396,15.837957858337832,95.56065355372829,0,28.29,0.0
M-04,PRESS,2026-06-22,Afternoon,70.16,561,92.99,0,RUNNING,305.939672295612,0.10054094694545575,306.11719065908875,315.90051734704434,0.9490801940625928,318.35078517075584,2.728154523590736,0.7019816823977043,4.297691651321412,12.217587342975678,1.1993285472861281,14.978995428978752,55.56005582356049,10.90818388868519,84.44543723702441,751.9342873654144,192.72709976221608,1537.1118122220005,70.2227926265522,15.091180203683018,100.0,0,28.96,0.0
M-04,PRESS,2026-06-22,Morning,64.09,513,95.79,0,RUNNING,305.72399398140806,0.0838355985304101,305.8349025930372,315.70841582878467,1.054547144329558,318.07711506105244,2.5801999298835026,0.6208766915088614,3.633321687883785,11.851155259155368,1.1312446398815559,14.773455848883913,54.498478245858266,13.853152141180882,82.01208275918586,791.6778100766281,249.09010183676705,1555.2389899981154,70.1071440325328,19.25736227828908,100.0,0,28.62,0.0
M-04,PRESS,2026-06-22,Night,65.49,524,96.94,0,RUNNING,306.0067109056948,0.14390267649483368,306.28973318271466,316.17133395158595,0.8515011785508526,318.60914506960523,2.429120706118071,0.630745394287114,3.501971286381309,12.049072816076164,1.3849122601260033,14.03992211807441,50.37738402010496,13.19976859510006,78.0758872851378,858.2923029024552,263.39224337748766,1628.3423637909798,63.21835436609123,15.601924835740654,100.0,0,29.29,0.0
M-04,PRESS,2026-06-23,Afternoon,65.6,525,95.22,0,RUNNING,305.6081190922557,0.0881793773223169,305.78188997481925,315.8261369074967,1.0266474730377164,317.49557708925386,2.610900507446426,0.5668740094700626,3.868695698096264,11.818077223231477,1.1266229600144846,14.385468833325955,53.50682725451949,10.560969229099328,75.16712487787365,782.4675027301145,166.08353044800234,1200.2460282414247,66.13598195976185,14.859576502160213,100.0,0,29.96,0.0
M-04,PRESS,2026-06-23,Morning,67.12,537,96.2,0,RUNNING,306.00518226772465,0.2620571189879156,306.58101614636405,316.3193345227151,1.0493852622531241,319.0230324341311,2.4518054852720024,0.5952733583971979,3.632452567062997,11.916208874674487,1.1238214188743052,14.055893841437427,58.170263139996486,10.846878087254387,77.94937335226616,719.9298091328634,172.19256028236384,1387.143312728164,75.45271646896127,14.831124616519597,100.0,0,29.62,0.0
M-04,PRESS,2026-06-23,Night,65.52,524,95.31,0,RUNNING,305.45296380261306,0.2207691649283654,305.78909906500115,315.68814554533213,0.8764247821614157,318.5305404854466,2.878847283665751,0.5947904139039922,4.045504775426117,11.980313349710887,1.2065722321167873,14.817719371259884,55.334926032348704,12.843428802534257,89.09727918771338,767.4818575519085,187.22149823496622,1296.1657782638815,71.5125487136329,15.771507755242862,100.0,0,30.29,0.0
M-04,PRESS,2026-06-24,Afternoon,65.74,526,95.94,0,RUNNING,304.4597106546994,0.1839079984645998,304.67606295575865,314.4126510846748,0.7462036429964002,316.27238490235607,2.6366750423848293,0.5777819485723821,3.98383300374193,11.96547217842857,1.354711693393378,14.763772422965436,55.03434420978532,9.964162664965567,73.49060298367168,758.0766412144213,148.08041340395596,1102.658178496502,69.35824035606417,14.171107366126598,98.90280292350094,0,30.96,0.0
M-04,PRESS,2026-06-24,Morning,66.21,530,95.26,0,RUNNING,304.7830165558498,0.12669805957814007,304.97873278403097,314.94003527950554,1.1156372359532074,316.90858019894773,2.627082952862113,0.58360874640581,4.336582234666674,12.023724814338298,1.3223591609923884,14.779827608754914,57.616241968694816,10.180048637735643,87.13843327551298,713.486848873097,126.73793573368562,1036.9602884289804,72.38690114210348,14.05527267014594,100.0,0,30.62,0.0
M-04,PRESS,2026-06-24,Night,67.2,538,95.9,0,RUNNING,303.8108180652147,0.22223981905210488,304.07211764334795,313.83333772589157,1.3157264204414447,316.5078985100546,2.6194860853128077,0.6267728889160411,3.9509109791897528,11.948116386677686,1.3001882522609767,15.337464411269789,54.976627591177134,13.411672957364917,76.53039738722978,773.6550176364004,218.29900627728804,1330.5902196930451,67.61304067566756,17.75790925510642,99.8342946365718,0,31.29,0.0
M-04,PRESS,2026-06-25,Afternoon,63.23,506,94.69,0,RUNNING,303.21337390106055,0.13008486497575078,303.40082565470624,312.8896603622788,1.0181320643588376,314.6630302458857,2.736387477509867,0.5907264250104619,3.684685345745741,11.934911496283632,1.042746076167358,14.095701684529672,54.28608886011139,11.129571752211872,79.02623322598102,768.7898278396439,169.299000351295,1323.9357170330543,67.98246769468209,15.542894790183277,98.30318624727208,0,31.96,0.0
M-04,PRESS,2026-06-25,Morning,61.54,492,98.52,0,RUNNING,303.2814163325542,0.11628997042514146,303.4459892419807,313.2456009673929,1.1061829836450578,315.1684560116979,2.60404880913658,0.6518598712519714,3.805813454295052,11.716597543906005,1.3045445408214262,14.231966708270052,55.5980397095425,13.001616039223395,88.79027248342582,773.101551367266,225.17077483990283,1620.9231494635285,70.36653132410989,15.837638607265722,100.0,0,31.62,0.0
M-04,PRESS,2026-06-25,Night,63.84,511,98.75,0,RUNNING,303.0384247594255,0.11346942205714708,303.2176179461135,313.2370837007138,0.9816592920559387,315.3600588459842,2.4431558738319987,0.526644845807569,3.397163914558166,12.196781311302736,1.239676051152615,14.014286127233952,54.9904386383224,10.349429516666035,76.22429633557786,756.5419787815435,162.6291425074675,1249.486649495265,69.80456847339829,13.790676934375051,100.0,0,32.29,0.0
M-04,PRESS,2026-06-26,Afternoon,63.71,510,93.45,0,RUNNING,302.5642312119264,0.06492381503034485,302.7255180928375,312.45041182350735,1.087305356099191,314.8242917738768,3.0031602085071314,0.5968083246767623,3.9445337337592856,12.30356471193118,1.347089289978115,15.59347556752233,55.44448061985366,11.927935419911913,81.84470852914828,755.1115512193275,182.82627498189385,1332.1460907965345,70.68858799014896,16.127297133922287,99.35040127522232,0,32.96,0.0
M-04,PRESS,2026-06-26,Morning,57.79,462,99.28,0,RUNNING,302.7374926578295,0.08385211880344186,302.91563091040047,312.84775504629874,0.7209745068981684,314.0371664422012,2.997911888011318,0.5912076305062605,3.980502149154861,11.934260146719314,1.0592787715788545,14.1137987075,53.19238492216278,12.177927192576812,73.34315878173012,818.6493485501093,312.0303217488892,2280.5908852049874,66.32006093000905,15.429125567486468,89.67623157948653,0,32.62,0.0
M-04,PRESS,2026-06-26,Night,61.65,493,93.57,0,RUNNING,302.7823734343657,0.210146610733827,303.0629492374906,312.8845272746007,0.9144299734686142,315.41678864835166,3.263108078509138,0.7853633354432655,4.848326009843642,12.809682038271344,1.3591941786205284,15.051230946821624,51.32279250150898,12.102451787943245,74.44079972012445,828.5325602922195,240.4312679725579,1631.6683549112288,65.99280306629893,16.195697125071952,92.5140883029007,0,33.29,0.0
M-04,PRESS,2026-06-27,Afternoon,59.48,476,90.18,0,RUNNING,302.6261204662236,0.22360066041513355,303.00326988007106,312.5691156511104,1.000742544734408,314.18231335758003,3.8106522617549383,0.465221477303173,5.105397773857924,12.71278471734718,1.329741823031266,15.382517340663732,52.85716522047282,11.125280706824789,77.01854965686654,802.6457771424547,241.71501193577524,1842.0815377704848,67.44405305911259,14.793667481974659,99.71957321796516,0,33.96,0.0
M-04,PRESS,2026-06-27,Morning,59.41,475,91.29,0,RUNNING,302.5904092359867,0.11842346653982577,302.8016661699229,312.6065158080529,1.0811382606527913,314.69671086030434,3.417898342235903,0.6192850819267703,4.909575565920376,11.864046467032372,1.1654146326570316,14.152938212202466,52.41852129043208,10.76288967211973,80.20847882594312,802.614571875695,191.6100700046494,1340.229071163172,65.96517907580042,13.681889359815878,100.0,0,33.62,0.0
M-04,PRESS,2026-06-27,Night,58.15,465,89.7,0,RUNNING,303.0307931859179,0.12122221546895809,303.25597142109126,312.6788785363199,1.0200675588642862,315.0565595698641,4.101574200586305,0.5877682778317856,5.088155254540483,12.982665606229261,1.4260092211328317,14.73116308432058,53.784793321165346,11.660604830802125,74.678217026508,779.9765929809116,176.71102580528856,1263.5206644270286,69.6797600746983,15.675416319677817,94.76686377705263,0,34.29,0.0
M-04,PRESS,2026-06-28,Afternoon,56.23,450,81.12,0,RUNNING,303.5434315695279,0.2856827177686257,304.08234506802955,313.22280654327164,0.9539406443008386,315.27935355716124,4.4961253158245205,0.5320245391483258,5.375394100636219,12.824111740989085,1.2125391106626067,14.896684797908977,54.04380299970212,14.580531222635713,83.80067831477744,813.8594266698539,309.6407107976782,1832.1395172260247,66.60613192707851,18.562520327946075,100.0,0,34.96,0.0
M-04,PRESS,2026-06-28,Morning,54.93,439,89.27,0,RUNNING,303.12424703844346,0.1261623144472045,303.3971340857666,313.15565835810247,0.856325967550954,314.74611261843324,4.294264796532484,0.6376981421074343,5.686024883567441,12.481436655686853,1.1315668342994731,15.884981135403528,55.49708401212882,13.63130994444033,88.77141908269212,768.2129287627699,194.51270805734745,1480.3611589178206,71.16439833125548,15.9590478310975,100.0,0,34.62,0.0
M-04,PRESS,2026-06-28,Night,56.34,451,87.39,0,RUNNING,304.4958621490366,0.2802283754229257,304.9940726547313,314.6546625438256,1.1025033618592643,316.4885569724059,4.796623506885423,0.6302484723760315,6.064501612436051,13.263355249276296,0.8836352090673886,15.011107385508932,54.25637661852276,8.068784732610434,72.95422297986393,756.6499441927215,126.48235320219769,1110.7191875445271,69.04129085501648,10.974778693016297,86.85748715724378,0,35.29,0.0
M-04,PRESS,2026-06-29,Afternoon,53.75,430,85.9,0,RUNNING,304.47828573974715,0.1279407133345503,304.66062591677064,314.304472749079,0.8928263443987347,316.44705954524886,5.2415428035334015,0.5806712991927812,6.49221435816645,13.15242653719051,1.1479942241460266,15.897320587937894,53.394239715810805,12.209612785185675,77.84639130548362,793.7761048584632,219.13654039037732,1545.0909271836877,67.62587087579868,16.104637239504598,100.0,0,35.96,0.0
M-04,PRESS,2026-06-29,Morning,51.97,416,83.22,0,RUNNING,304.7380267336452,0.2611725820070455,305.0495984805829,314.58416855246736,1.2687117430898396,317.1415555821118,5.0401351813013715,0.6220717124127257,6.13229253868642,12.967052974213551,1.3031662292333177,16.144413982357953,52.283944182566366,13.891587677850103,73.15494352326074,840.8017921758125,313.3553697715991,1717.1260404171082,65.94160424046514,19.414294007308264,93.806993085713,0,35.62,0.0
M-04,PRESS,2026-06-29,Night,50.79,406,84.81,0,RUNNING,304.8178713984221,0.15026844887631952,305.0147686615611,314.8193449262489,1.1526836723034124,317.1251530870859,5.333228435405561,0.66510677785399,6.865113222364987,13.503685459714632,1.0920471685091366,16.07773104584196,58.4366470148269,12.889992280862453,84.31184785241285,722.1871609602193,177.18731976385448,1098.3723245646654,73.34436776943438,16.050433078380806,100.0,0,0.21,1.0
M-04,PRESS,2026-06-30,Afternoon,63.78,0,97.72,480,DOWN,305.24247323868536,0.2502583823469875,305.68742666147483,315.1023867960029,0.8111896297644039,316.7805414586724,5.72104314875863,0.6125185754775393,6.708151258494184,13.401504375394307,1.2301111094789838,16.204459536375172,55.215693930516714,10.283374819807387,79.88834984614259,753.0332215418208,141.83092683053607,1152.9713812240022,71.22563883679167,13.944508564081561,99.96145421731056,0,0.88,1.0
M-04,PRESS,2026-06-30,Morning,63.11,0,93.24,480,DOWN,304.7223253984905,0.12655459033865785,304.9829783019504,314.65721357731195,1.1369155418349848,316.6217551233094,5.935717855200034,0.5082927080360805,6.798585140792113,13.409558298022542,1.064778266331294,16.15402002430035,52.16067198903665,12.582337696068919,80.78684391569263,812.6972360101142,260.3848375598916,1776.9229573734133,67.28377326833848,16.083885877240014,94.61832827809272,0,0.54,1.0
M-04,PRESS,2026-06-30,Night,66.86,0,97.03,480,DOWN,305.6883078911263,0.0708242650530099,305.7569320539432,316.03969481920274,0.7861869279871297,317.17506633142034,6.193122760190753,0.6080235287423393,6.59408297783654,13.753019171863237,1.1230939434486253,16.755560836695967,60.92028980382738,8.25185022021053,70.41399549689885,687.6021075748323,139.355197983099,1117.1655018693311,76.99691383202058,12.530535341312525,87.10334527935804,1,0.29,2.0
M-04,PRESS,2026-07-01,Afternoon,63.75,510,96.86,0,RUNNING,302.5486260896475,0.06180116402754233,302.6549460559262,312.97214436953436,0.6011499160353836,313.6527515428547,2.743030723860426,0.32480012827384025,3.1755435759346726,11.151426532878531,1.2000949942047219,13.477760737669648,61.980335379560756,14.949573220526133,70.71123320119919,679.3880676162535,232.97828132675417,1103.0183382856555,78.32743015316693,15.5703776761208,94.634895055357,0,0.04,3.0
M-04,PRESS,2026-07-01,Morning,66.41,531,97.03,0,RUNNING,,,,,,,,,,,,,,,,,,,,,,0,0.62,2.0
M-04,PRESS,2026-07-01,Night,66.56,532,97.51,0,RUNNING,302.4399626448769,0.12255785397222542,302.69528144338864,312.60505995379475,1.001229969971611,314.5559607638899,2.6986422088142126,0.6343255722743211,4.199378531888831,11.982585657028023,1.2456712642480268,13.829063413262311,54.16917872716778,13.862954930981413,77.16413300538352,820.9698777118134,356.1337351137948,2341.730489436581,69.57947882261621,18.905409105146944,100.0,0,0.38,3.0
M-04,PRESS,2026-07-02,Afternoon,65.69,525,98.14,0,RUNNING,302.6968137841938,0.19471532309435344,303.083157871233,312.5775286076232,0.8606343261441028,315.0390942180205,2.4844310781160384,0.5809852906939091,3.576114987752919,12.433221542225702,0.9507961841696377,14.0773294476854,53.80560060075838,9.723933035222775,80.44765316733621,766.9536202541956,128.9306619063776,1034.3223285153017,69.12145711663794,12.855126108177787,98.43078833370026,0,1.04,3.0
M-04,PRESS,2026-07-02,Morning,67.32,539,97.42,0,RUNNING,302.34571979272573,0.08444809671273915,302.52199527745665,312.62212848207474,1.0182604489304823,314.9561070108338,2.498390928677797,0.5765131281301462,4.126272835597186,11.403422190763257,1.2975949298950271,13.325565513931451,58.603186184078254,10.923732185301915,74.41246788255536,713.3171288115304,166.62135902954708,1346.8376932947149,76.09531086245957,14.837488385960098,99.2394344261774,0,0.71,3.0
M-04,PRESS,2026-07-02,Night,64.95,520,94.24,0,RUNNING,303.1569398953065,0.14299950883535084,303.39109581398134,313.2496000094315,0.9429753220086146,314.8001205582053,2.4979219213079835,0.6108100442172575,3.594699820849072,11.76104235501617,1.0403794756364237,14.352536415532985,53.82960087212689,11.880629621343536,76.861462437816,783.9655061699258,173.78573662062243,1147.0705467373402,68.91741209811927,15.261983704565072,100.0,0,1.38,3.0
M-04,PRESS,2026-07-03,Afternoon,63.68,509,95.71,0,RUNNING,302.94868758512547,0.33020897402253985,303.51348935482184,312.90920178427416,1.0393879256195888,315.0730799208991,2.5846103087403316,0.5881199968791645,3.8625597634610647,12.019897758196077,1.5845675542545448,15.27106422560925,56.14195614096946,12.027025289302031,90.26486318344656,743.810326016307,135.19420172100192,980.5624542002248,71.23730493600482,14.87957160221951,100.0,0,2.04,3.0
M-04,PRESS,2026-07-03,Morning,64.68,517,94.51,0,RUNNING,302.97352243588296,0.23189103691683055,303.34507498988984,312.8024767378487,1.0558021049400748,315.1104114088569,2.585082175647638,0.5339022669790425,3.837641574511964,11.586405659999937,1.2237714948201104,14.157873380355142,52.74499384984316,13.231189509414742,80.60583198479617,810.5974575891695,226.90789086395506,1317.2962570663706,66.2933461553116,17.459800221355767,99.49000686627878,0,1.71,3.0
M-04,PRESS,2026-07-03,Night,63.45,508,95.38,0,RUNNING,303.70697647933775,0.11918709708647478,303.9612043450022,313.6999553573303,1.0021378529831748,315.8696271538199,2.6052082267845282,0.6147241825100397,3.6326241442350473,12.2784092886989,1.6003907174675744,15.560278576040917,56.96271117542017,11.7361416880206,82.14243895019288,731.9940031135942,172.18196273778437,1238.3488378121945,72.27607271184415,15.536566539598088,100.0,0,2.38,3.0
M-04,PRESS,2026-07-04,Afternoon,65.0,520,94.37,0,RUNNING,303.132667000224,0.1805637442182914,303.4198162149382,313.24372716592956,1.0481953566343667,315.23485877028406,2.5271740475670312,0.6077969724744283,3.69096099343792,11.981461264782963,1.1368554527226888,14.316213181172897,53.317709436386224,12.3727438530018,82.3438067940699,791.8184368848048,179.75678695492527,1117.6601490587514,66.91553197580666,14.77239204436728,100.0,0,3.04,3.0
M-04,PRESS,2026-07-04,Morning,61.31,490,96.43,0,RUNNING,303.07145703538646,0.26554691947222936,303.486684781486,313.06905031069164,1.0387966353749851,315.04893322471764,2.681168142546542,0.6801591039030075,3.967712200697336,12.149184823329318,1.1678640177529733,15.339238459877771,54.91363260107708,11.893245977944511,83.79618581692688,771.6347369896124,211.15959704512207,1589.3785360310235,69.34112161694111,15.896708919814689,100.0,0,2.71,3.0
M-04,PRESS,2026-07-04,Night,66.29,530,97.88,0,RUNNING,303.3621583537405,0.07030402621788441,303.51142553812605,313.2191186774169,0.9499309708627671,315.3302731960217,2.5390591727452,0.5895883811252185,3.462615009645174,11.936193010762414,1.251553808176071,13.994451465485998,50.86419845334478,10.536893706427119,70.13231857837616,828.0433666951333,222.16500395452329,1685.878895094523,64.45102659586382,14.724819851891498,88.9863394997913,0,3.38,3.0
M-04,PRESS,2026-07-05,Afternoon,63.5,508,94.12,0,RUNNING,304.02717855987737,0.1723788539498459,304.3305877234663,314.0452179067705,1.1045252398974983,316.63265150186623,2.6528857231031635,0.4995461393317578,3.295516209475231,12.286992017745032,1.097677803077777,15.983953721933435,58.100397941009774,11.671669665306544,87.28815441487659,714.6693615399095,153.01193475055072,1087.6493204816347,75.18905600016369,13.791692529594632,100.0,0,4.04,3.0
M-04,PRESS,2026-07-05,Morning,61.87,495,94.47,0,RUNNING,303.4664278057445,0.09633448887765052,303.6174865860854,313.2783152788467,1.043791932329484,315.16178357325106,2.5845221785750185,0.5219288378759983,3.51142513908818,12.044779699443808,1.349118676071516,14.894538548144451,56.35139617084452,11.645429786494839,81.28264322071789,740.2262140116605,182.26863384068795,1395.5914467984303,71.30699804606799,14.351784841647657,100.0,0,3.71,3.0
M-04,PRESS,2026-07-05,Night,66.62,533,95.61,0,RUNNING,304.56473793146574,0.16899361943647365,304.81345087842294,314.5321402600992,0.9103798532860784,317.2695295451293,2.7257087360707946,0.5788841983393135,3.916115080085148,11.909276532287244,1.3667518636337375,15.0706649916597,56.23577057321439,9.978051896967207,74.88943477522083,735.5012691812111,146.01550241842963,1124.1992802741347,70.6575154843637,14.158721526065989,100.0,0,4.38,3.0
M-04,PRESS,2026-07-06,Afternoon,66.24,530,93.52,0,RUNNING,304.5003515865828,0.1654243216562046,304.857957469672,314.65179388439003,1.000287874041608,316.2975593289298,2.522270876881319,0.7057403995412982,3.8894178353004367,12.520537432995694,1.1438929002328686,14.90160665293876,58.7979251876106,12.48564878775592,84.64628366304646,730.4834955529667,154.5655407213834,1067.1211960979906,72.53774812214768,15.382316542741437,100.0,0,5.04,3.0
M-04,PRESS,2026-07-06,Morning,64.48,516,91.99,0,RUNNING,304.7533791964352,0.1433240045144089,304.9946923380919,314.8571838331559,0.9660696091197266,317.18020348211684,2.4742182637602226,0.6110755115547476,4.381090827416866,11.73963214195289,1.1656332290108742,14.936737829397996,56.131006030302274,13.815531846705607,97.94863139872233,759.9130688901109,202.6717785660092,1354.0960709705355,71.01357786051898,16.092420138420753,100.0,0,4.71,3.0
M-04,PRESS,2026-07-06,Night,65.12,521,96.55,0,RUNNING,304.6260228404626,0.22773502501580636,305.00332702100127,314.7308564741087,1.2966707168394593,317.9890878398136,2.780293368637117,0.682397251578003,4.134823636000516,11.865931049344061,1.3168287309236126,13.938885234182669,55.902719209340866,12.834649852874772,82.21965042230518,757.3350667790799,194.91452511038983,1214.4918702395526,72.12350106452917,17.353561111615843,100.0,0,5.38,2.0
M-04,PRESS,2026-07-07,Afternoon,59.11,473,96.37,0,RUNNING,304.520882696162,0.12267561929073718,304.7402452832277,314.5518052137043,0.777431752384729,316.43664450618445,2.5763145352183328,0.6071306044564964,3.531221176873508,11.88337600659914,1.1787961445462178,13.918777947315071,55.71825147901273,11.299176845386652,73.80581667314465,755.7316279723515,182.06373050325982,1326.5681817052723,72.62713896714914,14.908558503937336,98.0034361282592,0,6.04,2.0
M-04,PRESS,2026-07-07,Morning,67.65,541,93.38,0,RUNNING,304.2947011611488,0.0719210848805937,304.46460772886235,314.2689536264737,0.9484147546406902,316.1786589373194,2.4212057890651972,0.5283542811097903,3.5987370653443795,11.774521368527472,1.2372324036379838,14.951995071505957,52.3887018045158,11.326879974684694,77.14782796685995,804.2908671044579,174.57703076601354,1255.6355503110926,67.68019638603607,15.18999576938156,94.65114180807868,0,5.71,2.0
M-04,PRESS,2026-07-07,Night,68.51,548,98.48,0,RUNNING,304.8302055041446,0.08129180511020916,304.9493509587728,314.9843065992866,1.0170834355540486,317.38820449181446,2.4763825871466283,0.6959799341359533,3.833567031356469,11.993029691856151,1.4212774688777203,15.453982241031143,56.63438406234538,14.10363975460958,90.13073089231872,769.1086256699899,261.34731995068535,1898.8124895905687,71.09305707383764,16.725265293920078,100.0,0,6.38,1.0
M-04,PRESS,2026-07-08,Afternoon,66.57,533,94.05,0,RUNNING,304.7281519707275,0.10331741068359543,304.97319115486954,314.7543759591464,1.153508201078659,316.94500971783225,2.536914572446185,0.5039060191542374,3.8053284772676057,11.964982508769438,1.1498950919445077,13.691974227300015,58.81086139785142,9.952223353680758,78.51397029200413,709.2644390124818,126.76489100682853,1080.9805652073944,75.1241547312762,13.234691245958489,97.64249083738991,0,7.04,0.0
M-04,PRESS,2026-07-08,Morning,65.41,523,95.02,0,RUNNING,304.59453246701037,0.10452188909711477,304.772714972196,314.5791587807772,1.2120582852241824,316.9056246456888,2.585110816848555,0.5629418231225801,3.78302055344777,11.758048030973535,1.1781208365049343,13.752494606296702,55.428386791197525,12.771245616977552,83.01680423038225,764.0411781031198,199.94413791201296,1416.75814023424,71.3498047361973,16.771050932414074,100.0,0,6.71,1.0
M-04,PRESS,2026-07-08,Night,65.93,527,97.01,0,RUNNING,305.0897937720995,0.1736842712018135,305.3963163377278,314.9742440522795,0.8962403155814981,316.3453556127157,2.7269391394827673,0.7354272646726709,4.301771616271544,11.954577770434433,1.0829071469665774,14.845059374177502,53.11661645461485,12.316842238322067,79.39834621850537,808.4834491231005,253.8980227767056,1601.514236477089,66.4645560827026,15.667212953380464,92.9422067046008,0,7.38,0.0
M-04,PRESS,2026-07-09,Afternoon,65.77,526,94.98,0,RUNNING,305.0775756983383,0.1740663020579503,305.37875606686947,315.04921744751596,1.0101577725064408,318.1865350735312,2.553923810429965,0.6759563162557805,4.092392483449089,11.735268619264097,1.2034953669250874,14.913088167101323,58.4993666310145,13.44318155829053,80.51131317445359,733.0723297989317,210.32699562918592,1418.000453251849,74.63444491650247,16.563703592978396,100.0,0,8.04,0.0
M-04,PRESS,2026-07-09,Morning,67.07,537,100.0,0,RUNNING,305.1015302361275,0.1459160213693077,305.4144624325075,314.91601534600767,0.7605594178728682,316.24849225631215,2.765009821975272,0.7030472931460433,4.668578931326596,11.939842702960155,1.358057495068357,14.934470305378236,54.380906167577045,12.078427823803285,86.99059085639709,767.8698156089899,175.13414849546584,1277.6278701728818,68.64425804060338,14.857364573686844,100.0,0,7.71,0.0
M-04,PRESS,2026-07-09,Night,64.95,520,92.46,0,RUNNING,305.4054646410978,0.13357007168595925,305.60864934464894,315.1774350006997,1.1138689560908688,317.8579312997428,2.5037670179388547,0.567316480303969,3.606925231501382,11.853773421850738,1.1771178134750206,15.11868557975208,54.33979978171183,11.99822427498505,75.26624836506953,780.3285271820732,207.5944409977014,1508.7828803367825,69.74589530933787,15.44850885333313,100.0,0,8.38,0.0
M-04,PRESS,2026-07-10,Afternoon,63.98,512,96.3,0,RUNNING,305.5863754919509,0.08681309429728389,305.7392460723756,315.603908700828,1.13286328218455,317.4472735092212,2.7402836573597593,0.6213652024793008,3.71018915454186,11.996113691027887,1.5262260234642897,14.865589141202529,55.25342183437593,11.272547747932345,73.20448608965654,768.0694795486371,261.59620473469573,2044.859735365656,70.38218097267841,13.877971619195103,93.51044215998589,0,9.04,0.0
M-04,PRESS,2026-07-10,Morning,63.65,509,95.18,0,RUNNING,305.67694807854843,0.10320506374756284,305.86473443574044,315.8301498085773,0.9215479223064732,317.5815625146562,2.548857516500447,0.39172371747949236,3.467112771854532,11.824311138869042,1.2843215759859303,14.578608150250016,54.17368524330357,12.88273987960268,80.80446123845749,779.8880551429633,210.84803397178362,1474.9247598534898,68.43367445976845,16.793051333142834,100.0,0,8.71,0.0
M-04,PRESS,2026-07-10,Night,63.4,507,98.24,0,RUNNING,305.24288904085506,0.1720684628202072,305.639144249249,315.100652729408,0.9230112267815231,316.85556343208884,2.4415302869567586,0.5662591859087587,3.405221565252412,11.898800992721624,1.1280916661688862,13.371463783948426,55.15653948384805,10.734109375317626,75.14631241264284,759.826241902567,192.33126461136743,1401.42126353792,71.8993955268164,14.258105598661247,94.99909383257518,0,9.38,0.0
M-04,PRESS,2026-07-11,Afternoon,64.36,515,96.31,0,RUNNING,306.0387015962831,0.08907982958285476,306.2504516588515,316.26319998135097,0.7253737349779131,317.6415980473996,2.5893750965202953,0.5134051785606453,3.697575766955073,12.396222682023982,1.0308497459453847,14.040982908014156,53.84228002481159,14.351401005177905,83.27906704817593,828.106344161388,344.48486857762975,2315.494764043242,68.1817189521945,17.043283931071397,100.0,0,10.04,0.0
M-04,PRESS,2026-07-11,Morning,65.0,520,95.98,0,RUNNING,305.6589927472544,0.18651643617906785,305.88748856457573,315.5011279464018,0.9292683539839228,317.30550762246634,2.5998869282267973,0.5475129356616333,3.60718818963686,11.603455857533786,0.8298449580860782,13.916362279283682,58.85944455734957,12.362110274340163,86.36441647151975,712.5137210936281,183.75503341097854,1395.146184519452,75.43945898373536,15.50490065037708,100.0,0,9.71,0.0
M-04,PRESS,2026-07-11,Night,66.61,533,94.27,0,RUNNING,305.64956180575336,0.30481147143667464,306.0867873021708,315.79190890435837,1.0774694271631267,317.83886472824184,2.6577069812424763,0.5196960537603922,3.770426778916023,12.192853971720249,1.0163293908240414,14.766753590144482,53.600736636031066,12.89637603930304,81.42958957497734,797.7238585812387,216.3767067877044,1621.916655817284,67.76161979416187,15.56779837569604,97.1640627621398,0,10.38,0.0
M-04,PRESS,2026-07-12,Afternoon,62.38,499,94.36,0,RUNNING,305.12561227235045,0.15313464241296834,305.4133094798486,314.9272065459539,1.0849398794739333,317.0490893443772,2.590735909984188,0.5986532088327227,3.8044585354874334,11.811703394658895,1.4203630978722106,14.803401424525417,54.89307666391495,11.111560842340989,74.75642164799552,773.8433291478506,218.1441710583467,1693.6145255811582,71.25106042211743,13.920906770116604,94.00565930467609,0,11.04,0.0
M-04,PRESS,2026-07-12,Morning,63.72,510,95.39,0,RUNNING,304.7811189810749,0.10173767405866961,304.99244106763337,314.8885888760618,0.9745140674418424,317.6366749936551,2.591527372797659,0.5779015003273436,4.066125810736314,11.816616183701406,1.1399242340924167,15.231079983304634,59.671214201307016,10.833293428757994,84.30847376506333,698.1162839070945,132.06384707449757,1031.689576103042,74.85354624732842,13.440478011995978,100.0,0,10.71,0.0
M-04,PRESS,2026-07-12,Night,64.07,513,97.75,0,RUNNING,305.5051753890441,0.12486867863336648,305.69840988229345,315.2556190628393,0.9229867105397372,317.33301632412866,2.645202230269141,0.5364627706037195,4.115682476465594,11.968611022303648,1.14596635361867,14.24154698723762,51.46387757615742,14.1097345368321,87.67617252320598,875.4459587088506,432.74821818499686,2955.9918216179526,64.13546824300607,17.341588438528785,100.0,0,11.38,0.0
M-04,PRESS,2026-07-13,Afternoon,66.66,533,95.73,0,RUNNING,305.6518588261167,0.06832169636447193,305.75623520996146,315.6574454011907,0.8000245682269779,317.2537599245477,2.7011315519847803,0.5578549383932221,4.034421571208265,11.90009970907318,1.1116994565137988,14.212410438535883,53.455124413288765,10.399175914659006,74.37900531691469,783.7034672521202,166.2838376973332,1305.8253879195213,68.29393065350153,13.7272021924576,91.17701648796488,0,12.04,0.0
M-04,PRESS,2026-07-13,Morning,65.51,524,96.39,0,RUNNING,305.6646161156175,0.1299455963970758,305.8835014942755,315.7675301266667,0.8548743680485901,317.6388067448832,2.6734312682227133,0.5898984840317271,3.884108175247805,12.420681190053918,1.0826042712707473,15.86697664826148,59.97125896882777,11.539656067597052,87.91331259286818,701.8545663853655,212.46552788008,1709.741772223717,77.4898642596827,15.525903515807212,100.0,0,11.71,0.0
M-04,PRESS,2026-07-13,Night,65.76,526,95.79,0,RUNNING,305.5945113684071,0.12342035751664926,305.8210825041088,315.27902270195324,1.0699770181296862,317.2456017718503,2.4411672777875157,0.5803498629859012,3.725726658254689,12.083980726887765,1.4815032438862588,16.20079524313814,57.53046881315958,11.914365179208083,78.14592591915364,733.6560662408359,202.56331585664117,1378.2801031757606,72.42419167910349,16.6073242515902,98.97934771657648,0,12.38,0.0
M-04,PRESS,2026-07-14,Afternoon,60.24,482,95.73,0,RUNNING,305.17012380116495,0.1257066348106139,305.3902605847196,315.0983107741209,0.8900540445952889,317.1569097715885,2.6781614139145447,0.42808135409557724,3.350360159844444,12.324313096253253,1.050627025503906,14.421715596220777,54.44144456206813,11.537438108932365,78.74983050491369,773.5426176598013,167.81738869199407,1177.2494412787028,69.51002028277063,15.601555313768275,97.90856063630348,0,13.04,0.0
M-04,PRESS,2026-07-14,Morning,65.52,524,94.83,0,RUNNING,305.3333550785882,0.1857261271397655,305.6301238787077,315.6446571390826,0.8661808398248934,317.28593264327566,2.6203337556710933,0.6489509866690508,4.5132283103495965,12.10482144124466,1.185266096067165,14.748904372883604,55.71923515113446,13.007326927826274,86.28626400942449,765.8737956756022,208.28493849077435,1391.1584406232396,72.5104005649865,15.45251806414934,100.0,0,12.71,0.0
M-04,PRESS,2026-07-14,Night,67.77,542,97.85,0,RUNNING,304.92364157878427,0.1046996506611412,305.14281703849105,314.84169075679387,1.1766846027827578,317.83381296333613,2.6541682215599365,0.5308335610931771,3.806063346260508,12.063744865092215,1.0845733508390916,14.604222634106073,55.179053180703505,10.568592292882993,83.61960483359269,753.4076745567174,156.6255392369059,1130.6577377638132,70.41752321852688,12.915327913596695,97.16673451587288,0,13.38,0.0
M-04,PRESS,2026-07-15,Afternoon,65.17,521,96.39,0,RUNNING,304.72668048124785,0.1784917688178542,305.0211629858753,314.6915751595507,1.0616868881084052,317.4859466811094,2.644608197150628,0.5994072445315928,4.139278121947829,11.977980628513004,1.2056143582288048,14.57625477270393,59.462045808780914,13.243439141133234,86.25575679457627,713.5679176903428,162.8026006417129,1082.9144894132694,75.4571535663375,17.5605617970988,100.0,0,14.04,0.0
M-04,PRESS,2026-07-15,Morning,66.88,535,98.47,0,RUNNING,304.80115869662217,0.12415265608108454,305.01875135189704,314.8564240496637,0.9355123304462157,316.4253940169004,2.3856200802319982,0.6126002201535673,3.733270544574879,11.89535494952556,1.134738612119598,14.285754548435891,55.495622736094404,11.675914029631157,75.43809392557921,762.7975785296941,192.07824670036769,1425.4553496328688,70.07423636584963,15.99882080113257,99.49103417756623,0,13.71,0.0
M-04,PRESS,2026-07-15,Night,63.8,510,95.37,0,RUNNING,304.68200342710077,0.13245322503267404,304.8888982224842,314.76578006293494,0.9246339443565803,317.8023852153852,2.405804143095298,0.6114055026196991,3.968458818907707,11.45063963635642,1.040221824240792,13.787835133857408,53.34328104048748,11.77981187104032,78.20270716638234,789.8849264434309,204.31829177018477,1383.7379623748116,67.42906485017167,14.739810118908599,96.67590291525184,0,14.38,0.0
M-04,PRESS,2026-07-16,Afternoon,64.73,518,95.1,0,RUNNING,304.4457171315982,0.2820478204686644,304.9059465207711,314.3920934020797,1.0650694533711682,316.4608492185212,2.7918218033070348,0.5915280120812639,4.467283545243431,12.083012220863711,1.2250811208738128,14.338459651559974,54.84433604529708,14.653795619642347,91.25725369716604,765.5643994747521,199.35558057765772,1456.8256564295598,70.29054475677533,17.918760118421716,100.0,0,15.04,0.0
M-04,PRESS,2026-07-16,Morning,66.2,530,98.41,0,RUNNING,304.50467263320525,0.08158594756825377,304.7263398938028,314.2258167675607,0.9920223965224941,316.3363098895322,2.5330140199043054,0.5499088854281932,3.712852227375093,12.095746399407544,1.1149613277634305,13.886245470627044,52.374773002720005,12.089594099302444,86.14504031663819,807.9917714683897,196.4540329264949,1348.3552580296157,67.16541640082716,17.48495089178197,100.0,0,14.71,0.0
M-04,PRESS,2026-07-16,Night,65.0,520,97.2,0,RUNNING,304.2076447724516,0.08455438276267022,304.3330879571781,314.27013500252735,1.1011005221769528,317.14381335462053,2.466460239653792,0.5044632263026246,3.516532160248137,12.052792231283687,1.6959635417629213,15.39234932906987,52.71888494719038,12.273109447685341,77.83202098963896,812.7717158606317,241.90024019666566,1657.60181153593,65.93972409721104,15.720277746389092,99.04294685505636,0,15.38,0.0
M-04,PRESS,2026-07-17,Afternoon,63.93,511,93.56,0,RUNNING,304.73514414991956,0.07137845660621527,304.9012580337881,315.0106087046147,0.7782584353843013,316.4782713877916,2.7396090877016053,0.5846368676518268,4.097828918758525,12.12452687548461,1.22029122441848,14.029699539246034,54.43508304148348,11.635081341609915,73.78841613811619,776.9652054077459,185.40841347723153,1181.940484957943,68.17111973832614,15.600961100536662,99.8298021766116,0,16.04,0.0
M-04,PRESS,2026-07-17,Morning,62.18,497,91.41,0,RUNNING,304.442194039604,0.12438066832702684,304.725589032707,314.6998967769061,0.8857296575891919,316.70632128078057,2.5846248651281893,0.6622458662785133,3.966756000009033,12.171910890123916,0.9998668105896755,14.403171526549183,54.88228147591782,12.974443035955504,92.6716593544696,770.9292020935803,162.13412499197668,1035.5326981904964,69.50529753330873,14.654359681105861,100.0,0,15.71,0.0
M-04,PRESS,2026-07-17,Night,64.01,512,95.7,0,RUNNING,305.3616518587253,0.21319910653179638,305.6076482521345,315.1868524947896,1.1879035597024157,317.6146582987968,2.372925914514121,0.5132199325687047,3.5593975664046766,11.791105028077226,1.1682550127786422,14.351631478859918,52.83768643745638,9.900270176693526,66.77226291477585,789.8199154130222,176.47063228837445,1251.647846354435,68.67467674799971,13.409036989949321,88.46605498638854,0,16.38,0.0
M-04,PRESS,2026-07-18,Afternoon,65.64,525,96.6,0,RUNNING,305.7498966740466,0.0912274752560768,306.00033847661774,315.76314757378645,1.1479708263156978,317.9594706680048,2.628520190138664,0.4318564753644039,3.441498313413013,11.769642825861823,0.9119585371730112,13.678043840414407,53.5393198664492,13.535618852156617,75.49112404059952,818.5522028061946,339.78426050122886,2304.298877855944,68.63828416915091,17.465737037806914,98.77286356768954,0,17.04,0.0
M-04,PRESS,2026-07-18,Morning,64.12,513,98.9,0,RUNNING,305.7309486909191,0.11586781447152145,305.9057385494029,315.592673868932,0.9041894395610642,317.9437655407487,2.585774848019049,0.5754759048251651,3.573089665703872,11.561836558073383,1.5318005867783984,14.853984126940384,57.4113465245919,9.628724303997261,81.87703102643411,716.4514540112211,124.04091860697876,942.6164401736204,73.87075368316354,13.294773665571851,100.0,0,16.71,0.0
M-04,PRESS,2026-07-18,Night,66.21,530,93.72,0,RUNNING,306.12629203799213,0.10636087183407444,306.28563231579807,316.44104008452643,1.2208748375532972,318.41259974032204,2.4727396965930124,0.5427685759129683,3.5577074599521614,12.320241329078454,1.2028334394854976,15.205105335355846,57.20262448421608,11.611432929033679,86.17622484381474,733.0129672620766,178.80647413008873,1441.5374224055297,71.90388584324165,16.60202752855602,100.0,0,17.38,0.0
M-04,PRESS,2026-07-19,Afternoon,66.31,530,93.86,0,RUNNING,306.5105777137531,0.08355240536986565,306.67713692451616,316.48451303914493,0.9551472977323573,318.97974338557884,2.6478175195430134,0.6289970040484656,4.095790013173577,11.902376458180697,1.122951026694656,13.659106358331812,55.681683046092246,14.71627717993024,83.56453572231312,783.4609858265213,251.92365656814016,1445.0423484119124,71.3602319021823,19.540113751303103,100.0,0,18.04,0.0
M-04,PRESS,2026-07-19,Morning,67.03,536,95.85,0,RUNNING,306.37052754345757,0.14287243811619038,306.7059446398512,316.47645827355296,0.9799255277246359,318.77631629623,2.5379150757156888,0.4779519127493947,3.596254581317777,11.993923842055738,1.32756768874646,14.458015001396726,55.25469418671909,11.116102010590257,76.24453241391836,760.0492447150433,178.88738215898337,1317.476424788559,71.46851523959603,15.058622504360372,97.85428090945982,0,17.71,0.0
M-04,PRESS,2026-07-19,Night,61.97,496,97.64,0,RUNNING,306.8083786381224,0.09343717490286267,306.9565543891765,316.8091894394208,1.0633905360787883,319.24044639554745,2.5071655756628655,0.5236321148619766,3.76199117654184,12.24517800635544,0.9978609509279189,14.249198083641986,54.58135176873324,11.962300680878915,74.99588410997264,782.185993477228,257.19465272220964,1882.8581153582595,70.42231775568318,15.737800020557357,99.5907885433883,0,18.38,0.0
M-04,PRESS,2026-07-20,Afternoon,63.3,506,98.25,0,RUNNING,306.64965453224096,0.11753916262019705,306.8995045449445,316.3186168966228,1.1593222846898616,318.3345004733069,2.450445515627225,0.5587478502568356,3.671286472995341,11.909430754328516,1.1891210869600157,13.883053476582491,53.82128580431857,11.414629048744015,71.70735132873946,785.8730526872,208.32586308962956,1451.190931394063,68.37342840294698,16.26733427435809,97.4055211103312,0,19.04,0.0
M-04,PRESS,2026-07-20,Morning,65.73,526,94.2,0,RUNNING,306.84948025971846,0.1277365068029145,307.0857471307947,317.3080073013859,0.971781494986182,319.3440890358695,2.625494885007262,0.5246372357126148,3.661834402042375,11.950749877242135,1.491866195817691,14.860152632409829,58.353862986738434,13.737361129851978,96.21268161215453,735.7733852337982,237.76857898856784,1720.7988993915833,72.89231268148069,16.53550195150445,100.0,0,18.71,0.0
M-04,PRESS,2026-07-20,Night,62.68,501,99.29,0,RUNNING,306.49370568663517,0.08884817072835846,306.68378320832016,316.3173790334285,1.0298162774059236,318.46976202034705,2.5597467325255137,0.73719324762865,3.7637542760830223,12.011411344748364,1.1926068844147109,14.315153891043224,58.26472610357351,10.326861537530473,87.5457382485613,709.2301193021175,143.11033555064907,1242.238312900691,73.27506488329432,13.580797031941193,100.0,0,19.38,0.0
M-04,PRESS,2026-07-21,Afternoon,64.36,515,97.21,0,RUNNING,306.97097611866644,0.1102131231605444,307.1134489244876,317.0847055829745,0.825045478272511,318.86979378682537,2.684019009406707,0.7920440902764627,5.217098075287304,11.928872656641897,0.9851197944531784,13.92573953674273,51.320231394572694,9.451015366966669,66.18863523631053,818.4836992678576,183.6346645316644,1443.4202229664363,66.13263135540775,12.663663225223685,86.18530836533725,0,0.17,1.0
M-04,PRESS,2026-07-21,Morning,63.24,506,97.28,0,RUNNING,306.76501888502446,0.2023348083454283,307.1312423115046,316.7635648050461,1.02741988094642,318.7141978738716,2.653388578314678,0.6853968011079912,4.734775218083218,11.925708477003855,1.4199475900088423,15.331868287986069,55.916164856289846,11.424386538438062,92.8736455981908,741.9121740148952,160.09913571719318,1282.5446626756527,71.42408762548139,13.174920226419276,100.0,0,19.71,0.0
M-04,PRESS,2026-07-21,Night,63.94,512,95.67,0,RUNNING,306.8594540995234,0.06075834565758982,306.97627601821813,316.63458836396,0.9588445338786256,319.0506224821076,2.5356882672407335,0.6066044246546749,3.81443455684424,12.105321274438156,1.0481786187379025,14.294434027297363,55.039265067428445,11.678905563267778,76.57548475383209,763.4598816906445,176.9133424545015,1189.25241883094,69.95429537263699,15.854536714475158,93.50387417397702,0,0.5,1.0
M-04,PRESS,2026-07-22,Afternoon,66.44,532,94.97,0,RUNNING,307.3863025501945,0.09676052886754244,307.5752500384869,317.5502778224688,1.1391494862820712,319.9256291381497,2.7488713219577914,0.5399859024307326,3.621644242957971,11.718760954211008,1.465421427627579,15.21654453744438,53.41839805524148,13.687109409557804,81.14375173773789,807.2952863194727,265.9659737505744,1603.7967217624514,68.57914572729082,17.431451454131814,100.0,0,1.17,1.0
M-04,PRESS,2026-07-22,Morning,65.08,521,94.0,0,RUNNING,307.0018408691251,0.15009783863819487,307.40394861775263,317.0437064764271,0.9988190316156963,318.6931446465306,2.6051669995220257,0.46582639771643664,3.629645875915849,11.925651742801497,1.4696612207571518,14.654869655868117,53.81731230813706,11.439532200205647,77.25547441847817,779.9201234363413,174.8789995041833,1233.281243934911,69.03336200916718,16.075975064726094,100.0,0,0.83,1.0
M-04,PRESS,2026-07-22,Night,64.55,516,94.01,0,RUNNING,307.05185805427743,0.1477175731410854,307.2920179451664,316.7620084436118,0.7127487768861149,318.2880613501105,2.643181984443785,0.5754359637892541,3.806032636704253,12.015319905467992,1.0933218891507135,14.624164308045696,52.47937296026181,11.748163689108804,75.49589808667858,802.7377413095459,196.30421312108177,1275.4162838417585,65.94628659404029,15.201749795484535,94.73361921001596,0,1.5,1.0
M-04,PRESS,2026-07-23,Afternoon,69.7,558,97.57,0,RUNNING,306.91954172785785,0.24100640999687328,307.2550221624173,316.90477008988336,0.9255653347790842,318.55487708674195,2.653266154326319,0.442673212441334,3.370703800401749,12.242234251286087,1.2048277982185052,14.809364106153051,51.071392261945505,8.442944020930428,68.31882231125635,811.543799471616,148.95774887153644,1200.3675339565054,64.5134796406223,10.806363426381237,88.74931860162555,0,2.17,1.0
M-04,PRESS,2026-07-23,Morning,60.0,480,95.62,0,RUNNING,307.15587542633403,0.21028898754337563,307.4133367136388,317.2156128338638,1.0454428061301115,319.9739113576429,2.553895975490695,0.6793556816857165,4.237641733572778,12.065725171490426,1.1244296115044896,14.33010503911737,54.53313756535999,11.716060397635449,80.65158978612843,767.3851721209703,159.95893986322605,1111.0989582031857,70.0390569059787,15.968256100070262,100.0,0,1.83,1.0
M-04,PRESS,2026-07-23,Night,64.96,520,95.47,0,RUNNING,306.23068998805246,0.14906045034439624,306.5583357862377,316.2393379402163,0.7951721528260511,317.66530059516845,2.5652301229692966,0.6345939682813759,3.830705728023212,11.9403775236667,1.2683760141771934,14.676948927089253,51.656521503206555,11.573328138436834,72.17245889002817,824.8754699736188,238.0342844834395,1396.3693376923632,65.30292379810753,15.60185129000793,91.85491618846072,0,2.5,1.0
M-04,PRESS,2026-07-24,Afternoon,62.7,502,98.23,0,RUNNING,307.00201170372634,0.16106193434931507,307.35728801984186,317.0395833788295,0.5942788590732601,318.00428519619686,2.735188792925427,0.5215853793134572,3.661097926316264,11.993813821875316,1.3773220733265372,14.886767334748551,51.23982065255529,13.005470487268298,75.97948599007012,842.3078536594797,259.19446389344085,1495.1158866836486,64.1324384965855,18.53691055848754,97.932417124708,0,3.17,1.0
M-04,PRESS,2026-07-24,Morning,65.04,520,97.09,0,RUNNING,306.63489583886343,0.20998714396578536,306.90831232432936,316.6728979556984,1.0311091084709754,318.38345031371625,2.7738371011175453,0.6168245267216391,3.841723091239496,12.021528919534,1.14943443374484,14.989398029183128,56.14999303422573,11.400928882267305,82.36940931948659,753.0957585517615,181.25060771821842,1315.8988809871614,71.08188096583253,15.072468306117115,100.0,0,2.83,1.0
M-04,PRESS,2026-07-24,Night,66.39,531,97.44,0,RUNNING,307.105222316969,0.14502985051738776,307.4209953372357,317.35149752458653,1.0912645595573085,319.1160607851827,2.4859497298993016,0.6346920320864905,3.888870825866728,12.108095434529877,0.9623680963741371,13.929833816021931,55.68527101126236,11.52390644472298,76.6018227427329,765.0554979663643,185.3332880849001,1231.830859527412,70.44851325531583,14.910393906790375,100.0,0,0.17,2.0
M-04,PRESS,2026-07-25,Afternoon,66.31,530,97.18,0,RUNNING,307.1910506652735,0.07880926834148035,307.34467846137005,317.2501823373259,0.9163427745545066,318.63012188091767,2.476622873205311,0.5430510983215218,3.428899511513672,12.091671088061204,1.1881999283510682,15.111884629245685,56.48444214589589,16.817346716694807,92.16668568183418,776.870314500274,264.9729133429058,1736.8538945501411,69.24509863194923,19.693328947824863,100.0,0,0.83,2.0
M-04,PRESS,2026-07-25,Morning,65.86,527,96.04,0,RUNNING,307.21376288582996,0.06821581938600257,307.37372942884554,317.44027212737024,0.8925375607202021,319.0857246307615,2.623483456638134,0.5507581677928116,3.898197747775666,12.072885097354668,1.1688160405650825,13.966079391440134,52.266302924800826,11.341555809296588,72.90405488864664,805.8064822045416,200.95048339957054,1511.0988469596489,66.46082642779099,15.29351901299556,96.95313946272208,0,0.5,2.0
M-04,PRESS,2026-07-25,Night,64.31,514,94.85,0,RUNNING,307.7592447091106,0.3390297110185847,308.3294846058898,317.6972009982313,1.0888806038801613,321.1984568173389,2.582998579947001,0.5310388052462631,3.513493831669684,11.91367548695505,1.1049769580966307,15.354543999081082,55.618027810863154,14.488222958210978,88.22716964630958,797.1363070309224,364.79585163162216,2565.424021999752,70.57604968390372,16.75952256065055,100.0,0,1.17,2.0
M-04,PRESS,2026-07-26,Afternoon,62.58,501,93.06,0,RUNNING,308.6468443278412,0.16903481313002774,308.99782232713073,318.7030252075837,1.1877511591957752,320.9487104927841,2.574823485744865,0.584658046221508,4.21759034746702,12.02491074723566,1.1934102778371465,15.454875123484388,57.02808471775752,12.716377072469736,86.20032268267516,748.5418175785195,217.2616612956473,1674.7850648463034,71.43275963957603,14.783497607709105,100.0,0,1.83,2.0
M-04,PRESS,2026-07-26,Morning,65.2,522,99.1,0,RUNNING,308.5980079249422,0.1564054386179585,308.9289390330798,318.5884826175288,0.8719077599750019,320.5975798866915,2.6044198877442297,0.5350359858168755,4.133175163446992,12.21980733045716,0.8553162608580679,14.068508309032351,54.25824148595389,10.695184946799033,72.93041729558827,768.5280430290293,173.98315327213885,1168.7771269744392,67.70538900005735,14.305766147341558,98.52647001890344,0,1.5,2.0
M-04,PRESS,2026-07-26,Night,65.32,523,96.1,0,RUNNING,308.3092844216798,0.07839913397192266,308.4594154123157,318.5507079207294,1.0966657639535442,320.9575553341407,2.6050831524245925,0.6103388294468405,3.8924957894555474,11.836259999011094,1.3864058959487027,14.25032639571834,54.880211617276785,12.195019647882864,83.91921542464361,767.7719331865524,174.8188170550861,1148.0834171069305,70.63447377543,15.329541151321834,100.0,0,2.17,2.0
M-04,PRESS,2026-07-27,Afternoon,64.56,517,98.98,0,RUNNING,308.9218000007792,0.1923248195047946,309.2360092662663,318.87314778695765,1.1212375128496248,320.8633956438799,2.6946701193556226,0.49092833947046255,3.5312386407850447,12.193708644113318,1.0423506070474837,14.538328122569345,54.20745710475826,12.8405850136878,80.91164461669139,781.9778687286403,188.38838540470547,1210.0433675111235,70.44305110575844,17.15291458307209,100.0,0,2.83,2.0
M-04,PRESS,2026-07-27,Morning,65.34,523,96.49,0,RUNNING,308.31929027535574,0.11780032840505153,308.59000161780114,318.2786301977085,1.0006262698173343,320.2277668261064,2.669023176295958,0.5955221407987893,3.801700721358429,12.227934527672618,1.1364145705268514,14.574325426050452,52.31699622205447,12.365706053193287,82.77724269597597,817.9522596964665,238.53563529987113,1608.335066739574,66.6741399696444,16.560554101462117,100.0,0,2.5,2.0
M-04,PRESS,2026-07-27,Night,61.88,495,94.34,0,RUNNING,309.28367055472273,0.0742522205939596,309.4525763389963,319.5545274466088,1.0813535708773314,321.3885471862835,2.6579981271165165,0.5444199178913894,3.457806723963087,11.996031168966727,1.1051597158381736,14.726354378314966,54.98814371687072,13.461767413879569,85.59812989083304,785.611360920924,261.67033287293253,1833.3132338678652,71.5281750767127,15.575490403690731,100.0,0,3.17,2.0
M-04,PRESS,2026-07-28,Afternoon,64.66,517,99.32,0,RUNNING,308.84503776841296,0.1571800702872272,309.15866359225384,318.6560015369158,0.9818922522653419,320.52865226412763,2.476081303206881,0.6959774294457913,3.476233330843896,12.159220315807865,0.9849708185707782,14.713295600616668,55.432236072234346,10.678747930396021,87.26062116235249,748.0914697831489,151.8767248677719,1088.2858312178014,70.30647196939218,14.865018058339322,100.0,0,3.83,1.0
M-04,PRESS,2026-07-28,Morning,64.8,518,92.71,0,RUNNING,309.19839817142906,0.11119827633700585,309.407210602851,319.08716151027704,0.9068847974457037,321.4023567109288,2.556926373266665,0.5305581110039225,3.659666427911525,11.869234698510564,0.9678337223961171,13.396817906857216,59.986906342939506,9.997084913687454,84.53467975595863,687.4076780238516,119.80641574960097,1009.010060802742,75.91168720099098,12.571839037302894,100.0,0,3.5,2.0
M-04,PRESS,2026-07-28,Night,65.04,520,96.46,0,RUNNING,308.7268355793519,0.16149668168142156,309.0700864792244,318.5949500101376,0.9003406644929233,320.4842381050378,2.717370792825403,0.7360949756295058,3.763380597647563,11.91825376983362,1.4536882791567323,14.603367978311873,58.632102610847134,10.661057136836522,83.8408266500804,705.2979250905161,126.48276570275995,920.1353890595512,73.36376967193245,13.181274538660947,100.0,0,0.21,2.0
M-04,PRESS,2026-07-29,Afternoon,64.27,514,95.36,0,RUNNING,309.0829763352621,0.13780933135472612,309.3352806693481,318.9587695989089,1.2385871646837852,320.9701115200256,2.6126994440051163,0.5709138451825758,3.664552036506128,12.404560542370623,1.0663670645523413,14.010024703081973,53.13525924233196,10.591013788494969,79.13754505970095,786.4549117319849,151.48098066337172,1136.3085973285065,67.71370254775502,14.709338257446941,100.0,0,0.88,2.0
M-04,PRESS,2026-07-29,Morning,62.54,500,94.77,0,RUNNING,308.98321466946453,0.06999192904978725,309.12870436828393,318.89297225282974,1.0644985709927672,320.78946020679564,2.8687070297048467,0.584076508834292,3.9726892224814474,11.970349278164932,1.1272333444293912,14.519269883038628,54.49167656073803,14.272054984083898,77.14411084507812,803.7925668635079,280.78756517423244,1693.70326085645,69.6293631780605,18.525089415418606,100.0,0,0.54,2.0
M-04,PRESS,2026-07-29,Night,67.5,540,97.12,0,RUNNING,309.07748378351533,0.04892984446523747,309.1504137222124,319.0935271594065,1.455127663395773,321.4142083899077,2.308728978357549,0.3872694170513815,2.830583425877521,11.578600318160564,1.1226073981570703,12.888585387009812,53.986128649477244,12.300579101329307,76.6700979393058,772.1572879074586,161.7251051245459,941.4078454358662,64.62101145877773,14.103528569542704,91.44884684459224,0,1.21,2.0
M-05,INJECTION_MOLDER,2026-05-01,Afternoon,121.79,974,98.28,0,RUNNING,303.36841983484794,0.3040040476927325,303.9118859217583,313.2286823204938,1.0971398556131922,315.2787646665216,1.4253587766179774,0.23908473543692754,1.8892652928877771,17.9144309327509,2.089355418784077,22.500500441846363,31.831341276602718,7.873184814812649,49.55274725492894,1112.2431990111893,277.9693801564682,1758.4840812256516,72.64951644044596,17.637909798624882,100.0,0,,0.0
M-05,INJECTION_MOLDER,2026-05-01,Morning,116.0,928,96.49,0,RUNNING,303.62325587774,0.32407492356042816,304.100478823576,313.7627441837078,0.8418062727792017,315.3104220699117,1.390270761439285,0.30710215253104994,2.1261432594492606,17.407329055879156,1.646801277686039,20.18630121348668,29.451812384619913,7.859566074393164,45.29905963879172,1230.6360767038025,395.6332526175789,2614.295830998531,69.62979428164778,18.721240252003874,100.0,0,,0.0
M-05,INJECTION_MOLDER,2026-05-01,Night,125.69,1006,93.97,0,RUNNING,303.6896896108683,0.24835940485108696,304.0695088670689,313.78224826709175,1.0129789682090187,315.65671960365967,1.3853527873827038,0.3568259617057163,2.298142699570122,18.157692413003964,1.737702228131998,21.935021028269546,31.415857299201228,9.31790332496647,52.64841982904032,1163.200335248573,382.53612530720284,2271.493594664525,70.34428522772953,19.287606477923408,100.0,0,,0.0
M-05,INJECTION_MOLDER,2026-05-02,Afternoon,119.16,953,96.93,0,RUNNING,304.55628861343035,0.15440329925613483,305.01058493258137,314.52216369670737,0.9571031106351173,316.6911157956081,1.3256401391799877,0.3469354927663555,1.861251094514761,17.14660119323258,1.3509153663832811,20.75489958190344,30.256385942577932,9.291098566681514,48.90941987932301,1285.3068249941023,699.5361214037188,4088.441431003245,70.50613197521805,20.34733065788475,100.0,0,,0.0
M-05,INJECTION_MOLDER,2026-05-02,Morning,117.08,937,93.48,0,RUNNING,304.04020426081456,0.5678929051961052,305.05474363700296,314.21123171947767,1.511615500793524,317.1621330225352,1.3896522186481066,0.2668868030554919,1.890113758296548,18.543106903734685,2.138278691213327,21.872028214657767,30.683204308391296,8.448023788766823,46.65722621244289,1254.3976221510557,564.6316506394313,3945.6323653941695,69.82318882906857,19.59499972916842,100.0,0,,0.0
M-05,INJECTION_MOLDER,2026-05-02,Night,123.55,988,95.85,0,RUNNING,303.69326287809577,0.37191939270514435,304.5258758221362,313.7636030213023,0.8317347946850087,316.034757214449,1.377727947184821,0.3232664299302364,2.131307568198265,18.19562515201892,2.017219016933795,21.567077563298028,29.445486287413598,7.701699704296086,40.49277089820047,1151.5301291864018,273.0362934354279,1744.9090443471018,67.60341241835928,17.061829943209293,91.0386294555685,0,,0.0
M-05,INJECTION_MOLDER,2026-05-03,Afternoon,116.99,936,100.0,0,RUNNING,304.1711236107899,0.18343427073439078,304.57749895679643,313.89854026988115,1.0791729853685188,315.69046380616976,1.3731638663217032,0.3062255862877129,2.099119126124235,18.053350241380123,2.3100705136441366,24.64880011469401,28.305110327397408,7.741447439951755,42.89784802741856,1277.3093170350048,400.97066909111675,2576.7257874194797,67.79140466760074,18.8353644658209,100.0,0,,0.0
M-05,INJECTION_MOLDER,2026-05-03,Morning,118.85,951,96.3,0,RUNNING,304.19174010176874,0.41230341189997743,304.71802623037007,313.99935637795795,1.1496586057322145,316.8584861386284,1.405288905046302,0.20880796686855457,1.884630392105296,18.11419931655516,1.8730594562845013,21.04010566112225,30.52780041560285,8.18811193037085,51.507150373859126,1170.06772977324,311.92094916577713,1980.2648001087664,69.77815984286843,18.192853322842964,100.0,0,,0.0
M-05,INJECTION_MOLDER,2026-05-03,Night,114.21,914,96.37,0,RUNNING,304.01822909568074,0.3082767952852423,304.5114994437535,314.09363060773984,1.110539954846291,317.6800963135396,1.4433621126458833,0.29782695434764117,2.179213822703564,17.920948086032933,1.6749938481208115,20.96189641996644,32.661279381984755,6.700355887468296,48.51565640841977,1058.6356368147221,259.8478435016087,2028.0935961238345,76.98241552407512,15.272234479498533,100.0,0,,0.0
M-05,INJECTION_MOLDER,2026-05-04,Afternoon,119.32,955,95.29,0,RUNNING,304.46589546990197,0.23263328049808413,304.8728810440385,314.39942227261383,0.8567727453078576,316.2166216232373,1.2690331919173412,0.30650241156001923,1.9515147154153143,17.39385401603568,1.7778170314335089,21.57390088580725,30.316605726709923,6.212020131771444,44.39298790216537,1169.1875937869152,337.10658082660933,2606.6459815358844,70.28957286516697,14.122921655926607,100.0,0,,0.0
M-05,INJECTION_MOLDER,2026-05-04,Morning,127.28,1018,96.01,0,RUNNING,304.41604056909574,0.20750930634180215,304.745074158863,314.5611780673947,1.037964764166113,316.4789657053656,1.3755105541832424,0.25661881086574884,1.8531310972870256,17.609012974911163,1.8422011497326791,21.28538222512496,28.884754246072905,8.025557117731225,43.9092514744201,1278.2729697721868,531.5987312662432,3619.4395514866,65.85796533371158,18.730913968965332,100.0,0,,0.0
M-05,INJECTION_MOLDER,2026-05-04,Night,119.35,955,98.75,0,RUNNING,304.17523261685096,0.46985601526607784,304.7485301548001,314.1494926757104,1.0259211340124508,316.18214895045674,1.3180091145328092,0.25919399685036115,1.9228306791923824,18.48685680807987,2.0648593035837464,24.908826679184543,29.92507229845674,7.606222363180244,45.99035277765214,1195.473618041675,344.71527748185116,2299.340544331485,71.22500010438452,17.221043494615902,100.0,0,,0.0
M-05,INJECTION_MOLDER,2026-05-05,Afternoon,114.87,919,95.47,0,RUNNING,304.56284189071994,0.2660174867641757,305.1229532414009,314.23777124964516,1.1499708555804042,316.1536621148362,1.4547136057525478,0.3559041586925611,2.2201925336041235,18.072260677872677,2.1121187491674402,22.54674418922606,29.52713095124899,8.308873333968073,45.78074569678129,1254.988668519705,484.2008120390874,2929.760875792619,69.67854197743203,19.398966951777098,100.0,0,,0.0
M-05,INJECTION_MOLDER,2026-05-05,Morning,112.04,896,99.07,0,RUNNING,304.0183134529949,0.3382746726462063,304.68957801366804,314.0364815742315,1.1920477814500676,316.9083618730668,1.4735775164224276,0.3009632111154365,2.2209305037298104,18.278891811391514,1.419768433481043,21.018163780227223,29.949376412928185,8.400076992682799,43.399786866920856,1227.0684561261728,429.22943030787076,2782.40436070084,69.1214044968132,19.159607270103756,100.0,0,,0.0
M-05,INJECTION_MOLDER,2026-05-05,Night,118.45,948,97.18,0,RUNNING,304.8810856083559,0.17081618532096515,305.27689352729067,314.7493857365901,1.0522066182928613,316.2560460706304,1.4852643075487473,0.315097620819039,2.036975599660324,18.374145454303633,1.6103521161835503,23.38459293805653,31.394019726098627,7.234381580747342,46.10022450250788,1104.5259191301786,263.39821041362075,1755.3343793865758,72.375754681631,16.82549349728784,100.0,0,0.29,1.0
M-05,INJECTION_MOLDER,2026-05-06,Afternoon,119.33,955,89.52,0,RUNNING,305.4721078123503,0.3721483141937402,305.9659723904649,315.1656035646234,1.0618196406844633,317.3665599368831,2.0145497889859727,0.32912271624725403,2.8221573375551623,18.563910769820122,1.5474770667034154,21.58628239816821,28.26710221516633,6.602818187382102,40.30244621584649,1271.9563086157182,432.00456053031746,2879.5298355231066,66.39060280990951,16.027289036900246,94.19833814402648,0,0.96,1.0
M-05,INJECTION_MOLDER,2026-05-06,Morning,107.11,857,93.17,0,RUNNING,304.8228200829585,0.2554031206360508,305.21325814560646,314.9134967379427,0.8866254225967511,316.49973429566234,1.795927562702832,0.33071565765471067,2.4232553025844377,18.078770398135045,1.257667785315987,20.414054189812937,31.33268810251429,9.639113028862921,55.08068485432413,1219.5318465748212,589.0439745068503,3709.931482553139,71.46233007771409,19.59490028418683,100.0,0,0.62,1.0
M-05,INJECTION_MOLDER,2026-05-06,Night,113.14,905,90.93,0,RUNNING,306.2321956712993,0.18589050290447556,306.54228041129943,316.19332204733365,1.060312289022837,318.1076187537193,2.425172708970192,0.3416250919645024,3.477929191396254,19.205729257152743,1.496265691158803,21.763654953609105,30.270247484389802,9.539097043224679,47.39803812973331,1235.1584545606322,448.53357831056456,2279.6441357745907,70.81463264072184,21.29287326506503,100.0,0,1.29,1.0
M-05,INJECTION_MOLDER,2026-05-07,Afternoon,102.98,824,89.48,0,RUNNING,305.90767021758705,0.3909025011003505,306.80862950270904,315.7405672049616,1.0220755774796584,317.63118895375794,2.887300557483563,0.35343304665714026,3.5405700642558053,18.535709683683066,1.816965688147453,21.564699661044436,30.376390672955583,8.123288746923123,50.68438517844842,1204.4503264419914,370.8390883122708,2168.2749600731854,71.77385071244544,18.66649912130533,100.0,0,1.96,1.0
M-05,INJECTION_MOLDER,2026-05-07,Morning,106.34,851,88.54,0,RUNNING,305.80219151648623,0.3325989861186766,306.4989802180731,315.8094979742142,0.893537066684651,317.460259320392,2.6407498644585528,0.3280698117819417,3.330031967514468,18.219695526903408,1.8023637291551842,22.107006316225853,30.3273540349997,8.675835598946694,44.942002947518056,1232.1842569830028,543.8599172203126,3548.45595898975,70.75782743062739,19.633071559426618,100.0,0,1.62,1.0
M-05,INJECTION_MOLDER,2026-05-07,Night,110.68,885,88.12,0,RUNNING,307.4064146285675,0.49703977508141545,308.10315762790754,317.6546840340292,0.9007464930891161,319.7503123043786,3.181339166448759,0.3270773234575518,3.8717479350426,18.520800148622946,1.7416131557991028,22.12487057674214,28.385786051664628,8.620212168689516,47.4932894889793,1238.352112427492,354.9293240015467,2171.941691548322,65.24239156047967,20.21032584879077,100.0,0,0.33,2.0
M-05,INJECTION_MOLDER,2026-05-08,Afternoon,94.7,758,85.69,0,RUNNING,307.6695818998803,0.4285602284577187,308.48718676686,317.47782393100067,0.9375849275577809,319.49767566765155,3.7885165453829592,0.31030517000102936,4.560063270402138,19.08827326773433,1.701704914885437,23.025718233627124,30.258237110639723,8.57331413786105,53.43659668470197,1187.979856373193,328.3296125429299,1914.326090245195,68.99381880912529,18.155069518700852,100.0,0,1.0,2.0
M-05,INJECTION_MOLDER,2026-05-08,Morning,99.61,797,82.16,0,RUNNING,307.7616347390933,0.18489528660419627,308.1012848215358,317.66864623322505,1.1938340270507513,320.4583343786568,3.497637673666055,0.31234169165530545,4.015579205178567,18.733344027650098,1.9457601369369082,22.128171321530004,31.102189382960574,8.81924933892567,44.96764415125678,1197.8693741946622,480.1614741838089,2793.6102881866973,69.94523507071887,20.92480620228445,99.52853902825892,0,0.67,2.0
M-05,INJECTION_MOLDER,2026-05-08,Night,101.84,815,85.46,0,RUNNING,308.5494516222951,0.1900506666043293,308.90863071722515,318.54311633150485,1.0668870194353417,321.4233532505063,4.17022510412086,0.36018967408527325,4.853993712198588,19.347527173243275,1.9126139541743163,22.80214557227081,28.0144838215949,8.13773220306298,41.22356915925261,1347.0925386311278,571.2275264618893,3535.972954209533,66.14562966872396,20.185208181509783,99.96821524235052,0,1.33,2.0
M-05,INJECTION_MOLDER,2026-05-09,Afternoon,115.5,0,97.21,480,DOWN,309.63872956500796,0.24094667264745515,309.9585005805629,319.65826899328175,1.12238045780122,321.47415272091155,4.719349725008034,0.30117320885484566,5.433026892883038,19.127710125023118,1.581442039874033,21.78178161781185,29.108099497839785,6.657975906972264,40.39162168866798,1226.3926012629347,383.59233135222206,2623.3205742226583,68.52693753193596,16.497862901689974,98.034294142581,0,2.0,2.0
M-05,INJECTION_MOLDER,2026-05-09,Morning,118.87,0,96.0,480,DOWN,308.8824138283173,0.22758571110451054,309.3412653502818,318.98008849949997,0.6979006406268249,320.7942231223741,4.420168310875507,0.36692173801904976,5.135022159825213,19.80303000324994,1.7287868004294114,23.47519334205368,28.298989620862233,8.333818980040178,48.27025920882241,1306.4811030450646,478.4874110178192,2773.8960822879194,66.47340210318328,19.411569008903072,100.0,0,1.67,2.0
M-05,INJECTION_MOLDER,2026-05-09,Night,123.18,0,95.1,480,DOWN,309.0812829672609,0.17776667748931954,309.42167783726194,319.353816689458,0.8076351647591842,320.24832334414475,4.733414349998696,0.2656537000978188,5.377899875747972,18.361840218607657,1.5223269099344463,22.17634580548512,31.224061717027748,7.51015694488695,45.469211993962,1128.0603148230537,279.4268306624052,1725.0242527651912,69.50351457462199,16.65253679864779,100.0,1,0.33,3.0
M-05,INJECTION_MOLDER,2026-05-10,Afternoon,118.43,947,95.87,0,RUNNING,303.2382354684616,0.40050990584394036,303.71174367291,313.4680572700587,1.0559939753216119,315.29852356267986,1.288821571326913,0.29705869784558503,1.9208234437640517,18.19172931145252,1.8239306192273619,20.90610129300208,29.80055809863481,8.421308483654979,50.78946094244524,1206.7241483237074,357.2514428403635,2183.707311550931,67.74149844564113,16.116542721155085,100.0,0,1.0,3.0
M-05,INJECTION_MOLDER,2026-05-10,Morning,118.31,946,96.53,0,RUNNING,,,,,,,,,,,,,,,,,,,,,,0,0.67,3.0
M-05,INJECTION_MOLDER,2026-05-10,Night,127.56,1020,95.51,0,RUNNING,302.7321255629544,0.1701803852943224,303.0134139618881,312.7873842227849,0.8619091625262824,314.65852326804827,1.4101576201785924,0.3031881489467464,1.9782882498555616,18.293311194375153,1.4941646445682863,21.201028437607476,33.77902340922666,9.367803102341869,52.21508346974052,1070.052048812862,325.93398297562794,1854.257669647436,76.25908226589559,19.308276742865143,100.0,0,1.33,3.0
M-05,INJECTION_MOLDER,2026-05-11,Afternoon,122.68,981,95.64,0,RUNNING,305.12695545059336,0.233891080810303,305.5097812099102,315.3789785681878,1.1861560189238127,317.98304689408235,1.3552705286055169,0.318924868711174,2.298233260563572,17.761138161634204,1.6055646380812827,21.50511005522591,29.538902757354045,7.303708746135447,42.18777006460365,1217.8677247787914,366.18149303370666,2205.5848169447904,67.20145899489884,18.123395932290997,97.04271383916992,0,2.0,3.0
M-05,INJECTION_MOLDER,2026-05-11,Morning,118.71,950,94.7,0,RUNNING,303.4859661362789,0.7686295529863083,304.54594297462904,313.2565887374139,1.523737436023982,317.0376453223996,1.4055378013772968,0.28745423404570053,1.9821895575730168,17.65930288645827,1.4435928071223367,19.794524960396814,28.60081176749075,8.303161417820856,46.37314715569176,1282.0936223510175,418.0793298275391,2251.6782077865846,66.02241353937985,18.773421765601526,100.0,0,1.67,3.0
M-05,INJECTION_MOLDER,2026-05-11,Night,117.66,941,98.64,0,RUNNING,305.2420119099284,0.35815507174996203,305.7649389627296,315.003548308985,1.0859238807402143,317.4499833729016,1.5203077115801347,0.3485670938139861,2.0696572748657083,17.842500626260254,1.650247744821625,21.55379343609791,28.155128329628578,9.456620263741451,43.76337896542315,1372.882303254495,626.1640174233139,3634.127984632763,64.87410458269882,21.876371296882024,100.0,0,2.33,3.0
M-05,INJECTION_MOLDER,2026-05-12,Afternoon,113.28,906,98.02,0,RUNNING,304.674556429966,0.4376750984573164,305.7419989993275,314.7334917424664,0.9893106319981735,316.74040626746523,1.3744877585054542,0.29755573875859936,1.9612710023646704,18.27444215822651,2.097811115115542,22.832179794719973,29.260779518281595,9.334991043899391,46.33202809351104,1341.4514044575085,768.8641284429419,4731.767133025177,66.85147787620753,22.385559358373225,100.0,0,3.0,3.0
M-05,INJECTION_MOLDER,2026-05-12,Morning,125.11,1001,94.8,0,RUNNING,306.1365747654948,0.467171857363052,306.7262590689026,315.80060244519484,1.0991684776168502,317.9415977250588,1.4121025330785,0.25148434495148164,1.9505470563684804,18.679794173657715,2.034359393678189,21.770305889215404,30.258878760368482,7.485897933456076,44.64610714639115,1171.4424747820508,357.24516372015074,2283.483666184167,71.19121737761914,18.606603031114687,100.0,0,2.67,3.0
M-05,INJECTION_MOLDER,2026-05-12,Night,117.54,940,97.58,0,RUNNING,304.49562272041635,0.18042563077356905,304.79830029559616,314.2620122009823,0.825866872143102,315.8062805096105,1.353986399579665,0.3105197317756251,2.0458453557590888,17.841740730308956,1.563630155621774,20.75333259025997,29.746061287773255,7.256125747499531,44.939163452550936,1202.7823463966643,348.70710987259156,2129.3105833440663,68.79413447723944,16.76849348821401,100.0,0,3.33,2.0
M-05,INJECTION_MOLDER,2026-05-13,Afternoon,115.64,925,97.46,0,RUNNING,305.5308145754531,0.2557668539288543,305.86758149823766,315.43807129650446,1.00660410128817,316.8757028620059,1.4275935089988205,0.2450642892294018,1.963819988407233,18.334743277143357,1.85448145153128,22.15401539088632,30.61372281047396,7.3757073448013495,46.84557249859755,1162.8557123248536,302.58561782132335,1914.2461107892811,70.49139434394748,18.317863575209945,100.0,0,4.0,2.0
M-05,INJECTION_MOLDER,2026-05-13,Morning,112.91,903,97.79,0,RUNNING,304.6315114920742,0.3960324618134264,305.2972159791589,314.5191072818905,1.3507893241292999,317.26565276489555,1.4786035340638792,0.25035131324571086,2.057097452288324,17.874498203553387,1.8218078485299247,21.340036158820688,28.204837435624164,8.397297260318673,43.08078634697048,1344.6227029632691,498.76081863042674,2967.098239168441,63.756204194951955,17.44705032433438,95.56687267029557,0,3.67,2.0
M-05,INJECTION_MOLDER,2026-05-13,Night,120.05,960,94.09,0,RUNNING,305.98099957151305,0.2270795777258592,306.48389657803875,315.9798684431768,1.2467771404276156,318.2204342593648,1.5692848412408005,0.291719287300156,2.17019901082635,18.124946909006436,1.3526103469735014,20.75053906814998,28.85732577955261,8.317859326215032,46.84649307386145,1285.6355474968025,512.9167981011672,2679.0051920036767,69.15164415265906,18.686867546706978,100.0,0,4.33,2.0
M-05,INJECTION_MOLDER,2026-05-14,Afternoon,120.38,963,97.17,0,RUNNING,307.0423874309603,0.35367358745288646,307.70743301449073,317.0799856843923,1.0353521396299865,319.56425556979605,1.4558197980922565,0.30130249095540435,2.3559703168514163,18.361523362031832,1.9378941585093654,22.07921940692818,30.740018483713975,7.6415830426208835,48.38664201125569,1162.2958722565284,317.82466620379915,2070.155176097752,71.30975191428782,18.28049371734208,100.0,0,5.0,2.0
M-05,INJECTION_MOLDER,2026-05-14,Morning,118.53,948,97.37,0,RUNNING,306.88856388071224,0.20281166096163328,307.3157866533001,316.8423113473241,1.104659292504614,319.3115142978223,1.3270354356820073,0.3134387862579966,2.1002132692099877,17.47637468285959,1.7209793210584752,21.500048969931964,30.863034489765173,7.047423093862251,46.34244316305233,1144.659366762789,287.5046255073854,1849.779866457026,72.83238134580562,15.899883802372484,100.0,0,4.67,2.0
M-05,INJECTION_MOLDER,2026-05-14,Night,127.12,1017,92.87,0,RUNNING,308.02231959357346,0.13395595393643553,308.26271639756965,317.93692893329563,0.8351251311629094,319.78372542242795,1.3286298636000209,0.33153609360533787,1.9702264403339764,17.647544311407426,1.8602266798797997,22.89178693081733,31.003932907508116,8.267660822421098,51.695113413824416,1159.9002464611792,330.8788974723349,2171.18008620454,71.3761925916618,16.24539059271167,100.0,0,5.33,1.0
M-05,INJECTION_MOLDER,2026-05-15,Afternoon,116.76,934,93.34,0,RUNNING,306.5860186160627,0.1826298683570604,306.98924126157607,316.4592566476465,0.8783055541850102,317.93592775614434,1.3725734813902764,0.31371109376792455,2.068263129020053,17.749404216949213,2.0255398809985206,22.160319966233804,31.83671633866037,6.93486533464184,45.39468823826301,1103.8367188631478,281.9674243914688,2105.14283788634,74.42436287267095,16.233451254942914,100.0,0,6.0,1.0
M-05,INJECTION_MOLDER,2026-05-15,Morning,125.82,1007,96.21,0,RUNNING,307.2377572645084,0.5036176911315926,307.938222540577,317.137147803031,1.0808538386551476,319.5140381525407,1.4572686249667983,0.28884308928639235,2.0644327655947885,18.107229141089643,2.0383718571460174,21.84686086003809,30.140302887824696,8.46650768084224,49.3073934618194,1200.8314912232113,353.98159289217296,1958.6656440083584,69.22344082748411,18.604072956987626,100.0,0,5.67,1.0
M-05,INJECTION_MOLDER,2026-05-15,Night,119.32,955,97.84,0,RUNNING,306.42037328855156,0.1806055180180082,306.7851506012174,316.26288904029553,1.0156081762339142,318.18993639624875,1.360907292327593,0.24148310873366227,1.9710537393404413,17.994120898722503,1.830630115806558,22.294805231180185,31.734987330836496,7.532810185929319,43.10013466345821,1133.472549068674,381.2783209972002,2819.8233269949037,73.20159833840172,18.818672386998898,100.0,0,6.33,1.0
M-05,INJECTION_MOLDER,2026-05-16,Afternoon,114.78,918,95.98,0,RUNNING,307.1570541001608,0.4037475361888526,307.7375014828759,317.11495242561153,1.214404480704575,320.39660293566,1.5184265348321528,0.26660788109241523,2.067805273503405,18.230144229891728,1.5955318160877443,21.1712261096957,27.78112393564875,7.0029371060978525,42.53243117791288,1287.2646692702529,363.45342557892866,2242.222148169533,65.90756873330353,15.783120474379674,94.66485621841449,0,7.0,1.0
M-05,INJECTION_MOLDER,2026-05-16,Morning,119.54,956,99.02,0,RUNNING,306.0032260452591,0.25364467649380007,306.3921985786638,316.0738031833878,0.9260414612103519,317.96905586581,1.358443245694125,0.2668691487345098,1.8611928615903528,17.29284077297212,1.6757841301413754,20.374308781988866,29.26137860279643,8.228802777207445,52.91005126111556,1250.6402382969434,425.9015203464187,2600.5180430887685,68.12331719704572,16.99517680888833,100.0,0,6.67,1.0
M-05,INJECTION_MOLDER,2026-05-16,Night,115.49,924,96.73,0,RUNNING,306.45285641574736,0.2629843374535213,306.96273806648736,316.5825923691026,0.8621733000499173,318.6777203308713,1.3975985335156007,0.2927712138429561,1.986401410788158,18.290204181435985,2.016587575248579,22.48900240421,28.21335614300606,8.869097539394138,55.07365434676987,1323.8365681132193,522.5166377455945,3169.350302860828,65.32378672658486,20.414934995831022,100.0,0,7.33,0.0
M-05,INJECTION_MOLDER,2026-05-17,Afternoon,110.62,885,96.4,0,RUNNING,307.6262278584113,0.508406127602764,308.2714603272383,317.7715261879039,1.3962657043367304,320.35859905692735,1.350863884697784,0.2917492331339517,1.915347088650472,18.015835423770206,1.3638594522916503,21.09024750276116,33.7903675618161,5.961708724962019,48.21265395980534,1025.50036424762,195.3778083250136,1470.9234042094297,80.05584765086361,14.380179597075614,100.0,0,8.0,0.0
M-05,INJECTION_MOLDER,2026-05-17,Morning,123.19,986,95.16,0,RUNNING,306.27706292704977,0.2533356543108126,306.672464142586,316.21380074400554,1.0191782166745589,317.84219564309353,1.400461753407396,0.26958486501584183,1.97424342820529,18.080818507017735,2.003249005167383,22.886035535952225,30.547087767735764,7.259781732847217,42.90165708760424,1165.632213827424,325.3646989010894,2024.7048880535904,70.19639949106677,18.290078115613607,98.59216638654864,0,7.67,0.0
M-05,INJECTION_MOLDER,2026-05-17,Night,121.57,973,96.81,0,RUNNING,307.4536930421954,0.29648060377314,308.0297255567877,317.4875210606431,1.0248802236822574,319.25398139077214,1.4489192478145914,0.3032387835020235,2.0451337231299287,17.66573622658123,2.429774635883186,23.742448783557357,30.524220580942462,6.269665138545714,41.07238458233391,1149.0980382959403,277.6409737494365,1963.8143394786769,71.53165788120889,15.307905054101468,90.88691567915072,0,8.33,0.0
M-05,INJECTION_MOLDER,2026-05-18,Afternoon,122.45,980,98.39,0,RUNNING,306.38772183853365,0.5186041770137529,307.3959542456694,316.13903952120086,0.7664721673638057,317.3323542575867,1.4450789358236547,0.2671767374494814,1.897901849522812,18.025156211175855,1.7016484950188158,21.76515156761478,28.296926336559675,6.675466233514522,42.70415453373221,1247.8895209823095,304.3120278249617,2124.4393859998004,68.77755176727267,15.629363675005186,99.29313435707212,0,9.0,0.0
M-05,INJECTION_MOLDER,2026-05-18,Morning,124.45,996,93.86,0,RUNNING,307.27753511108085,0.11690720301047847,307.47114720269724,317.1850744219773,1.213955464049172,319.4254753218013,1.3569230557261505,0.30698538200589837,2.076172411217708,18.404289658717854,1.841327440616119,22.10643693317271,29.74208190402141,9.607359275553959,59.22349617846113,1242.4361912690072,470.5689694522907,2994.6115168946158,68.74810520221095,19.79995824293869,100.0,0,8.67,0.0
M-05,INJECTION_MOLDER,2026-05-18,Night,113.6,909,96.64,0,RUNNING,306.386837232609,0.35203951216071727,307.141429391038,316.4366564269357,0.8843583958382629,318.06220652033795,1.452009523515718,0.2540163887972933,2.0211934652347785,18.25487739974196,2.0108798830070747,21.70733605413748,30.10967569208982,8.176917521412218,44.92407210609432,1234.0215544509385,541.4539147961503,3723.338413634351,69.77133663765619,19.66478562455576,100.0,0,9.33,0.0
M-05,INJECTION_MOLDER,2026-05-19,Afternoon,121.25,970,95.03,0,RUNNING,308.5941106632472,0.2795066295856565,308.9958545823039,318.82965318443627,1.1139494079399959,321.5944882191281,1.4177190536189153,0.30914644944013453,1.970196690085417,17.951183076486895,2.057108601940935,21.75210427752691,28.4369600136345,7.192701918844866,41.673633158574,1255.2586571598363,340.18965480137666,2130.264633911286,66.35700734730925,16.909449057419145,96.98943108527588,0,10.0,0.0
M-05,INJECTION_MOLDER,2026-05-19,Morning,118.18,945,95.84,0,RUNNING,307.3807386601689,0.7940853032040799,308.53761126663966,317.55417946501524,0.9551851986884661,319.6596885250928,1.483359561371585,0.2625987582270685,2.0376322696740474,18.192597447252105,1.7961304311609192,21.206354109088178,30.58291366358127,8.178054453150905,44.383519209304296,1178.4394778264175,343.24914756757806,2185.2338104926034,71.67733020264964,19.33782476750827,100.0,0,9.67,0.0
M-05,INJECTION_MOLDER,2026-05-19,Night,117.57,941,96.07,0,RUNNING,309.05645893059943,0.26487886772257757,309.5284843329608,319.4220064734817,1.1334935947953484,322.1337513214064,1.4051793832515653,0.2887451700345149,2.055202630048793,18.067837660462946,1.5968786470943603,21.57620139407216,29.2769986225086,7.883284470879564,54.284279338097406,1214.0145188740648,351.9928063152603,2241.3645299831546,68.08551137806452,17.25793197068727,100.0,0,10.33,0.0
M-05,INJECTION_MOLDER,2026-05-20,Afternoon,122.45,980,93.7,0,RUNNING,309.274104539442,0.4628288360917528,309.9669811397033,319.2751496160146,1.0436385566835402,321.42918480604266,1.456634598691957,0.3554621218550627,2.0678140063175934,17.71685768206082,2.058237414603214,21.851698073699456,27.611956253413087,5.844019368388695,38.54104475754737,1269.7789429957443,279.3118382105082,1825.7992437729215,64.48174610538929,15.983529702128537,93.5378074625662,0,11.0,0.0
M-05,INJECTION_MOLDER,2026-05-20,Morning,116.09,929,93.83,0,RUNNING,309.04142992793516,0.2768809371953906,309.44867526440447,319.07923673199963,1.0707028664093166,321.02347571747936,1.417278047987099,0.3181174438086881,2.1672499480083065,17.98219844736316,1.960069031658183,21.75132298028605,29.389296948297797,6.557573622217298,47.04886876095489,1200.8317235862642,312.9496189893387,2137.5550336002425,67.23366362128192,13.909667498532707,100.0,0,10.67,0.0
M-05,INJECTION_MOLDER,2026-05-20,Night,122.4,979,96.93,0,RUNNING,309.3810119541561,0.19811212400335626,309.9840015298698,319.1491407807843,1.0816220243913217,320.8656761561277,1.357429091884476,0.2411693184165788,2.074568572072096,17.57216261039122,1.796100531411492,22.063172963058697,27.499103970065747,8.86508886611369,46.84960459687417,1341.8138844024654,696.5471645335683,4777.075209013355,66.10753254901557,18.369985282678936,100.0,0,11.33,0.0
M-05,INJECTION_MOLDER,2026-05-21,Afternoon,124.3,994,94.04,0,RUNNING,309.6238307232664,0.15903575869813874,309.8834349231801,319.94341959138154,1.1895011343120017,322.5387644299183,1.37687715730102,0.27077563813147565,2.0996133388287403,17.625702298618123,1.8604660133504531,22.26722304510014,30.041556272497225,8.823808104149734,47.37022648845748,1206.5142237565105,432.88000313374783,2680.0633127635656,69.30945997408463,20.678902927880067,100.0,0,12.0,0.0
M-05,INJECTION_MOLDER,2026-05-21,Morning,113.79,910,94.64,0,RUNNING,309.0859108452227,0.22895008123607088,309.6085404550528,318.9617830974079,1.1590211985868613,321.3013121790446,1.394167950507219,0.2801516497363548,1.9352362885018608,17.774387686883586,1.5605854745453822,21.92598112572249,32.69148891876442,8.36367894461981,51.31808402399271,1097.4522413324983,329.14194420451423,1945.957589889204,71.80736731582356,18.347601151442714,100.0,0,11.67,0.0
M-05,INJECTION_MOLDER,2026-05-21,Night,118.33,947,96.92,0,RUNNING,310.4622921118317,0.43404170954928284,311.1836730660208,320.42435394231546,1.276841056431477,323.7051141246534,1.3588878547637524,0.31179429843711,1.9109874284010453,17.926294640235348,1.9773773489451905,21.366946545839006,30.16751709627739,8.726706538013067,46.145336309412045,1210.0454909760556,359.3945886345423,1902.3267185802763,69.82839783921894,19.368716755989443,100.0,0,12.33,0.0
M-05,INJECTION_MOLDER,2026-05-22,Afternoon,117.85,943,98.84,0,RUNNING,309.68493080121766,0.47464251014429326,310.6683272549038,319.6726345136955,1.1057600364205868,321.6978179544345,1.3661548469266933,0.2572835136949078,1.7752020156412625,18.038683744642736,1.6969246755838774,22.61148658946656,31.576827938293192,7.59867361287807,50.1125995647891,1129.5318891776342,315.5529118791063,2011.6185116329743,72.90897526707069,17.994288973211987,100.0,0,13.0,0.0
M-05,INJECTION_MOLDER,2026-05-22,Morning,122.82,983,95.5,0,RUNNING,310.2106075681738,0.38963722652243754,311.0530091968215,320.18668905116095,1.1065460574988846,323.0848392230738,1.4447130840373041,0.30428135501239967,2.037587123381051,18.51148907331186,1.875900200192719,22.45573619577457,30.148187768478316,7.000849534506286,48.641868672715255,1195.1655792201686,434.73802454464504,3182.26955593999,70.46493055160305,14.58059088556602,100.0,0,12.67,0.0
M-05,INJECTION_MOLDER,2026-05-22,Night,126.26,1010,97.96,0,RUNNING,310.2061314391596,0.21663130695676439,310.5673359502131,320.1196604223475,0.9917959998697434,322.04588034667984,1.3169824987699255,0.24203873030598153,1.85586261594,18.36751879229283,1.6386170662999395,21.709971880616123,30.235024186696418,7.864084439356972,46.79427285651464,1186.3655656295846,360.82436083816765,2286.7831893239345,68.98349516892542,17.784552377357734,100.0,0,13.33,0.0
M-05,INJECTION_MOLDER,2026-05-23,Afternoon,117.01,936,97.05,0,RUNNING,310.232315590765,0.26957347662441933,310.68381011937265,320.4070333175111,0.9858360655401887,322.93982853304175,1.3421624754598172,0.3103488421101684,1.9709666694556849,18.295902247010037,1.600723409010983,21.75521485336504,29.67248718358449,7.630731729797174,45.142466015235456,1206.5059521973708,339.12169677830605,1988.6159812805251,69.66795728854362,18.188458442652596,98.86683860505734,0,14.0,0.0
M-05,INJECTION_MOLDER,2026-05-23,Morning,120.31,962,94.38,0,RUNNING,310.18965841451217,0.22922253945408316,310.7226031324448,320.23960455874175,1.0453758919237994,322.33071021760105,1.4841603461629127,0.29637006748212935,2.0092129244188053,18.40294477747421,1.8294054227164152,22.405432154152287,30.978482559989406,7.574001045118419,47.73966525429374,1167.0050546987939,390.4024018516851,2627.728652626477,72.06893615790685,16.50723451660658,100.0,0,13.67,0.0
M-05,INJECTION_MOLDER,2026-05-23,Night,121.51,972,98.8,0,RUNNING,310.8241094540524,0.2319350064881523,311.3213477961402,320.44755620084277,1.0446848024747213,322.80481912484584,1.3818809827098955,0.26632305884361956,2.0553888637755127,18.0034532066278,1.936117540376061,23.14522732864311,30.77913697831166,8.551695694039172,49.19005134978916,1196.5254911203383,452.8539722480681,2625.0696700651984,71.77951962807478,20.257008115847434,100.0,0,14.33,0.0
M-05,INJECTION_MOLDER,2026-05-24,Afternoon,123.79,990,94.0,0,RUNNING,309.48582886382087,0.25147917753372057,309.9472583136345,319.6112361533307,1.0236254105670037,321.9606900185655,1.387656363199828,0.3663616489640807,2.4342220657554505,17.975709161157308,1.9888967508226294,21.60855009360528,30.819793807565798,7.655072328443936,44.614214927242536,1151.4912804679882,298.5952302249709,1750.343080046979,71.7884501835117,16.92230935462089,100.0,0,15.0,0.0
M-05,INJECTION_MOLDER,2026-05-24,Morning,122.34,979,92.99,0,RUNNING,310.3841853496032,0.4147731314190324,311.124981113022,320.1171362439788,1.224160084189583,322.4309756079725,1.4423913622950855,0.26157328729481605,2.081454566365219,18.14479638102194,1.9208610336850662,22.967111167472275,29.107048398472774,9.312029291070997,47.43256804400259,1348.437361089797,754.0466814024369,4219.20032322252,67.49007702728213,20.15664990209832,100.0,0,14.67,0.0
M-05,INJECTION_MOLDER,2026-05-24,Night,118.62,949,96.5,0,RUNNING,308.6703255635895,0.2797368311632189,309.19070745832,318.69426351434095,1.1572944041122595,320.7362214962989,1.359293028454389,0.24122501354055634,1.9717574267973337,17.901937944902294,1.6450216912576316,21.137423712800665,30.11267345936033,7.68634669648913,45.50744687719238,1208.6380350513268,442.0849364887335,2890.4875057432646,71.31342349002627,18.721925231315286,100.0,0,15.33,0.0
M-05,INJECTION_MOLDER,2026-05-25,Afternoon,122.18,977,95.63,0,RUNNING,308.91826271339534,0.15087441370592541,309.1976296580643,319.0566120716021,1.0782872377221044,321.95081499186466,1.4277293629152588,0.274264212988268,2.155356698138816,17.452277433362596,1.7729228055531239,22.092668403296944,27.594331784908125,8.215351990066985,46.2521460628884,1331.9827591928718,524.6335481948595,3443.2165095723994,61.918866593324125,19.5439308738259,100.0,0,16.0,0.0
M-05,INJECTION_MOLDER,2026-05-25,Morning,127.18,1017,100.0,0,RUNNING,308.6635192612885,0.25699408917896566,309.1681206289981,318.5825164030903,1.06945519938639,320.97101625902906,1.3878158981115432,0.33884142862315453,2.200863403112547,18.09921286483604,1.9213693337116642,21.9999157114956,29.617705892866255,8.59575340493616,48.31435749660383,1262.8389768261582,522.5513010383139,2765.14826520837,68.20242925766425,21.314548679424234,100.0,0,15.67,0.0
M-05,INJECTION_MOLDER,2026-05-25,Night,121.92,975,97.78,0,RUNNING,308.814164177713,0.22180749669705954,309.213998169178,318.83416299165174,0.9472499010480802,320.39469401196646,1.3848694445608554,0.2521989299614329,1.7827072660680123,17.88031010250822,1.539818493416094,21.63023380686784,28.93213142785384,9.246933374111846,47.56200137022348,1301.305925502615,525.2071938676617,3112.2335549008258,64.92471058918758,23.692135362486454,100.0,0,16.33,0.0
M-05,INJECTION_MOLDER,2026-05-26,Afternoon,120.83,967,97.0,0,RUNNING,309.18319624867104,0.1319585788010842,309.4186882116372,319.34767023548756,1.1396016694144477,321.48824323549275,1.4752814283998568,0.2877751668391388,2.013359799964584,17.784467434031807,1.939049617549027,23.068497089830057,27.30152457371604,7.821811209495268,40.57784717796621,1362.2598741598747,568.6693006275867,3803.785037912774,63.69382532240914,19.81312335893787,100.0,0,17.0,0.0
M-05,INJECTION_MOLDER,2026-05-26,Morning,118.85,951,99.59,0,RUNNING,309.1725370134968,0.16270094845632113,309.5688232920588,319.0610613631784,1.0684036504483994,321.45138528560545,1.3916977426841413,0.26231877851476354,1.8255774990666385,17.61335029757652,1.911932269629155,21.38162683087579,27.72569694604992,8.214939211768307,43.89442656852652,1342.9197315870767,591.819596124096,3327.042535720341,63.783870584575304,18.43751492537654,97.82528897843108,0,16.67,0.0
M-05,INJECTION_MOLDER,2026-05-26,Night,122.4,979,96.84,0,RUNNING,309.29414684789987,0.2557552684632821,309.7250800047871,318.98740553702595,0.8089362056820669,320.2859893224873,1.4571880306468017,0.36775175464349075,1.9827118818233376,17.621693725065974,1.825631599421527,22.238042504652103,30.632946856261757,6.76466245051413,41.02504185958284,1148.838523515398,283.7815213377535,2056.808936844241,71.74879478543727,15.775209697653375,100.0,0,17.33,0.0
M-05,INJECTION_MOLDER,2026-05-27,Afternoon,117.99,944,93.8,0,RUNNING,310.26351147076196,0.4862708146474481,310.9870602134273,320.59453679205217,1.0072318998861776,322.7133158070343,1.3371118784541831,0.31526643854076025,2.07302982431141,18.13418576014272,1.4509435748807127,22.087971191633397,30.86148008870509,8.374764445011632,49.28085795210661,1166.9129028906798,328.3480533465611,1992.156351276393,71.23305977333759,19.365133170092857,100.0,0,18.0,0.0
M-05,INJECTION_MOLDER,2026-05-27,Morning,123.02,984,94.77,0,RUNNING,308.95634846055884,0.4307576935613542,309.77480793649835,318.84203121821383,1.091591273987892,321.05577852933726,1.3328174972272304,0.3467362150359988,1.9460869487891543,17.747962511434686,1.8459186770324605,20.586672269631794,32.515501087399684,7.27966805843801,47.03821033440357,1084.7645373392147,254.7827574063761,1749.6908848492844,74.09004146892133,17.349193338663646,100.0,0,17.67,0.0
M-05,INJECTION_MOLDER,2026-05-27,Night,121.58,973,97.56,0,RUNNING,309.4721043070218,0.2913051166427288,310.1024959129378,319.452273356788,0.84040781288736,321.3185644673433,1.3370819202709059,0.3147136295494842,2.0053526288622834,18.01701175785262,1.7354557667689936,21.85519467333437,28.903866056004684,7.8034808099862305,44.6806563715017,1241.7748108742408,362.0788283570699,2083.3126629339886,68.67722882498448,17.984942070724145,100.0,0,18.33,0.0
M-05,INJECTION_MOLDER,2026-05-28,Afternoon,119.98,960,97.34,0,RUNNING,307.7371177501548,0.37330956367996776,308.4195743484975,317.51842422157813,0.9921775655023987,319.9371669552024,1.3671740636652652,0.24599644127346118,1.7822997065929302,17.838142820778213,1.7050867596116672,21.76924140959216,31.26433624530498,9.463573175225575,50.8299778531705,1185.4785600049295,447.3192580285809,2774.941064486421,70.89958682383407,21.862599439573696,100.0,0,19.0,0.0
M-05,INJECTION_MOLDER,2026-05-28,Morning,121.65,973,99.35,0,RUNNING,307.9644891450549,0.48091250763699567,309.17207684558707,317.87396398870163,0.9202779889114683,319.5499857036801,1.3533561897716813,0.28836405225821576,1.9984993032940543,18.379076179713067,1.5272504452859645,21.68002403238341,30.426084183369177,6.864824649161059,44.863527315429,1169.816331857869,365.95105289950004,2784.5410810445987,71.31059160719678,17.085002188998757,100.0,0,18.67,0.0
M-05,INJECTION_MOLDER,2026-05-28,Night,116.07,929,95.23,0,RUNNING,308.13888568613027,0.45522758553921133,308.9869174754276,317.96217435346676,1.0659065448093783,319.7126787097062,1.4740231994818753,0.22023948927717413,1.8437029607685969,17.657314861793537,2.0970820881265464,23.05868868869581,33.05786852754964,8.708875283668174,47.07635919034948,1102.1116843937014,382.073378770967,2445.880227863129,76.71183333802468,20.66360158477031,100.0,0,19.33,0.0
M-05,INJECTION_MOLDER,2026-05-29,Afternoon,118.94,952,95.86,0,RUNNING,307.5753362436777,0.7374467801433715,308.96175209828897,317.5751953895233,1.0590313432733582,320.0811162393754,1.393372934141458,0.22419060373086655,1.8661833450967111,17.923469589366675,1.9224002506995375,22.23660422134329,31.320633055897662,6.244940907901943,45.30565792285339,1116.3134278532614,267.84302241721036,1964.781752069067,74.57352407663734,14.55207778015447,100.0,0,20.0,0.0
M-05,INJECTION_MOLDER,2026-05-29,Morning,122.5,980,97.7,0,RUNNING,306.5474489525336,0.33237656400071214,307.3799622875287,316.7102577743131,0.7472933050403571,318.51409871409544,1.4384826990959303,0.3945576793677243,2.449063093778559,17.954078884443753,1.3089899267435108,21.012184003941226,31.243798656015485,7.014615648302507,46.18990251715936,1142.4814196731388,280.9813568376184,1950.300574755243,71.9468755978115,16.45119029603631,100.0,0,19.67,0.0
M-05,INJECTION_MOLDER,2026-05-29,Night,114.54,916,95.29,0,RUNNING,309.10916143485895,0.20606283666406974,309.58272237468685,319.398208620607,1.1947902409134272,322.30546685845854,1.3248458011645345,0.33460506160438613,2.014207412039586,17.876240512308517,1.3394779835349713,20.55646781862728,27.96695297736199,7.485114858760331,46.447235661108,1274.7617993397382,336.94789720034487,1899.5358240212252,65.54442110121553,16.41832327216589,100.0,0,20.33,0.0
M-05,INJECTION_MOLDER,2026-05-30,Afternoon,121.8,974,96.1,0,RUNNING,308.69087177345017,0.6317313076328499,309.6992353904606,318.5368680872931,0.9925753461211099,320.68405585326843,1.4008203234437469,0.30528818691845644,2.109009273844871,18.2158753509219,1.7752992449866987,20.74678476836804,30.935114586182788,7.765479598334039,48.27639258652544,1147.2909327341401,275.2839528267778,1808.924223972484,72.05970151721044,16.913937688622,100.0,0,21.0,0.0
M-05,INJECTION_MOLDER,2026-05-30,Morning,123.21,986,97.15,0,RUNNING,309.0196367822495,0.31717769719842276,309.53208792377626,318.67308185783463,1.052459141523736,320.5944270622988,1.405852956283913,0.27552478788760204,1.9437097993645855,17.966398046208244,1.8058134584288,21.48204826694765,30.606953791945735,8.554369967791246,49.821764683874704,1173.1398056343442,321.37634721986524,1823.7198594215668,70.98388352353807,18.674655887499753,100.0,0,20.67,0.0
M-05,INJECTION_MOLDER,2026-05-30,Night,120.03,960,94.68,0,RUNNING,308.2757647759217,0.29838103254987247,308.79446326781243,318.2429649602034,1.2131992519027435,320.08220922060605,1.3926899632933387,0.26475434675891807,1.995871367059134,18.529348529177533,1.516370329146662,21.12926533372112,28.278385734121308,9.355809864040141,52.64598970958974,1345.764191812112,544.5104481008797,2870.2045032891306,66.30279059744291,19.750538106327383,100.0,0,21.33,0.0
M-05,INJECTION_MOLDER,2026-05-31,Afternoon,121.77,974,94.95,0,RUNNING,307.6400230327809,0.4551885141741882,308.5986532027556,317.76436182121745,0.9770003940625425,320.69254392241,1.353373211050371,0.24360963643688274,1.7755362801844945,17.762715460537418,1.478091314914103,20.119419207698144,28.18179124123707,9.323242435335857,45.7890654863606,1259.1718065571702,381.99026953609325,2190.1087937868283,65.03674022035882,22.23202444495536,100.0,0,22.0,0.0
M-05,INJECTION_MOLDER,2026-05-31,Morning,122.52,980,96.84,0,RUNNING,307.2242100572355,0.20433390955702865,307.5560489024404,317.03774822570097,0.8498822216464775,318.7237138418513,1.3409277788902085,0.3031058149646474,1.8418191634324,18.201633897449337,1.6908314434792473,21.04340933649977,30.675890750683557,9.396999987474143,58.53245487990688,1188.406899820883,351.60234448865185,2076.0927687076405,69.67762767336127,17.657290955554465,100.0,0,21.67,0.0
M-05,INJECTION_MOLDER,2026-05-31,Night,112.25,898,98.19,0,RUNNING,307.03565067829925,0.24987259375517537,307.4383998354719,316.98117180296174,1.1783563919611904,319.06491408361995,1.4988760000466346,0.2529363369452638,2.055069360328602,17.67667821447402,1.9107336894670561,21.65762927334199,31.080256887898848,8.36360367273846,48.12894494586601,1162.9605722119136,352.53611886047696,2342.9270010235077,71.32165568070332,19.267709794131125,100.0,0,22.33,0.0
M-05,INJECTION_MOLDER,2026-06-01,Afternoon,122.5,980,95.22,0,RUNNING,309.09427672728117,0.26039703395103797,309.6001950183901,319.0555742006354,1.3539984462151475,321.1988621713115,1.2977568075228432,0.283483640992499,1.8339002056512297,18.47361493430715,1.7944676533908006,21.968007211285613,27.39070861082754,9.279456283771909,45.2554325224819,1325.7522743445293,480.2086462637293,3111.494772990808,64.84314377804368,21.130783624244536,100.0,0,23.0,0.0
M-05,INJECTION_MOLDER,2026-06-01,Morning,118.28,946,94.27,0,RUNNING,307.9996484339475,0.4802008836748106,308.4937165349129,317.9643155896676,0.8939505555511217,320.253707040494,1.3667884847035068,0.3459609899478766,1.9895501653630867,18.66274280963052,2.0754186992027464,23.028804021774757,29.510143349799606,5.921280520213052,39.19492174328465,1178.6110318914482,243.4993394610289,1708.2508348561607,68.45683489700977,14.012164133292156,97.9450275326787,0,22.67,0.0
M-05,INJECTION_MOLDER,2026-06-01,Night,123.82,991,95.63499999999999,0,RUNNING,309.28546992169515,0.18287400374938098,309.6827743275461,319.2853539677806,1.1033990981597468,321.41454776732684,1.3588319325211802,0.24721734149674557,1.8012188042453383,17.41704110196892,1.7097127027227716,20.271966198198303,29.68974691237429,5.929033482139688,40.21486310182912,1185.906591173133,342.17915282189296,2689.8645084271807,70.0817729555039,14.570633691765655,95.70198033531813,0,23.33,0.0
M-05,INJECTION_MOLDER,2026-06-02,Afternoon,124.36,995,96.52,0,RUNNING,309.80422360637544,0.2090741282545638,310.1993817631154,319.7875812486238,1.297239776745403,322.42567273012696,1.3969687146677447,0.3108209853108733,2.2051858517489022,18.232317409400103,1.6763716623382716,21.416648800951837,29.675317834316328,7.153362082818923,43.45750377975746,1199.5041998648353,326.3041879062045,2146.3300341483787,68.99161033093132,17.06310913442805,100.0,0,24.0,0.0
M-05,INJECTION_MOLDER,2026-06-02,Morning,122.46,980,93.27,0,RUNNING,309.7248919668339,0.3242236579193624,310.2381797986216,319.80182759490754,0.9116799239383593,321.3337942753452,1.5088263626791218,0.25411167449272326,2.078407453296645,17.13245536232067,1.7536598966792607,20.561393876388458,30.067303458891,7.770580848671968,43.93358238725179,1220.0199626265983,440.93398847737717,3048.194105522402,69.66364613532252,19.03471217928507,100.0,0,23.67,0.0
M-05,INJECTION_MOLDER,2026-06-02,Night,118.67,949,96.29,0,RUNNING,309.1334139673473,0.3332915566819728,309.67628524023854,319.2709502299167,1.206329838648887,321.41424262910823,1.4419654682190157,0.2970416900133628,1.9839520278197136,17.675095177865725,1.8110874006949966,22.451737607136653,28.58722243003907,7.32920504607844,43.70784165928151,1264.4611438684046,384.71304912388496,2258.999892105465,67.33031378151836,17.41948440935274,100.0,0,24.33,0.0
M-05,INJECTION_MOLDER,2026-06-03,Afternoon,116.29,930,93.29,0,RUNNING,308.69786853051437,0.14334832568102976,309.0102330108998,318.59995873128156,1.0592254698310994,320.59436040269827,1.4831326528629902,0.3293810501832136,2.1879846433107155,17.43231196018203,1.7586437575463507,22.609330557636422,29.571713649648718,9.037437182864629,46.31887946479069,1245.1661519328222,418.6332381123973,2489.757686577275,68.68652713941371,20.39688489332594,100.0,0,25.0,0.0
M-05,INJECTION_MOLDER,2026-06-03,Morning,113.61,909,96.82,0,RUNNING,308.59973938588945,0.2657523158881725,309.0858658242465,318.3799070245743,1.1988693409240558,320.6876611830349,1.413501289097377,0.3307991149145776,2.262388627073856,18.404927588795132,1.7399069574215926,22.48141980597984,31.220140830258106,9.578996539598016,54.74753073391755,1192.547796341574,432.76263810413985,2643.2133702237134,69.0998703139239,20.367692981558577,100.0,0,24.67,0.0
M-05,INJECTION_MOLDER,2026-06-03,Night,114.52,916,98.23,0,RUNNING,308.68152628963935,0.4290446313517115,309.34962265839584,318.7126463793031,0.9377382438651094,320.6879634266879,1.4242532048330865,0.28398122178236007,2.029892357282121,17.730355152622284,1.9298882185186408,23.53795993346902,30.462439670713813,8.405913874092855,44.73753647932149,1206.1273223837522,450.6083735134411,2768.0962626800983,70.27084132276221,20.04267055147324,100.0,0,25.33,0.0
M-05,INJECTION_MOLDER,2026-06-04,Afternoon,118.07,945,92.59,0,RUNNING,312.42873058943496,0.2462751795066962,312.86931968133706,322.41786050007846,0.8416877430817828,323.8342448579259,1.3416429686270626,0.23358801939263524,1.7836822346847403,18.10822093014445,2.109057026021906,21.398870147940368,29.990915792585522,10.235005991999765,50.73325609422395,1279.484977068889,524.2229909947621,2956.719464278849,70.70095382829466,22.282951832479988,100.0,0,0.33,1.0
M-05,INJECTION_MOLDER,2026-06-04,Morning,117.73,942,99.07,0,RUNNING,311.0801010087624,0.9068091954293,312.57664276777325,321.14211341462885,1.1649424353139137,323.47245661398154,1.4047216998375454,0.3223127863415577,2.0807329866253657,18.24937941055113,1.9030188439185698,23.05385372789552,28.955102511294804,8.581644204287068,49.861946025484976,1257.3171718802948,386.2723677080838,2298.831634202197,66.08552739349932,18.405176232590676,100.0,0,25.67,0.0
M-05,INJECTION_MOLDER,2026-06-04,Night,115.98,928,98.47,0,RUNNING,313.0149861682506,0.330517512239286,313.764805094273,323.15059042140626,1.1268603044996295,324.91790150115605,1.4302612514698323,0.28701827955401543,2.077771710184479,18.025885635425652,1.4490880989503963,21.758905524791025,28.03777393823197,7.296322443743889,38.68799987714879,1317.5029364530574,552.9287008422054,3487.014276173335,65.92349315517488,18.67647252634804,97.3262120162009,0,0.67,1.0
M-05,INJECTION_MOLDER,2026-06-05,Afternoon,120.58,965,97.0,0,RUNNING,311.6949059945123,0.38969197268167105,312.60770414846377,321.45209477392825,1.0126770424551486,323.562235561689,1.3438129355960677,0.283088736187421,1.9348359412654224,17.72474404597149,1.9271650035876198,21.49057264665126,29.836715917495532,8.855584503082468,46.84262646743954,1171.0195259705363,324.41421112548693,2221.309108862654,69.48717395550771,19.734915854535043,100.0,0,1.33,1.0
M-05,INJECTION_MOLDER,2026-06-05,Morning,119.44,956,94.9,0,RUNNING,312.47366715316423,0.26238307142291173,313.0926580992585,322.49304357558583,1.07433169341186,324.53948324624383,1.3909074455066954,0.3812738369066716,1.9734283517404847,17.851460773408448,1.9675054777752343,23.88325103256596,31.897784892098827,7.7680939499280655,53.951378781216896,1106.524013430959,266.81948633859685,1878.8204625510368,74.13247988317997,16.677501254536402,100.0,0,1.0,1.0
M-05,INJECTION_MOLDER,2026-06-05,Night,124.02,992,98.9,0,RUNNING,311.41504499667354,0.18705284290892776,311.8440799235168,321.41612656683327,1.0836228295013453,323.2763878644965,1.4139963046240769,0.3303853088598473,2.2903990093774222,17.93268394063323,1.708465533011107,21.675778479525658,27.977215640673293,6.497460860678842,43.3721238993923,1264.4758083438344,326.19014776658923,2260.198844831939,64.73665838594893,14.757360251738337,100.0,0,1.67,1.0
M-05,INJECTION_MOLDER,2026-06-06,Afternoon,118.51,948,96.52,0,RUNNING,311.01050664340823,0.4101678893921694,311.5234359907916,320.93052216224754,1.074297264216264,323.3218621534759,1.3991563322460858,0.201175309974439,1.7904184434875228,18.520635711945033,1.8033373174214233,22.88454956118961,32.23671957849094,7.348896638735287,46.33626737201361,1101.8299093185185,317.21382148627123,2298.986191834824,75.20073187109293,17.464142678687036,100.0,0,2.33,1.0
M-05,INJECTION_MOLDER,2026-06-06,Morning,118.7,950,93.35,0,RUNNING,311.5029451789508,0.15093681311197696,311.7336471370753,321.502762063234,1.0482456357016665,323.127957841016,1.3724776216560752,0.3167759216488235,1.9307992139750647,17.668068784707653,1.8203915262206307,21.807777286958142,26.91790630396099,7.62440513360257,38.95291851311195,1379.233590514865,545.7746884291804,3277.2468643737925,62.6075766572475,18.979410763346262,94.7514577840779,0,2.0,1.0
M-05,INJECTION_MOLDER,2026-06-06,Night,116.53,932,94.09,0,RUNNING,310.7704183073909,0.34627473983558343,311.50585440198364,320.83592648804927,0.9733719726570581,323.40186371856555,1.3853859194612905,0.25536030423992756,1.93980205895686,18.194504719539356,1.9428701707942575,21.849552209968795,30.338564588440928,6.553417654878725,44.00236126894964,1161.5778927466085,254.99434475190955,1808.017254679211,71.1512429957997,16.026728418934535,100.0,0,2.67,1.0
M-05,INJECTION_MOLDER,2026-06-07,Afternoon,120.12,961,94.48,0,RUNNING,310.9020307615346,0.22002852373269652,311.3734592624887,320.87083796103883,1.0067406737525122,323.2459519234074,1.3239721386064747,0.27006032406486186,1.7799269367235906,18.559708196078176,1.8122157352358932,21.7236660552958,30.96884746006379,9.02686781624669,52.15236724502341,1173.0431648949134,382.0000550934317,2477.165761474731,71.02043072678437,19.949333391016452,100.0,0,3.33,1.0
M-05,INJECTION_MOLDER,2026-06-07,Morning,121.24,970,95.9,0,RUNNING,311.10013798474216,0.26277952343750377,311.64047277642766,320.9743196977545,0.9204876383184529,323.4902371916233,1.3684281114524781,0.3144712180284238,2.117219035991321,17.711026601444306,1.7549882225791469,21.284551448238343,27.568123351581825,6.25913387652733,37.161609089827365,1304.5996181822743,529.3019327174793,3897.62299920901,62.625858074028486,15.662713225490755,91.20704118518758,0,3.0,1.0
M-05,INJECTION_MOLDER,2026-06-07,Night,119.17,953,94.15,0,RUNNING,312.0333140622266,0.5246760399838053,312.8476223922182,321.9692391599074,1.0885817668379514,323.51599669939145,1.3796705190480558,0.25808678094399623,1.968838915765092,18.03697680865339,1.812374658643364,23.322655760183427,29.18050211216809,5.470034285016602,39.5710306101353,1200.9379969452455,300.3305896508554,2217.212750993511,67.21817187809557,12.774710434815914,88.88521904714656,0,3.67,1.0
M-05,INJECTION_MOLDER,2026-06-08,Afternoon,113.35,907,94.14,0,RUNNING,311.9855479220672,0.4876575950320286,312.71695501437694,322.1430716355982,0.9019283290132077,324.3231767050171,1.4101412887257783,0.3514800886049517,2.034373551223815,17.923234383331742,2.2667723241693585,21.961205115584068,29.478497107252046,6.361045018637184,40.45558254020624,1178.269291597109,296.98697679054146,2132.3965455755742,69.08131607942431,15.365834514876266,95.13461323137902,0,4.33,1.0
M-05,INJECTION_MOLDER,2026-06-08,Morning,123.2,986,98.07,0,RUNNING,312.17313871839,0.43468037008019295,312.6936208406101,322.03797752617146,1.0194535619382854,324.25189025813825,1.4692732889413276,0.2839846353479596,1.876629027509368,18.230478653416913,1.776345241127894,22.114076235159043,28.086676447221937,7.83857790535392,42.529219324119794,1341.7921025109397,620.3398041301664,3576.400438610679,65.30772744758957,20.25577098693101,95.2047861415307,0,4.0,1.0
M-05,INJECTION_MOLDER,2026-06-08,Night,114.61,917,94.7,0,RUNNING,312.34141601575686,0.3739935468364161,313.15786850238624,322.21987000114973,1.1773771785990643,325.0552115077129,1.3098387910962468,0.31415469309623745,1.9097942656345257,17.75324501958515,1.6613833737003505,22.33333881619239,30.958195223852908,10.03423506351712,52.41276065810443,1216.1562489879977,493.66669345854524,2500.505662516463,73.06112076351005,21.310906663558043,100.0,0,4.67,1.0
M-05,INJECTION_MOLDER,2026-06-09,Afternoon,116.68,933,93.99,0,RUNNING,310.38545686595734,0.1442840331887744,310.7132783008425,320.3414028350997,0.8240389785937529,321.5678614714652,1.4340726817439065,0.28128404859041095,1.918001623565459,18.03756390085211,1.7734712136846738,21.347240183638675,30.946310740107176,10.069041548645636,49.640673093569326,1236.6740612856381,541.3518484469778,3047.654296023314,71.30717650627048,21.66544748412367,100.0,0,5.33,1.0
M-05,INJECTION_MOLDER,2026-06-09,Morning,119.7,958,93.1,0,RUNNING,310.74290076532463,0.5130137730951868,311.5899795159158,320.4115116248418,1.096704132502024,322.49488225843675,1.5061688354218,0.2964090257557435,2.275435936378304,18.385692304462133,1.7631876976373195,22.082965143062708,30.39089345897481,8.2815548638318,45.048554223760746,1216.1658110657122,492.0298208354335,3171.4243769196755,70.12424030961411,20.380474330230097,100.0,0,5.0,1.0
M-05,INJECTION_MOLDER,2026-06-09,Night,120.75,966,96.14,0,RUNNING,311.1592660318744,0.2512558144211817,311.6426464296287,321.0366079757716,1.074819726522241,322.7395448795902,1.3809886421821327,0.3328349607917375,2.3811771791643874,18.375637787313078,1.831748695363688,22.60193489029674,31.28844977457724,7.4214623278571,46.84374000866521,1142.57300178075,366.6842816676553,2667.370365694911,71.96057665654246,18.876600414095893,100.0,0,5.67,1.0
M-05,INJECTION_MOLDER,2026-06-10,Afternoon,118.03,944,95.46,0,RUNNING,309.0862102902225,0.524005651921276,310.08665846313454,318.8713996509852,1.0241617867176285,320.844050921743,1.3687109690258912,0.32044795453643715,1.9746884764066168,18.220860311954173,1.4924589888541344,21.09239249065791,31.517203552351486,7.481510917428217,51.197407672392,1118.1096812970593,269.64640117666835,1719.363229856006,72.93095537012123,16.83759243720173,100.0,0,6.33,1.0
M-05,INJECTION_MOLDER,2026-06-10,Morning,117.4,939,96.35,0,RUNNING,310.21171863224566,0.42081657940804085,311.23581662382765,320.3158589403445,0.8662293583212444,321.8070022215661,1.3921368166731074,0.29516251127113274,1.959287291053076,18.338296911685035,1.9377120365089755,23.090884030585467,27.554012057833354,7.253646896996269,40.92306725476307,1272.5433768772457,435.26955884521533,3158.4079526311853,66.27841057798253,16.007886140899224,98.6280769858344,0,6.0,1.0
M-05,INJECTION_MOLDER,2026-06-10,Night,126.02,1008,98.68,0,RUNNING,308.4375118721952,0.19144780464268193,308.7296658038183,318.3816118259205,1.1102199804659354,320.4673382909995,1.421634696905484,0.34390157564934937,2.085183054243964,18.11700706961155,1.5142201446374373,20.949958091928387,28.909531923022055,10.1265430231658,48.22226902885409,1264.5294319271618,541.2596458201405,3508.213945452732,67.6579487745867,22.798735990283628,100.0,0,0.21,2.0
M-05,INJECTION_MOLDER,2026-06-11,Afternoon,122.92,983,93.7,0,RUNNING,309.11218931811334,0.3510533377019911,309.84932298660465,319.0962902041046,1.1095377857523783,321.78417060497173,1.350415626201596,0.29488006392731075,1.9289885729991807,17.83782681134797,2.130795190163887,22.60153119249234,33.751381537569245,7.571748551047062,51.021160751167024,1052.3107444723905,279.6697699707036,2085.5409284132584,78.23840409371152,16.172321066165487,100.0,0,0.88,1.0
M-05,INJECTION_MOLDER,2026-06-11,Morning,115.32,923,97.66,0,RUNNING,308.69666663669557,0.29633084733782944,309.1069912616104,318.61554944021634,0.8247842931819026,320.1897219499448,1.41015940576214,0.32608726652332465,1.989258412929372,17.723573576330082,1.713184547769372,20.556392538412968,32.18330205674336,10.375172618432682,54.10708148127799,1170.7639218999698,457.0226782088919,2843.2055804920265,72.93670884164631,21.510354104450233,100.0,0,0.54,2.0
M-05,INJECTION_MOLDER,2026-06-11,Night,122.95,984,99.08,0,RUNNING,310.410658174282,0.39226364586506973,311.0483894047865,320.38135777083517,1.0984827666417543,322.26815173451,1.366832223716808,0.29845917523493415,2.029214526349825,17.928258855679797,1.7324641556532625,21.46868402604621,28.412932899094198,7.812386085879947,45.63668654877178,1262.5075414039736,349.31024563579774,1988.5514138333324,65.74336288681282,17.280911164875274,97.35698490900523,0,1.21,1.0
M-05,INJECTION_MOLDER,2026-06-12,Afternoon,123.66,989,96.54,0,RUNNING,310.77731057539916,0.3609426968663076,311.47824109034644,320.84826619881215,1.344143234545176,324.7958722740585,1.3713609169712766,0.28480296391639226,1.9629722972667287,17.86539831746349,1.779201422449439,21.58442973090947,30.09190535015478,5.920892277605977,40.73611670659111,1158.2231162095775,258.04823912399473,1995.7989249611055,69.10612219190412,14.369489019453729,97.15635870703952,0,1.88,1.0
M-05,INJECTION_MOLDER,2026-06-12,Morning,115.96,928,94.16,0,RUNNING,310.5126224861517,0.2818800914810518,311.0895996337514,320.5566753277084,1.397326358258593,323.62670542245223,1.3830482972318952,0.3356197482205341,2.1771799794978035,17.80077085982612,1.68244225647293,22.18531518667633,29.991904522042237,7.704372510225566,45.75273574262661,1195.6879653912458,342.3059244290536,2167.628299379065,69.53403902098775,17.627885561602476,100.0,0,1.54,1.0
M-05,INJECTION_MOLDER,2026-06-12,Night,121.99,976,96.68,0,RUNNING,311.6569271752795,0.2890317724880229,312.167449560658,321.8781185052764,1.115844905530579,323.71928195714463,1.4489074321276263,0.3054138980298478,1.958354734007132,18.12138974862721,1.7672481339788289,21.569546784016108,30.273545910658946,9.132169326232699,45.00419395963548,1211.0829589287014,383.94736231188364,1972.086581982162,69.11173699832362,19.992346494416896,100.0,0,2.21,1.0
M-05,INJECTION_MOLDER,2026-06-13,Afternoon,123.77,990,98.34,0,RUNNING,310.5324618811524,0.26645017089784095,311.04963883178254,320.36255136965326,0.9253477852134312,322.10465749835544,1.4154170000562452,0.2855596009728051,1.9392976840023324,17.93936559438956,1.6557539632417912,21.28953147455987,28.90349742386834,6.297322034831933,38.16219315541502,1223.5733129851403,326.28677435189564,1989.2736199542765,67.7212352972906,15.499687127409018,98.7450567977335,0,2.88,1.0
M-05,INJECTION_MOLDER,2026-06-13,Morning,121.41,971,93.35,0,RUNNING,311.1578065642549,0.5236941945575527,312.111396321132,320.91126875439926,1.0984817234877002,323.1245121276589,1.5111254288561558,0.2978898343713405,2.3342380857063723,18.255720730913175,1.6384375347749887,21.69942584017039,29.793877084690052,7.590376326982387,48.83469894103114,1231.78651942552,521.8297286464434,3694.94123205533,70.47422343257519,17.600670578652398,100.0,0,2.54,1.0
M-05,INJECTION_MOLDER,2026-06-13,Night,119.17,953,95.91,0,RUNNING,310.9154159913648,0.1371927540730819,311.196726331571,321.076774629604,0.877778923571135,323.20005104585425,1.430981514266795,0.34230083420016477,2.1013373296098696,18.084541086874122,1.847830565842965,21.53357439315508,30.87953039044234,9.263352101167376,53.19659870726257,1142.136543127056,384.1863318833583,2626.895291322503,72.52472561694934,20.725933478456454,100.0,0,3.21,1.0
M-05,INJECTION_MOLDER,2026-06-14,Afternoon,122.06,976,95.88,0,RUNNING,312.5267720351654,0.24385947888603224,312.97013900038934,322.72353458675946,0.9077838011823174,324.8072726187327,1.3976358630585257,0.30288786808064666,1.9619867853468147,18.111788903998676,1.7374516401437758,20.60138296855786,30.232648974243247,9.39730940831114,44.92072248044428,1174.2811505169693,423.4455610861358,2591.205524480586,70.86189754674862,21.659593786924578,100.0,0,3.88,1.0
M-05,INJECTION_MOLDER,2026-06-14,Morning,114.49,916,97.03,0,RUNNING,312.03077500135186,0.4109821608200494,312.6125307902987,322.08513703461193,1.2164644052293099,323.9688114937785,1.3557438527015406,0.29311017784039356,1.7982393495517,18.022080305685645,2.002012070382763,21.683426811395115,30.432009755174334,7.7095466591724175,53.05769206882224,1177.3053569757715,306.12664657927934,1900.307611575196,68.74545054268343,18.43439349422104,100.0,0,3.54,1.0
M-05,INJECTION_MOLDER,2026-06-14,Night,124.05,992,95.33,0,RUNNING,313.1693295979512,0.3251512990195386,313.75811969452803,323.1284195384755,1.0988162511177069,324.96796792823665,1.3219063324866396,0.38978634963599923,2.064810370616916,18.020280052787772,1.921178719796025,21.57701685971966,27.163902640159613,9.922984424550348,42.39112404859582,1389.5810376686604,696.6840815938167,4013.5110774448776,62.54881610462976,21.867552141973547,96.10130072322728,0,4.21,1.0
M-05,INJECTION_MOLDER,2026-06-15,Afternoon,119.92,959,95.65,0,RUNNING,314.3313574993366,0.2471518696217742,314.7568515193289,324.27070599842517,0.8236939758113881,325.7760642790151,1.3476822362532634,0.2855682209598745,1.9856658546049808,17.902455061090077,1.8640588865764236,21.09156660917316,29.525909283889824,8.071074862215815,46.253296017795634,1228.20795424694,389.12488872793404,2176.5134265089896,67.77501376534849,19.79737990064656,100.0,0,4.88,1.0
M-05,INJECTION_MOLDER,2026-06-15,Morning,122.03,976,93.96,0,RUNNING,313.4840335105992,0.21101592914847614,314.0340685273254,323.36584060064473,0.9383701160683854,325.48192546232247,1.4691171681387951,0.2615269899173766,1.9187517078386385,18.245396913394476,1.9440545719960562,21.844651303224023,29.896097984264298,6.705249148310808,43.37606590364511,1171.4524150642835,263.270645374223,1748.4626993762977,68.45155474915445,15.816569192158815,100.0,0,4.54,1.0
M-05,INJECTION_MOLDER,2026-06-15,Night,120.81,966,95.26,0,RUNNING,313.81288169638356,0.504037383539722,314.4795271426755,323.51028909686335,1.0533592107648224,325.77276874170474,1.4383667711170782,0.2714801686617946,2.264739646006777,17.740973635522238,1.7575318553862105,21.07396126280443,29.526477496379588,7.77051542186807,51.4248207694781,1220.9963089849605,362.34198894337845,2245.7726213351084,67.84476432459965,15.829346051763054,100.0,0,5.21,1.0
M-05,INJECTION_MOLDER,2026-06-16,Afternoon,118.43,947,92.79,0,RUNNING,312.65458792219226,0.36034395220315085,313.2835335623682,322.75285592380567,0.8424654929153009,324.27708828340616,1.3457492889492102,0.2961855947317107,1.8831092156075704,17.971513603833113,1.474925982886092,20.93143819894807,29.875245283829642,8.850286319592236,44.30855756209786,1248.9831743748864,491.2988548811049,2887.0971851947875,69.49891628199542,20.167302035254693,99.54126842012094,0,5.88,1.0
M-05,INJECTION_MOLDER,2026-06-16,Morning,119.53,956,97.65,0,RUNNING,313.1338669096747,0.19790841225435532,313.51641231536166,323.22459310159826,1.0676012324578448,325.6289287148301,1.378679282034199,0.2361089025853636,1.829095645242224,18.215503009311757,1.9660132036849947,23.55528339010546,29.495042846644044,7.3494709960147,44.32161655282357,1212.3307898306646,340.7933804932176,2142.962445505263,68.20402324676117,16.371613933987224,100.0,0,5.54,1.0
M-05,INJECTION_MOLDER,2026-06-16,Night,126.3,1010,98.76,0,RUNNING,312.2016355966027,0.16865185337141791,312.50349474725755,322.05983594324255,0.8568070572782208,323.5034944948507,1.4351461626325392,0.2592606145515058,1.9765159036817064,17.819394578615942,1.8021201634854247,21.451739087239503,29.387488212411196,9.880442885566437,52.99225267600949,1258.526295493753,375.94160340652815,2080.2804854911296,65.8431010818305,20.02458296549331,100.0,0,6.21,1.0
M-05,INJECTION_MOLDER,2026-06-17,Afternoon,118.19,946,96.53,0,RUNNING,311.87667665054397,0.22215472884813656,312.36274157646227,321.6558114452416,1.0994587406500957,323.7137225762723,1.4173569598957216,0.3304545634168305,1.8710218187340104,17.64564850699338,1.779153415681536,21.504150168792744,30.286182983167024,7.518347110198377,43.5757786237842,1194.5413953875695,408.2016713500572,2841.2872212600582,68.96589100268908,15.949063462269113,100.0,0,6.88,1.0
M-05,INJECTION_MOLDER,2026-06-17,Morning,115.35,923,97.38,0,RUNNING,312.0297301059674,0.4779969711296107,312.78860216104835,322.05132286759215,1.213093348799133,324.87207874698834,1.302148167125976,0.2706892566961962,2.072448644736673,18.359647095548016,1.397113429571357,21.37628026922209,30.889286328590334,8.437297454265602,46.58104457350847,1173.4212161043392,368.50890918256243,2131.335754294325,71.63165478400832,19.23811058597355,100.0,0,6.54,1.0
M-05,INJECTION_MOLDER,2026-06-17,Night,121.06,968,95.53,0,RUNNING,311.8286471590552,0.3490470178564093,312.454208944984,321.8916297208341,1.1809274330441544,325.0739434276684,1.3596344616409692,0.3003591266373907,1.849787285912654,18.081040875544893,1.7167472890241988,20.90205960700853,30.68428882004514,10.013693219024356,45.56103294035364,1178.4691785293928,435.0970819564623,2731.1472058644204,70.43118510261257,22.86817988115074,100.0,0,7.21,0.0
M-05,INJECTION_MOLDER,2026-06-18,Afternoon,116.7,934,94.34,0,RUNNING,313.17598479392893,0.3554728949884843,313.63184112609974,323.1773371509172,0.9638571235604498,325.23814607116566,1.4400290799083815,0.28070130076729144,1.9779733935662536,17.927195107399896,1.3549761863706502,21.33420404730977,28.89639814726768,8.463228126740658,41.93983006344712,1282.1595047509134,470.2498295860922,2595.9551755863454,67.1646136514582,19.91648850662359,96.7753954776011,0,7.88,0.0
M-05,INJECTION_MOLDER,2026-06-18,Morning,117.18,937,94.62,0,RUNNING,312.2950198289416,0.46188782702899706,312.8223390359248,322.20081482641586,1.0276695971689305,324.1525015235376,1.4105764966219037,0.2776755321111737,1.964132742089685,17.826408358078176,1.693649191743015,20.660032922812352,30.58938528166986,7.494972575696737,46.288795714439466,1161.1830906683049,318.41062234846925,2039.505565579156,70.46656772958117,18.105519644819637,100.0,0,7.54,0.0
M-05,INJECTION_MOLDER,2026-06-18,Night,119.76,958,94.57,0,RUNNING,313.09617170566196,0.22884385949595845,313.4810641779131,322.96011314322413,1.0610072769336722,325.2165124199943,1.4293693866709576,0.26339661819992777,1.9249690750315276,17.819012194456974,1.8037422958373894,21.4088910713424,29.178503185013245,8.503240226781044,49.19837896230152,1282.9431788552974,576.0114255079311,3656.6300122071657,67.20192276277949,19.54156028022069,100.0,0,8.21,0.0
M-05,INJECTION_MOLDER,2026-06-19,Afternoon,117.91,943,96.48,0,RUNNING,312.3912847788491,0.2316269912721157,312.94226975675656,322.46951365547267,1.1889866846226858,325.2828106801375,1.483225372650102,0.35665421539280334,2.545730613338524,17.905609160353585,1.5796928681854328,21.56430428625084,31.12494850884587,8.961480698369087,45.07030128053785,1215.94385173485,578.988727466801,3719.286267256822,72.88036794520052,21.16880055133633,100.0,0,8.88,0.0
M-05,INJECTION_MOLDER,2026-06-19,Morning,122.46,980,98.97,0,RUNNING,313.3735005169326,0.2264106660964596,313.68279047371766,323.3263925198693,0.9419536013442138,325.38523101856435,1.4120352264586558,0.33991371726349634,2.1374814279793197,18.256972885376793,1.6313014737171574,21.84382740221401,29.525038031094077,9.819159093619712,45.7002107650841,1333.0051762034848,677.1687840413236,3388.077100676665,68.15849256450933,21.583841615041543,100.0,0,8.54,0.0
M-05,INJECTION_MOLDER,2026-06-19,Night,121.8,974,96.94,0,RUNNING,312.1305332295556,0.17630083943872835,312.5476349924614,322.03410297120166,1.004122596144796,324.53409460437695,1.3467322516061417,0.35886564923031505,2.0097391131771576,17.69917674881518,1.4902643253044405,20.21030188060353,30.025994064328742,7.826249675243814,50.49535047270675,1187.5417587323618,296.93445864229557,1991.4080149468805,68.99173284529842,18.477372898802138,100.0,0,9.21,0.0
M-05,INJECTION_MOLDER,2026-06-20,Afternoon,121.74,974,93.52,0,RUNNING,313.6231572177031,0.2998638545350074,314.17786031736694,323.5939496575148,1.0268997856212077,325.48392141790225,1.3602341705037673,0.28227266426855885,1.9986881951426632,17.81901547746027,1.537843323433963,20.67507613226859,33.05230395055399,7.5721216368331365,52.09770144249114,1068.2708214254508,274.79483621623444,1767.502984349456,76.67648480758245,16.74927822031854,100.0,0,9.88,0.0
M-05,INJECTION_MOLDER,2026-06-20,Morning,120.27,962,97.49,0,RUNNING,313.3307093303146,0.6308200866392776,314.14006342984186,323.7515533933045,1.2254605339989584,325.7335320443094,1.3112579944646523,0.21114530680007823,1.7095466987655206,17.84184170603868,1.9081818476783086,22.19402517356001,30.47231821895274,7.404831579814279,50.66001186392786,1134.271737160712,249.16584031388675,1643.8457442730942,70.83094424166035,15.61748937361344,100.0,0,9.54,0.0
M-05,INJECTION_MOLDER,2026-06-20,Night,123.13,985,97.77,0,RUNNING,314.02447097840223,0.27984611349841954,314.6282833158813,324.0016337295728,0.9328596422983267,325.55705125029374,1.309200467278572,0.2753429268745739,2.038370829287368,17.782551097684607,1.8480637304647505,21.108023327653218,31.343647097268054,7.755172184708615,46.35096541486213,1152.117341150492,359.35023369360704,2312.1138156557317,71.80086119844115,18.163956771352854,100.0,0,10.21,0.0
M-05,INJECTION_MOLDER,2026-06-21,Afternoon,122.46,980,95.58,0,RUNNING,313.6014275324999,0.20071609312640204,313.91464731947656,323.3209775308455,0.8729897106639901,325.42901178639096,1.4537328472897806,0.31527858736190556,2.270914523839472,17.977171241991876,1.7908941148546922,21.155024950887373,27.77734488647503,8.711803696178283,41.85131975840164,1420.6380032686732,855.5552742229504,4659.320001043198,64.86513003233854,20.168376166841533,100.0,0,10.88,0.0
M-05,INJECTION_MOLDER,2026-06-21,Morning,117.25,938,96.08,0,RUNNING,314.1290261663483,0.3779737952151569,314.6977138771493,324.1738965562643,0.7905584939360806,326.14253519686224,1.3602513832337544,0.295779658998437,2.086967241036414,17.952336084649986,2.193646166476361,22.590264416175792,30.468838159273318,9.484800508713112,47.86453900927462,1264.7636928455656,691.3067692988571,4445.2465660260295,71.70513134466836,20.66837103261282,100.0,0,10.54,0.0
M-05,INJECTION_MOLDER,2026-06-21,Night,123.86,991,100.0,0,RUNNING,312.98949608229697,0.3039147623029576,313.655537388548,323.18994207497644,1.0985725487527733,325.75946299237125,1.4093891738908033,0.3208934356055688,1.957944300668849,18.040773561793927,2.4704935941605703,23.15739278427432,30.525342537872426,7.9249815905870955,50.58224134763479,1238.011853518008,427.527346193015,2457.29261605292,71.57716682060416,16.676933459704063,100.0,0,11.21,0.0
M-05,INJECTION_MOLDER,2026-06-22,Afternoon,121.09,969,97.44,0,RUNNING,313.27063816526004,0.1613844910993607,313.49522779924223,323.2779680896023,0.9882363198249787,325.0324450658921,1.436064546105446,0.27639702012783085,1.9679996247917049,17.641363654784318,1.6695016277112842,21.562431408733136,29.706634788832275,7.9027609788165085,54.25244249147581,1210.7232103734846,378.71216194170705,2580.2011955546127,68.11960903150913,16.713529510239887,100.0,0,11.88,0.0
M-05,INJECTION_MOLDER,2026-06-22,Morning,117.17,937,93.24,0,RUNNING,312.5973068912118,0.30528471819139164,313.08569534025486,322.70583466248365,0.79275934933909,324.3063403347586,1.4258093119223694,0.3318694492776,2.1703202596940434,17.741562255337282,1.9923130424221072,21.37701390308615,32.30139776045144,6.618100373499456,45.62298321071202,1087.4982680985424,290.5519819242191,2156.5681415628424,75.90983335335274,17.456225782979185,100.0,0,11.54,0.0
M-05,INJECTION_MOLDER,2026-06-22,Night,119.17,953,98.91,0,RUNNING,312.60156158701966,0.6195198695687261,313.4865666984936,322.45501442384386,1.2522870170478415,324.84121450147694,1.447634104720202,0.2590839712419489,1.9977228757020309,17.641566890753104,1.830765042083772,21.335637811708136,29.39266314758253,8.284124425707947,44.695511253486536,1250.702932433997,425.8024236960353,2701.2498530907483,66.88758161129883,19.866903924130057,100.0,0,12.21,0.0
M-05,INJECTION_MOLDER,2026-06-23,Afternoon,117.82,943,99.44,0,RUNNING,312.7095014818253,0.7922356829649999,313.9637440407785,322.97466724819105,1.2776776625828599,325.5137410509607,1.4421433631916878,0.3071193414197132,2.100068639757825,18.416209411872874,1.901031544738276,23.313336874955112,29.326803257409804,8.013746080721814,45.82599526563201,1236.0073350740804,383.1576394891523,2286.393368501037,68.87112081011908,19.285648913498033,100.0,0,12.88,0.0
M-05,INJECTION_MOLDER,2026-06-23,Morning,115.18,921,97.39,0,RUNNING,311.88004748050514,0.3853143023485465,312.56407257912946,321.7031006233547,0.9277067248593784,323.53365076178164,1.2989875714473362,0.30544160925092045,2.085239982781004,18.058596874656594,1.932765262677489,21.88802817210678,29.901351436680052,6.7866689424438125,46.072486580418186,1176.460261069479,272.9462419991866,1733.820708484836,69.08452488788018,15.936096153565828,100.0,0,12.54,0.0
M-05,INJECTION_MOLDER,2026-06-23,Night,127.17,1017,94.47,0,RUNNING,313.18571344713587,0.1655028552412271,313.4969060914218,322.9607693883378,1.168334502022122,326.1154577445873,1.4543367400316807,0.3137181911746956,2.232804652230659,18.170141324491063,1.5461735972605493,20.86894618473173,31.95417728167344,9.504604668363523,55.15313499163239,1158.0469552384407,411.97827806858123,2413.093769112938,73.11726513753132,19.248051151651257,100.0,0,13.21,0.0
M-05,INJECTION_MOLDER,2026-06-24,Afternoon,111.19,890,92.16,0,RUNNING,312.03279584938605,0.16127331020182956,312.25900610250955,321.9664041569848,0.9689145927803566,324.20420302047484,2.1435599667587044,0.3317537792553557,2.853287235735711,18.403733175111995,1.7789946144970357,22.47740438176927,32.3965894054387,9.957062114763517,49.797826226887416,1188.026031898896,589.906829467244,3721.38726941207,73.45856618011523,22.833956095107137,100.0,0,13.88,0.0
M-05,INJECTION_MOLDER,2026-06-24,Morning,110.65,885,93.97,0,RUNNING,312.5713821662149,0.3876457733802704,313.2071131273511,322.6874692467184,1.076709740204127,324.5449757410891,1.7606047096504054,0.33686021813716105,2.649126115374924,17.898258634637994,1.982882806646515,21.790363671791305,31.50167875557676,8.458333142844147,49.30072834645243,1160.1311922847697,382.07270977097426,2421.064126634825,73.51188249369457,19.436728331449178,100.0,0,13.54,0.0
M-05,INJECTION_MOLDER,2026-06-24,Night,112.59,901,88.41,0,RUNNING,311.9826279208279,0.33813886362014967,312.6527786017656,321.79618298979983,1.0402157754638814,323.808172443671,2.4249031645433052,0.3245585273361456,3.196423072657402,18.68158284990615,1.873448115511713,22.328818171440236,29.83475347023286,8.05118663125304,47.93461776272538,1208.9144513344577,361.3807662409334,2279.574713901769,69.42991855384808,18.53593779920389,100.0,0,14.21,0.0
M-05,INJECTION_MOLDER,2026-06-25,Afternoon,103.45,828,91.39,0,RUNNING,312.1931919720913,0.17568382496630466,312.523216710693,322.1942461765293,0.8535494916811645,323.9063341172865,2.8994712344081814,0.284838709189125,3.3200398900781263,19.204716171656898,1.9964278711109982,24.01719929708732,30.33481827812204,8.741661209651191,46.74371176601095,1238.750496755642,532.4485444996271,3403.8683850583425,69.7243412061296,20.14062823624831,100.0,0,14.88,0.0
M-05,INJECTION_MOLDER,2026-06-25,Morning,104.96,840,87.12,0,RUNNING,312.27281459249133,0.172865722534417,312.6028661264629,322.31297182221346,0.9116057608601369,323.7156042791807,2.5511038097032763,0.34788325587899516,3.414669937575342,18.85896555081876,1.6831032051621895,23.40070182826304,28.01068338121432,7.611179930688568,43.6374932900749,1264.0305980599026,403.9493252376706,2606.194060585633,68.98134963782928,18.794697911012076,100.0,0,14.54,0.0
M-05,INJECTION_MOLDER,2026-06-25,Night,101.04,808,90.13,0,RUNNING,312.4095549111404,0.4224111855616267,313.09395139051435,322.37170957466446,0.8161868019702582,323.95550852381217,3.1818559571912033,0.27405615725887156,3.716576004626133,18.70989536838879,1.5847004396747013,22.60943535641063,31.541378866480475,7.051777744050848,52.57126271075473,1110.7794393664592,243.40837811480333,1692.3837090279346,70.82927762274217,14.827291153963552,100.0,0,15.21,0.0
M-05,INJECTION_MOLDER,2026-06-26,Afternoon,99.81,798,85.43,0,RUNNING,312.66641660869726,0.22786639577464216,313.1133929408824,322.8236679907631,0.9353721938482135,325.28220575905686,3.727773868361672,0.2836094096574083,4.4986017737382005,18.29794237023496,1.94408603325842,21.709008822678346,30.60348714636402,7.237814825164476,45.57463957514311,1156.877615975409,307.65773186839124,2025.0693973236253,71.05764767118964,18.185574840492468,100.0,0,15.88,0.0
M-05,INJECTION_MOLDER,2026-06-26,Morning,96.68,773,84.19,0,RUNNING,312.8333377770666,0.19360210882959378,313.262269100698,322.7676777735087,0.8727001955461845,324.1395959760605,3.4293302195824795,0.3245011934337734,4.118811898165723,18.333755755122006,1.9366719614994707,22.73860373929908,29.76854961317019,7.667329248010574,48.22946691518824,1193.2240245791565,290.62591898165135,1885.875692762046,67.53762051243034,17.561740352295978,100.0,0,15.54,0.0
M-05,INJECTION_MOLDER,2026-06-26,Night,99.17,793,86.69,0,RUNNING,312.5148063691134,0.23191579383120536,312.875231353775,322.63052035169096,1.2833898464296036,324.79735923042904,4.038222623586831,0.3099657727747885,4.584813353903761,19.020199490303845,1.6967672339600062,21.9835214292507,33.06805642060722,9.226114075855891,53.23093790295557,1104.1531639614568,340.61257666088096,2152.543966887446,74.46880461391208,19.31027660946249,100.0,0,16.21,0.0
M-05,INJECTION_MOLDER,2026-06-27,Afternoon,116.09,580,94.35,180,MAINTENANCE,312.62821799434937,0.19887255688485506,312.9734253966355,322.81022846905375,0.7476945389390388,324.06845524487767,4.630165973459217,0.2625466403769162,5.183227713873201,19.336384565209183,1.63903961431116,23.360112518715574,28.569209722776634,9.548057522450296,49.27214746348989,1325.9974917360548,622.0518398267521,3976.7028857097744,65.58159362346477,20.69471454618188,100.0,0,0.04,1.0
M-05,INJECTION_MOLDER,2026-06-27,Morning,118.81,594,94.78,180,MAINTENANCE,312.4625734816533,0.20139549422413455,312.824181591065,322.27934245149936,0.8595843026980886,324.7903533906417,4.411975219961122,0.29435016299698513,4.966023832633214,19.50235796995794,1.6782822560840076,22.859804847121705,30.337632772055738,7.196674399959664,42.33658561439417,1192.6171542159855,415.12549479415435,2587.383377623743,70.38006200523091,16.097911886535133,95.62909319809286,0,16.54,0.0
M-05,INJECTION_MOLDER,2026-06-27,Night,130.62,653,98.49,180,MAINTENANCE,309.53201392268903,2.3163724815342546,312.26290285176896,319.6007124228119,2.543739315240248,323.0976591452416,2.9954807972381614,1.749714577830435,5.363587655876242,19.042715998362148,2.204450724076313,22.92584028479917,33.574106520144106,7.946556305407544,49.52563919695784,1051.7936220559507,297.08979953383783,1827.776463582207,76.46052217127611,16.6344656872796,100.0,1,0.38,1.0
M-05,INJECTION_MOLDER,2026-06-28,Afternoon,121.73,974,97.09,0,RUNNING,307.54915616202345,0.35487934545869015,308.0209976458982,317.61506909017834,1.14214095764529,319.5764771352324,1.3542326738035106,0.3147986637182338,1.9478187459697969,17.984798521784175,1.7775268966882145,22.077697405026772,28.06159449471836,8.590854483882948,45.01839492920374,1348.448387340091,614.1985956714008,3953.4442918651134,64.29168256047828,22.505810735800342,100.0,0,1.04,1.0
M-05,INJECTION_MOLDER,2026-06-28,Morning,115.14,921,93.36,0,RUNNING,307.3277555796846,0.3675341533812152,307.84088947900784,317.32025929109335,1.1230587183275516,319.8378448800755,1.4429809997782574,0.32200845911313286,1.9886047317012865,17.694973260649483,1.9018932750561364,22.08321929818541,29.468328670286617,9.090732508840587,45.93703420696549,1275.8145954753347,515.588924081177,3222.2185915704563,68.3308360748126,20.960282122958386,100.0,0,0.71,1.0
M-05,INJECTION_MOLDER,2026-06-28,Night,121.98,976,95.49,0,RUNNING,307.1586277840024,0.25047874273682413,307.567832556229,316.78928996269207,1.1611651851080438,319.4940928777815,1.353724185576107,0.33765183775732743,1.9916998856568229,17.591600312981306,1.812281378664977,19.761518342310172,28.8445582362397,7.031232866646743,42.23519750935507,1237.941504534337,349.94337214612483,2425.826147822804,69.80712999539423,15.71833088259255,100.0,0,1.38,1.0
M-05,INJECTION_MOLDER,2026-06-29,Afternoon,120.31,962,91.56,0,RUNNING,309.2127779477316,0.41735310183926466,309.8856781368513,319.2634566339301,1.2435154508631507,322.0962905366006,1.5205552426852094,0.25520571052312824,1.8958147773900147,17.521422942119557,1.609312088253388,20.28369375990956,29.49610963784278,8.336247211716518,46.0181038539188,1260.5430751842375,504.3376551972617,3200.541329438797,68.02307253104836,19.447502060616202,100.0,0,2.04,1.0
M-05,INJECTION_MOLDER,2026-06-29,Morning,119.55,956,96.66,0,RUNNING,307.91469882716757,0.1505246416515298,308.2252768096506,317.9831782367131,0.8573308458969389,319.91436486645586,1.404951953447535,0.26988798480043064,1.851499878775014,18.79146546586333,1.6841057621764863,22.05900023018999,29.126354954620624,6.9653669442690065,43.57283756089996,1229.1236335040492,383.041589458145,2647.8809459955683,66.89182595333371,18.205676499788908,100.0,0,1.71,1.0
M-05,INJECTION_MOLDER,2026-06-29,Night,119.17,953,94.3,0,RUNNING,309.5166838923572,0.28522477518831085,310.02132834303046,319.67936726449557,0.8621143505849476,321.4663901584207,1.4619529463193972,0.28379299753863,2.047172101391871,18.38367912178595,1.7868693609509518,21.695166966953213,29.956366889781094,8.007088383974926,46.20957713360468,1214.1035618912238,425.3654046625733,2682.3252331266526,69.96709870647369,18.79635261265454,100.0,0,2.38,1.0
M-05,INJECTION_MOLDER,2026-06-30,Afternoon,121.32,971,95.37,0,RUNNING,308.90675375678387,0.319311132019,309.5659728478837,318.8164142550914,1.2146543150571911,322.0125185932037,1.2155487422316065,0.2622398563769991,1.8251897796587837,18.503304631803502,1.5578673781166923,21.262921356032614,29.979275020048952,8.62848537006845,51.69903184786283,1201.607216765758,312.8623791167214,1923.6792102069576,69.06439341349801,16.68191582328811,100.0,0,3.04,1.0
M-05,INJECTION_MOLDER,2026-06-30,Morning,120.63,965,100.0,0,RUNNING,309.6345060926094,0.29657839949350007,310.19496819221337,319.93473993485793,0.9206887065862859,321.71558263558745,1.3810395489057028,0.31902009498933637,2.2928123745040274,18.07351024547177,1.6496116641070557,21.954182212206224,28.787339692578488,7.067211545560223,44.99190312890516,1238.8072355830689,326.0641262868088,2347.080947537263,65.71081442670226,15.962031713573536,95.45092573990064,0,2.71,1.0
M-05,INJECTION_MOLDER,2026-06-30,Night,123.32,987,96.97,0,RUNNING,308.36679578411315,0.30438521902514065,309.28217196391205,318.36522781167156,0.9898326802205395,320.3330757848452,1.361813323030928,0.2706580540476663,1.8298610093993328,17.901577885922375,1.9101711434985331,22.12003673528359,31.82774718194251,9.118519684133853,48.53660033328662,1158.250741825178,426.542694810086,2687.113508695116,72.78478873391376,18.880292892394884,100.0,0,3.38,1.0
M-05,INJECTION_MOLDER,2026-07-01,Afternoon,127.4,1019,93.74,0,RUNNING,309.8221310593785,0.40598769882060265,310.496997110206,319.70374380445895,0.9546524258068125,321.5354065369024,1.3790106521432304,0.28289256427189285,1.7739212117001384,18.29295523995956,1.692551680802109,22.040904131807125,28.063240746169242,9.381867295274569,45.332662497630494,1276.1078765295329,456.6948986156919,2518.9869846233096,64.99497185086408,21.735055974227453,100.0,0,4.04,1.0
M-05,INJECTION_MOLDER,2026-07-01,Morning,121.51,972,97.21,0,RUNNING,309.59320114625655,0.34607031101645164,310.3897904312007,319.69038685885187,0.6968081616565516,321.1724942769818,1.3672336063539718,0.3239520760726192,1.932894775130009,17.745935112793912,1.8776159628905664,23.38041294287531,29.062200536770806,6.676228909804961,42.02470325370862,1225.3885320419688,371.70318101445105,2371.868620985608,67.8834705387232,16.588548790299257,96.76329850202733,0,3.71,1.0
M-05,INJECTION_MOLDER,2026-07-01,Night,121.71,974,94.15,0,RUNNING,309.3975605838603,0.24032174741354503,309.83205733209,319.3547680287243,1.3279560333769165,321.8953476984356,1.3478718525805509,0.3201965506467129,2.0845587005352995,17.83413884618478,1.9338387471957268,23.474586373630935,30.908176015257276,6.786015779900284,43.3841460349121,1140.5989178834764,281.1422835054421,1891.6099728845247,73.18907556482559,16.244195092337723,100.0,0,4.38,1.0
M-05,INJECTION_MOLDER,2026-07-02,Afternoon,118.5,948,95.41,0,RUNNING,309.6383133769161,0.19451551143106313,309.84510012881407,319.64143294327977,0.9885829457514123,321.7963853391817,1.414684056738883,0.28717116223094896,1.858628431528198,17.870178544410145,1.85061702856882,21.797400507565808,30.848669423465715,8.663602516688925,54.53138582160743,1175.8333195956798,379.24300312885003,2493.579044184155,70.97153863183627,17.66110903705983,100.0,0,5.04,1.0
M-05,INJECTION_MOLDER,2026-07-02,Morning,122.0,976,95.63499999999999,0,RUNNING,309.53241538488055,0.28551086526695296,310.0370355290419,319.471992900748,1.1077919195369932,321.92009513225594,1.3481656820017802,0.31069124123243924,1.896542086023075,18.388521144007445,1.6738744947070445,22.10572288080799,29.82315597974952,8.845629876641663,49.72312775899041,1233.11739658032,453.3736370242173,2864.898713083305,68.33584199653112,20.119959977950828,100.0,0,4.71,1.0
M-05,INJECTION_MOLDER,2026-07-02,Night,123.51,988,97.84,0,RUNNING,309.4466913176606,0.3007546912743384,310.158776180152,319.3493522905717,1.023381475640436,321.2417415337257,1.5613598593800415,0.2976633759657776,2.472206273907917,17.896061990654978,1.6876634395900825,22.80764388507343,30.8379311233254,6.715226092571048,46.29376916856928,1139.320647511552,295.87848296207073,2085.947879364017,71.17592084606689,14.479484705332343,100.0,0,5.38,1.0
M-05,INJECTION_MOLDER,2026-07-03,Afternoon,117.45,940,93.48,0,RUNNING,307.56470396279116,0.5352765588589966,308.48950382745124,317.2579214627385,1.0890655877090798,320.2232264881967,1.3604289039885369,0.3026829459037944,1.877370061333205,17.95071399596902,1.5212920622591612,21.550189007985527,28.83974992213039,7.059620842094154,40.07311792183286,1260.4653414807135,506.36334325970824,3527.8402155323315,65.81725101905295,17.68443048335569,100.0,0,6.04,1.0
M-05,INJECTION_MOLDER,2026-07-03,Morning,115.52,924,96.11,0,RUNNING,308.81733552538174,0.26371432708557435,309.3828122812252,318.5710478538447,1.1612339807851852,320.9284100181971,1.4211220876197432,0.3152872741028975,1.934433628234112,18.336043409923523,2.0983726336278448,23.07224403826558,28.253067750601883,8.302651554410676,45.2538460463859,1293.2577388212899,405.5343938151255,2517.251732933805,66.09013083253365,19.217364993190117,100.0,0,5.71,1.0
M-05,INJECTION_MOLDER,2026-07-03,Night,119.22,954,95.38,0,RUNNING,306.4369666331423,0.4430489845434373,307.28305273372354,316.4429196413972,1.1273562194184734,319.0734942151484,1.3966487583788088,0.2691588820611922,1.8797619453287795,17.945957763676958,1.589392041302057,21.054754783239616,29.631166528727977,6.208801339637684,42.7727461758126,1186.5443048523773,253.4381566777097,1787.4219490837452,69.31559895702232,16.37764390013429,100.0,0,6.38,1.0
M-05,INJECTION_MOLDER,2026-07-04,Afternoon,115.04,920,94.87,0,RUNNING,306.86346542530214,0.3828565269701751,307.48869797330207,316.8133356900583,1.1626667753460544,318.80889101648563,1.414415088942741,0.32844467959129214,2.303343498297937,17.711154900222528,1.4869060276201451,21.334109181948207,28.454971623523395,6.8863133003745,42.12115176496766,1260.7240613329193,378.990018225455,2373.052345649065,66.2792948121125,16.59712395936594,96.09282090223032,0,7.04,0.0
M-05,INJECTION_MOLDER,2026-07-04,Morning,128.74,1030,96.87,0,RUNNING,306.04880448529366,0.16526840451897812,306.4297634062457,316.22123564232885,1.0037566057540925,319.10807852318453,1.4093712623558365,0.3552292169733902,2.2044718119852678,18.421862784122737,1.5036354396766622,21.35236515260793,29.423580661446064,7.285718668206058,49.20803900595107,1185.1272693976716,289.502966193278,1990.3860694808616,70.38259027873771,18.54696267196194,100.0,0,6.71,1.0
M-05,INJECTION_MOLDER,2026-07-04,Night,123.68,989,100.0,0,RUNNING,307.58140990993496,0.18619347325771238,308.0315863399278,317.4752239998189,1.1708517787903918,319.6321003771765,1.3285470232123144,0.310643890926255,1.9600196534703325,17.62176428405103,1.618488859042856,20.87989436340354,29.966270732189496,7.88373276940055,47.28119910817719,1193.6417009723996,330.7851546079813,2141.847053079819,70.09739281658513,17.41599390270728,100.0,0,7.38,0.0
M-05,INJECTION_MOLDER,2026-07-05,Afternoon,126.74,1014,96.78,0,RUNNING,308.36413891030844,0.13855650545231826,308.5511095791023,318.58613308479016,0.999352333817842,321.8925991431755,1.4427527984722301,0.2660346541515368,1.9648239296741357,18.049883258821968,1.583991070393163,21.362639099212828,30.091934014439943,7.259983419435206,45.58901951923439,1168.268746124618,262.9496322021668,1557.6111432601258,69.04319457086334,16.79008853662459,100.0,0,8.04,0.0
M-05,INJECTION_MOLDER,2026-07-05,Morning,114.29,914,92.24,0,RUNNING,308.4811785667796,0.30606140406263793,308.8863640253823,318.3845486138853,1.104376388971214,320.3213149628599,1.4270689758616333,0.2583384755210255,1.89769966830868,17.91246795296082,2.0393613592994777,21.29625837644339,29.840852028193428,7.956252236501121,47.14365298074152,1200.2762142696067,346.96901042590594,2207.2779908725875,70.02537403106537,16.900661567414367,100.0,0,7.71,0.0
M-05,INJECTION_MOLDER,2026-07-05,Night,116.87,935,97.07,0,RUNNING,309.0820423760743,0.562727035303762,310.13029235659,319.1430647520393,1.1483357958181182,320.8651271338813,1.4120612345127346,0.26702296066030917,1.88720464413818,18.12287417815524,1.3523228694090184,20.8858311938205,30.331593985175587,8.982150869149459,51.855437302515725,1242.8910835014528,591.7823117184746,3974.704859479834,69.21154843293675,19.507650748699646,100.0,0,8.38,0.0
M-05,INJECTION_MOLDER,2026-07-06,Afternoon,121.18,969,97.85,0,RUNNING,309.9939439994355,0.21980163229022825,310.41590305018724,320.03967021734337,1.1670011317938138,322.8062015220255,1.39033784167181,0.36722626040568546,2.0035913669146925,17.79027498267956,1.299338282996771,20.7987029763866,29.729605021377438,7.599536119262972,46.3357177518123,1209.2913164697438,395.9665249415836,2698.485655309808,68.91272695833436,17.3346248533776,100.0,0,9.04,0.0
M-05,INJECTION_MOLDER,2026-07-06,Morning,110.51,884,96.01,0,RUNNING,309.78122944284985,0.1385424572418778,310.05117203482564,319.84269664575567,0.9244191764532034,321.2499079398942,1.4367476169435331,0.19695124902787498,1.9736100153075,18.08321314734958,1.6366730964932263,22.42876230574436,31.29921887870976,6.586423881497343,47.63799011713351,1112.8415771324444,241.22915209601092,1793.773659971126,73.14509529805501,15.139286372356809,100.0,0,8.71,0.0
M-05,INJECTION_MOLDER,2026-07-06,Night,116.35,931,96.17,0,RUNNING,309.81301004968725,0.26334148072522845,310.24902810176314,319.72099487901744,1.0609322818927287,321.8911133264535,1.3771701961140608,0.41600450074798623,2.630371583513764,18.558852065594127,2.1855314374945114,21.758993980138943,30.480703973003145,9.460871238893942,51.87486364830518,1226.8829818547988,476.36907978971215,2794.926717609105,71.09366754464288,20.221124566031374,100.0,0,9.38,0.0
M-05,INJECTION_MOLDER,2026-07-07,Afternoon,116.78,934,95.18,0,RUNNING,308.0663702854907,0.5753226882568665,309.06653509979265,317.85879878724467,1.1642933063991754,320.3643911520924,1.4318943833011089,0.3008825761863347,2.0361889590708357,18.049404658595407,2.0319959604392803,21.745796087793565,28.43373098618883,6.379651081296976,42.865433925160055,1227.5079111387095,275.4373791365285,1831.289417840728,66.64499214668649,15.099846452888368,99.7521500214001,0,10.04,0.0
M-05,INJECTION_MOLDER,2026-07-07,Morning,116.67,933,96.51,0,RUNNING,309.9828540692617,0.47558462514379396,310.6681966329716,319.9844491749693,1.09815609750783,322.0092107400337,1.4136180187258,0.3505207840488321,2.409687117731148,17.680773654223064,1.2583364932453898,20.121599611060944,31.396262246790474,7.376701970775297,43.14676343003397,1146.0987526511572,416.6425991824429,3088.8055105859457,72.78424304489225,16.61293928252764,100.0,0,9.71,0.0
M-05,INJECTION_MOLDER,2026-07-07,Night,116.42,931,97.3,0,RUNNING,307.8630145959272,0.18590863366219917,308.36586680772695,317.71687517070677,1.0417273748376092,319.64144866281606,1.386799500024297,0.2197693093823888,1.9190689232793288,17.7815986708581,1.9092735238100695,21.7198151731557,31.398737356591337,8.567005675760555,46.681578851425776,1179.043255983484,375.2495380686593,2215.143744185381,72.18071589095861,19.82724851563289,100.0,0,10.38,0.0
M-05,INJECTION_MOLDER,2026-07-08,Afternoon,120.14,961,93.1,0,RUNNING,306.9122127072097,0.27673892137092193,307.2996224687178,317.01353076368275,1.1045906835543153,319.09518914537784,1.3712909999310676,0.34862713077096774,1.921448110564763,18.72343066146475,1.9035931024046473,23.232434792837445,29.216199213413507,9.641330032258425,52.97974541925767,1245.7253851973717,406.8086577100983,2478.856532692677,67.91233391303246,19.89436583363937,100.0,0,11.04,0.0
M-05,INJECTION_MOLDER,2026-07-08,Morning,123.09,985,95.53,0,RUNNING,307.44100497295506,0.246306814367547,307.9566683628823,317.61329582709294,1.0720282166551365,319.4507532037158,1.3427936478388864,0.22633044166174887,1.758234251818544,17.747968069379432,1.755854818053804,22.160961510881386,30.868182463636863,7.314652153303322,44.42438403823324,1161.0629765910053,377.3121326202703,2694.686332055232,71.49367193231656,18.780548168428478,100.0,0,10.71,0.0
M-05,INJECTION_MOLDER,2026-07-08,Night,118.92,951,95.9,0,RUNNING,306.75165310957357,0.27140232709073325,307.2052085442584,316.76812911829046,1.0406821600289577,318.7797995309473,1.4772427469195892,0.29299142911913517,2.2283990633302864,17.98849346726361,1.7956033334437442,21.37719091787734,30.718733804300108,9.29075579558398,51.40699416327496,1212.1870341437932,452.13152117000936,2362.6377766702194,72.11242714037137,21.59511571479253,100.0,0,11.38,0.0
M-05,INJECTION_MOLDER,2026-07-09,Afternoon,125.27,1002,97.99,0,RUNNING,307.24017297926855,0.3804033731309125,307.90243021844054,317.28063197148276,0.8277863280999394,318.5472462725481,1.4285375165893979,0.3077880704420138,2.0258104695472987,18.120312184089443,1.7445334012148213,21.033610954960224,30.07232261905398,7.461513859457812,46.24522563341487,1194.338695077368,380.1246790198442,2776.793886168068,70.5199358324594,19.593936815307835,100.0,0,12.04,0.0
M-05,INJECTION_MOLDER,2026-07-09,Morning,129.43,1035,93.78,0,RUNNING,306.77521244720225,0.1593177949810495,307.1697382474129,317.03556755807216,1.0319373382551102,319.1527498493955,1.3669319700003297,0.3101188275991841,2.1046794552979518,18.16639750623226,1.772674064505374,21.51947706606322,31.593898697815806,7.32774244417925,44.39156258984666,1128.377546500099,331.8211743316739,2086.4361626314458,73.61312776317574,17.223698894429088,100.0,0,11.71,0.0
M-05,INJECTION_MOLDER,2026-07-09,Night,121.01,968,99.52,0,RUNNING,307.36123973777575,0.17602165850939136,307.9621841212436,317.3460702721022,1.1619386873828772,319.34588069676875,1.3135185226966064,0.23478661277900695,1.6441783539797836,17.76494603548383,2.032432178438956,21.6901895206804,29.789424149556176,8.111061894246232,50.43720656603958,1200.6723613543172,388.1309237610537,2632.8460637705866,68.48869266526712,17.84205432930061,100.0,0,12.38,0.0
M-05,INJECTION_MOLDER,2026-07-10,Afternoon,119.81,958,98.45,0,RUNNING,306.51782731077583,0.2618176223461881,307.0769881713254,316.6614843805994,0.845239657104844,318.0244405403098,1.4244737253820388,0.295107681514,1.8495433627654223,18.34016521014746,1.7522419307195432,21.879044643200068,31.87089247141922,7.76802606789282,47.59932474734765,1122.0615692925712,335.4334492423802,2250.9824510550984,73.99110814508276,17.2202361502866,100.0,0,13.04,0.0
M-05,INJECTION_MOLDER,2026-07-10,Morning,121.34,971,96.78,0,RUNNING,307.41059127620224,0.22997829573877243,307.8718909610496,317.18266526226324,1.071012499819604,319.26734088411246,1.4199140583430112,0.29487161104644327,2.033469735226109,17.397549620337088,1.808434535672931,21.06286806396204,32.11256239604351,7.475036398479243,45.31621029564309,1118.4794505362975,358.0688464150424,2580.1318559234087,73.75130795479414,16.858715698289025,100.0,0,12.71,0.0
M-05,INJECTION_MOLDER,2026-07-10,Night,123.95,992,94.75,0,RUNNING,307.12708584909905,0.2680228366909352,307.5296145764045,316.8769117644616,0.9039396195964964,319.3458702741661,1.4610425234366111,0.27501987097079944,1.9932478358483905,17.591845576675844,1.4893590287691292,20.261402614869432,29.061130653173773,8.959527314164566,50.76580953796038,1281.7717494825613,513.8354920190027,3448.9634633428323,67.92323641250677,19.75096899994181,100.0,0,13.38,0.0
M-05,INJECTION_MOLDER,2026-07-11,Afternoon,117.12,937,95.87,0,RUNNING,305.5939624850167,0.3274965039688578,306.1279095697676,315.5654293137756,1.101941100253921,318.93873362760763,1.3197902043668484,0.3166221383061123,2.0034675376865594,18.20315882757326,1.535103221508155,21.647072077119084,26.828066863306788,9.612327640744954,45.05324563497388,1472.1065545347642,842.773165799998,4986.508787574776,62.45878121844682,22.389572897429513,100.0,0,14.04,0.0
M-05,INJECTION_MOLDER,2026-07-11,Morning,115.25,922,95.59,0,RUNNING,306.49534442472225,0.16510033729561668,306.7604822883355,316.521137823058,1.027958118319947,318.07646290946326,1.4229512427739321,0.3184060290561251,2.0672518631824364,18.051987142419602,1.6536810843431409,20.931210524114157,28.60035542647454,9.413749922811453,47.1472762053138,1379.1697292222864,760.3222607104661,4581.58972000402,66.47747469968209,22.138054758209993,100.0,0,13.71,0.0
M-05,INJECTION_MOLDER,2026-07-11,Night,124.45,996,95.09,0,RUNNING,305.2560348026765,0.23867484141974127,305.6510488095528,315.45059104552826,1.011363585093554,317.73029860799403,1.4326636739073455,0.31639833543300483,1.9196401956037388,18.053185883848542,2.11475553065673,23.113440497453947,31.55193394995075,7.71343640635109,53.147547923050766,1119.2181000023852,256.4055004720566,1638.8026463655326,72.52927885076761,16.617856001518195,100.0,0,0.21,1.0
M-05,INJECTION_MOLDER,2026-07-12,Afternoon,123.05,984,91.51,0,RUNNING,305.29128008435123,0.43946443625613935,306.36510097280814,315.45948103561324,1.0702320244589474,318.0022116098594,1.4376303218112008,0.3429180788107035,2.1071882273630465,18.744990948033355,1.3933648083762213,22.220654106924947,32.131911797216375,8.75080486985163,48.80713659968504,1138.0635499550865,409.6408162396273,2405.155750458317,73.14040323854103,20.218246072439037,100.0,0,0.88,1.0
M-05,INJECTION_MOLDER,2026-07-12,Morning,119.85,959,96.12,0,RUNNING,305.585815692436,0.19856390030089205,305.9771788467058,315.89831449859355,0.8870452983618733,317.5631614619233,1.486932611482476,0.3096227810184713,2.2310658229254914,18.246194583197884,1.9149597621994248,21.74377840168151,31.259562252936522,7.459969987567208,50.31678087678536,1129.590050249826,274.6568323652333,1837.773928237474,73.37199402015457,16.475100263866604,100.0,0,0.54,1.0
M-05,INJECTION_MOLDER,2026-07-12,Night,117.82,943,96.42,0,RUNNING,306.9391416054851,0.4033787554417516,307.6358402680928,317.15248609210005,1.101663187886645,318.988582066831,1.4677530100604015,0.3498558898311167,2.3590942480585158,18.052460169024485,1.4289058871495919,20.633846438815123,29.30034746775305,8.42601129757206,47.71028064104222,1266.4202479889711,457.99886777652534,2914.422863213607,66.2290485053822,18.10989839445545,100.0,0,1.21,1.0
M-05,INJECTION_MOLDER,2026-07-13,Afternoon,113.24,906,97.24,0,RUNNING,307.2550059034455,0.48038344804709243,308.12675006990645,317.29497237743084,1.0273284422359215,319.2929685916926,1.3781647898992686,0.31290463624754705,1.9596762475868557,17.80852082326296,1.7622488175769144,20.90975492876739,30.0902312672163,8.129603311028207,44.204573248988304,1213.2565963159861,423.8029847551901,2450.7556125043234,68.06122996383138,20.09955693914699,100.0,0,1.88,1.0
M-05,INJECTION_MOLDER,2026-07-13,Morning,124.32,995,95.02,0,RUNNING,307.4107631248085,0.3722389268849644,308.0342498575935,317.2695860654621,0.9851992699069766,318.95795410784854,1.4075663876217615,0.3035342911291329,2.199559182635058,17.722251155524905,1.6056746708618088,20.691476739940917,30.19059347038399,8.301152136812242,45.805818274038096,1207.702910496292,376.18618897440706,2128.7677766955044,69.42153968460453,19.69743146358842,100.0,0,1.54,1.0
M-05,INJECTION_MOLDER,2026-07-13,Night,117.71,942,93.62,0,RUNNING,307.38051556042217,0.5021683083688919,308.2520635666804,317.5296007075826,1.0536359751153117,320.3522369025565,1.4824065120761696,0.3318755684023297,2.178331278280057,17.90312990297559,1.875791982505243,21.77045981605457,32.17093935687002,6.790015665434069,43.17213100286705,1090.8589463737444,280.08620233504104,2005.2721936139924,75.50587591641634,16.67209423808841,100.0,0,2.21,1.0
M-05,INJECTION_MOLDER,2026-07-14,Afternoon,113.61,909,89.45,0,RUNNING,306.1301032048102,0.18417191182810314,306.42462963528453,316.24592476809966,0.942352469806454,318.22139397888606,1.7739896932541706,0.28561722923627425,2.403712716753841,17.95582782940819,1.5737387429256409,20.463533872599363,28.885254182164225,7.974450987590837,43.03458814994036,1270.6388106393592,453.52717264296473,2803.368920232584,68.74749408031434,18.807586427300834,100.0,0,2.88,1.0
M-05,INJECTION_MOLDER,2026-07-14,Morning,113.55,908,93.49,0,RUNNING,306.0508075986727,0.2492902333070094,306.59980371122083,316.15030354836887,1.0781348797326369,318.56261440776024,1.5937056131443328,0.31944484332209805,2.1146321048611343,17.795773462073885,1.9414874391275248,21.06017302957408,30.192238739623978,7.134704847279596,50.82459533116194,1165.72342392871,269.56700096916916,1812.872710199277,69.34132864663361,16.121620266666486,100.0,0,2.54,1.0
M-05,INJECTION_MOLDER,2026-07-14,Night,118.83,951,96.41,0,RUNNING,305.53833949404594,0.20241846612573308,305.8306806304256,315.7498336650694,1.0685781239908962,317.92187115465583,1.9424552066820748,0.31837851654208166,2.5939803271156454,17.910144061739985,1.9263377569736333,22.741292226307124,30.702271315308607,7.687017755288881,45.62169986062136,1150.0639567438552,292.2186603918176,1974.6859757595828,71.18988752094305,17.78192552622343,100.0,0,3.21,1.0
M-05,INJECTION_MOLDER,2026-07-15,Afternoon,110.76,886,91.7,0,RUNNING,306.00200203596756,0.39117946104695467,306.6271167790703,315.9669906729327,0.9884339268580049,317.6558359134011,2.2755826819823692,0.28847847602827714,2.7592746968971267,18.285310839961056,1.9726816284814868,22.11492018576057,29.58958942057412,7.896360344484009,44.11865561078797,1226.5484484610615,387.9443443836565,2561.8212200950607,69.63925444552277,19.428744184657194,98.79986143172816,0,3.88,1.0
M-05,INJECTION_MOLDER,2026-07-15,Morning,113.61,909,89.44,0,RUNNING,305.6334144170647,0.270773737954152,306.31878010721414,315.339923639018,0.9063048620796793,317.355698179456,2.1236636439288152,0.32525335161332,2.8618878549440727,18.032904360558046,1.8550823323228596,23.431684434577356,31.006012575137582,8.448827029241535,45.655731687472425,1174.933348809136,426.51510574500384,2666.98753265624,72.23992209750809,19.939724007599438,100.0,0,3.54,1.0
M-05,INJECTION_MOLDER,2026-07-15,Night,113.43,907,93.05,0,RUNNING,305.27235079279274,0.4331759864665741,306.08029316826975,315.2876146913878,1.018471685141193,317.5339110207325,2.375989509493755,0.30141084152785463,3.165441977628432,18.69884644229864,1.6837998652105535,21.74299334065649,30.57316832928535,10.032881484581958,55.99095844955694,1251.844668655475,509.9830207042059,2912.298163532701,70.17786330992944,20.9739721217052,100.0,0,4.21,1.0
M-05,INJECTION_MOLDER,2026-07-16,Afternoon,108.61,869,92.48,0,RUNNING,305.0580049987439,0.2973401966188254,305.8389999529469,314.83256264550903,0.9790284884389854,317.00493073192445,2.77760335254978,0.30382926693994516,3.362554597104784,18.570363473158867,1.6867881210971067,21.861091609745603,29.06411362086366,7.683764192554298,42.57978070120318,1278.6003980656149,590.0054156906936,3950.537042124203,66.5231773498573,18.46677718449763,100.0,0,4.88,1.0
M-05,INJECTION_MOLDER,2026-07-16,Morning,104.78,838,89.74,0,RUNNING,305.22270516249546,0.2258857866534351,305.5506571318214,315.29255984777166,0.9233487627866764,317.1898787705484,2.5235057216905963,0.29209113677147425,3.1466989441036697,18.10842151562766,1.6097903584445097,21.96857380141229,27.96081973380849,7.620962080490684,41.60694893734774,1240.4998809206957,294.8684722591785,1842.451625139935,65.89331418301445,18.02799840014576,100.0,0,4.54,1.0
M-05,INJECTION_MOLDER,2026-07-16,Night,109.41,875,91.15,0,RUNNING,305.97549074052193,0.18445596308908702,306.3214262780309,316.0129570262316,0.9053220106928803,317.5991168249165,2.949500802346962,0.25860957401053764,3.4909783856196026,18.546294697358388,1.9976422986587523,22.721700509490027,28.794403095141984,8.693115536704122,43.55523294917448,1312.258312909522,552.5616557791587,3075.246067048672,66.2976071349521,18.930578091125007,100.0,0,5.21,1.0
M-05,INJECTION_MOLDER,2026-07-17,Afternoon,104.12,833,85.71,0,RUNNING,306.89103077194767,0.27875582424229867,307.36032178643666,316.8779706551073,1.0443895375707084,319.173827206906,3.2915095224362583,0.32121375511237793,4.025874149440108,18.630569028081858,1.7805548468518195,22.64676765397354,29.664416643104875,8.653089850211556,45.88273246491001,1186.5588958953238,346.03754651047666,2032.4671342227143,67.33874560359125,19.52115656934184,100.0,0,5.88,1.0
M-05,INJECTION_MOLDER,2026-07-17,Morning,103.12,825,90.25,0,RUNNING,306.6031007266154,0.29394544877646633,307.0377358858687,316.79362488721466,1.241470310372643,318.7044237493357,3.055167401168402,0.238816393348022,3.5017538375339226,18.552724384605447,1.7244151112654582,22.029202184050355,30.323521918691803,8.32470019764422,51.71784014690874,1196.040875538861,360.91580026515317,2149.739665403204,70.05150844073043,18.189330679195272,100.0,0,5.54,1.0
M-05,INJECTION_MOLDER,2026-07-17,Night,107.19,858,88.82,0,RUNNING,306.915336272214,0.39713608544821444,307.6885078844516,317.215796013563,1.2360970574063797,319.72582882172344,3.4338020633284168,0.281575635107272,4.225105926648807,18.69109376070588,1.9513622104734696,23.053486556670386,30.694313789381155,8.203893377018932,48.443289355821605,1169.526960179456,314.1390407127073,1775.8329493315364,72.57285966595482,18.158151171317137,100.0,0,6.21,1.0
M-05,INJECTION_MOLDER,2026-07-18,Afternoon,99.45,796,86.21,0,RUNNING,306.62098904166163,0.5254020875833486,307.4955581315605,316.6587771521794,0.9724690676196822,318.99886511715266,3.750497901437503,0.3369855615746656,4.432658955909133,18.981909084876577,2.428315330512714,25.27153695479429,30.269517214190635,7.888032257662494,48.03924236814113,1185.3342884412732,344.82637746319654,2308.767636825096,69.83341259627186,19.515872864405278,100.0,0,6.88,1.0
M-05,INJECTION_MOLDER,2026-07-18,Morning,97.26,778,84.33,0,RUNNING,307.44061277116674,0.25015907070814314,308.0582635634059,317.1810213560528,1.0188626483144827,319.94867837935925,3.579000115293401,0.2638903219602956,4.248670800969085,18.77339975385726,1.8739560179290098,21.86685506584055,31.72167545913474,9.326245248440383,43.76439970635892,1218.7931403140685,563.7653189853831,3068.1555838265363,70.75020416003697,22.537965453989887,100.0,0,6.54,1.0
M-05,INJECTION_MOLDER,2026-07-18,Night,99.15,793,85.91,0,RUNNING,306.0439344148578,0.30513628244153057,306.4970795231609,316.2025367287016,1.0427106817559253,317.67299321240245,4.031719032128109,0.39206714889064853,4.738185034156648,19.6075191409821,1.5075885665706457,22.68880003538249,29.693767253676803,7.44378463955305,45.52013082016408,1206.0971681542287,357.31854551603163,2312.25679358695,68.98711334757763,16.2945577206586,100.0,0,7.21,0.0
M-05,INJECTION_MOLDER,2026-07-19,Afternoon,94.82,759,85.03,0,RUNNING,306.816281382891,0.19874705335430526,307.2951146597461,316.9104258654584,0.9666392181638396,319.60470222998447,4.258651017128607,0.3089102393713485,4.937152157341686,18.666870054659856,1.7275618687823648,22.10093618624959,30.487941179570655,6.468374014955561,46.772746586289045,1150.9765672722258,277.01402977741725,1925.5250304266367,70.80237259208464,16.209561441208226,100.0,0,7.88,0.0
M-05,INJECTION_MOLDER,2026-07-19,Morning,99.09,793,85.29,0,RUNNING,306.57375691608405,0.17950926619553567,306.9025672908093,317.0758982851099,1.1839714174157667,319.111529322426,4.073703123071699,0.2705983043059447,4.6307011332364,19.36451825627669,2.1293613532785107,22.6958731628695,29.697016412881794,9.436253256200294,43.63740578356828,1176.0219143493596,401.23966455403195,2521.4217000532967,68.74475971743843,22.60355650072156,100.0,0,7.54,0.0
M-05,INJECTION_MOLDER,2026-07-19,Night,91.37,731,83.94,0,RUNNING,307.0185881193661,0.269606583540527,307.5009937161413,316.93096573171965,0.9573901691897717,318.57684700843146,4.45885649253643,0.324033268575627,5.052500272676421,19.17409240216646,1.4086613567615518,21.45371365806781,28.365728872617662,6.534614046112257,43.572541488057226,1218.8191153605098,281.9961272798932,1818.7335151346977,67.67616337064405,16.46546099047375,100.0,0,8.21,0.0
M-05,INJECTION_MOLDER,2026-07-20,Afternoon,116.95,0,94.7,480,DOWN,306.9921273626824,0.2691206778526056,307.42673584322074,316.718163636317,1.083022755041081,319.2584096971803,4.834493610585412,0.27366607174662516,5.373590985452911,19.402470920725214,1.9258589207695236,23.49583916480112,29.477039883996127,10.386044331144856,46.61379016114471,1359.4857482252262,738.8734004438988,4005.430899630827,66.79770137052596,22.620638159745,100.0,0,8.88,0.0
M-05,INJECTION_MOLDER,2026-07-20,Morning,126.51,0,95.56,480,DOWN,307.2998590803013,0.22761366410312528,307.5991622931759,317.4523541716167,1.060401306600287,319.55479561209427,4.56883438293113,0.3785086783243465,5.539017035572318,19.41432161168806,2.173332409488301,23.10215716082042,27.387412077919596,8.995580509992669,51.977831071021214,1339.1649241832006,414.73897127680203,2454.698137658588,63.35884983363294,18.894936630079417,100.0,0,8.54,0.0
M-05,INJECTION_MOLDER,2026-07-20,Night,116.08,0,94.43,480,DOWN,306.64108368540025,0.2181335524198416,307.129141880137,316.6977530422668,0.6625005740556943,317.78476072328505,4.867548706793952,0.3015709784665066,5.581587471623895,19.919702371689905,0.8055012802973116,21.357591405657267,28.806925042318085,10.1164767677414,51.02916649976818,1270.6529640830804,350.0373011120803,1737.2469774187232,67.6080572259461,19.11315068131208,100.0,1,0.17,1.0
M-05,INJECTION_MOLDER,2026-07-21,Afternoon,120.06,960,97.8,0,RUNNING,301.4088052406666,0.6192564157451824,302.4599552155677,311.177900378582,1.1813325012708518,313.7032568205511,1.3438605888497022,0.23441066374803163,1.9023729512016576,17.877004290520375,1.667732175554892,20.956279023246445,27.690818250465025,8.43326750867499,42.49645664850225,1342.9690415423013,493.5917702361003,2772.273812963312,63.14365168042481,19.25713643969265,95.39328996462906,0,0.83,1.0
M-05,INJECTION_MOLDER,2026-07-21,Morning,118.67,949,93.19,0,RUNNING,301.5939648706506,0.17541127506901208,301.8465898844729,311.6384967727582,0.7570701765009449,313.35293837944704,1.3854598712364317,0.3019174370613506,1.9039918237495728,17.70476120454626,1.6042596959376267,21.091055410067987,30.74223025284977,6.289109844745338,41.37526412164559,1139.9202914171346,262.16712140943696,1802.887821681491,69.96076474707054,13.700374976512723,95.410366050992,0,0.5,1.0
M-05,INJECTION_MOLDER,2026-07-21,Night,116.73,934,99.04,0,RUNNING,302.95704936155687,0.5077310475080522,303.93492632450614,312.8549665756873,0.9510621994540011,314.6037253239126,1.4012198134456646,0.3154907696321974,2.122908275173468,18.39516258370023,1.6819246646827373,21.942890813635252,32.4635063613769,8.843899139025183,51.8083031345943,1115.0537805789709,333.8565595247663,1882.1417962658643,75.00797213750411,18.54305618897365,100.0,0,1.17,1.0
M-05,INJECTION_MOLDER,2026-07-22,Afternoon,117.63,941,97.71,0,RUNNING,303.9292227537783,0.4007913209742691,304.694426557398,314.24320918616564,1.1098812712984687,316.6448848202161,1.4221645620821366,0.25281411909625834,1.8839137080308697,17.932062541903854,1.9598857432157146,23.31540437150361,29.370640748202437,5.21611976246496,44.44424851747515,1172.8254699767647,236.70739281919992,1898.6657661905256,68.45931379573103,12.464906860909974,100.0,0,1.83,1.0
M-05,INJECTION_MOLDER,2026-07-22,Morning,121.84,975,98.06,0,RUNNING,304.4883681314356,0.30240195021277666,305.1449821497273,314.727356993884,1.2867023243390305,318.00493181392403,1.3871994317461875,0.31071102069974305,2.142426392117917,18.34671756649322,1.6318294504580175,21.34237283444762,32.01861094586101,8.967570071368721,54.28723518676742,1138.8680580220223,324.57840681135406,1817.3545073913276,72.14251493623631,18.95097123035114,100.0,0,1.5,1.0
M-05,INJECTION_MOLDER,2026-07-22,Night,116.07,929,97.78,0,RUNNING,304.14877176532843,0.3099330674164757,304.68915897166653,314.0306845594596,1.2387784070980281,316.2032274364533,1.4656528203006396,0.3269825734662571,2.0126959627694654,17.887487046452378,1.7795237159095856,21.75835188599453,29.52766512842863,8.574095834981202,43.85813687173965,1300.987190758917,650.5739169009873,4119.456707599071,69.14349682370087,20.13277402638852,100.0,0,2.17,1.0
M-05,INJECTION_MOLDER,2026-07-23,Afternoon,115.77,926,94.21,0,RUNNING,303.83300522978953,0.21408070293243325,304.2101916511157,313.9186909773446,0.91243333593881,315.8859510976568,1.436676809781658,0.3175913280783887,2.132757321641676,18.8466334039883,1.8626515540066297,24.22452639250426,31.870695306202204,9.900844494258369,47.82601405207655,1209.2181229703267,608.4150402408329,3686.348139806563,72.79524046540513,20.55681597017252,100.0,0,2.83,1.0
M-05,INJECTION_MOLDER,2026-07-23,Morning,120.62,965,97.11,0,RUNNING,304.01328778801746,0.29554352866560185,304.50676654683275,313.8076498235692,0.9204318217699151,315.777293997134,1.4138377271398725,0.27142403578676655,2.3114234315148403,18.265174397035352,1.9884409396367244,21.720158055416423,31.07053034312678,6.630100844609851,43.98880495463075,1140.9665202806143,322.7667285151274,2562.2407910298816,73.04409908558026,15.743942954577156,100.0,0,2.5,1.0
M-05,INJECTION_MOLDER,2026-07-23,Night,122.15,977,94.1,0,RUNNING,303.74313219445804,0.29645928502796287,304.1927258545915,313.4793491955843,0.8854963178238247,315.5130810171708,1.323241736053138,0.23257968859661085,1.8099901303583517,17.586638620920876,1.4044915253413774,19.908406631860863,32.20073564784716,5.94159622237603,40.01076275002224,1085.4195033105761,238.37046045536357,1760.6981460912127,73.99071130378465,15.510528126786483,100.0,0,3.17,1.0
M-05,INJECTION_MOLDER,2026-07-24,Afternoon,123.05,984,93.53,0,RUNNING,305.34202390149085,0.5270742098929514,306.03654067847606,315.29541122625886,1.2884884518495268,317.57240497677174,1.349245812327997,0.326915556253792,2.107252684939048,17.427146558049508,1.619703196075206,21.00759904433232,30.66211118377818,6.663061549714904,42.78947854906518,1146.5522979159698,266.00720354154544,1759.197710305331,70.49620427041822,15.85920564992581,100.0,0,3.83,1.0
M-05,INJECTION_MOLDER,2026-07-24,Morning,121.67,973,93.27,0,RUNNING,304.31996247538456,0.254053479541036,304.76493758467035,314.4657105807614,0.9342187122510787,316.50900783943126,1.379618934232686,0.3115204546923867,1.8772180095439452,17.953899917490713,1.5303908525493881,21.144501175574398,30.590661912145304,7.7323971202030055,47.85893480949825,1169.9521469355454,317.985807420752,1986.9722134712547,71.41713223807342,17.460316008407656,100.0,0,3.5,1.0
M-05,INJECTION_MOLDER,2026-07-24,Night,121.99,976,97.25,0,RUNNING,306.14148806616606,0.21302619766867867,306.5407384737663,315.85294396174874,0.7852060639414813,317.7170073426428,1.4821318848328828,0.22159712334361514,1.8661088741201928,17.18101016402175,2.216037433009944,21.945723831151277,30.844591921098484,9.341639889525798,46.38730071920904,1296.8635339993082,924.9302063198987,4889.755484921211,71.48557732600133,22.38048350187527,100.0,0,4.17,1.0
M-05,INJECTION_MOLDER,2026-07-25,Afternoon,120.94,968,94.92,0,RUNNING,305.88321531422133,0.16768920124808617,306.1847488582577,315.607633549583,1.165301433949232,317.7856949014549,1.392616344849814,0.2880616500828622,1.927737760239333,18.401462559357523,1.8485180738548652,21.77544544389729,31.695035612551155,6.652383053991646,45.43773954682924,1104.4797158915503,230.54487485089257,1591.267775784246,72.95483611501835,16.965243471392665,100.0,0,4.83,1.0
M-05,INJECTION_MOLDER,2026-07-25,Morning,117.49,940,97.16,0,RUNNING,306.2831799267065,0.22268363657074253,306.65521744411365,316.35961755801577,0.9152423910792861,317.95504915143283,1.4189590908221839,0.2506660337154034,1.86549077389438,17.938866090831958,1.7210430424023133,20.596805114178853,28.038870469921562,9.19459301672213,50.58428400910805,1333.5602930985578,518.0514015200083,3080.8307440061967,63.65056661811866,20.735395799819862,100.0,0,4.5,1.0
M-05,INJECTION_MOLDER,2026-07-25,Night,116.37,931,92.07,0,RUNNING,306.03567517176623,0.317609435023347,306.5563345410342,316.2569985885513,1.036511988700073,318.2168873533928,1.4750702361934487,0.36665274006742116,2.1867194603717124,17.81086276706435,1.9084151998621128,21.27943428957852,30.909508195653423,6.823738334806707,41.88530150753152,1154.8362115799714,353.0597601172073,2543.274136373833,71.24108137915078,16.728933456468365,99.16031449047442,0,5.17,1.0
M-05,INJECTION_MOLDER,2026-07-26,Afternoon,120.34,948,95.47,0,RUNNING,306.84703467000645,0.28613128621647543,307.23175780719714,316.5974287554782,1.0436005680329588,319.71218170704765,1.4779206685165982,0.2926631564164648,2.1683191416932948,18.27427020019002,1.642490115722924,20.87929425847927,29.270444489714478,8.346393711593954,45.24914851506536,1236.4459542919644,465.09890080956114,2953.767466380168,67.63634118278488,19.407322917318698,100.0,0,5.83,1.0
M-05,INJECTION_MOLDER,2026-07-26,Morning,121.26,970,92.87,0,RUNNING,306.4173649094851,0.14224569838215084,306.69899986874424,316.38524171226305,0.875028868394775,317.9028324125619,1.4683952288879734,0.2672541672814392,2.027746424397062,16.953521223664666,1.76939597419763,20.13488591055693,29.618963410525602,6.448149676179745,43.52182195274479,1181.787646022508,269.2725900565433,1823.0390332297663,68.1962966631179,14.929961233612017,95.20672970962066,0,5.5,1.0
M-05,INJECTION_MOLDER,2026-07-26,Night,122.44,980,95.4,0,RUNNING,307.7386190464231,0.39286935756789454,308.1976315395416,317.61276127719515,1.2465314199051654,320.4101669293286,1.3393181375022654,0.28406135105352376,2.329011359195833,17.91081363412701,1.6409452239795494,21.18413883285385,27.575903565940788,7.4579813939876365,46.53171506366897,1303.2953724077652,370.15846425689256,2483.8621665854944,65.97412518282404,16.490700007373107,100.0,0,6.17,1.0
M-05,INJECTION_MOLDER,2026-07-27,Afternoon,121.21,970,96.63,0,RUNNING,307.13733517261505,0.20990879574952595,307.4886273709938,317.45520819750965,0.9958763765155452,318.9997690115853,1.3483436465631067,0.2992631861066734,2.0631021575420374,18.448680370778703,1.5329887749274698,21.587510918355427,32.885939514222706,7.974806099825198,53.15276313679717,1073.184812808329,254.5249594962929,1512.788710821722,75.18336367854559,17.293546770436983,100.0,0,6.83,1.0
M-05,INJECTION_MOLDER,2026-07-27,Morning,118.81,951,97.46,0,RUNNING,307.507183992902,0.3049790126790019,308.0768549991709,317.4969379340086,0.9610116938644606,319.2456006892859,1.4040606775511182,0.39538206022855327,2.190409908473667,18.450603599161617,1.7974321805571973,22.09335421761312,27.011445010777773,7.338871028292197,38.26240327277207,1329.4127097273863,483.34338656858404,3073.601583474848,66.06133234970619,18.63942809451866,94.58973553056506,0,6.5,1.0
M-05,INJECTION_MOLDER,2026-07-27,Night,121.69,974,92.93,0,RUNNING,307.02807799655676,0.24030804832303337,307.41779598646,316.9269287438599,1.0039542019547096,318.77747696348723,1.3977956956364648,0.2903872223815369,1.9318171015811376,17.58092049263735,2.2623735584288105,21.828185987872462,33.57332911857922,6.641006342381403,49.095823979265255,1043.0279499541646,260.613324644237,1903.3954048607552,77.89135797901277,15.74346747314343,100.0,0,7.17,0.0
M-05,INJECTION_MOLDER,2026-07-28,Afternoon,116.34,931,95.51,0,RUNNING,306.4234819128949,0.4161547938287065,307.077347701283,316.4892999384898,1.1092075694916586,318.9579884589515,1.415657400112097,0.33364019933261796,2.0120946924912677,17.778510159357754,1.8945027692021168,22.613534007526933,31.114710659311342,8.216361374943117,48.26765696283044,1159.6844719897251,350.85167245132067,2279.3078098827737,73.17271085833184,18.7906855007952,100.0,0,7.83,0.0
M-05,INJECTION_MOLDER,2026-07-28,Morning,122.72,982,97.22,0,RUNNING,307.4090510220277,0.16659719248852836,307.68167131552826,317.4658851588843,0.682899383624262,318.584868634833,1.3569256184254872,0.3621760538769405,2.4988069241376687,17.969983971180593,1.6318645816073225,20.418086580442047,28.973846637727874,9.359510986024969,49.394389060913184,1312.7897397460822,552.6802220761634,3308.5607737448067,67.68340252743488,21.163796291266806,100.0,0,7.5,0.0
M-05,INJECTION_MOLDER,2026-07-28,Night,119.86,959,95.73,0,RUNNING,306.0187796483822,0.2446911955431553,306.4022940525282,316.2763958042036,1.2362318578361902,318.55600727019976,1.3945718994956229,0.2941698272184397,2.0546720865995867,18.06410833603155,1.6190443332292888,20.99310936898128,28.72743496285883,8.080601477224103,51.50684832221063,1264.0082943142104,392.64910283831296,2493.5679583685446,67.56436898708864,17.44486867738915,100.0,0,8.17,0.0
M-05,INJECTION_MOLDER,2026-07-29,Afternoon,123.89,991,93.38,0,RUNNING,306.65179353337595,0.2530503615427001,307.10229485471353,316.3219153008688,1.0587983759122084,318.20698484251307,1.3147110902258916,0.2769627437021882,1.8561727406733664,18.179007458871183,1.7216262331426724,20.86994389881675,30.538180919301354,9.654282908957182,56.1264861873502,1229.9852465758981,505.4916080296718,3309.796082082962,71.26744447385144,20.330282571808322,100.0,0,8.83,0.0
M-05,INJECTION_MOLDER,2026-07-29,Morning,121.2,970,98.86,0,RUNNING,306.74222604662873,0.44338682651362377,307.5748212005698,316.5076516843712,1.0532388034845532,318.2952260773976,1.4253068604391854,0.3813276546560336,2.23183694231131,18.171414777081793,1.6557902718025597,21.775432547155663,28.43489982926168,9.103878522635208,44.92547591535879,1372.3254102976587,738.5432059127103,4488.945228962452,66.2576430347034,20.873824599818327,100.0,0,8.5,0.0
M-05,INJECTION_MOLDER,2026-07-29,Night,122.24,978,98.66,0,RUNNING,307.05723327597656,0.17895480684389423,307.2790900610046,317.12371809099056,0.7220272394899656,317.96267284080324,1.2871799846289151,0.30361710330323277,1.4571549670484547,18.642705874555066,2.138406398938996,20.75234481469949,21.494263446641344,7.089497726835973,32.15839817483357,1755.4871033149548,730.6662389951648,3150.638427710951,46.356405778067824,15.480432818239326,66.79697426487324,0,9.17,0.0
M-06,INJECTION_MOLDER,2026-05-01,Afternoon,127.24,1018,98.05,0,RUNNING,310.2330739612707,0.1058830028733362,310.4400322468755,320.2830366597642,0.8554853902597738,322.11851436539604,1.3958859620610737,0.3665447429086502,1.977101229700496,18.143612995495957,1.9110489905015455,23.08348184042037,29.603392766453112,7.50165828843136,49.35630846564712,1208.298847634911,342.3496919708244,2070.684465057408,68.21390812497394,17.307119702538877,100.0,0,0.17,1.0
M-06,INJECTION_MOLDER,2026-05-01,Morning,121.39,971,98.18,0,RUNNING,310.0512915716978,0.07315802480164266,310.1763559495538,320.203068875625,1.0326326440175593,322.1420574449983,1.2867459081344947,0.283853968835525,1.8177946278966477,18.09968144949797,1.9513338323864677,22.8892418076612,32.61579886599305,8.427679743774897,51.28868117752656,1061.3172450076445,272.3435357363604,1871.2276966701909,74.997773034801,17.399021655314296,100.0,0,,0.0
M-06,INJECTION_MOLDER,2026-05-01,Night,120.9,967,98.09,0,RUNNING,309.8452912304794,0.2566646378230837,310.1771337967003,319.89971035838175,0.9110919816535817,321.762161129912,1.4971161177301324,0.33709652990648786,2.1749197360629275,17.827326195709077,1.6928589865906263,20.57377656139025,28.888172459116554,6.368729986597147,39.60721856987203,1229.3321587133646,291.63065157506026,1967.190437634792,65.88160670918474,14.941786460169462,97.88254517070696,0,0.5,1.0
M-06,INJECTION_MOLDER,2026-05-02,Afternoon,118.73,950,99.13,0,RUNNING,309.2931381284666,0.10449156748570972,309.6045647518578,319.49682767970586,0.8716954912971155,321.08621237339963,1.370112752934303,0.2765765220621507,1.973133258576268,17.811800818156758,2.142971601527612,23.93932141787376,30.966706982557238,10.293040574760772,55.53284083261023,1223.2278175642107,559.2713275140735,3493.8386398947696,71.14672857584897,21.263377061808104,100.0,0,1.17,1.0
M-06,INJECTION_MOLDER,2026-05-02,Morning,120.52,964,96.05,0,RUNNING,309.0876477889509,0.23668893914371283,309.5538855792684,319.01124014993627,0.9286506575748535,320.86962127125594,1.361931187138981,0.26338821771814247,1.9775129767729591,18.237730288558108,2.0486094507162034,21.67514764363559,30.02431316017913,8.663619227036767,46.11782338871291,1229.128702990412,446.50534198431063,2515.961857980877,68.12994458711472,21.34460109583172,100.0,0,0.83,1.0
M-06,INJECTION_MOLDER,2026-05-02,Night,117.05,936,99.06,0,RUNNING,309.3637319404009,0.17598247490895752,309.7020857119813,319.15920172690977,1.0688286021113997,321.2120454175385,1.4611356592325793,0.28975759486134656,2.1232364786626734,18.209217316217398,2.0252929999001728,22.50767149389287,27.668468460079257,8.156469086335548,43.31612438491989,1313.9603044158569,387.9767849419234,2159.234547253219,62.738981263644106,18.904775801572136,100.0,0,1.5,1.0
M-06,INJECTION_MOLDER,2026-05-03,Afternoon,121.32,971,91.8,0,RUNNING,309.9485146199014,0.09550129980234283,310.1427832518891,319.8807007446161,0.881139824162099,321.7491299590374,1.4629471905377542,0.3327475561099998,2.150605019775336,18.158426295518872,1.855485446676138,21.96655824605199,30.377240086815764,8.829222156348814,47.888159729004485,1241.8606346791425,535.9068274996639,3503.394133832845,70.65080053890996,18.96562211872582,100.0,0,2.17,1.0
M-06,INJECTION_MOLDER,2026-05-03,Morning,121.8,974,93.2,0,RUNNING,309.894348606607,0.17846828871464446,310.1707158468187,319.8841990571095,1.012335360196601,321.6206119117562,1.2981739116209334,0.31256254393423255,1.821479735057519,18.44624567066831,1.8918371888300656,21.89540220619361,27.74560801579895,7.992142769304715,45.5978294363178,1344.839829869465,526.6017437109465,3116.2678840120075,64.41315475296122,17.405292180473992,99.92305634936304,0,1.83,1.0
M-06,INJECTION_MOLDER,2026-05-03,Night,122.25,978,97.77,0,RUNNING,309.6937582748392,0.08121719421895485,309.9269228747892,319.8936413529079,0.945381968987415,321.6855666307503,1.3527178526900594,0.32131030850730474,2.0304722234135832,17.74209332233109,1.9472889643072446,21.01604633559311,28.25729879869828,8.344923245184257,45.144876246495365,1344.6153805325716,660.2241895569231,4203.450148204247,64.71200897284182,18.869518248342516,98.65723995137152,0,2.5,1.0
M-06,INJECTION_MOLDER,2026-05-04,Afternoon,127.03,1016,94.99,0,RUNNING,310.1272436535293,0.13376023520257638,310.4136585815154,320.23957600805244,0.9441517098059381,322.1333015946334,1.4177875312692982,0.28605023191989,1.979476013227763,18.51799627732039,1.4892149438484246,22.21504501640514,29.9522771170034,8.780436527384959,53.24002222192104,1207.696683961127,379.456576387875,2144.963856735977,69.07748925769428,17.73819280773589,100.0,0,3.17,1.0
M-06,INJECTION_MOLDER,2026-05-04,Morning,117.87,943,96.25,0,RUNNING,309.9208742717056,0.08254363849362802,310.0323297943513,319.8300467351492,0.9033038873397051,322.24067507952486,1.409197268649589,0.2277489939445138,1.874493145312551,17.694187703437837,1.2449749519239877,20.193707904639258,28.95707299695641,7.808693129695729,46.71350450820452,1245.885313419898,366.6010877586305,2091.765131623585,66.77856695354458,17.392373477018882,100.0,0,2.83,1.0
M-06,INJECTION_MOLDER,2026-05-04,Night,116.19,930,98.96,0,RUNNING,310.44034262437236,0.21261411403624733,310.7294341843217,320.2289995092378,1.0108980997676382,322.1427831698985,1.411063238664627,0.26660126627279507,1.8443080363106308,18.329047659302574,1.915570901589896,22.77265316349336,29.77490957568116,7.858650070400421,48.37399306684016,1195.0956048449455,299.135308611141,1825.570575218833,67.51919161216955,17.77765037329977,100.0,0,3.5,1.0
M-06,INJECTION_MOLDER,2026-05-05,Afternoon,123.64,989,98.68,0,RUNNING,310.69947125544337,0.23314770660498915,311.0665426738739,320.40200016010175,1.1327632979898399,323.0439158782111,1.490446910470538,0.37663603590628464,2.4292437939239244,17.911666352361586,1.778412422368079,20.983187016096096,30.217281486305563,10.00747113510883,54.54697570828368,1268.0101584900244,685.2979413129531,4562.655220053111,69.52400836196693,20.085474174346768,100.0,0,4.17,1.0
M-06,INJECTION_MOLDER,2026-05-05,Morning,127.07,1017,96.01,0,RUNNING,310.6630258049185,0.10928268568291241,310.8484899940963,320.30274377507743,1.1104285865493548,322.6639710857549,1.369199878747432,0.2241251155417631,1.852970935739404,17.64632297906937,1.8392650276460294,21.228231617225465,29.041923787402965,7.658484513536304,46.52918995107988,1241.8496501123818,362.74950603528094,2063.7621800857373,66.41556088245578,17.812544996062805,100.0,0,3.83,1.0
M-06,INJECTION_MOLDER,2026-05-05,Night,117.33,939,95.03,0,RUNNING,310.3121589842167,0.2819898421350146,310.7730661218695,320.4773069875892,1.0768086993283992,322.96651977899194,1.4089514173017021,0.301873041485569,2.0178703239271423,17.776553618689885,2.0358645650239318,21.42834775332491,30.234572817929024,10.458553095799001,51.570830451770114,1191.499626225704,418.0112594796792,2578.1047953229395,69.64401932451442,20.704384384036562,100.0,0,4.5,1.0
M-06,INJECTION_MOLDER,2026-05-06,Afternoon,122.03,976,94.24,0,RUNNING,309.8126550726546,0.15436481258959053,310.0597031372539,319.9079228389668,1.0103302424222205,321.8845435546802,1.346324620724907,0.32393488014781463,2.3989395774198634,17.78068499888443,1.795024240502679,21.2600138213955,29.23956943002493,8.318291035583714,46.56440197081356,1240.334872572108,378.7720580798451,2450.193163687085,67.53208462665637,19.602066943859374,100.0,0,5.17,1.0
M-06,INJECTION_MOLDER,2026-05-06,Morning,124.43,995,99.37,0,RUNNING,309.94433910660086,0.1604201642849742,310.186408990964,320.05560428486376,0.853326169513372,321.90269731400394,1.4104818552831384,0.29012926639899567,1.974672101453432,17.73346443258564,1.7847204550248335,22.355204864628757,29.880611909316848,9.306932397863594,50.834295843681176,1298.2706515114899,684.5110583117518,4086.9332903149434,68.46215499811854,20.204698599750778,100.0,0,4.83,1.0
M-06,INJECTION_MOLDER,2026-05-06,Night,127.15,1017,94.94,0,RUNNING,309.4115331307421,0.16368653302647868,309.7461916128989,319.40779115689645,1.1164657033235148,322.2494144917739,1.4123002762361296,0.2869245136002914,2.1689697049290206,18.299565768686506,1.6146781684436287,21.62099539493473,28.81999419631211,7.544247120887376,39.19962169157843,1263.3764667367884,443.454877560872,2510.971367462097,67.85357884408445,18.80466943901722,92.92641953168284,0,5.5,1.0
M-06,INJECTION_MOLDER,2026-05-07,Afternoon,125.59,1005,97.71,0,RUNNING,309.5613588892802,0.15282309368872854,309.85754958307194,319.2283207148508,0.9705034149795713,321.51941700526766,1.3991192263545627,0.2825015989644282,1.828063153100303,18.263628144388118,2.031124976853383,24.096977810846493,32.89054349531108,7.344870491957168,45.7610222700459,1077.637272673462,301.4944361352781,1945.6754219072996,76.23617105446907,15.83798784763901,100.0,0,6.17,1.0
M-06,INJECTION_MOLDER,2026-05-07,Morning,118.79,950,96.68,0,RUNNING,309.606132308643,0.09690895474449104,309.78322816200864,319.62077199824745,1.0214734857781311,321.70941393486964,1.3213071922450517,0.2657714285963707,1.7527922181934814,18.192764044721194,1.7555051011959684,22.49908586661763,28.522147041791612,7.504633101158989,48.330090234568,1265.289549192561,415.41058433857813,2949.318561653384,66.39707550738787,18.07774706149674,100.0,0,5.83,1.0
M-06,INJECTION_MOLDER,2026-05-07,Night,121.49,972,96.93,0,RUNNING,308.67804040775417,0.35564193293261465,309.2421420889449,319.0523112032662,1.0187529365377872,320.9197775952528,1.3981241331370826,0.27352178868435784,1.92184766708584,17.977484186665414,1.7688256389918657,21.84748340274694,28.908661809153337,7.273788835968085,44.94449651602882,1243.0229406171545,372.01501888471904,2090.2950230695924,69.2728145734481,16.215516473979026,100.0,0,6.5,1.0
M-06,INJECTION_MOLDER,2026-05-08,Afternoon,110.89,887,95.41,0,RUNNING,308.08363665912714,0.18981726287686748,308.46784293172675,317.88694798076136,1.0263024921342445,320.2220328564534,1.3606444654736536,0.2673534167287712,1.8949603828609665,18.180456780142833,1.7267671838738283,21.579687330641548,31.988781454052756,9.922278386244303,53.0415133365001,1085.9985273372022,277.3661605125406,1736.6597230207046,73.02083935282495,21.065445927796993,100.0,0,7.17,0.0
M-06,INJECTION_MOLDER,2026-05-08,Morning,120.16,961,97.12,0,RUNNING,308.3535213921134,0.2189628569795109,308.6938060462212,318.28062878582466,0.9214730620074125,320.2557841967497,1.3521242566428822,0.3216203437464207,1.8764930093261447,17.89629476429343,1.991665050883877,21.27675096580837,30.418592893940897,8.784520888111325,58.507731352975455,1176.6326065155076,292.7014248531021,1690.3433580920796,71.37129848341996,17.68508595524625,100.0,0,6.83,1.0
M-06,INJECTION_MOLDER,2026-05-08,Night,120.87,967,93.7,0,RUNNING,308.3025940205457,0.14040534020081258,308.54785507651115,318.22993842718876,1.1868350911295342,320.88184954138666,1.3857414979180958,0.30233096402481985,2.0123883636200883,18.129431990974254,2.03414137936852,23.038293172536207,30.34077200776348,8.235233312518824,46.06003213508726,1209.5948203064481,447.93086321186416,2941.8823729006263,68.23331307148881,19.246492967024107,100.0,0,7.5,0.0
M-06,INJECTION_MOLDER,2026-05-09,Afternoon,126.32,1011,99.15,0,RUNNING,308.46931971171745,0.13247726610857297,308.7674353273925,318.28214738603674,0.9272368336612161,321.30111013077544,1.3446798339130708,0.2813956277804826,1.8900354937637367,17.945182473277587,1.8061009068748566,21.76922376163944,29.857459045497514,8.000946963019386,41.65670962694469,1228.0939089176352,453.35236711884215,2402.2599058599208,70.04868724767633,18.387169953966055,99.79019712615924,0,8.17,0.0
M-06,INJECTION_MOLDER,2026-05-09,Morning,121.39,971,95.59,0,RUNNING,308.47598795663805,0.2030435225156612,308.7411950187069,318.2445660976943,0.9109331948096351,319.8810572223044,1.2449589591509376,0.30198047023653246,1.7932925189140456,18.284612791224475,1.4924898543578198,21.011661007133693,29.119124408729462,7.666505311038219,43.40978934118824,1256.2266079012793,489.85003331199806,3193.025051825347,67.48729034390163,18.86831557585003,98.96298369965244,0,7.83,0.0
M-06,INJECTION_MOLDER,2026-05-09,Night,118.32,947,95.7,0,RUNNING,308.16156857864024,0.4132739505288343,308.71636704784567,318.15374669041455,1.0545687608601215,320.03139626259104,1.4332155404388107,0.32675935561881686,1.972735552445498,17.594002283854653,1.8230570443397096,21.54722596003791,28.921928079258304,8.582497699801854,53.73546340173195,1309.7141759264016,678.8266827895343,4708.075506416776,68.44482460498342,17.850055504932666,100.0,0,8.5,0.0
M-06,INJECTION_MOLDER,2026-05-10,Afternoon,116.39,931,92.34,0,RUNNING,307.6826914882584,0.15127977296258638,307.8990230859543,317.66620397265126,1.1652213513452718,319.76487600692803,1.7552366733273923,0.27504257704598045,2.191222971742202,17.79464719769854,1.6177769469589238,21.39608605856281,30.25886100745492,8.224673882459358,48.16430026913925,1132.737796498776,306.84594620397166,2227.185391630881,71.22333136345821,18.296215083522657,100.0,0,9.17,0.0
M-06,INJECTION_MOLDER,2026-05-10,Morning,115.46,924,92.95,0,RUNNING,307.35056170454834,0.10735519616120412,307.51675690796066,317.645771424835,0.9170697162560315,319.55173809200306,1.6080640476939594,0.313479097474059,2.2670065811823146,18.17322808982238,1.9127506769630498,22.819648318700175,29.91210116290558,7.296963713389875,46.83168024544436,1194.541550057154,368.6504661124761,2660.9388209703466,70.25904900836008,17.287898938836644,100.0,0,8.83,0.0
M-06,INJECTION_MOLDER,2026-05-10,Night,111.79,894,95.1,0,RUNNING,307.9230299426119,0.062132003395854965,308.0530193820496,317.9834037796482,1.3323196021342314,321.5706495046405,1.9659711192846996,0.31352338191051493,2.429460324295929,17.826781541833245,2.0918024735692593,21.46535391711467,28.063306041237173,6.1775126569516905,39.326818412249146,1256.874207173017,298.0680213897772,1910.71743234712,65.98605553441254,15.948941521542732,100.0,0,9.5,0.0
M-06,INJECTION_MOLDER,2026-05-11,Afternoon,114.42,915,90.45,0,RUNNING,307.7132795105395,0.08214521716768548,307.8525589217955,317.64245398101207,1.052404217718671,320.06225382765257,2.2355032588958244,0.3373907746471024,2.9770136606132294,18.622499370141867,1.6642061553037129,21.89688515072174,29.474332621454277,9.246847797259866,46.939839494319,1217.2195957369129,436.64069409152137,2721.6583274191794,68.45834496115498,20.39831947125262,100.0,0,10.17,0.0
M-06,INJECTION_MOLDER,2026-05-11,Morning,113.53,908,95.53,0,RUNNING,307.94440864851026,0.10905298875751941,308.15298922093723,318.08779384746737,0.9577866176899417,320.6056472436008,2.1380424001688083,0.3053708546622996,2.6765825740958418,18.10553048287862,2.402216410867146,22.856080782092853,27.976590960639275,8.934348921449319,44.64920405527528,1332.7033795349382,467.77729765153487,2449.5932985700138,66.25226836311116,19.683254614738264,99.48954390125796,0,9.83,0.0
M-06,INJECTION_MOLDER,2026-05-11,Night,112.27,898,93.35,0,RUNNING,307.96986825630313,0.08364102056555435,308.1249607263779,317.9753922776208,0.9074513359877455,320.18160813203,2.4808471896957154,0.3317148982693529,3.290366730204388,19.07601134429127,2.013578886285175,23.425776873580595,28.488050546345452,8.22290435559556,45.276312649563806,1322.658414668142,621.3042434707771,4128.555595666896,65.32892451480798,18.742234787000175,100.0,0,10.5,0.0
M-06,INJECTION_MOLDER,2026-05-12,Afternoon,105.48,844,89.18,0,RUNNING,310.09275216100076,0.22557765452867073,310.4122108967811,319.8747938001709,0.9037694328996198,322.3057011179833,2.7170176649835587,0.25777785353957033,3.182083629081347,18.86995080309092,1.711185086879355,23.563715378106547,30.08208540300882,9.067491878715831,50.95689742662485,1230.3437654048728,449.0979348129795,2756.383201024418,67.99914843920605,20.875396998825796,100.0,0,11.17,0.0
M-06,INJECTION_MOLDER,2026-05-12,Morning,107.03,856,90.48,0,RUNNING,308.81396654511894,0.36918008603485797,309.57379492250334,318.5626180951738,1.1603103837482112,320.80814287128334,2.713741983706895,0.29252180673432326,3.5138623884624294,18.132641626537794,1.5055170327755445,21.603291339244784,29.689917990668242,8.334549223863593,43.01886996480165,1247.123608899627,484.9611243981182,2824.090547029899,70.43041365071552,19.38326985992328,100.0,0,10.83,0.0
M-06,INJECTION_MOLDER,2026-05-12,Night,106.48,852,88.08,0,RUNNING,310.3430346150251,0.08171742115046511,310.49913090324947,320.1556803215308,0.9063477097002917,322.29444714112475,3.0127135041149855,0.3514427100183826,3.7166631983882015,18.36129130832809,1.7612708890181297,23.031903930839395,29.975171031311447,6.9757332029213766,49.578201520669566,1166.4400900231515,258.4211687917551,1876.989374358871,68.62104732381384,14.734360078003757,100.0,0,11.5,0.0
M-06,INJECTION_MOLDER,2026-05-13,Afternoon,101.34,811,86.86,0,RUNNING,311.0015066447581,0.2490248495290683,311.37870889589936,321.03827117903137,1.1812282876640487,323.2481202568134,3.293812677698758,0.22757463235205266,3.6272649382316926,19.151232037191345,1.6706305896195803,22.258838603619896,30.425486498553113,8.950855219742508,46.16755927509512,1216.8429541431176,464.50362573541884,2665.593210150675,71.79174859406197,21.497336085048115,100.0,0,12.17,0.0
M-06,INJECTION_MOLDER,2026-05-13,Morning,102.31,818,84.33,0,RUNNING,310.18662638920614,0.23968891556288088,310.67144663561714,320.03337424384273,0.9936125295960032,322.1370386703368,3.0707744806211106,0.2996316646099186,3.659971539735467,18.31285239722929,1.8779177457976748,23.500459863098524,29.689224569405486,9.295687007028073,45.59735711114875,1209.6679693313583,522.2044532142643,3388.2229167241408,68.07224840161102,19.81309690636743,100.0,0,11.83,0.0
M-06,INJECTION_MOLDER,2026-05-13,Night,102.07,817,86.95,0,RUNNING,311.36767244551413,0.18277795537316963,311.6188376666981,321.51147082114954,1.0973150052899663,323.14829117580786,3.4011987083424517,0.22553485079682006,3.777019346697289,18.91405693279928,1.7511007413013457,23.177375029286296,30.946102095941185,9.4048299735441,48.50510755831746,1115.3088891542643,326.20621808549515,2286.974300874169,71.67405632279822,20.442993180825503,100.0,0,12.5,0.0
M-06,INJECTION_MOLDER,2026-05-14,Afternoon,101.16,809,83.99,0,RUNNING,311.4805992132844,0.18335611866904228,311.87245869698995,321.4795332396318,1.150257216530988,325.24393611725816,3.8057587021818318,0.22978999790582036,4.222525737022531,18.892192781448816,1.7948490343137116,21.4863854228504,29.274242799483655,8.553332771137582,44.71364724147469,1260.4810666950489,449.9273975918374,2508.051415233613,68.63361124283094,20.4515054006102,100.0,0,0.08,1.0
M-06,INJECTION_MOLDER,2026-05-14,Morning,98.39,787,86.24,0,RUNNING,311.45656158647085,0.18684596951727123,311.8664600397556,321.49054424254416,0.9639282465023568,323.5013092959381,3.519575171900336,0.28163061533996475,4.055685521041543,18.91106985044735,1.7782664178848455,22.046628719815725,31.47548522214955,7.062459449432808,46.91683330541994,1139.6737454505121,340.61319549111414,2560.9392471060623,71.89518418900651,18.138622952872755,100.0,0,12.83,0.0
M-06,INJECTION_MOLDER,2026-05-14,Night,95.01,760,83.2,0,RUNNING,311.47586024005574,0.23289290948582006,311.94001851818507,321.45989760639554,1.1376434390614314,324.38254651117256,3.99718124126742,0.24880548479984002,4.446222094076955,18.956019607975414,1.545502719028157,21.905402977139406,30.044216686902622,6.381760391005059,40.17489017569998,1174.6038344142828,314.29050616012825,2079.7489756335167,70.1827014718334,15.95635161922366,99.47607952845772,0,0.42,1.0
M-06,INJECTION_MOLDER,2026-05-15,Afternoon,92.11,737,80.55,0,RUNNING,312.4773987642507,0.2985355222646442,313.04613037029054,322.3410092762869,1.083601385555195,325.75100511604285,4.264369342200515,0.31423406422571915,4.851839191574229,19.37416371026088,1.6427701730113462,23.78460177642389,29.027168775942467,8.236029603576746,49.4185939722412,1263.120656906841,436.4228988021162,2792.804057043189,65.07050592799038,20.203531368250278,100.0,0,1.08,1.0
M-06,INJECTION_MOLDER,2026-05-15,Morning,92.91,743,82.44,0,RUNNING,312.07804091024235,0.08217943997268709,312.2059279052324,322.1303747491143,0.8605682030458047,323.5852181378293,4.090681852172502,0.2889433712206011,4.8611616440417125,19.576648682742963,1.4026112123197767,22.721374979309267,27.543974325586813,7.089457543232138,40.86005414173581,1316.192707308898,428.47097589849375,2944.0170782326754,65.1484382369486,17.401833537465173,100.0,0,0.75,1.0
M-06,INJECTION_MOLDER,2026-05-15,Night,93.0,744,83.51,0,RUNNING,313.03623570727035,0.1244157940850262,313.28235610228023,323.0061819421322,0.9940572848537984,324.83519006560005,4.459069497569514,0.28648904695054683,5.1234269350346215,19.617476858698037,1.8053983555381836,23.888604511025637,29.21557098933876,9.002905050573233,46.766541063464494,1300.1175094133753,617.8830090991277,4120.216671892442,66.80279156632834,22.237696905553612,100.0,0,1.42,1.0
M-06,INJECTION_MOLDER,2026-05-16,Afternoon,118.51,0,94.15,480,DOWN,313.7616526009108,0.3309835216194126,314.27075368038146,323.8312560211582,1.1195529837878755,326.564795510238,4.742279397705949,0.3115119643833672,5.379168573507264,19.40149529139608,2.1406646673318193,24.246647802289253,30.067717217888717,8.166758921198898,46.831432358947296,1223.455140445621,391.96795292966414,2455.9555118748835,71.0535315563609,19.016435713988145,100.0,0,0.04,2.0
M-06,INJECTION_MOLDER,2026-05-16,Morning,122.14,0,94.89,480,DOWN,313.0979238932709,0.10587524179617717,313.2958970638261,323.2712501626974,0.9711306859974,325.92970698923034,4.603674847887407,0.2907695322905189,5.426392921190214,19.61591879224106,1.7646437479972716,22.569367778940048,29.66945526011581,7.613649258049156,47.8818923129092,1199.5032793184985,297.5783916412916,1893.2656632499527,69.21314198243364,16.401602915849484,100.0,0,1.75,1.0
M-06,INJECTION_MOLDER,2026-05-16,Night,119.89,0,94.3,480,DOWN,314.5938074038239,0.11862708237559258,314.7080799395882,324.1437646153857,0.4490406742119148,325.1355173749617,5.0100157175191775,0.3133895626236272,5.3219350752078505,19.41837718143145,1.2410332993279733,23.15542339632044,32.048628087568986,8.00654411521787,38.771284225710815,1134.1245300608773,404.2762448000266,2142.288858904565,79.51464725938435,22.347506950385675,100.0,1,0.38,2.0
M-06,INJECTION_MOLDER,2026-05-17,Afternoon,118.71,950,96.6,0,RUNNING,309.6625882198787,0.23903026454257267,309.9934236648106,319.45517164434216,1.0487107964233497,321.6121987172779,1.396303712205355,0.17770765200317637,1.6604263034700102,18.01463153040772,1.4590657817378734,20.730553627337244,31.098225161665106,7.4624760644873245,40.80597636753672,1151.8027189410088,311.7552302972684,1896.908291861463,72.39033791472757,17.174152349329347,93.83625379744277,0,1.04,2.0
M-06,INJECTION_MOLDER,2026-05-17,Morning,122.06,977,92.43,0,RUNNING,,,,,,,,,,,,,,,,,,,,,,0,0.71,2.0
M-06,INJECTION_MOLDER,2026-05-17,Night,120.66,965,100.0,0,RUNNING,308.7183501984604,0.21217380994185367,309.1712331950582,318.8495359676527,0.968344384000493,320.9005610941056,1.384165545668205,0.3434687042401295,2.193659175508317,18.206340689922193,1.6595068099197399,20.837972494273583,27.202462075442803,9.69655882271776,46.21177630163229,1364.942768872816,697.8104471406876,4482.343364481995,60.99280545786012,23.342703432622617,100.0,0,1.38,2.0
M-06,INJECTION_MOLDER,2026-05-18,Afternoon,119.66,957,92.45,0,RUNNING,308.7990837406213,0.10132236653921795,308.9861580217357,318.93678868650284,0.8209660220574317,320.7681954639783,1.3142409835156013,0.2513339729343195,1.8799541441784868,17.66243770470145,1.7995247896430115,21.384510788815795,31.589581015892463,7.437905080843089,45.09718303210551,1128.9534117266028,332.96888907294067,2294.073891735748,73.89627258896863,16.306441937072012,100.0,0,2.04,2.0
M-06,INJECTION_MOLDER,2026-05-18,Morning,121.26,970,95.53,0,RUNNING,308.7069893890479,0.09134342468372522,308.8700884245452,318.5222719679011,0.8364930309440024,321.05598842597817,1.343559896892518,0.32961865707779475,2.1469383391650223,18.190984082563094,1.7457994506039543,21.16635008204763,30.548396732321514,7.642138095882229,46.45912106580138,1198.1515385166697,475.65832698202945,3303.965691653952,70.51768115317302,16.76135193894382,100.0,0,1.71,2.0
M-06,INJECTION_MOLDER,2026-05-18,Night,119.71,958,94.33,0,RUNNING,308.7750263368495,0.12356443875108014,309.0519389485832,318.87131418675466,0.9802030213610581,320.72436270476976,1.385255885317728,0.24321356192772103,1.8400716162249384,17.513578148770364,2.3746090278196417,26.70321738310672,28.246791993908836,7.578279866127514,47.47550108077982,1264.9734277691457,339.6392531163811,2302.5238634507887,65.25934321629023,17.345067227163668,100.0,0,2.38,2.0
M-06,INJECTION_MOLDER,2026-05-19,Afternoon,119.58,957,94.73,0,RUNNING,308.621333808588,0.10659313863631802,308.84443778013474,318.8177955417768,0.8516834476572013,319.9218590414598,1.4099613646322386,0.2435657188876553,2.019378776876912,17.826890904489844,1.7539816541511197,21.90005942929088,29.481901680249784,8.895115688048195,45.8320638484185,1286.1085111747095,463.87314560607695,2735.350982960302,69.20122947583496,19.570466143591737,100.0,0,3.04,2.0
M-06,INJECTION_MOLDER,2026-05-19,Morning,123.3,986,94.9,0,RUNNING,308.4138767776142,0.165237061381407,308.69383720652246,318.69860345936905,0.7394722190155628,320.50940717293565,1.4514357980000638,0.278269513419488,2.116616546341982,18.123927647628843,1.9752469318909263,23.137043385446542,29.955560738060374,7.465269261734881,44.182775615012616,1219.1909243550344,372.7079791020439,2073.120189923569,69.23841755457084,17.56011968620834,100.0,0,2.71,2.0
M-06,INJECTION_MOLDER,2026-05-19,Night,126.26,1010,95.36,0,RUNNING,308.67140989936064,0.0940748796751369,308.85049435981347,318.98128380658056,0.8662691867568101,320.56632894579815,1.4561800105333667,0.28481380924419153,1.9389248763184224,18.00082641243449,2.0022292934845445,21.453525406611703,32.52563125642237,8.480504568258356,49.44770453019892,1117.53309681389,419.16614914069214,2643.981042302084,76.06225793601902,18.584957342891045,100.0,0,3.38,2.0
M-06,INJECTION_MOLDER,2026-05-20,Afternoon,121.74,974,96.74,0,RUNNING,308.97541107862907,0.14168444631127458,309.304912086685,319.06045835894594,0.8311950238599698,320.29746771879576,1.328803181162735,0.22708422877957016,1.6926211037923165,18.1122120067677,1.6578299307310125,21.77245103667534,31.694385808689297,7.680911260398733,47.827962754874605,1133.515571967047,344.40319423952354,2446.5749729509243,72.59536811691929,17.680435462380764,100.0,0,4.04,2.0
M-06,INJECTION_MOLDER,2026-05-20,Morning,126.6,1013,97.63,0,RUNNING,308.4986900686042,0.20780895895718676,308.84562103256394,318.5500763025764,0.8856496738662605,319.95843814674333,1.446371088795937,0.29470588413510085,1.9796281717504116,17.628968553022425,1.7913514808458901,21.081979818286115,28.41139126269291,6.614716699671146,39.86233153237541,1255.6711616643563,376.85622046312227,2296.586341806434,65.07399494267003,15.857682802523215,92.51000467242402,0,3.71,2.0
M-06,INJECTION_MOLDER,2026-05-20,Night,121.42,971,92.14,0,RUNNING,309.12068215075004,0.28081756942343133,309.4139221192643,319.0739408434194,0.9262624780717919,320.47879686688606,1.4492304072109754,0.2529837722839991,1.978929496934014,17.39647378367137,1.855562689394889,20.31620932486093,30.810954895968095,8.915834214342937,48.17173300409656,1222.8680324636557,539.8536253331232,2978.8793446505047,70.1809613262852,18.800783751193404,100.0,0,4.38,2.0
M-06,INJECTION_MOLDER,2026-05-21,Afternoon,119.82,959,93.19,0,RUNNING,308.9667831105636,0.10459931790529424,309.15917490370225,318.50658027188524,0.8898288650004572,320.33463791437487,1.3610809512055022,0.2393813039232583,1.8923706304420325,18.17807173241063,1.8316095410445734,21.73868433408088,31.123672694589246,7.312283517180882,45.47854598955341,1129.4060913079452,296.7670200297403,2004.5281127916048,73.74926375710882,16.48592792698471,100.0,0,5.04,1.0
M-06,INJECTION_MOLDER,2026-05-21,Morning,119.0,952,97.69,0,RUNNING,308.9345129560168,0.2193195112171519,309.23688885010785,318.92468674701263,1.1387130051482421,321.4502016739078,1.366300921196546,0.37023655327324434,2.1361020906222192,18.19460354079694,1.7755894020979603,20.984133707293,32.62907127004574,9.092870174764325,55.26425543865834,1127.9245658774887,409.60254379173864,2488.7350414178336,74.99600992015148,19.197230524737815,100.0,0,4.71,2.0
M-06,INJECTION_MOLDER,2026-05-21,Night,119.81,958,99.41,0,RUNNING,309.20388432113486,0.07786079006433694,309.3491651750974,319.2340089337757,0.9303293059776031,320.8969210086242,1.415413702380239,0.3067519942176774,2.065988597997072,18.120296361534137,1.9831452998886565,22.509887154986338,29.151079536017892,7.5738321124264525,50.19978364495283,1228.0774882480323,357.92895458892883,2302.486509641696,66.73874263866713,16.95040923569246,100.0,0,5.38,1.0
M-06,INJECTION_MOLDER,2026-05-22,Afternoon,123.43,987,95.27,0,RUNNING,309.74012947612397,0.23747126339690316,310.0886943096352,319.69256971033104,1.1575751662889817,321.58167859559035,1.4177312911230848,0.28366607694836943,1.99263760684608,17.890383865171195,1.9062669033304138,22.127490533632457,31.156129427764974,8.73872253576471,45.61663002127431,1179.9291269883254,404.1434113343789,2324.627885007805,72.67890004441746,19.39374354984752,99.51549758875906,0,6.04,1.0
M-06,INJECTION_MOLDER,2026-05-22,Morning,124.49,996,95.88,0,RUNNING,309.3179548248098,0.1543171538723131,309.53910365295724,319.1930203830569,0.9165759731456798,321.70258089640606,1.373133939794533,0.29693522116189364,1.859892352587053,18.2752140059675,2.3139262601993638,22.369523987890723,31.62349548541019,8.861941520139977,63.793597861203125,1134.8954238186807,317.7715147921798,2110.79696955581,72.81196450055613,16.909102892821554,100.0,0,5.71,1.0
M-06,INJECTION_MOLDER,2026-05-22,Night,113.87,911,94.15,0,RUNNING,309.51573585939605,0.14832605432547616,309.8609077251129,319.8690646239275,1.1404182991324014,323.0832375970827,1.3580895607200258,0.3428165471909728,2.194562172029835,18.292543520685502,2.159888787758464,22.9353921006969,32.660094687281166,9.140226614491356,52.96971332296365,1124.111116473203,371.02062673298565,2213.8801204157694,74.13297256198459,19.2661780620462,100.0,0,6.38,1.0
M-06,INJECTION_MOLDER,2026-05-23,Afternoon,119.12,953,95.4,0,RUNNING,309.26299982043315,0.1380083776059562,309.59088985239964,319.19040200579735,0.9553374031109975,321.1426293049828,1.3574978424591426,0.3039952676632411,1.978339372759434,17.424044457708007,1.959969772497674,21.908362097155965,31.85071835001524,6.847314017533951,47.44062897532718,1110.8228203678598,263.37266078654176,1813.2781102017027,73.60721964164344,14.373192800165066,100.0,0,7.04,0.0
M-06,INJECTION_MOLDER,2026-05-23,Morning,125.63,1005,95.45,0,RUNNING,309.3577071390887,0.16659740529214365,309.6121652266479,319.2342288791134,1.1755996968144435,322.639803942966,1.4584619291383452,0.27103596304204014,1.880845646308948,17.722450453116448,1.8864454481244768,21.729270861002245,30.990503281624214,7.959348839476459,47.75022227959004,1158.7674557383054,318.5935732790373,2096.1748022492447,70.9477948263012,17.412120125723455,100.0,0,6.71,1.0
M-06,INJECTION_MOLDER,2026-05-23,Night,126.85,1015,99.25,0,RUNNING,309.402528331929,0.14727979310099484,309.663809149365,319.4664240406012,0.7937790562086982,321.06916190619575,1.3749615325286857,0.2729376706475351,1.9975607737652263,18.022598752108646,1.7906460768493224,22.08305802111535,29.892435156756072,6.474775386140789,41.5515835184398,1175.4440928499218,318.05065057818285,2128.813699763982,67.85467061628573,16.586379932997808,96.03714886451311,0,7.38,0.0
M-06,INJECTION_MOLDER,2026-05-24,Afternoon,121.06,969,92.97,0,RUNNING,309.3216735828048,0.10199929960878774,309.4797620687259,319.33283199016273,1.1175871435568319,321.9266563870195,1.3510863677216307,0.3374287948634101,2.1522732325936103,18.152588776879586,1.3003946431846707,20.463612467195112,31.124345989490603,7.463816551200794,51.92127744232355,1137.1904088884553,286.3516634952898,1866.3477581810816,72.95865928787602,16.10522970192035,100.0,0,8.04,0.0
M-06,INJECTION_MOLDER,2026-05-24,Morning,127.99,1024,95.68,0,RUNNING,309.45843126113147,0.21246510909905159,309.8254523626716,319.80680419580364,0.8770633190185054,321.40434063559394,1.4678339402834457,0.28210706814081477,1.895913304820952,18.08565395154723,1.9148563849525417,21.78326313669734,29.956214975901336,8.668131394268839,47.38894972081248,1233.3422226323237,430.4602889082255,2367.0685179208954,69.34367622721679,19.265670216609266,100.0,0,7.71,0.0
M-06,INJECTION_MOLDER,2026-05-24,Night,125.32,1003,93.66,0,RUNNING,309.50374609636117,0.12901479704167196,309.72240584859264,319.38881995736597,1.0904729566832623,322.14129557475223,1.4078134079075004,0.34273609603817345,2.361157748104381,18.09033075792074,1.3987373857524452,20.40440092344817,31.03260109671583,8.69384917580082,57.953279291202975,1172.323390120564,392.18700184737077,2668.297094820567,70.17403912706737,18.808822120207314,100.0,0,8.38,0.0
M-06,INJECTION_MOLDER,2026-05-25,Afternoon,117.88,943,94.33,0,RUNNING,310.030372253528,0.21881491765274647,310.2949472068071,320.1873601265016,0.9960081206156972,322.41134259325514,1.4778283595727686,0.2993128134261487,2.061782538407978,18.099002331004613,2.14381457934535,22.799441967137675,29.230752403160245,7.552370922749109,46.10032826364568,1217.1205139460183,302.96698058351313,1921.92517051785,68.61426174472595,17.963608129041337,100.0,0,9.04,0.0
M-06,INJECTION_MOLDER,2026-05-25,Morning,120.78,966,93.81,0,RUNNING,309.58422592188344,0.1228336685290837,309.8302889875328,319.54111806415204,0.9635041993407658,321.2369147730051,1.3750620310192443,0.3271057833172379,1.876919813206336,18.456781171965204,1.9795326918030067,21.577010541936914,33.12760586796538,9.261544841169963,55.708482678798006,1091.9383994440457,329.60640219191515,1887.885180095489,74.45483745729109,16.569851439762893,100.0,0,8.71,0.0
M-06,INJECTION_MOLDER,2026-05-25,Night,117.81,942,94.92,0,RUNNING,310.5147767732178,0.16315952666546363,310.77865357872525,320.71880739180875,1.0245285503241874,322.9897613889969,1.3203849695106056,0.28967747866917043,1.954145031296611,18.511718531427558,2.121275199494597,22.58585889907444,25.684400943557133,7.3471787954559895,48.93641153891716,1382.791973175301,440.8910922890444,3189.5438197867197,59.580626503383165,16.696406689675296,100.0,0,9.38,0.0
M-06,INJECTION_MOLDER,2026-05-26,Afternoon,116.02,928,96.44,0,RUNNING,310.4117247906371,0.15317166202245186,310.6637830037249,320.3592003985025,0.9149371666426217,321.7683043420912,1.3996352871934294,0.32078145078902753,2.134112956499824,17.7487351895002,2.4827232782828323,21.975246301734376,32.23702205014507,6.548423077230534,45.47975372410722,1077.0369972578926,236.12945404755564,1780.3992333739736,75.25710579744592,14.58954486180236,100.0,0,10.04,0.0
M-06,INJECTION_MOLDER,2026-05-26,Morning,118.03,944,97.67,0,RUNNING,310.7413261860892,0.22016217948415662,311.1131471293829,320.89141353629867,1.0746376462348441,322.79992588884875,1.3702700198249924,0.2881175950648574,1.972839574646616,17.473351013472115,1.8140566460167986,20.73517255626485,31.185822607737144,7.721517925240021,47.48115511716613,1164.022484286296,473.6867682734248,3378.4827705788084,72.82323149320375,18.08039475375673,100.0,0,9.71,0.0
M-06,INJECTION_MOLDER,2026-05-26,Night,124.38,995,94.97,0,RUNNING,310.405243678474,0.2002889980140878,310.69720581387537,320.4482520889401,1.1220037283485103,322.60869300409564,1.4412934798363484,0.32879575519136106,2.187593757346579,18.09604492137407,1.3732108854725873,22.19250103904393,28.769467017470692,8.621861333460584,48.07548792608505,1284.1702303235604,454.90643230417817,2963.676223516666,67.49848398242197,19.262995027066633,100.0,0,10.38,0.0
M-06,INJECTION_MOLDER,2026-05-27,Afternoon,124.25,994,96.39,0,RUNNING,309.6976476996996,0.07797212910681928,309.8613186529063,319.8523591354646,1.0531822673216378,322.0659214481426,1.3866491670646535,0.21153259850502323,1.8581622412686447,17.984647591300174,1.9505146708139407,23.100969763841896,30.03893653920727,7.561973895821177,43.26554517163876,1229.8724310287494,376.8030608904613,2391.718409567501,70.38180460450704,18.39280135263604,100.0,0,11.04,0.0
M-06,INJECTION_MOLDER,2026-05-27,Morning,117.42,939,95.54,0,RUNNING,309.8882383281209,0.07515601035990853,310.1087250077349,319.9385534642711,1.0280869428469306,321.6723855773587,1.4008609299854997,0.2901739089183689,1.971147608378432,18.332436088966233,2.1040108125468517,23.557418129396986,28.95886163494057,7.751661498078022,46.759761339618805,1236.7193248978035,335.4830673199498,2127.6126152807187,67.45220272229653,17.614419187006416,100.0,0,10.71,0.0
M-06,INJECTION_MOLDER,2026-05-27,Night,118.09,945,96.97,0,RUNNING,310.0358537046483,0.12124071185453916,310.17867552132213,319.96271716069805,0.8150213914125836,321.6289435749426,1.3871476520237858,0.37270094954661653,2.008894504236576,18.129008540969945,1.7319171282079087,21.652992458831665,28.77509469459505,7.141442814373461,42.31140755295191,1253.1085586501285,410.34626899874945,2770.106289729013,67.56469692369848,17.93145642088181,100.0,0,0.33,1.0
M-06,INJECTION_MOLDER,2026-05-28,Afternoon,121.47,972,95.38,0,RUNNING,310.1826884446769,0.2883926787095527,310.64483888571203,320.31758991458395,0.950130199842082,321.5903737949984,1.391831049955106,0.2904655005824338,1.9179482250915207,18.310168216988764,1.6142591511736877,21.88430442943388,27.975370015360376,7.982202927296402,43.93929707238438,1322.1363025498333,552.7716584906397,3761.863569754857,65.24074729694388,20.00416783192419,100.0,0,1.0,1.0
M-06,INJECTION_MOLDER,2026-05-28,Morning,116.03,928,97.36,0,RUNNING,309.6772737276921,0.163911156609697,309.9499107412139,319.50505265801496,0.8420423236116167,321.3941742214908,1.3727915130893622,0.26121842802141,1.786198810630509,18.40139538787153,2.0989970175113735,21.638504297401692,31.417239318918902,7.474112888419295,44.33544745562227,1147.4694495423964,333.2955553992074,2212.781800133227,74.88400811502301,17.486512438075774,100.0,0,0.67,1.0
M-06,INJECTION_MOLDER,2026-05-28,Night,116.98,936,94.23,0,RUNNING,310.6217375257062,0.3260856463639037,311.2306733947871,320.31370684340794,1.1193142068984812,322.12333722655427,1.3927285117916421,0.2633419661141899,2.028472695871243,18.09317557534472,1.7207322146339095,21.38943517019969,28.63890436865905,7.472216689544736,40.96816614891517,1274.731803124091,478.0457852393783,3094.4682777822486,67.71104989052243,18.08368793643228,100.0,0,1.33,1.0
M-06,INJECTION_MOLDER,2026-05-29,Afternoon,117.71,942,96.92,0,RUNNING,311.2595949531734,0.1937255529908691,311.6913065731259,321.52967123003054,0.986193281577258,323.792510245778,1.3723101995647462,0.2635858122485446,1.8932584967825463,18.243489642775817,1.7775708580176628,22.131263718757157,30.025249983836293,8.075634930170484,48.88454966417481,1210.2506627137518,405.08025942905476,2398.6611269322884,69.59740428066519,18.593309892591954,100.0,0,2.0,1.0
M-06,INJECTION_MOLDER,2026-05-29,Morning,121.93,975,98.46,0,RUNNING,311.4119961225494,0.15346486302506798,311.6658730113335,321.44763567833917,0.9193728431005032,324.0052930901808,1.3822438124804002,0.3018475929123076,1.9219042972781777,17.994926204869287,2.163698957929512,21.696691946750978,31.920272978496666,8.409830846207983,47.50056306865461,1180.9620462162254,415.0201305275907,2126.0982921384066,72.33245535135127,19.92323599978822,100.0,0,1.67,1.0
M-06,INJECTION_MOLDER,2026-05-29,Night,112.49,900,94.83,0,RUNNING,311.4088521285876,0.13965071081153424,311.68778605686407,321.7303487802355,1.1942506784997422,323.60930047068183,1.4242178685409568,0.3051734854577144,1.9043163788409552,17.603916765420973,2.304182606282987,21.30625515780677,29.772106657578384,8.472832015382094,52.70624887336578,1224.597145064569,388.688332312757,2264.586398976461,68.40594993237349,20.06012549520924,100.0,0,2.33,1.0
M-06,INJECTION_MOLDER,2026-05-30,Afternoon,116.63,933,94.66,0,RUNNING,311.1495473988881,0.4202141704616541,311.7857830025727,320.94947914882056,1.320902728117545,323.7463391107095,1.4452634960385822,0.3636553687478331,2.415747400385103,18.582020122455187,1.9775554958879091,22.130385704068413,31.284375728051522,9.615525558327422,50.6626810241323,1204.5371856425425,491.20668875609255,2401.814166645725,72.07412337514482,20.145654842252917,100.0,0,3.0,1.0
M-06,INJECTION_MOLDER,2026-05-30,Morning,119.89,959,94.18,0,RUNNING,311.8555272421115,0.13636261886801695,312.0863762071723,321.85257969796373,0.9896235182072791,323.8351327889558,1.312520762404469,0.24333105157206808,1.932324581350984,18.021156140359782,1.5870563282370107,21.151968638359826,31.110995570395445,8.931785973700466,48.64648049341582,1157.100517389147,357.024690543421,2087.398090839813,71.6151851217839,19.949980186623783,100.0,0,2.67,1.0
M-06,INJECTION_MOLDER,2026-05-30,Night,121.05,968,95.63,0,RUNNING,310.8670222024072,0.1790680733930876,311.1616437328996,321.0339511205743,1.2152487728686263,323.60965789294727,1.3681155038780206,0.24336225227706212,1.8570781247742925,18.58389155647981,1.3734352915743975,22.22033839196115,30.641038107347114,6.812470771762734,44.75267063864538,1152.3577630836871,306.2154715145472,2091.270532286589,71.09351427482036,15.600160204906787,100.0,0,3.33,1.0
M-06,INJECTION_MOLDER,2026-05-31,Afternoon,117.82,943,96.92,0,RUNNING,311.1245768410039,0.1037398352763215,311.3587913501473,321.46943550951084,0.9604345346394974,323.07864857992166,1.405568473206978,0.335904373926927,2.094250191041163,18.343123798052734,1.8299748510780658,21.558083647378872,31.321526993856086,6.398363274874206,48.06745868163703,1157.9551434525074,330.7135521567492,2355.860504141513,71.59167288230255,17.022940813696678,100.0,0,4.0,1.0
M-06,INJECTION_MOLDER,2026-05-31,Morning,111.94,896,91.76,0,RUNNING,311.14602579921757,0.13113014790880134,311.41652188668644,321.327496428344,1.1425275689763825,323.6763486406898,1.3659787986177685,0.3376606204211265,2.086966997989394,17.834044295970465,1.8269691364443281,22.053361054268645,29.27499615837348,9.490660697197018,45.573753610476416,1269.6820323690636,542.9947380103982,3060.711965958459,68.37279949173427,20.846619068814313,100.0,0,3.67,1.0
M-06,INJECTION_MOLDER,2026-05-31,Night,110.11,881,95.0,0,RUNNING,311.251028845617,0.17683017876390175,311.6152548676536,321.2162514156903,0.8445725158604875,322.33046796071733,1.3869211710094476,0.28757150764671274,1.9101997281042864,18.090169287872026,1.88061100456497,21.687812611922457,27.4525738318686,8.096607495649755,46.72858674218957,1358.5905187462615,580.0224832468956,3869.637817357267,65.06309067762548,19.04884442436497,100.0,0,4.33,1.0
M-06,INJECTION_MOLDER,2026-06-01,Afternoon,118.61,949,96.77,0,RUNNING,311.2081235151386,0.2025526123522136,311.6271731839565,321.0929613578776,0.7575303324250103,323.2794250428427,1.402161178527243,0.34402820773336146,2.2241335837443463,18.425179763144783,1.598686068763985,21.09006251359387,29.557305676547738,8.495097755671262,46.7433212458901,1253.724200338416,489.07937363540395,2962.1344398108085,68.68895916585936,19.874544806848778,100.0,0,5.0,1.0
M-06,INJECTION_MOLDER,2026-06-01,Morning,118.11,945,98.78,0,RUNNING,311.7136790793001,0.12263488802997946,311.9274454804992,321.76505709916376,0.8857995493395181,323.2847527142644,1.4506439715319677,0.34392078234460405,2.171228465172716,17.293361403312954,1.6209633102262277,19.905940222844944,29.49602689311802,6.434448898886749,43.8232209370905,1194.5974250333195,300.29266198801935,1829.779825927032,67.33284662165156,15.37754523674838,100.0,0,4.67,1.0
M-06,INJECTION_MOLDER,2026-06-01,Night,120.51,964,91.74,0,RUNNING,310.92504964836894,0.10174944242569701,311.13250251533793,320.748540365354,0.9985086494394269,322.41771317486734,1.38041941290494,0.33500602657448014,2.109316468846853,18.129389340879417,2.1823709030029925,22.232714766121887,31.813990344132687,7.647215041435741,47.38131035068666,1121.1995396463903,314.416212698181,2241.4301949711858,72.7148515839331,17.310044625806338,100.0,0,5.33,1.0
M-06,INJECTION_MOLDER,2026-06-02,Afternoon,121.83,950,100.0,0,RUNNING,310.40672429345705,0.13977982336427394,310.7029484686649,320.48279493392914,1.0342900719956696,322.99558345315467,1.384550109991728,0.3136376817900852,1.999815832886347,17.66305447772958,1.9906725611493832,22.108545098159748,29.646246254437607,8.06023499630379,48.76763546416488,1225.6702935211686,425.92744068101814,2819.924803765536,65.00344455075165,17.560675218074646,100.0,0,6.0,1.0
M-06,INJECTION_MOLDER,2026-06-02,Morning,122.77,982,96.43,0,RUNNING,310.5811259137729,0.20374595013995522,311.0768560302634,320.68178136934904,0.9070412544896179,322.7130501063184,1.4336345832047643,0.2887970235952697,1.962929605378649,18.497395305729572,1.7382631864057265,21.94239032958836,28.012062140997056,8.040066235965119,43.24628828170425,1315.3908517903271,465.8936921025696,2420.6530913595134,64.86354414565268,19.601794444485034,98.84168175486408,0,5.67,1.0
M-06,INJECTION_MOLDER,2026-06-02,Night,112.5,900,99.45,0,RUNNING,310.9641826155029,0.26872630773115047,311.4036881923724,320.9811037996453,1.061895933073271,323.2519583465932,1.445296843629014,0.23585833332400877,1.8727975977044908,17.76307863857104,1.971282219483749,21.51668317595559,29.904695183455654,7.405723317720324,41.5032219979373,1193.9504041842345,327.9062289057423,2012.603659603346,69.43229322683293,17.58479101899904,98.61954940749682,0,6.33,1.0
M-06,INJECTION_MOLDER,2026-06-03,Afternoon,119.84,959,95.15,0,RUNNING,311.46979516209296,0.09902453079939827,311.70466856061097,321.49689828342997,1.230109750443598,323.37451600437464,1.48463285777295,0.25718259653546593,1.9988347872682557,17.935565231889825,1.4986709805129879,22.59589654431689,30.938589464388404,7.1533612358713246,46.346045109660906,1138.6722377044914,274.1807708220602,1823.6143748369968,70.76123606168575,17.43286561504458,100.0,0,7.0,1.0
M-06,INJECTION_MOLDER,2026-06-03,Morning,118.97,952,96.57,0,RUNNING,311.2900840309251,0.10700983047546188,311.48608393061244,321.4506014961568,1.0035989068903792,323.05626049033793,1.4477781998073997,0.32913888956393195,2.211075723428213,17.789842175242864,2.0840633232282704,22.383962580759004,30.04762863824228,8.222237893139178,50.62398299225157,1250.6155540723166,626.7719360083507,4217.904424553484,70.02600732691197,17.98286585767346,100.0,0,6.67,1.0
M-06,INJECTION_MOLDER,2026-06-03,Night,117.95,944,96.66,0,RUNNING,311.61525995931646,0.15024462357706142,311.90035971758385,321.3929296306539,0.9620501211219292,323.3486363418555,1.4516969020415225,0.2112541702291612,1.7791588919783154,18.035668887994593,1.44749290536339,20.634185305008497,31.687708224531303,8.323513134589495,44.59474393990973,1165.8852134511808,465.37783280678485,2964.524045265181,72.28839011605015,20.25093720793274,100.0,0,7.33,0.0
M-06,INJECTION_MOLDER,2026-06-04,Afternoon,118.5,948,93.74,0,RUNNING,310.4722124497404,0.09467733793401341,310.6147398185192,320.44318461666626,1.4180570952216789,323.3844907932276,1.3584740005853535,0.2760868578979261,1.9442699675809387,17.2595702000214,2.201856936220633,21.667653377310756,31.04867361083017,9.166224377701148,51.49334074699553,1189.6868944905714,414.79380399538746,2593.878241896186,71.14415068362152,20.784018367121533,100.0,0,8.0,0.0
M-06,INJECTION_MOLDER,2026-06-04,Morning,114.54,916,97.5,0,RUNNING,310.9759285276482,0.4091666932318907,311.5418947912792,320.9078261211386,1.0713103365241508,323.6420157471312,1.4586095234291325,0.3464271361312884,2.198277531402879,17.93631032832383,1.8740422370918866,21.43676946652961,30.40723096078932,8.791904424183178,44.796409445284695,1139.1431463185208,356.86242813677137,2387.6073798629573,71.84646343815143,19.957282096590486,100.0,0,7.67,0.0
M-06,INJECTION_MOLDER,2026-06-04,Night,118.38,947,98.51,0,RUNNING,310.4266104614041,0.06654494711349447,310.61015246612243,320.15693657229696,0.8257034694864102,322.2193654648827,1.3630840296234752,0.3091783800715653,2.115302621708775,17.932729610412085,1.261987833353046,19.993389557765727,31.48245443756289,7.650956706907254,45.505603197346346,1131.6304021007695,325.59299918391923,2298.656385901789,73.16915198410774,18.070225025354134,100.0,0,8.33,0.0
M-06,INJECTION_MOLDER,2026-06-05,Afternoon,117.37,939,97.52,0,RUNNING,309.0494749315894,0.26341123984718195,309.49172338042484,319.10620471881964,1.0568357298742153,321.4555784411649,1.347733584568699,0.35093925950320076,2.2514608941990515,18.309597503956898,1.7243292318386052,22.08472636243248,29.31621320124211,6.999354367122569,43.62654791780588,1214.2028747732977,345.3540731038392,2394.9345114559947,67.55043628272549,17.09056075453911,100.0,0,9.0,0.0
M-06,INJECTION_MOLDER,2026-06-05,Morning,118.07,945,96.72,0,RUNNING,309.80686217965257,0.24409376282910494,310.2920226491639,319.7748456264437,1.006115153730358,322.26122985942874,1.4113182548844712,0.22568728885325706,1.9445521439300872,18.213287616705134,2.2220326460200637,22.189238598130533,29.385354939216615,6.757496216066103,43.7196208429274,1196.4029112423245,268.6317667884741,1932.2664296530968,67.7978660521125,15.15730077946725,100.0,0,8.67,0.0
M-06,INJECTION_MOLDER,2026-06-05,Night,122.47,980,99.7,0,RUNNING,309.0482701320902,0.1560059092369778,309.374455452256,319.0948086922468,1.014431659079564,321.57598463652374,1.4596195475797913,0.28152059504664306,2.0392584702561987,18.654704941732465,1.6678014217439394,22.418778583887978,29.807001091293326,7.323617313448023,49.00346635829543,1205.4284166853472,382.06289225996477,2525.7696531332417,69.46388299950758,16.474800816619894,100.0,0,9.33,0.0
M-06,INJECTION_MOLDER,2026-06-06,Afternoon,120.35,963,98.59,0,RUNNING,308.86905655912943,0.1478775119972746,309.1428348680448,319.10027079160193,0.9048675546754839,320.979197982326,1.3763093647666749,0.3572054164670278,2.259230458011992,17.909577914087112,1.7306393717577435,21.047491974575475,29.089473198391662,7.822403397651656,45.14582309322936,1244.821758541691,390.2656452644484,2093.1035270789976,66.56544235033172,18.984433853613172,100.0,0,10.0,0.0
M-06,INJECTION_MOLDER,2026-06-06,Morning,119.37,955,97.34,0,RUNNING,309.44798741369254,0.16556730010734824,309.67173704580813,319.41807514703254,0.7667801079270091,320.72034846606385,1.3255092822303862,0.29163651627821535,2.265780109252178,18.469705257320964,1.6204364775963285,21.197007567165947,28.040120890794302,7.987421982158922,47.55167599457712,1315.7009716927985,500.059484588182,3185.8260255534856,65.43939144226475,17.59873127593596,100.0,0,9.67,0.0
M-06,INJECTION_MOLDER,2026-06-06,Night,117.41,939,97.49,0,RUNNING,308.87590734641975,0.12752126033492825,309.14637537915,319.0501944565585,1.2358232207703423,321.07275847735804,1.3844598898162843,0.25687931747505655,2.0416000904876244,18.074786453136543,1.6890668904668082,20.981805743005182,31.236954157219373,6.819260416809791,46.567405983562594,1128.3774243434757,300.3620365567479,2010.3127210284297,73.14911313965627,17.095510403823546,100.0,0,10.33,0.0
M-06,INJECTION_MOLDER,2026-06-07,Afternoon,120.33,963,96.5,0,RUNNING,309.2560127898428,0.20221232431911076,309.58985723173726,319.390103998275,0.9573201917511986,321.2265524205064,1.3732884804064782,0.30347332548055034,2.160951736051672,17.412065932672355,1.9254653895564715,20.746019188767395,30.736468461749126,6.4382489266100125,41.51086575559128,1140.6629782224618,263.3957001438732,1862.4325715326383,70.59163801734043,16.668514852975942,100.0,0,11.0,0.0
M-06,INJECTION_MOLDER,2026-06-07,Morning,119.3,954,95.87,0,RUNNING,308.86989478854906,0.23668027034113526,309.19468692488647,318.734272497585,1.0010522412496552,320.2030065512412,1.4549621140490416,0.30170329552885583,2.2820690833639747,17.645600810946245,2.1770886770382303,22.077763939259725,33.65950995045649,8.029161482784712,53.815045744367815,1057.7580647417035,290.6149547876654,1953.3342624330944,78.65661608137277,15.874622509468416,100.0,0,10.67,0.0
M-06,INJECTION_MOLDER,2026-06-07,Night,119.58,957,96.43,0,RUNNING,309.41588648039817,0.14000538213176408,309.7034499384938,319.6289666756169,1.1860088624865206,321.76298499968215,1.4296404119184183,0.22609738432645415,1.8883853423039367,18.16051779981555,1.5572902885474633,20.84687852725325,30.482020190906,9.229743125021585,53.50717684423489,1211.2211474716369,426.1115809032028,2606.478443469796,71.09313184303082,19.80838789639218,100.0,0,11.33,0.0
M-06,INJECTION_MOLDER,2026-06-08,Afternoon,123.13,985,95.09,0,RUNNING,309.6967166730583,0.2489244029975299,310.21342862416424,319.8476663405914,1.169976355334232,322.338332318703,1.4442908988729912,0.2970424670534146,2.062018093046025,18.345905226164632,1.6235348015840743,21.06459797847921,27.831444856842694,7.50412444722558,42.71480052089509,1307.091660088943,443.53409378235716,2807.6259675455094,63.85668853612991,17.16859161106345,95.39561750361776,0,12.0,0.0
M-06,INJECTION_MOLDER,2026-06-08,Morning,125.68,1005,97.97,0,RUNNING,309.7046266733274,0.11821442626141684,310.0028728444266,319.7339299357823,1.0614844074891348,321.3543437137003,1.3811673398345645,0.3702939857004401,2.2426206678380214,18.22993766579807,1.8036170688491517,22.80206179102724,28.13236435856618,7.410845638313013,40.90690181201076,1307.2143105589616,487.6244552858539,3260.2153791688806,67.37983447076417,16.65927308920069,94.9038737903225,0,11.67,0.0
M-06,INJECTION_MOLDER,2026-06-08,Night,116.8,934,97.91,0,RUNNING,310.5295576426505,0.29324653734618894,310.99567383109985,320.34717075346134,1.1045133212282197,322.5631066578327,1.348130120334249,0.2546076662570816,1.8098552558023544,18.110236183201938,1.7386323366812901,21.82103839436266,27.98794340145136,7.990155774548709,44.47849270568848,1309.4837288967212,467.26358675188465,2819.1097313938108,65.07786751500232,19.32116176860327,100.0,0,12.33,0.0
M-06,INJECTION_MOLDER,2026-06-09,Afternoon,117.83,943,95.54,0,RUNNING,310.5576663421897,0.11479293031606407,310.7968648107397,320.7565674737165,1.0544879370029148,323.19346402781264,1.4102625333119008,0.28328251390708914,1.9541213352960192,18.065198498751744,1.8449712042784225,23.12913436503701,29.69152466134491,6.761461236547287,38.95111546442418,1211.3744572999321,388.498820034963,2815.938533269899,68.36381248824112,16.805174624162486,89.79142472512747,0,13.0,0.0
M-06,INJECTION_MOLDER,2026-06-09,Morning,123.15,985,98.95,0,RUNNING,310.6955936717047,0.17614005658000448,311.0675930303203,320.90267061446264,1.0590545782558543,323.27937796743987,1.439273302966686,0.32594361160851115,1.9753885931554456,17.631599947043068,1.6260566614604754,21.729217565555118,30.349654700520965,8.62356941592402,48.807761933186846,1236.848318328837,581.3878388925763,3802.155705890336,70.81463909993647,18.949599662379548,100.0,0,12.67,0.0
M-06,INJECTION_MOLDER,2026-06-09,Night,114.1,913,95.22,0,RUNNING,310.8652834430873,0.2210180400452833,311.17090008711733,320.8893271110283,0.9763338478982351,322.91421473565754,1.449661529894446,0.3230669604067103,2.2142020987161617,18.022891489545685,1.5848723475399948,20.83268910177777,29.333036232504973,7.2964428411321665,43.249612122273874,1228.9955890604194,397.55546717654266,2630.1857411398328,68.88854925420604,16.821781582095863,100.0,0,13.33,0.0
M-06,INJECTION_MOLDER,2026-06-10,Afternoon,122.31,978,95.62,0,RUNNING,311.1617520450198,0.17574116577896348,311.416793089942,321.22136159706486,1.081520792075352,323.6997327609289,1.4786119035971448,0.3388369728078163,2.245003932929944,18.18809768325411,1.706465801980933,22.195154360917677,29.843972466710866,6.89795327978461,48.74886705985327,1176.1040453889927,290.7205895158071,1813.5003283967624,68.70853786964304,16.755848778706678,100.0,0,14.0,0.0
M-06,INJECTION_MOLDER,2026-06-10,Morning,123.59,989,95.07,0,RUNNING,310.7522041515783,0.14783757334151426,310.99124658520253,320.52662491500416,1.1122428813500453,323.2825436873778,1.415661904211211,0.18653777602102636,1.7908134684151762,17.974178382653843,2.0645342501881867,22.00584305723315,29.749153287924035,8.516847043704857,46.199928791384295,1206.052484999085,371.033250268189,2120.520075730225,68.55346230912443,20.0590465339476,100.0,0,13.67,0.0
M-06,INJECTION_MOLDER,2026-06-10,Night,121.17,969,93.7,0,RUNNING,311.6387777905097,0.14223770500722482,311.87919794722285,321.7516455291162,1.3124254106035464,324.3954993808156,1.4136752812889322,0.36219326290318377,2.211046317779614,18.635645404649747,1.6282959092319664,22.153846577452125,29.944516083946333,6.2878150033937805,43.24078069998739,1163.5825826526095,247.875533646903,1766.6207139560368,68.70666236774093,15.943349153264302,100.0,0,14.33,0.0
M-06,INJECTION_MOLDER,2026-06-11,Afternoon,119.33,955,92.74,0,RUNNING,311.2603254064721,0.1178647462634086,311.51016629376886,321.30038160145574,0.9404603836210934,323.5054519675388,1.4782119865217322,0.311352316671373,2.043363597665194,17.884481950211303,1.9316234060163955,21.237283414473332,29.724066077117765,7.707375209471073,49.54197228608106,1190.7565643903497,284.06448395980425,1807.2136257184932,67.94351723232894,16.010268494231813,100.0,0,15.0,0.0
M-06,INJECTION_MOLDER,2026-06-11,Morning,120.31,962,90.02,0,RUNNING,311.90630632038375,0.19749994580928834,312.262469094707,321.62087823177825,1.081706414304938,323.5234705213479,1.3424563743258096,0.31041294803380776,2.033346397515526,18.35169155358558,1.97556581133782,21.60974198803734,26.643698484613733,8.87012999337958,40.64804506535072,1481.1112744653178,796.0566893128199,4478.405906631372,62.0413458293697,20.495657326936183,93.54266866590714,0,14.67,0.0
M-06,INJECTION_MOLDER,2026-06-11,Night,124.34,995,97.55,0,RUNNING,311.4309264309616,0.12386475535380771,311.5979911651428,321.52388423793997,1.065881778226479,323.93208697656206,1.4182348957303328,0.2948016308904495,2.136345833659743,17.594206766066492,1.7671800703881657,22.02432443386,29.881048080967428,6.25260887667364,42.39755042586232,1177.1698674689906,293.7830538984539,1900.0293960044717,69.71485545111055,14.552250646578717,97.88086204473724,0,15.33,0.0
M-06,INJECTION_MOLDER,2026-06-12,Afternoon,116.58,933,99.49,0,RUNNING,311.82042305514295,0.09595918571754015,312.0356310661175,321.98275020669,1.057930780785981,323.5060790184076,1.3564561441422964,0.24658019391521194,1.8211280776148928,17.902473358184647,1.933275708317854,22.59252009183413,31.131879922791484,8.734928335562484,45.51896003631506,1245.2510294482895,754.7056783510673,4789.790711598629,72.39571329123389,20.61445438144425,100.0,0,16.0,0.0
M-06,INJECTION_MOLDER,2026-06-12,Morning,121.68,973,99.04,0,RUNNING,311.6266679465113,0.10201583400711955,311.8055170899493,321.49354892643424,1.0162237195435457,323.1626251612334,1.334591127360978,0.2916261775764642,2.0296159641555613,18.197367058703396,1.1661521414052614,20.25496551865946,30.481674501245973,9.070661305052514,52.7322280999749,1199.1951438667525,394.57132701985415,2482.4064791446576,70.52055461170546,19.542589659577242,100.0,0,15.67,0.0
M-06,INJECTION_MOLDER,2026-06-12,Night,123.36,987,95.53,0,RUNNING,311.9614845814177,0.3065104771645131,312.4771078129899,322.13855632043754,0.9362088967798744,323.6619404149849,1.3760421907961924,0.31654124318399035,2.066089211663031,18.358336305767246,1.5371531536562872,22.668771724120344,31.458485667199213,8.623498182377768,51.997829720668,1154.5914272883797,383.0200277148,2688.8133533455925,73.02839244521634,19.400205867754188,100.0,0,16.33,0.0
M-06,INJECTION_MOLDER,2026-06-13,Afternoon,117.03,936,94.78,0,RUNNING,311.9109947849632,0.1889206883402197,312.3204120288252,321.9982090512056,0.9278544810770486,323.64058063754817,1.4291193289964448,0.2956347003263445,2.154933489176876,18.04928651112762,2.0334438647178485,22.33314031529838,30.955942792605068,7.40492441130092,47.13000177568811,1152.9176454934272,331.73265131920743,2233.4183078268693,72.92762624253649,17.009961224778614,100.0,0,17.0,0.0
M-06,INJECTION_MOLDER,2026-06-13,Morning,124.09,993,93.79,0,RUNNING,312.2781375235103,0.20092952521540916,312.62284905032266,322.2484799500334,1.032418143669196,325.00975700008325,1.3548978397931977,0.2854974107870805,1.945399617744808,17.897953338216233,2.013851281449799,21.937896200345584,27.306428944795133,7.444543282573855,43.16244664135601,1336.2938600645816,475.8825352149025,3249.3247176205987,62.93922523504961,17.269745849887066,100.0,0,16.67,0.0
M-06,INJECTION_MOLDER,2026-06-13,Night,118.1,945,93.89,0,RUNNING,312.06821009469417,0.10686613432485727,312.2100470650884,321.9192711844114,0.9062344883727135,324.1537531628396,1.491934879608031,0.3172890423461066,2.124929077815316,18.01227987645588,1.9715006457464677,23.103977648860987,31.17540069509498,8.243153660183234,46.826673353326015,1220.8800705271415,504.92893620919995,3227.36677812379,72.81794469567376,18.98514110660995,100.0,0,17.33,0.0
M-06,INJECTION_MOLDER,2026-06-14,Afternoon,121.27,970,94.86,0,RUNNING,311.7940292353742,0.18488680520580167,312.0733576677174,321.9276689782598,1.1101542817259362,324.0934473889528,1.3888286142763087,0.3431810970053537,2.1341640493956064,18.351200360231093,1.6437623661913667,21.495986732729524,27.68376323092697,6.933248529554586,39.94216781655985,1302.590805987411,416.75471086162855,2513.780570477237,65.00131834736904,17.98192494866761,98.16905477374864,0,18.0,0.0
M-06,INJECTION_MOLDER,2026-06-14,Morning,124.4,995,95.48,0,RUNNING,311.7679366740823,0.11979796427466971,311.97379226174223,321.3260773103237,1.058283403200213,323.43067463501,1.416229396416708,0.2353850341487782,1.969191220643659,17.917603534578696,1.6586431632575043,21.895238184548106,30.115405535793666,7.475315588042062,41.80577126623465,1226.8694358191133,575.1764075489318,4041.924106242687,70.47247455295587,18.16835386017016,100.0,0,17.67,0.0
M-06,INJECTION_MOLDER,2026-06-14,Night,113.45,908,96.54,0,RUNNING,311.5344638291529,0.2925752756271123,312.1039972800641,321.3169321514412,1.045319471356429,323.8867257085899,1.3802579689422065,0.305519590080834,1.8310622859670405,18.788903416113516,1.908258879083118,22.868602235195542,29.306441540173566,9.667013731724142,43.31241853839326,1359.48564111898,797.6614745518872,4461.080757406627,67.54786425925212,23.413667501930885,99.3859386478476,0,18.33,0.0
M-06,INJECTION_MOLDER,2026-06-15,Afternoon,115.07,921,99.97,0,RUNNING,311.61490795194646,0.06245299212528259,311.7130981604968,321.5287127043399,0.9784971968181867,323.12821595367734,1.3153011752150787,0.3124731965661583,1.9495699690295143,17.813423327419827,1.8179494705350105,21.022093937263765,30.306671583961833,9.069803505705462,47.529338991872926,1215.2377980371018,449.31194965812585,2379.454920728911,71.17312060741469,21.57968668778832,100.0,0,19.0,0.0
M-06,INJECTION_MOLDER,2026-06-15,Morning,113.12,905,95.86,0,RUNNING,311.16382710243187,0.20668023336597788,311.50251778503053,321.2690546015277,0.918071172986757,322.7494531975017,1.422876810402671,0.3670454940739045,2.023580901888476,18.96035121683238,1.6728668081988995,21.42829669431767,27.95246359946549,7.148003764210088,41.83117912641579,1274.9575766299781,336.67283588774785,2305.250421483228,64.07414023783512,17.271788062587067,100.0,0,18.67,0.0
M-06,INJECTION_MOLDER,2026-06-15,Night,123.28,986,96.21,0,RUNNING,311.60333694335736,0.1212525616479627,311.83531769423007,321.4384176857074,1.0529457248814775,323.5132907888689,1.3902764218124932,0.26523506458689616,1.9085635069548357,17.864658338001338,1.7265297632463712,22.11713720085033,30.094198039212834,8.805979677389152,44.09280333017108,1235.686103325401,508.7437050239072,2700.2518556617574,69.87248999616777,21.619970202956047,100.0,0,19.33,0.0
M-06,INJECTION_MOLDER,2026-06-16,Afternoon,121.96,976,96.4,0,RUNNING,311.5674285284526,0.12780853059316777,311.8353876901148,321.4507972090183,0.9894764436993393,323.6380440166641,1.4499831988038097,0.2402406744431461,1.838001811759646,18.23820524736776,2.0612142859801956,21.474603923245787,28.164516867944645,7.431289266549064,42.84539048090232,1278.880102763243,391.234789455733,2570.433497238308,66.08676375393163,17.296127309383106,100.0,0,20.0,0.0
M-06,INJECTION_MOLDER,2026-06-16,Morning,124.55,996,94.31,0,RUNNING,311.5738228494715,0.07947036434409521,311.7081761364351,321.6675575233761,0.8672581370640822,323.6100212594091,1.324647457996199,0.27220697592492604,1.9079151803362,17.964429228433353,1.6609074513972464,21.20139127307241,31.24564838005865,7.624150266753595,42.158575785340034,1144.3322926783987,361.1170170746606,2433.787868078776,73.78103781493286,18.93178668722249,100.0,0,19.67,0.0
M-06,INJECTION_MOLDER,2026-06-16,Night,120.95,968,98.54,0,RUNNING,311.47543433767413,0.12519493231597287,311.6609259120979,321.5487473775054,1.0333465923826703,323.36286206976433,1.3867956645395554,0.3650723514646319,2.368276114348669,18.059915822748493,1.967812967478421,21.649607867817327,30.165821448969492,9.997125534428173,47.44456205938603,1187.9169227097111,390.8153222053692,2202.239994710639,70.80011342097998,22.680446378005687,100.0,0,20.33,0.0
M-06,INJECTION_MOLDER,2026-06-17,Afternoon,114.04,912,94.08,0,RUNNING,311.0663240594062,0.13768896551739326,311.3834513092972,321.0498720708536,0.9988767323895064,323.5576857961937,1.319733543345681,0.2476653989583335,1.7811573189627163,17.828313587352746,1.9623691867987902,22.94635520097494,29.212942324470873,8.440455677671512,49.22962320737086,1313.9963551370765,580.4670635455216,3841.837916255895,68.35220567680676,20.937746222149645,100.0,0,21.0,0.0
M-06,INJECTION_MOLDER,2026-06-17,Morning,122.64,981,96.58,0,RUNNING,311.0135097479702,0.19025589105681764,311.3027333233332,321.0571302671542,1.1823760265320749,323.5461064882454,1.408692298280181,0.31896106066993035,1.960063901890344,17.914503284601054,2.013597256111385,21.978839741775875,30.570136704987405,7.958974748815943,46.55813159996647,1198.7401795109008,460.8933217562523,2927.0262216423985,71.63102128961344,19.53338748952584,100.0,0,20.67,0.0
M-06,INJECTION_MOLDER,2026-06-17,Night,119.56,956,96.19,0,RUNNING,310.8971355501909,0.10629044544926378,311.0677844878772,320.9624255051635,0.9435645578149915,323.36789627902107,1.3852730053052849,0.27400059699099377,1.9628914292550264,17.648533771920476,1.804309243813713,20.11742140010272,28.62835174731243,8.595232605696474,49.637916760260254,1306.8155317708583,506.7526057800813,2972.042805234657,66.00322565834666,18.31188060500076,100.0,0,21.33,0.0
M-06,INJECTION_MOLDER,2026-06-18,Afternoon,125.46,1004,97.2,0,RUNNING,310.50990329736896,0.16264588168393324,310.8323375067249,320.7185485299442,1.0142086494458389,322.9217855883635,1.3407644220428199,0.2888704437728953,2.0823916829847846,17.763282046356974,1.9706778381612249,21.61999739607239,32.22303068018248,8.330130700556184,46.27334549130549,1112.5707983096695,315.92883945623083,2044.1251581643417,73.7310749230754,19.088531126805627,100.0,0,22.0,0.0
M-06,INJECTION_MOLDER,2026-06-18,Morning,115.93,927,100.0,0,RUNNING,310.70720025824653,0.2544770179447897,311.0424620686623,320.8132234880836,1.0256975044686036,323.1114609248084,1.3948183769872227,0.29489982809268167,2.133418514203356,17.483371458075165,1.852547244492234,21.180884231370246,30.456347128410954,8.492260460907627,50.67985155726595,1172.8255126463823,314.5250119902169,1923.3128324791287,71.12811967626843,17.081803400053925,100.0,0,21.67,0.0
M-06,INJECTION_MOLDER,2026-06-18,Night,120.26,962,95.58,0,RUNNING,310.57664653036056,0.12716709280223973,310.86435435162105,320.6820721125767,1.0690432215945622,322.58473865885327,1.4080679124902271,0.2940290597227689,1.9251843341380288,18.209820378645762,1.5595402015715882,21.03103992601256,30.82822073792248,7.674332414088958,47.041292895372514,1173.292329866766,319.7665246813855,2282.844401601718,69.23208707003755,18.43043782685714,100.0,0,22.33,0.0
M-06,INJECTION_MOLDER,2026-06-19,Afternoon,120.93,967,93.52,0,RUNNING,311.0705520944687,0.1113111928746365,311.3274721360951,321.0803741712989,1.1030876719768612,323.3712580598787,1.4473447457933883,0.27120666669301774,1.9254394812858937,17.512531898375823,1.900225369153592,20.69543349872724,31.21544374235363,7.026668830226305,45.38801231390992,1126.819029703978,289.01891677507183,1884.5343454743936,71.8563840229937,18.458407567112488,100.0,0,23.0,0.0
M-06,INJECTION_MOLDER,2026-06-19,Morning,116.57,933,96.15,0,RUNNING,310.68067489204645,0.1454218251359841,311.0442358213171,320.7970020884529,1.0175328579924074,323.8814502151817,1.3614896637484017,0.3150056582819426,2.178448755241077,17.903150550324018,1.834189696964419,20.952736262632808,28.39590311487712,7.883657546646358,48.728117405116606,1265.1816306204114,344.51410246919596,2068.583877433488,65.14577531335307,17.21332880260498,100.0,0,22.67,0.0
M-06,INJECTION_MOLDER,2026-06-19,Night,121.2,970,95.69,0,RUNNING,311.34696180813484,0.14649329274624798,311.6442890791043,321.4697312991111,0.8909953869154869,323.29738179213734,1.4028455081790006,0.3168249192948737,2.15933892536268,18.02305380009809,1.673654317247527,21.79855403119115,29.999890782284158,7.948379405737471,41.52323333915096,1258.3505899461932,484.61523521176673,2987.1571499285938,67.77247397161123,19.10595898174131,94.32403663626062,0,23.33,0.0
M-06,INJECTION_MOLDER,2026-06-20,Afternoon,118.51,948,99.78,0,RUNNING,311.3200127223733,0.11728511229006587,311.5258092702907,320.9036493449843,0.8533257954906472,322.3211065059908,1.3993256274124035,0.28683009435681084,1.975464922936104,17.76392887283546,1.5727659666798088,20.560651672905536,29.823485793992198,7.321989340737194,45.82831960492789,1191.9112524035042,315.53426959129297,2116.3210591298007,68.31653945762044,17.108181434367033,100.0,0,24.0,0.0
M-06,INJECTION_MOLDER,2026-06-20,Morning,113.13,905,94.28,0,RUNNING,311.5616569214579,0.14879162309918492,311.7673811688175,321.66117809662836,1.0294005560488881,323.75882964285194,1.461536437290303,0.2796964362893757,1.9798324801299112,17.886456273860613,1.2133122450294782,19.9825570707293,29.095728060643523,6.620853594954219,41.62130128326945,1223.200100387342,348.59888453568954,2314.7837019712883,67.41607218496154,16.488595616475518,95.05471420532092,0,23.67,0.0
M-06,INJECTION_MOLDER,2026-06-20,Night,122.0,976,93.33,0,RUNNING,311.16615776658557,0.20136889916973674,311.43206022910294,321.23017291597824,1.0681116532770953,323.7614093521988,1.3347009021338139,0.28718261609277007,2.014277548148647,18.280114320388776,1.4476285945473994,22.626887735522217,30.320558067075055,7.7724307592241235,43.33740302611726,1192.2717709250646,368.5026939452708,2425.540315550426,71.12178613414892,17.213765367791307,100.0,0,24.33,0.0
M-06,INJECTION_MOLDER,2026-06-21,Afternoon,123.9,991,95.06,0,RUNNING,309.9847246879466,0.19783081898519378,310.2355142737299,319.8676987905416,1.1167763062297282,321.77658677716,1.4164670214159527,0.3492184738272537,2.16443555269883,17.905365277081717,1.8267838104571439,21.629904444632505,27.21717587216044,7.398542208539934,45.24174358779315,1308.4838273463151,438.7339235829258,2881.450941373917,63.304116644788444,15.845761990516978,100.0,0,25.0,0.0
M-06,INJECTION_MOLDER,2026-06-21,Morning,121.75,974,92.91,0,RUNNING,310.41556890484685,0.16855103719712247,310.6617849871359,320.9198002016447,1.1565165993802464,323.0294532546137,1.339906546038345,0.3142346043105965,2.0068959531677537,18.21395644710782,1.5818509661311386,21.556723037955702,31.586016809288854,8.147491254866923,47.24033854221312,1136.0263629472468,329.5154139357832,2044.98909232286,72.22360877917237,18.531567868768875,100.0,0,24.67,0.0
M-06,INJECTION_MOLDER,2026-06-21,Night,119.66,957,98.65,0,RUNNING,309.53336356057764,0.08218658909153886,309.71943549534467,319.41326923970564,0.824703560163664,320.8475868200176,1.4208881771546924,0.30923632841585397,2.291166818005151,18.162546904787856,1.7626569845791265,21.573373146338422,27.718470406139026,8.365207924880556,51.456591515608125,1324.8249372188407,516.8458224726145,3228.125054254804,64.89494937369972,17.266073728198386,100.0,0,25.33,0.0
M-06,INJECTION_MOLDER,2026-06-22,Afternoon,117.9,943,98.08,0,RUNNING,310.0764608224873,0.1988121892887095,310.3390113442774,320.2783317619106,0.9697674280074106,321.87149456866587,1.399915798043488,0.30674646517047505,2.113747855156321,18.421125271861328,1.5934977141125974,21.384466184962207,29.841377946304586,8.222905709560008,46.65828508087394,1221.552248592354,416.6031498802472,2656.7185511358543,69.00847860715673,17.460301099566845,100.0,0,26.0,0.0
M-06,INJECTION_MOLDER,2026-06-22,Morning,115.37,923,93.21,0,RUNNING,309.79610466746414,0.12626234000409886,310.0401864174991,319.8199996873164,0.7368140261587364,321.5941075770684,1.4835436250067409,0.26563704341099514,2.0571833906257586,17.85767997773135,2.073234802993412,22.325847252106648,28.47844635184223,7.618371127450507,47.3881513319737,1270.4937394208198,449.10769187483174,3032.958187775383,66.46380916193105,18.174540971547003,100.0,0,25.67,0.0
M-06,INJECTION_MOLDER,2026-06-22,Night,114.53,916,90.34,0,RUNNING,310.614453348302,0.1301503601810736,310.83734867691555,320.9358017330649,0.8935441792940969,323.2223025580913,1.4867687961565408,0.33899884891449256,2.6022505885540026,18.031432654440696,1.845589022750366,21.19116497312492,29.667774788794578,7.715759198073018,49.42549818529464,1220.6494466364877,393.09222042305163,2620.489159939875,68.74143052641097,17.6064594721572,100.0,0,26.33,0.0
M-06,INJECTION_MOLDER,2026-06-23,Afternoon,124.32,995,95.07,0,RUNNING,310.2857055601486,0.21547496237549,310.58590024848354,320.75279179436734,1.0583305262252196,323.96668688197144,1.371305214018811,0.25788581559419455,1.8470212138537192,18.492459698465648,1.4330231863037841,21.175087178178604,30.940629362863376,7.076894818039629,44.22084448695976,1136.6455767666366,274.8639329874363,1836.1458178751727,72.3771913092986,15.832191305116465,100.0,0,27.0,0.0
M-06,INJECTION_MOLDER,2026-06-23,Morning,118.38,947,97.1,0,RUNNING,310.09444857283074,0.27564409646627885,310.5168055921158,320.02426420312094,0.9369729480680878,322.32821479932977,1.4294304687937212,0.32366606037192297,1.9717093359757545,18.506130826160877,1.8315943348318737,21.59606330818664,30.128752212329267,7.794112708633892,48.861545789825534,1195.4480417935993,361.4487637224775,2422.6011996096927,69.95070651908597,16.88150937117021,100.0,0,26.67,0.0
M-06,INJECTION_MOLDER,2026-06-23,Night,118.52,948,98.31,0,RUNNING,309.77557111012806,0.17653195211148473,310.14428544797966,319.8717216362331,0.8548034513795395,321.82658778283064,1.3887715218152585,0.3308821218241504,1.9906574557115309,17.65196254300379,1.9488922430211346,22.323471557164176,29.29333473454158,8.264639024526074,44.25531502891465,1296.5404170450684,519.1130515987561,3107.7221810459887,69.15552309272643,19.841903312206128,100.0,0,27.33,0.0
M-06,INJECTION_MOLDER,2026-06-24,Afternoon,120.69,965,96.9,0,RUNNING,309.3463730276179,0.16105300979099127,309.59606850885285,319.19153336050266,1.107605627926776,322.07494100787613,1.3728432926883438,0.25209948051699066,1.9539132906718375,18.04784369926481,1.7153938277949299,22.156789736450623,31.50125203081279,8.78475936360842,46.74663945710631,1177.8246273404193,480.7826550690361,3137.47704846653,72.64304350851454,20.5500507499328,100.0,0,28.0,0.0
M-06,INJECTION_MOLDER,2026-06-24,Morning,113.27,906,95.22,0,RUNNING,309.37994677717535,0.08168526752931538,309.4920930620518,319.5463124012678,0.873907337947595,321.49140803952844,1.4340287696369611,0.3056373901731789,1.9155660980112,17.31324423640987,1.6901752827469079,20.97162648513188,31.092685991315033,8.67368093868399,50.66814150299676,1162.529380176006,368.6754635268862,2398.4577187446475,72.54891199760615,18.060712005027405,100.0,0,27.67,0.0
M-06,INJECTION_MOLDER,2026-06-24,Night,118.16,945,96.07,0,RUNNING,308.83821829229424,0.20203596491702433,309.1465739037476,318.86590612176735,1.1067797097443735,321.2619243441458,1.3632502779140925,0.28099909011866253,1.9553336610069367,18.277219125046386,1.4834134041163125,21.025058843373102,27.70115297247214,7.533074006895667,42.2238200947854,1322.2551423385846,474.504840212657,2925.720459618991,64.96516759624234,17.523767584440186,100.0,0,28.33,0.0
M-06,INJECTION_MOLDER,2026-06-25,Afternoon,121.63,973,94.04,0,RUNNING,309.67764318522444,0.1298965774061155,309.9360088193337,319.872252009151,0.7486416167567121,321.35204494342577,1.4037279589458416,0.24449933854950323,1.8619151405939165,17.852272314024393,1.8765788098520864,22.007640604060107,27.575590108780368,9.17520863856197,48.82084038013824,1396.292488098843,581.4767023484984,2941.5684235786225,62.871428542687795,20.00100991073526,100.0,0,29.0,0.0
M-06,INJECTION_MOLDER,2026-06-25,Morning,111.04,888,94.68,0,RUNNING,309.45737485667354,0.3004415465557871,309.8552759803055,319.09289840445535,1.219505902523767,321.42756890214304,1.5034748476958595,0.25915333483855163,2.0957036100927624,18.481428224830424,1.8651262600400937,22.60109374186449,27.25627724289659,6.2025209741428995,40.829972680118274,1299.0368934516046,428.14761144907703,2821.046757800113,64.42146398586924,16.947690860490823,96.92315450764266,0,28.67,0.0
M-06,INJECTION_MOLDER,2026-06-25,Night,120.21,962,96.89,0,RUNNING,309.6008444832469,0.30676742795117984,310.1227343795473,319.6448770721158,1.1786506336785159,321.88901647882614,1.3769150405788688,0.27171006606277925,1.9912887518557916,18.0735965855836,1.479690700445373,21.687570499960977,30.31520073072562,7.715205338909501,47.557045303412615,1171.9122180647123,307.2885707469611,1968.5383514112584,70.34642774245964,17.698993033883852,100.0,0,29.33,0.0
M-06,INJECTION_MOLDER,2026-06-26,Afternoon,116.53,932,95.59,0,RUNNING,309.5074128333319,0.2920534121407737,309.8667260166972,319.54026502139016,0.905633345646785,321.4398722561325,1.400372024031691,0.27645300417932933,1.84181131874837,17.645774680546484,1.817127747776378,21.614272010343928,31.088884855462904,6.438609152457636,43.46897699548226,1129.4998864162385,262.35637420449194,2022.1235800547852,71.42732000359449,15.963762752528822,100.0,0,30.0,0.0
M-06,INJECTION_MOLDER,2026-06-26,Morning,118.77,950,96.34,0,RUNNING,309.69818821112347,0.3057593131861375,310.15894482632217,319.46835206142975,1.090931129530821,321.4726819788024,1.298629895520812,0.2726004292601427,1.9958294183557204,17.470869705677877,1.7761209143331815,20.49858856752883,30.947089552445522,7.445038111889521,43.292276573720216,1158.2471082561196,354.41308937830314,2338.121086866625,73.97435565329303,18.293865120392923,100.0,0,29.67,0.0
M-06,INJECTION_MOLDER,2026-06-26,Night,122.2,978,96.31,0,RUNNING,309.9122852946934,0.1414140735314838,310.1501107165404,319.6015525854337,1.1808841045366927,321.9140229968922,1.397304134187085,0.28379939244493496,1.947334359631366,17.708331760175238,1.5955253133812999,20.053155916188302,29.287225283011413,8.54091706641888,44.925449993541086,1258.5458770510359,455.26424106095334,2925.6993758542267,66.37010791782551,21.45342246179549,100.0,0,30.33,0.0
M-06,INJECTION_MOLDER,2026-06-27,Afternoon,122.57,981,91.9,0,RUNNING,310.37014746579393,0.09752365691122927,310.573403636608,320.41840458404823,1.2994368353700154,323.2800312140985,1.4050691633461436,0.310307280820323,2.045763312183694,18.228910094136044,1.562414448605389,21.367807616851195,30.577225044568458,7.986803001287669,50.47308284184524,1207.8510112336896,556.4625297870739,3959.313143460357,71.47608385857092,16.44966005040406,100.0,0,31.0,0.0
M-06,INJECTION_MOLDER,2026-06-27,Morning,117.89,943,96.45,0,RUNNING,310.1049831918961,0.10778732398954967,310.3402850106177,319.92269179710183,0.9445353639723615,322.07957051542195,1.4419142614929727,0.3148330443073651,2.076277231069898,17.61114103025171,1.9795085349908401,20.927242196623045,29.913977320339182,7.717838907737589,43.77331398275085,1194.3200937584866,340.61352316654956,1971.8548470440996,70.09831642549126,20.147732542071356,100.0,0,30.67,0.0
M-06,INJECTION_MOLDER,2026-06-27,Night,124.17,993,95.33,0,RUNNING,309.8414866587034,0.16547830828849372,310.19663876702253,319.9363358351707,1.0294789612124653,322.2345291477716,1.4063426986142586,0.31132990396470533,2.086322377900286,17.840689545444864,2.031348985437583,22.349337917512106,32.608662935918744,6.4977849134276005,44.29486932586656,1078.338392680168,251.64136372369938,1702.6567892246835,74.56695457768812,15.999851310374515,100.0,0,31.33,0.0
M-06,INJECTION_MOLDER,2026-06-28,Afternoon,115.06,920,94.58,0,RUNNING,309.4024513028712,0.1878856604242059,309.6600732183384,319.245466009525,0.9319979386268631,321.61977374518324,1.4624678968263165,0.3042826597742197,2.2760380721005404,17.989033364200253,1.9385712985460188,22.52555260975511,29.789900657803567,8.708784045953857,47.633678495957305,1235.076443969292,409.2273925544389,2339.390998205621,70.78245720209249,20.151667941515196,100.0,0,32.0,0.0
M-06,INJECTION_MOLDER,2026-06-28,Morning,121.53,972,98.39,0,RUNNING,310.00456572504424,0.21309953471606133,310.31773187813945,320.0012012436237,1.0963705867582911,321.8072497887074,1.4230605492465305,0.30658607526649245,1.9935496299745816,17.54236603018571,1.3090130554923711,19.49414545344951,32.05265077621066,8.427498791075726,50.34792087274635,1123.9484527703567,339.5108090771251,2300.4554549913137,73.17703076149029,17.770332449914644,100.0,0,31.67,0.0
M-06,INJECTION_MOLDER,2026-06-28,Night,118.96,952,94.43,0,RUNNING,308.9748296868969,0.1724375483234793,309.2998127192653,318.7889628081479,1.1552168275718737,320.99287599126643,1.4220693108857698,0.23112026909772443,2.297028179224892,18.766252778740842,1.6464795620047894,22.186094942318107,29.3230751156775,7.282746429109407,40.11509962115592,1238.4035205829966,433.8796472772815,2906.984034808036,68.60225864275554,16.79231875468047,94.17234044629228,0,32.33,0.0
M-06,INJECTION_MOLDER,2026-06-29,Afternoon,118.0,944,96.41,0,RUNNING,308.0043301055845,0.16342381984477528,308.2200502233518,317.895280399746,1.0238317304837303,319.8873519268518,1.5009123458977167,0.3811510784921832,2.3604996653418824,18.151755347848045,1.8480409673045404,21.804011384393228,30.608135218963334,7.936547205335995,44.062821794624256,1171.6153867323148,339.1397593255949,1892.343154236568,71.32537570887808,17.492679512769673,98.43179667967404,0,33.0,0.0
M-06,INJECTION_MOLDER,2026-06-29,Morning,126.25,1010,94.29,0,RUNNING,308.85870115423916,0.24901957645466186,309.2265272671581,319.03344447317045,1.0878681518340128,322.0689712909775,1.3670754731592254,0.3274793635190014,2.069690988001788,17.9212720509117,1.7591809408723096,20.73818663699551,28.320927025184467,8.746908435888084,45.00562344305097,1204.9162131262567,294.6134983408423,1869.29542858154,65.98133626577365,20.18231571803484,100.0,0,32.67,0.0
M-06,INJECTION_MOLDER,2026-06-29,Night,115.67,925,95.21,0,RUNNING,307.646574850086,0.12352891527661311,307.838225969417,317.7594366570911,0.7514327424745797,319.5941250380949,1.4056886680538219,0.2715422413703167,1.886551942779004,18.34241416920027,1.891053779586305,22.66786748267621,31.219279569768034,8.022351217039377,43.57482986097445,1172.7336771316814,446.4265534207143,2726.005505385104,73.72449008781929,19.147526904774566,100.0,0,33.33,0.0
M-06,INJECTION_MOLDER,2026-06-30,Afternoon,119.66,957,94.94,0,RUNNING,306.64041726728135,0.1114681626360507,306.8575835597389,316.57326284174064,0.8615682453369191,318.00046304452206,1.3438489110194876,0.27807304740859823,1.9827963856519168,18.849057344674364,2.0818758078809103,22.64201140772191,27.57946967069998,8.233675917672986,45.40602041602013,1344.0162122452707,469.17217692182805,2677.5541295461085,63.742991700711364,18.924864184236913,98.81883944017156,0,34.0,0.0
M-06,INJECTION_MOLDER,2026-06-30,Morning,121.14,969,95.33,0,RUNNING,306.92694541506967,0.2836448295095441,307.3527519570709,316.78609938890924,1.1820024862495029,319.4681554977137,1.3962822202408027,0.3858415034484738,2.035898140490792,17.87774781890666,2.3356683570373216,22.242311710181298,30.13951403525617,6.294115341782,41.19224761258817,1163.1487283949755,305.2438096576041,2422.6750539337104,70.91016051396676,13.61891755194455,93.89479121946488,0,33.67,0.0
M-06,INJECTION_MOLDER,2026-06-30,Night,114.55,916,96.64,0,RUNNING,306.3383700755482,0.16204474660277499,306.61867061762183,316.0153937544538,1.0685345067433976,318.339526262348,1.3889080883178486,0.30354793988597767,1.8764331774013567,18.275122975299876,2.0092268505336883,21.636581235754324,31.52213662845179,6.761917648302077,44.08976407819154,1105.6798459821289,257.9804967619473,1772.9878805187543,72.63585951763793,15.262753360783522,100.0,0,34.33,0.0
M-06,INJECTION_MOLDER,2026-07-01,Afternoon,120.81,966,97.39,0,RUNNING,305.38802009801964,0.27543022752174906,305.8860111501855,315.5810819221118,1.113952342986213,318.09578275851584,1.373225090046901,0.2672045710909752,1.9705852882079973,17.99222942707444,1.9863608691168841,22.75865672788835,32.07770721801134,8.501383458081639,47.09796149502208,1131.5176495233914,356.7716638860176,2095.532884549802,74.02362470044376,20.338187532997583,100.0,0,35.0,0.0
M-06,INJECTION_MOLDER,2026-07-01,Morning,126.32,1011,96.04,0,RUNNING,305.86471965668915,0.12601159418192123,306.1686282706809,315.98385341937376,1.0071814754662827,318.3315854120845,1.3140150665084118,0.2549101966682353,1.694432426548688,18.42842684771455,1.6857074493786826,21.828204894249367,32.099131002376005,7.284746603279252,50.52724187199944,1082.5453934618108,241.68616393817865,1643.658610669807,74.27454079472729,15.304558171458467,100.0,0,34.67,0.0
M-06,INJECTION_MOLDER,2026-07-01,Night,115.43,923,99.41,0,RUNNING,304.7863593592091,0.2032760866330148,305.12405548593944,314.70651580095387,0.7794182528685075,316.04370322113203,1.4176314253582885,0.30391806703845264,1.976164002124596,18.191120969962558,1.6477798370249976,21.04087277261203,33.24430032614609,6.8530963863025525,45.23256428744242,1063.1091542353522,258.4583263758206,1673.8664806857637,74.8747282485795,17.084810247862436,100.0,0,35.33,0.0
M-06,INJECTION_MOLDER,2026-07-02,Afternoon,117.36,939,99.64,0,RUNNING,304.80575199026015,0.268044543131465,305.2764192306641,314.8567197312212,1.1394955285339092,317.2016402110734,1.4262275124345398,0.32198976621590786,1.9956073022331495,18.140642211932875,1.7828626719082372,20.926085652823048,31.13830198934652,8.419713964305265,45.2839666594174,1168.525385471422,401.9165973290412,2579.8891291501795,71.14858495056286,20.066904883774946,100.0,0,36.0,0.0
M-06,INJECTION_MOLDER,2026-07-02,Morning,120.73,966,99.26,0,RUNNING,304.82966432970704,0.2597919603941591,305.3405626176108,314.6480953268181,1.085238228936907,317.41857003415413,1.4055421579077085,0.3237345705049974,2.064911844643456,17.570548505533136,1.8585502226943473,20.686060562894628,30.29918550466899,6.215978861905683,46.44346164146687,1147.776462747931,250.05273610626597,1943.07090188197,69.37230068684177,15.036041415962455,100.0,0,35.67,0.0
M-06,INJECTION_MOLDER,2026-07-02,Night,122.79,982,97.11,0,RUNNING,304.64915600390856,0.1049561520255071,304.8354925671933,314.46315147498785,1.0781164054589807,316.6294958620716,1.4810039907954866,0.26472743700624635,1.9337765297236695,17.686476982005292,1.8832615649006967,21.067324356938425,29.78430130484156,7.648438757050932,48.32303415471281,1198.5629618764929,306.0723475356469,1842.1553742989956,68.70056516319976,17.385893719911465,100.0,0,36.33,0.0
M-06,INJECTION_MOLDER,2026-07-03,Afternoon,124.32,995,96.28,0,RUNNING,304.97092815992073,0.1452739686198331,305.21124197083924,315.1237316000213,1.014704453297923,317.40596141734744,1.4035536698001965,0.30877319746102105,2.0726855148823264,17.72001402250135,1.8499767111849947,21.871093875946173,31.372216887202136,8.46210500148818,50.40758434248996,1142.9602573480674,311.7506790970387,2011.8818344777576,72.22758174473066,18.183404398367195,100.0,0,37.0,0.0
M-06,INJECTION_MOLDER,2026-07-03,Morning,120.84,967,95.5,0,RUNNING,304.56434955976977,0.13866497478751935,304.8992988652666,314.3801504499833,0.84264717723255,316.1963724647179,1.47784198671583,0.23283601870647802,2.048981418298548,18.277356148054903,2.321264516590613,23.147440212263625,29.113261120727433,6.8046407136416684,45.740545150293855,1210.693441809199,296.8786742801488,2021.459611811108,67.81336708290726,16.52200628062226,100.0,0,36.67,0.0
M-06,INJECTION_MOLDER,2026-07-03,Night,112.92,903,93.77,0,RUNNING,304.8003662917548,0.16231873366719077,305.1265887337609,315.05663038818267,1.2284111183393354,317.64950899134044,1.4693018450890927,0.3302623810652677,2.306741666813365,17.319871383842806,1.8499804527383656,21.621087762549585,28.648068957661547,6.366924299134248,44.04047071197648,1231.020826897402,306.78802643276606,2172.074682513739,67.13106313772333,14.186508626550445,100.0,0,37.33,0.0
M-06,INJECTION_MOLDER,2026-07-04,Afternoon,119.8,958,98.44,0,RUNNING,304.5615639874892,0.10985347490869801,304.84000120591367,314.7318453335004,1.1087923306433167,317.2198415055624,1.3251763800600778,0.2802309034859821,1.9673695710722772,17.809250967854226,2.1825811672871525,22.66734539830741,30.85556133507699,7.6891733753050175,46.99659243364487,1153.231335688235,323.29311005275434,2216.15038918598,73.39307341589517,16.46257939752202,100.0,0,38.0,0.0
M-06,INJECTION_MOLDER,2026-07-04,Morning,119.33,955,96.62,0,RUNNING,304.6102986617465,0.09468798614816305,304.764330412202,314.5153977074097,1.2398756562327968,317.9625664922787,1.3681138607000565,0.28206455444699247,2.094115860604051,18.096305173356008,1.7249955148147318,22.872999538247164,30.233506092489108,8.718526135881849,46.445808656498784,1212.4403979622,402.1316022608808,2373.84231366328,68.82124876243658,19.851042952210616,100.0,0,37.67,0.0
M-06,INJECTION_MOLDER,2026-07-04,Night,112.98,904,96.29,0,RUNNING,304.63996373332844,0.23992299810041215,304.9571978901815,314.4306297345393,1.1575580095227065,316.46167220411536,1.4425492066606214,0.28900706308296115,1.907856858986012,18.078150814685255,1.8974620696646516,20.526635050394557,29.458226099243976,7.358747340513907,51.40778157475725,1206.0730252266433,305.72043168252293,2063.310726562425,68.50260214438843,16.128194724273282,100.0,0,38.33,0.0
M-06,INJECTION_MOLDER,2026-07-05,Afternoon,119.66,957,96.84,0,RUNNING,305.46758987396186,0.10551004076926075,305.68138600608773,315.4035905990231,0.8968729403536022,317.321322299012,1.4725831514887577,0.3125067233009135,2.156956380059297,17.553795834240795,1.747251686126111,21.1480319012222,28.97664817753638,8.195833204277031,42.89247965867664,1258.8556494929405,396.84845334667824,2194.2868057724536,65.53718439096056,19.15173729929414,100.0,0,39.0,0.0
M-06,INJECTION_MOLDER,2026-07-05,Morning,113.46,908,97.52,0,RUNNING,305.21928422824556,0.20393984639644328,305.4703757889272,314.79785031789305,0.9889972038754351,317.30398977304617,1.4581210417030421,0.24487054162786656,1.9362476364880312,17.880128855096114,1.6814095735926127,21.30320128073175,30.83579721916828,5.449967199065965,43.08807423218632,1114.2938244444658,215.25742639264078,1564.9874051991374,70.28149752601122,13.802774551601214,96.33770880613494,0,38.67,0.0
M-06,INJECTION_MOLDER,2026-07-05,Night,116.89,935,98.56,0,RUNNING,305.4072956349802,0.16237272670417033,305.8296437949707,314.9891836792577,1.0399651057693071,316.6478052064884,1.4224635222943884,0.29181296459119344,1.922297352842728,18.027638797127977,1.3904338695346115,21.236471472597582,33.154077775420866,6.939460087880571,46.80960707719965,1053.1519240985492,224.58581204084558,1496.5074660428306,76.82999987823888,15.878948869494018,100.0,0,39.33,0.0
M-06,INJECTION_MOLDER,2026-07-06,Afternoon,119.53,956,97.16,0,RUNNING,305.8072565445433,0.11667175963992854,305.99009222966623,315.8723158439919,1.0602233304452138,317.9671755588128,1.4029299559833872,0.2640950270672486,1.9089750113877653,18.275206669215823,1.8230163747921249,21.9819820588327,30.670132002098736,7.671479958044992,47.50359872973274,1171.7367547584236,351.5251124030407,2231.806792113817,72.39656559952938,18.04274658239939,100.0,0,40.0,0.0
M-06,INJECTION_MOLDER,2026-07-06,Morning,123.75,990,97.17,0,RUNNING,305.7324343646579,0.128328630861149,305.9162568262726,315.6107341033905,0.7982866694142665,316.9713558800828,1.4145899193847746,0.3550127255020615,2.105118324840147,18.147613890454775,1.8125705186278716,21.712261030960946,29.308138007392177,7.585147255635931,46.26544295300668,1222.1247533601027,345.95444018184963,2174.1679178338736,68.11840592293116,16.97990557633805,100.0,0,39.67,0.0
M-06,INJECTION_MOLDER,2026-07-06,Night,117.46,940,97.71,0,RUNNING,306.1151795760959,0.16120482609751005,306.4395207311118,315.9781549664679,0.8940883218465964,317.5130324026407,1.4975436143801364,0.3187561405463539,2.189510251064942,17.810401445904894,2.333132163574536,21.8749821375018,32.72821470491509,7.694238801742713,48.802427520420665,1114.3520473932883,333.7258720314486,2104.612489414409,73.95514654987939,18.92091669018563,100.0,0,40.33,0.0
M-06,INJECTION_MOLDER,2026-07-07,Afternoon,117.37,939,96.72,0,RUNNING,305.63591927977836,0.11274347450319838,305.8137422115374,315.6263804799221,0.911631298176846,317.4107924089454,1.4938776885124532,0.2888389564506586,2.0570494033425457,17.963441471126252,1.4366886546029969,20.37953833297601,28.925409048712442,7.3394349715394265,44.69668429163289,1234.9430907567937,336.4599041417409,2142.879005911757,67.37621053724888,17.50896768295959,100.0,0,41.0,0.0
M-06,INJECTION_MOLDER,2026-07-07,Morning,125.94,1008,98.14,0,RUNNING,306.2843842746745,0.15472267484887037,306.5385223227822,316.08819840406613,0.9084524425549019,317.9464203664092,1.4566542826626583,0.34464493581303046,2.154930875172714,17.578472351567957,1.5191573404287029,20.356591445933127,29.70988971260464,7.6191042150826735,46.612811449517,1208.7496670587186,329.78205228097937,1886.8989374529683,67.4121794836267,15.750808144831264,100.0,0,40.67,0.0
M-06,INJECTION_MOLDER,2026-07-07,Night,115.34,923,97.14,0,RUNNING,305.892402918383,0.09778603675260204,306.0653632848522,315.9451377280494,0.8726036814176886,317.38408184820355,1.437888926224575,0.24223630758529743,2.0115185902419825,18.068761753579057,1.894086303116832,21.615857614162746,30.866105623147625,7.273763997296781,48.61152578263044,1145.096290039244,278.73929537845254,1729.0249234185048,72.45444038213337,16.2761779199862,100.0,0,41.33,0.0
M-06,INJECTION_MOLDER,2026-07-08,Afternoon,115.82,927,95.43,0,RUNNING,305.23096174316623,0.12211047897012998,305.44449034629935,314.9322686867995,0.9990737009046987,317.3920233785728,1.3974104666088152,0.31004689116400036,2.073115763259449,17.76311887185502,1.9611787465466057,21.788874656261388,30.703504249160265,7.355123859339503,50.43574179603816,1144.5786772657377,228.57461204721213,1575.296488827725,71.12005946483139,15.549637227863634,100.0,0,42.0,0.0
M-06,INJECTION_MOLDER,2026-07-08,Morning,121.62,973,92.26,0,RUNNING,305.7171267895095,0.1509994975996144,306.02496149209213,315.5199477287871,0.894152293617098,317.4562307360408,1.4011023368442548,0.40754648651115644,2.3520783644072067,17.844194675551496,1.610819616807567,21.319993399489015,31.087537619027238,6.626582657450862,51.22393526772268,1124.8632945835675,242.09014604830662,1709.0939175364692,72.46356651808209,13.854294758750074,100.0,0,41.67,0.0
M-06,INJECTION_MOLDER,2026-07-08,Night,118.92,951,93.58,0,RUNNING,304.5008265383606,0.24621286735299938,305.050410395052,314.7842219643355,1.265439048418158,316.784366821967,1.5103503239026081,0.279146416077369,2.246793752866816,17.961909850923092,1.658149274672659,20.349652421012667,29.018208098342704,8.188149131186352,43.23710609757673,1266.5816522610626,455.58461619834077,2884.392607746314,67.94849238691732,20.578614913218335,100.0,0,42.33,0.0
M-06,INJECTION_MOLDER,2026-07-09,Afternoon,119.3,954,94.49,0,RUNNING,304.41409069167605,0.15690306329111067,304.6679293614249,314.62686821789646,1.068631930285928,316.7390771183813,1.3873959127105242,0.3298547464341501,2.116623335305529,18.015203577332045,1.607474151268739,20.828214377707,29.671477787737746,6.24749372105781,43.75238277252974,1165.564733332218,256.2796415610631,1743.3417148384774,69.30403368915556,16.30470953146462,100.0,0,43.0,0.0
M-06,INJECTION_MOLDER,2026-07-09,Morning,121.4,971,96.5,0,RUNNING,304.26211718587706,0.13167430819080522,304.5223999272881,314.0988701090353,1.0137195368580845,316.95499834043653,1.4059604155502397,0.3633437128414646,2.013434296422509,17.917991439498294,1.8087019591595763,22.310305503461848,29.78702458842735,8.444140843332455,46.86379947531893,1217.3854675352425,357.955360721653,2109.017513873549,68.83595968238932,19.92694508067595,100.0,0,42.67,0.0
M-06,INJECTION_MOLDER,2026-07-09,Night,123.78,990,99.31,0,RUNNING,303.76628203122993,0.12638693589667616,304.12529800765304,313.9834580399637,0.9824390948253703,315.8936979332779,1.277132863957934,0.27903793986204256,1.862884386377681,17.973218364730876,1.5218814172609938,21.36471689322558,31.28891538272655,9.80033614978168,53.48185168690628,1198.8777819529255,475.84348984711903,2780.141709747341,70.48020967123193,21.167122049263817,100.0,0,43.33,0.0
M-06,INJECTION_MOLDER,2026-07-10,Afternoon,121.77,974,95.28,0,RUNNING,303.2886195705261,0.11168319818972326,303.6535229455544,313.47184835694185,1.0107947304354836,315.41828786526327,1.3508404617993217,0.2933723581477638,1.9034960196116344,17.76215417110469,1.8084929480841754,21.896437524640238,28.968120250193213,8.279218591295821,44.943193614359934,1243.1390535674686,398.4659171589161,2150.6367776225616,67.41804044753307,19.68465406352433,100.0,0,44.0,0.0
M-06,INJECTION_MOLDER,2026-07-10,Morning,118.26,946,94.78,0,RUNNING,303.6130656210248,0.10661533561335108,303.8210149208845,313.72637293722147,0.868859368455364,316.006350998532,1.397875488958332,0.28291666182358277,1.814170432778568,18.11511379930464,1.4279953765226872,20.94386448594863,28.121331001476737,7.89498599585318,43.17228026107628,1296.7953768168777,434.895231186365,2488.94254963467,65.62484211433596,18.851597563611357,98.09291349059022,0,43.67,0.0
M-06,INJECTION_MOLDER,2026-07-10,Night,119.5,956,97.48,0,RUNNING,303.63177565121475,0.16561961740870682,303.93317169465405,313.7917975015636,0.7290011814880104,315.5114248800446,1.4766657703897414,0.29232682341029176,2.044996670318141,18.2336487669346,1.8092124910377085,21.06908990095214,30.383768295874933,5.661036515296172,39.66527665317343,1141.7494482117959,227.25173088464624,1621.1994263613756,72.64257202019482,14.02729703667842,96.13159480676582,0,44.33,0.0
M-06,INJECTION_MOLDER,2026-07-11,Afternoon,120.26,962,95.18,0,RUNNING,303.6232774545684,0.13912033941068688,303.9109567401838,313.56573891856283,0.9499640771073031,315.7413417659223,1.376292989598939,0.2783199544639933,2.0170654711939,18.06453807959089,1.985386019131506,22.56786312689,33.05179300756585,6.0459732475347066,43.27307687008134,1052.7729816420076,229.3490256068322,1924.9065330185624,76.67429728045522,15.548473504965516,100.0,0,45.0,0.0
M-06,INJECTION_MOLDER,2026-07-11,Morning,113.13,905,98.64,0,RUNNING,303.61449588569553,0.08415046364643788,303.84970686490504,313.63233672097124,1.0854969077045833,315.674602826049,1.4320923273194746,0.2953470544085682,2.145861188500757,18.13542363598681,1.7380672300838274,22.09475072483942,31.01707155156849,7.368803254209039,46.11790327543123,1139.7159623596178,301.5221165957764,2097.4836383798824,73.69908323562345,17.587794396128572,100.0,0,44.67,0.0
M-06,INJECTION_MOLDER,2026-07-11,Night,119.68,957,95.92,0,RUNNING,303.38584184778347,0.14586902516152286,303.63670598346164,313.23578800638404,1.3040417918878122,315.79851053164856,1.4208136878300999,0.3481895181208853,2.1606564813556326,18.67728749142793,2.348527231729993,23.075160903158512,31.05588035924815,6.888981372744406,51.78255587706086,1113.3772797310837,231.78149107804057,1651.693002699785,70.87890237494734,13.647242597155852,100.0,0,45.33,0.0
M-06,INJECTION_MOLDER,2026-07-12,Afternoon,115.14,921,94.39,0,RUNNING,303.65900880173336,0.11776543728421619,303.8232959308761,313.56332335855006,1.1964178632289282,316.57159651602245,1.88180509242359,0.2947133268220232,2.400049669064974,18.039035681439447,2.014899045052335,21.714829896511965,31.31933019441127,7.28511091058012,47.14472301874273,1106.2698413457153,279.9666469687012,1806.4587641372875,74.09518753681552,18.304170202071226,100.0,0,46.0,0.0
M-06,INJECTION_MOLDER,2026-07-12,Morning,109.03,872,96.49,0,RUNNING,303.4538094429788,0.10628929582404599,303.65020139665745,313.62193427957317,1.1364329725451285,315.4596765374672,1.7374011828803346,0.26962893520447384,2.3135778776563463,18.077046153961337,1.498859043281308,21.03673993562697,29.14530470083055,7.867288218169723,44.77153605438944,1247.9610513358848,342.8032329206591,2111.3925163703666,64.9165391613574,18.95769590237275,100.0,0,45.67,0.0
M-06,INJECTION_MOLDER,2026-07-12,Night,118.28,946,91.46,0,RUNNING,304.05400148404533,0.13107083815717438,304.31329840435615,314.1605682086232,1.2457526216588597,316.90353303882887,2.008031412650136,0.2632396301567193,2.4929471467837936,17.861022075805884,1.537333531097219,21.87870027467577,29.505685713489274,9.196908294303155,50.50940257718717,1172.1435591238212,324.1115616294685,2109.1142031147765,67.3427303538286,20.280857666990705,100.0,0,46.33,0.0
M-06,INJECTION_MOLDER,2026-07-13,Afternoon,112.79,902,86.75,0,RUNNING,303.449445463866,0.1431741728659449,303.7794251312715,313.1978294796836,1.2021947393659556,315.89660390762305,2.4313805624364218,0.31258728543673686,3.1226342735543846,18.649653869015975,1.6055436706682513,21.91218341141965,29.353092062365892,7.1186696724993626,48.74334688645807,1193.1874717359017,355.40793791636105,2361.62205641526,70.46991314622642,17.7991019983859,100.0,0,47.0,0.0
M-06,INJECTION_MOLDER,2026-07-13,Morning,111.56,892,90.46,0,RUNNING,303.87310950362115,0.15198265290539162,304.1264842543143,313.7900941167888,0.8921994927428106,316.1414064947417,2.2177434118157624,0.304230804731842,2.7402280231837994,18.489301194853407,1.869145713480504,22.776403248030917,27.727271038232395,8.041986594731284,44.347554109631055,1247.1917428212782,308.8259726778044,2094.533990540709,63.75999206832591,18.56289116404223,97.84854438665252,0,46.67,0.0
M-06,INJECTION_MOLDER,2026-07-13,Night,109.67,877,89.79,0,RUNNING,304.00718993421214,0.1647728508165917,304.32875755756737,313.86909835628666,0.8852165071623368,316.49665619144014,2.6196950188035175,0.3249493171135899,3.2466418521605536,18.000293586676644,2.0349074433797774,21.690414369845044,29.571927030227723,7.078263701591023,47.844153846705545,1198.1336715972943,263.33854765058226,1798.1256505431802,68.94145241307206,14.770863873208517,100.0,0,47.33,0.0
M-06,INJECTION_MOLDER,2026-07-14,Afternoon,102.77,822,87.08,0,RUNNING,304.1548267404407,0.15237984620287137,304.40193558635343,314.16987382787073,1.1243743237475747,316.173720581136,2.960647483748799,0.2864421359067151,3.568685145184329,18.662524247081176,1.53390798142789,21.218684375100946,31.507794297265175,7.218988115707071,44.05721543149855,1128.5212421307685,316.35325219810005,2154.02281227609,73.52768667350377,15.999199691653834,100.0,0,48.0,0.0
M-06,INJECTION_MOLDER,2026-07-14,Morning,106.36,851,89.44,0,RUNNING,304.02504497454373,0.08398511833326229,304.15803813142253,314.21714555955697,0.982390905343277,316.2446472462817,2.8235627884924774,0.22262308915416573,3.221366465642959,18.23514486025782,1.5794311669347538,20.800557132577232,29.454675178303592,10.757862873723314,50.48362194173487,1307.4374264220721,508.6655204579759,2397.5711827152527,66.61462107737606,25.225504340483653,100.0,0,47.67,0.0
M-06,INJECTION_MOLDER,2026-07-14,Night,104.65,837,86.71,0,RUNNING,304.0315390443083,0.16294248248485566,304.264315355084,313.86895039420443,0.9939884487837063,315.88563132710794,3.1065450064478752,0.3247345127813332,3.7796916310930992,18.78578173926857,1.606331748985696,23.649614182543218,30.44772822174853,8.177413895099864,47.69415335788974,1185.2918464613733,356.91012009060034,2248.579672675065,68.6476552822355,18.454061703558953,100.0,0,48.33,0.0
M-06,INJECTION_MOLDER,2026-07-15,Afternoon,91.28,730,85.25,0,RUNNING,304.5480474500822,0.4114709471036038,305.11481194441075,314.4884442218104,1.2541424521946296,316.6420516495928,3.602539046824353,0.2636253682514777,4.14988561420727,18.958183989977474,2.51250485274929,24.317097350736667,27.647911815497636,6.655199595849625,43.63843153056443,1280.742694500946,320.3304034875869,1936.4760138663923,65.51133648718232,16.14406951726816,100.0,0,49.0,0.0
M-06,INJECTION_MOLDER,2026-07-15,Morning,102.53,820,85.26,0,RUNNING,303.7100336168793,0.11472289003329435,303.964117341671,313.7688742281108,0.7177422900026705,315.68982507285625,3.3465791772250744,0.3140255155059422,3.951861802806104,18.77342044450533,1.7864139884127972,22.385577662810203,29.967650634002624,9.197573837176547,48.59206865244085,1258.745226734251,515.4292795754412,2845.5038944906105,69.33909820739025,21.87625212050722,100.0,0,48.67,0.0
M-06,INJECTION_MOLDER,2026-07-15,Night,96.88,775,82.74,0,RUNNING,305.3843345295983,0.15034130300376114,305.680234540058,315.12079212194243,0.879367200268142,317.2227500794344,3.6982706291059215,0.3126955978488186,4.327393991289662,18.75870097227663,2.1861734128582317,22.551461127997,29.193501112749303,10.08215118055523,56.31028353620978,1232.3517152687907,417.30230509199293,2848.172145607447,67.25472733470633,20.416823003910874,100.0,0,49.33,0.0
M-06,INJECTION_MOLDER,2026-07-16,Afternoon,98.79,790,84.13,0,RUNNING,305.3694614259108,0.24545109845132007,305.8243343330568,315.3611122282147,1.0561729523105325,318.2954004181954,4.228520524957669,0.29438327491513455,4.757125710009368,18.586867932162043,1.855826500925334,21.7988533370683,29.383540644985572,9.968893896140756,53.70204281213647,1268.5955465261534,414.35041162133115,2221.9726150374554,66.92697709712245,21.820527468685707,100.0,0,50.0,0.0
M-06,INJECTION_MOLDER,2026-07-16,Morning,91.47,732,83.72,0,RUNNING,305.3393190678298,0.19408391835736288,305.64890564774976,315.21763034617896,0.924422503568552,318.1945816567218,4.0408575823484005,0.2540493004747608,4.662688446369118,19.228354921925018,1.3639644399004105,23.269116335307,30.514413375841933,8.504228985782017,58.92040725060578,1188.9743568838173,419.30615083944815,3048.112390756976,69.01237072486805,16.916754989401362,100.0,0,49.67,0.0
M-06,INJECTION_MOLDER,2026-07-16,Night,93.27,746,84.41,0,RUNNING,305.82694156201063,0.1787795411542177,306.099007782175,315.7233248868213,0.9344931806064826,317.6722613159102,4.337463124238062,0.2715219823745133,4.925505750025037,19.518836803353295,1.9011949317276546,24.15340752875409,29.320621412157745,6.319662273516546,38.78758209935493,1202.371979939925,308.5900721991725,2248.644373361177,68.25581103814835,15.840892958771091,97.84586618437709,0,50.33,0.0
M-06,INJECTION_MOLDER,2026-07-17,Afternoon,115.84,0,92.5,480,DOWN,306.0267832769244,0.06766989783638518,306.1974148964614,315.95899327284224,1.0291654375703498,317.79812216559094,4.772154331306401,0.3471527213026793,5.30849395133496,19.3207325030892,1.5474389416410466,23.36470222212075,29.816397994247158,7.860890539307367,48.52831804168851,1209.444940372518,364.8245293368493,2118.024963528926,68.42713910907365,17.656162506726844,100.0,0,0.29,1.0
M-06,INJECTION_MOLDER,2026-07-17,Morning,118.35,0,94.61,480,DOWN,305.9571167765841,0.19271601423152737,306.2325590508777,315.9521929024523,1.1843094382498376,318.4539927467472,4.610824259904997,0.3404914500765262,5.294130780062678,19.174849511602773,1.8078310704932712,22.69881597324568,33.29147819110515,6.13228040227851,44.14309662941778,1041.969748767401,213.10621209804157,1569.349623170127,77.9482426908976,14.073884005946883,100.0,0,50.67,0.0
M-06,INJECTION_MOLDER,2026-07-17,Night,118.6,0,96.32,480,DOWN,306.1792730156261,0.05127721572911668,306.2369362333065,316.3052067121157,1.0628736970628998,318.1183057547614,4.764881791414515,0.19477906280144908,4.94408171346904,19.52681623320157,1.5128786013104976,21.92190595715814,31.277429225964614,6.117799548964458,43.78145295692484,1104.0143115737865,175.48933844830117,1308.779019163844,75.68708348291405,13.221337384842677,100.0,1,0.62,1.0
M-06,INJECTION_MOLDER,2026-07-18,Afternoon,116.6,933,97.22,0,RUNNING,303.5142840521804,0.1173404773024748,303.6963598076425,313.4109377352613,1.0651429353545327,315.6758626566533,1.4259493130432592,0.3502053666789077,2.5220464151141817,18.0412190830025,1.3063795075623226,19.975545921418625,30.379684756536545,6.535798625345289,42.256042730387776,1163.5916732018557,317.57212532007054,2369.7585404583288,70.23780483682897,14.825621918171107,94.00892236930204,0,1.29,1.0
M-06,INJECTION_MOLDER,2026-07-18,Morning,119.65,957,95.17,0,RUNNING,303.24212623119774,0.0422863408788083,303.2801941846229,313.0879783987047,0.22292847823893747,313.43834523710785,1.646373254450764,0.2715099024500712,1.8401967901858671,19.66213453874715,0.9230469306998493,20.253028944029897,27.5406519039823,2.4262673314613097,31.463240584882293,1204.9224846739587,125.37787519393825,1483.9000488720603,58.70498259292612,6.613899828310397,74.05730334149871,0,0.96,1.0
M-06,INJECTION_MOLDER,2026-07-18,Night,115.26,922,97.55,0,RUNNING,303.9146909206711,0.09234462909156223,304.1407250484273,313.80759473368687,1.1536187439036827,316.6388617862816,1.3583845095778875,0.3139802501422923,1.9335334935624424,18.462262627789823,1.8316837377645783,21.899121803773955,30.76978867058262,8.124715560584255,46.55832479112821,1172.1530140127616,362.6637114389287,2276.465557017228,72.41524298983643,18.74986891289058,100.0,0,0.29,2.0
M-06,INJECTION_MOLDER,2026-07-19,Afternoon,114.72,918,95.0,0,RUNNING,304.4238199894853,0.1733870428581049,304.71759956043275,314.00189386277737,0.787906494078367,315.788724208054,1.4189893037185146,0.31903914573391,1.9030692541141527,18.198178583621374,1.9572937412217999,23.55012737427539,32.74445529753129,8.708328158332066,48.1319735573081,1119.5572513353789,412.645308421986,2825.3284910366624,75.36567243223253,18.143035044066586,100.0,0,0.96,2.0
M-06,INJECTION_MOLDER,2026-07-19,Morning,116.39,931,94.5,0,RUNNING,304.1410042158231,0.14175162860176552,304.4414943732547,313.9797259973867,0.9352576664481961,315.6895634930525,1.3729044902670908,0.27913012521454234,1.852636578858458,18.15287590880364,1.8889466857932364,21.68656084561653,30.84378116720711,9.03930471317591,43.86029546652257,1205.582222781587,459.9828945291186,2631.257647359619,71.66999895647663,22.976524296501363,100.0,0,0.62,2.0
M-06,INJECTION_MOLDER,2026-07-19,Night,123.51,988,97.03,0,RUNNING,304.90118416215006,0.1584311741956454,305.17905005607,315.12877749972256,1.0237446267970234,316.84224183510787,1.3901151296308867,0.28073483300734386,2.194067269633325,18.333151612297094,1.6850570754094736,23.05751589386104,31.228434444571622,8.473181877624292,50.30145654368192,1191.7874743039292,409.8041156399252,2403.149149218563,69.88294170040247,19.22899620155826,100.0,0,1.29,2.0
M-06,INJECTION_MOLDER,2026-07-20,Afternoon,116.03,928,95.34,0,RUNNING,305.45085488924764,0.1643833647167711,305.7920660853586,315.7124274014873,0.9381446048698533,317.28754125616354,1.318680094844846,0.3588856945960827,1.9259000694681545,18.361039234831598,1.8170456764346015,22.31748531491245,29.263830221710784,8.533649155619756,41.19946215339637,1226.0984113437896,552.3032873160971,3924.418488594613,68.7833227055108,20.47080430556844,94.57185509273522,0,1.96,2.0
M-06,INJECTION_MOLDER,2026-07-20,Morning,123.52,988,97.04,0,RUNNING,305.5246899930689,0.22485217313078276,305.9022144449787,315.6447716767516,1.1775718603337328,317.85983126692804,1.3653039770460982,0.30086504781221995,2.1223116655131045,17.76711916710976,1.4830538294366393,21.434482976037295,30.121141621522206,8.286113034084659,48.61532693355924,1207.3921683570507,417.16741619728396,2791.947552009351,68.81889959338449,19.915864989143135,100.0,0,1.62,2.0
M-06,INJECTION_MOLDER,2026-07-20,Night,117.19,938,95.53,0,RUNNING,305.4144009051361,0.17585871801105069,305.6640507672874,315.2792280901703,0.8247665362858249,317.3400945959498,1.3849141904134041,0.3635071281183442,2.2292579557714403,17.92897952750794,1.4789490491788235,21.368664184661142,30.05214493402609,10.213758057257948,49.01588578030852,1218.9867892864006,434.2797880707938,2174.738447161803,69.69423608247175,22.704627568734768,100.0,0,2.29,2.0
M-06,INJECTION_MOLDER,2026-07-21,Afternoon,123.21,986,99.66,0,RUNNING,304.71544110846435,0.08983270021157574,304.8511982768191,314.69420433280163,0.9195574995367036,316.528773268289,1.3719965543066182,0.2432639872847815,1.952107134171912,18.316983314573513,1.9121921305851073,23.22349490630916,28.232720826234452,7.792276755541571,47.975035205080914,1291.189523521043,416.8955068908833,2722.20454175073,65.07275232172441,18.33533068879787,100.0,0,2.96,2.0
M-06,INJECTION_MOLDER,2026-07-21,Morning,115.69,926,97.79,0,RUNNING,304.89462224336717,0.19677303994045015,305.30286833027543,314.8220983352767,1.047194312722962,317.0227991806076,1.3336897268668542,0.3045328355049766,2.0421540030978758,17.9767129745307,1.856762793929369,20.871820619906085,29.119885454629987,9.403833366228268,46.75703750979792,1304.7358752854595,534.9959836477641,2738.3049835216625,67.0971604789325,21.553851821494774,100.0,0,2.62,2.0
M-06,INJECTION_MOLDER,2026-07-21,Night,118.53,948,97.42,0,RUNNING,304.49332550937163,0.12220716532002451,304.79257974712976,314.44675130382933,0.8792118815271351,316.26869572380207,1.48058877842805,0.2913827988771155,2.363355503079118,18.083049514045392,2.243421548818335,21.67770859113375,30.910034804292536,8.660235852881552,50.9255050294013,1161.0368835547404,318.2563258771197,1768.1437590957455,73.16382673614231,17.51328562667705,100.0,0,3.29,2.0
M-06,INJECTION_MOLDER,2026-07-22,Afternoon,108.75,870,89.24,0,RUNNING,304.79166418180756,0.1442480018372704,305.0773053027528,314.87302183204423,1.2099876991238112,317.35084105364183,1.9432267156924585,0.32347785383367306,2.582278738877417,17.938051662111945,1.7673425042230053,22.34025740594392,27.893353027198174,9.034071667872484,44.96210462528923,1233.4688960866615,471.01625540907753,3476.080059090684,65.95902222513328,22.565108914500794,100.0,0,3.96,2.0
M-06,INJECTION_MOLDER,2026-07-22,Morning,121.8,974,91.76,0,RUNNING,304.6203510458932,0.24742156782330796,305.0840896914689,315.04002135918813,1.1334267002535507,317.24117480716814,1.7391053989912468,0.322876263236363,2.441041630640896,17.712943653551942,1.521172401935877,22.40714528277151,28.58352382451491,7.179255337407033,45.80615450067908,1252.4903632644423,360.48173653339103,2167.9681965267832,66.35983582931495,16.83394487802135,100.0,0,3.62,2.0
M-06,INJECTION_MOLDER,2026-07-22,Night,116.44,931,89.23,0,RUNNING,305.1440021636693,0.23923231058038139,305.4551550305575,314.6903684015688,1.0748220560618205,316.6853343001519,2.118052990623794,0.28319187388675987,2.59529320393284,18.047785931346166,1.5020492608551708,21.06337583761449,29.41827894428762,7.354396160527704,40.533851308951625,1228.5814575947686,401.8227740452359,2565.1355869459626,67.69812403010401,18.951263751715018,99.88574651885628,0,4.29,2.0
M-06,INJECTION_MOLDER,2026-07-23,Afternoon,108.6,869,90.85,0,RUNNING,305.9422900640686,0.15824101798292317,306.226479251106,315.472078070436,0.9782630382750289,317.25464343880293,2.743839933971125,0.28198798698525696,3.330550639793976,18.272824512573003,1.7775285244879382,22.85233697135408,30.01814264023996,8.917788929566193,45.8721256140353,1186.3662555002888,391.96316163742995,2646.688980732361,70.8238859921746,20.628820861177385,100.0,0,4.96,2.0
M-06,INJECTION_MOLDER,2026-07-23,Morning,106.79,854,90.87,0,RUNNING,305.7237502491283,0.18497389355653643,306.05469668089984,315.77870768384815,1.0771016142434509,318.02666280630655,2.401095844871071,0.30251745046904877,3.119967143749267,18.82329832987134,1.5089759416199258,22.51921364177692,29.191453084712332,7.283566760773878,45.822586567740245,1225.0406659343873,347.71658734560697,2356.956345290412,69.1191782320566,17.668635473313923,100.0,0,4.62,2.0
M-06,INJECTION_MOLDER,2026-07-23,Night,108.72,870,92.56,0,RUNNING,305.87570549664105,0.12546472998223543,306.20341052560894,315.813040102688,1.0643000946586194,317.76425197121176,2.8693771228113722,0.22899742503226964,3.509615023790845,18.54172921674593,1.6589375828565547,21.45538632908231,29.458078684652858,6.912469688190807,42.16104748854083,1206.3803370788003,328.40260972337177,2231.178732278879,68.09509377418922,17.412795734571993,99.15894856805924,0,5.29,2.0
M-06,INJECTION_MOLDER,2026-07-24,Afternoon,99.64,797,88.66,0,RUNNING,305.95445559785713,0.10312665630113872,306.21763419887543,315.9048914819353,1.030887205803651,317.57936043704615,3.227769403019519,0.35304999959384054,3.9066025332799006,19.355812546438585,1.785663060412769,22.52878283064052,34.19990045722436,7.235225830746032,45.068612721743165,1025.8928780666213,244.82791216855063,1545.2921070193306,79.04738119143403,15.788826334964757,100.0,0,5.96,1.0
M-06,INJECTION_MOLDER,2026-07-24,Morning,99.09,793,85.65,0,RUNNING,306.223456317782,0.07416469609269111,306.36178584498106,316.22233082915494,0.8883589995926348,317.90327761156294,3.054742408887947,0.24980392912237678,3.5107146263724247,18.54934033287517,1.761209129326548,23.681698691609792,28.220246222900638,8.876784678746679,45.71081204905213,1348.66486087589,618.7338498361662,3696.285960794042,65.11668740033406,21.66970011231338,100.0,0,5.62,2.0
M-06,INJECTION_MOLDER,2026-07-24,Night,104.76,838,87.9,0,RUNNING,305.7445843144386,0.10517183928312761,306.07278449439406,315.82103414674157,0.9016953367642588,317.958276926725,3.4978622064378486,0.3075465948433766,4.073258974246974,18.751381162139246,1.3775135008650397,21.850134248271026,28.58305125526314,7.24171233851257,40.99507435352616,1286.2027630581038,574.6260552707209,4004.546470291597,65.53881858824982,17.168263908889102,96.68591970147762,0,6.29,1.0
M-06,INJECTION_MOLDER,2026-07-25,Afternoon,100.8,806,87.05,0,RUNNING,306.2419336735596,0.19736181648768558,306.7626630582006,316.13329426850396,0.9680097658248251,318.8787856753169,4.005339830196461,0.319366400205756,4.561870990210137,18.756078070571043,2.3405321375963295,24.836118935181798,30.153984995414124,7.765636520183391,47.2011517650648,1200.2133297458934,364.8466789500262,2228.5837169205847,70.0788261224736,18.196016652054634,100.0,0,6.96,1.0
M-06,INJECTION_MOLDER,2026-07-25,Morning,99.41,795,81.64,0,RUNNING,305.71698345572344,0.14505036484113407,306.01714965054254,315.9481454974474,0.8264111383401831,316.9885586050132,3.9267411565723473,0.3300411260774578,4.689509815785449,19.096942960762558,1.5346219120909077,22.045700110392747,30.260579088739096,7.654039009643306,43.9076800401733,1183.8529691003455,333.1771182768423,2007.5992653171,70.18489279826156,18.14929523006912,100.0,0,6.62,1.0
M-06,INJECTION_MOLDER,2026-07-25,Night,98.12,785,87.56,0,RUNNING,306.9329686625147,0.1540053957408085,307.1715548269455,317.04938774445947,0.7930570379927542,318.6564474105222,4.26194974222671,0.3917086166132741,4.944539988979564,18.950271412139763,1.5666686407842958,22.150726777062783,30.467157826003074,8.263377581784562,50.02431445941028,1181.3873094284588,371.471409849078,2450.307762833818,68.20337195180832,18.439304133881755,100.0,0,7.29,0.0
M-06,INJECTION_MOLDER,2026-07-26,Afternoon,117.35,352,97.44,300,MAINTENANCE,307.80304519822494,0.13080068616606214,308.0264100241102,317.843577241133,1.2816977307093944,321.4312110139678,4.731443049645274,0.2836350462976955,5.283684941342079,19.639074224599856,1.7694515693635515,22.92588276240919,31.336263703513932,8.90758642850234,52.44012796175758,1158.3002065278476,369.917093665562,2165.8326252657826,71.54157228875535,17.005663043255023,100.0,0,7.96,0.0
M-06,INJECTION_MOLDER,2026-07-26,Morning,114.04,342,94.95,300,MAINTENANCE,307.1438209665615,0.21108548715736697,307.7311044533297,316.981505659369,1.221499039305467,319.13977045742814,4.4887991416731525,0.33925007404504526,5.02014355232814,18.83281192014436,2.014591152780257,22.913026780583404,29.556950830377946,7.732404875529078,47.57525231375408,1219.1414381066866,409.62982560761554,2755.733287386236,67.66831528980622,18.198955499760263,100.0,0,7.62,0.0
M-06,INJECTION_MOLDER,2026-07-26,Night,116.22,349,97.51,300,MAINTENANCE,306.44003903725104,1.9915653321631686,308.12993502463814,316.4488089161431,1.82573568317028,318.5269747289843,3.5067050100150707,1.8532425709138236,5.272926152770629,20.130353524511413,2.244519287040195,23.073496501251512,33.304952875485164,4.538053224223073,43.40245901034777,1033.3302927331126,157.13121719820413,1408.1044679301142,75.97610082879353,12.64204985119291,94.4142126881647,1,0.25,1.0
M-06,INJECTION_MOLDER,2026-07-27,Afternoon,121.02,968,94.02,0,RUNNING,303.67103026501803,0.2079404230366872,304.1238694396959,313.41612138499664,0.9511384356392966,315.5640094143343,1.3444862751970874,0.33501491122550864,2.196841323559436,18.597152605699222,1.9328905532629836,22.125441472409246,31.33354735500576,8.078834022652508,46.681600700696734,1155.6484749965211,364.87165817396874,2154.009090732708,72.45708539203733,19.90418350415398,100.0,0,0.92,1.0
M-06,INJECTION_MOLDER,2026-07-27,Morning,124.93,999,97.39,0,RUNNING,303.7989264566518,0.18745767543788489,304.1185888521053,313.58371734197004,1.0822304477706575,316.6831461714985,1.3662325366424137,0.3415165351772303,1.9004012014241392,18.378760394632913,1.5599480014216187,21.683872813020123,33.536871949824075,7.78072097831282,47.84236419793881,1058.0745239554271,276.31385719582113,1791.0696123777425,77.95175530420593,16.091802057505802,100.0,0,0.58,1.0
M-06,INJECTION_MOLDER,2026-07-27,Night,116.95,936,98.5,0,RUNNING,303.599522629872,0.10121538604408795,303.78614365212445,313.5407182081374,0.9057923533084523,315.6693283641828,1.4816076005478767,0.3311794852033363,2.142113351171697,18.262501597791815,1.4921242153118865,21.214242887782586,32.42298597636135,8.55941770693955,48.85154065488685,1115.8348074204168,359.16148815297015,2182.2243484006312,74.45920796524138,20.10412864771397,100.0,0,1.25,1.0
M-06,INJECTION_MOLDER,2026-07-28,Afternoon,118.5,948,91.95,0,RUNNING,303.2457809581376,0.14529073640717977,303.50285883794646,313.263553298087,1.0016428556294288,315.59960998734,1.4206796652344578,0.2852834449544483,1.930378626176616,18.405770773778013,1.82231577983298,22.378816941347825,29.176521845390816,9.420059858673346,48.19743079289874,1289.321530249121,520.8338568276836,3397.592162453864,66.93141353419928,20.505389089307712,100.0,0,1.92,1.0
M-06,INJECTION_MOLDER,2026-07-28,Morning,122.81,982,95.92,0,RUNNING,303.0817958895264,0.20077161468002336,303.50165640534107,313.02057674748863,1.054680145711693,314.65582721016085,1.3313554374177614,0.3926950453240436,2.5721571482489205,18.04261602336213,2.0272975482886033,22.7069206376088,31.13748109856889,8.498975729422982,45.0907080807039,1182.7466636197682,454.08888999826013,3018.272645405813,70.87427882101153,19.141214598155653,100.0,0,1.58,1.0
M-06,INJECTION_MOLDER,2026-07-28,Night,116.14,929,99.82,0,RUNNING,303.5251486212857,0.14282744922233606,303.8343683828704,313.4830770527837,0.8491103095204428,315.5159397728132,1.3593358055126759,0.32117931301477604,1.813297909487794,18.060398415375435,2.096917952296917,22.357290657687333,31.558015437513816,7.437655154306853,47.88065925643437,1131.5507668708503,329.8776712690482,2236.7155890416093,72.90778698938391,17.585743180063133,100.0,0,2.25,1.0
M-06,INJECTION_MOLDER,2026-07-29,Afternoon,123.63,989,93.49,0,RUNNING,303.1137289904357,0.2175245731436714,303.5027931967076,312.9335817904461,1.0377392110113155,314.9927026649348,1.3353449974103917,0.29350382576462375,1.987134343038412,17.687847422775185,1.6842200303354604,21.65775660966611,30.66706861913742,7.847377712758388,45.38054934752631,1168.842795203025,326.00466435668295,2099.1186384199914,71.69972823960546,16.355355794168894,100.0,0,0.08,2.0
M-06,INJECTION_MOLDER,2026-07-29,Morning,115.39,923,96.38,0,RUNNING,303.41841327737933,0.1388210530258203,303.6659054092424,313.41991754432985,1.0639862001768747,315.5991329581798,1.3588746324941234,0.24141310670788999,1.7881813205684254,17.98213936767219,1.4729508793234851,22.104851464722145,29.93592763677876,7.828367355663785,44.44769201586397,1199.8054066935301,352.408231152018,1974.8269375473928,68.57106573021964,18.83484194795962,100.0,0,2.58,1.0
M-06,INJECTION_MOLDER,2026-07-29,Night,120.66,965,97.88,0,RUNNING,302.85865814506485,0.04929340403896778,302.92341749820145,313.3230862925391,1.5822397076844088,316.4931877074592,1.4532743367427405,0.3148179990087197,1.84588538364726,17.342405132127166,1.5576385035420575,19.68040209849483,27.897601335906202,7.375389424493711,39.99843270043297,1279.235119714455,364.13209500175117,1959.8465053299385,61.14600470495419,18.274299066484282,91.9912757100998,0,0.42,2.0
