machine_id,machine_type,date,shift,production_rate,production_count,quality_score,downtime_minutes,operating_status,temperature_k_mean,temperature_k_std,temperature_k_max,process_temperature_k_mean,process_temperature_k_std,process_temperature_k_max,vibration_mm_s_mean,vibration_mm_s_std,vibration_mm_s_max,pressure_bar_mean,pressure_bar_std,pressure_bar_max,torque_nm_mean,torque_nm_std,torque_nm_max,rotational_speed_rpm_mean,rotational_speed_rpm_std,rotational_speed_rpm_max,load_pct_mean,load_pct_std,load_pct_max,failure_occurred_this_shift,days_since_last_maintenance,maintenance_count_past_7d,downtime_ratio,production_efficiency,quality_score_lag1,quality_score_rollmean_3,quality_score_rollmean_9,production_rate_lag1,production_rate_rollmean_3,production_rate_rollmean_9,downtime_minutes_lag1,downtime_minutes_rollmean_3,downtime_minutes_rollmean_9,temperature_k_mean_lag1,temperature_k_mean_rollmean_3,temperature_k_mean_rollmean_9,process_temperature_k_mean_lag1,process_temperature_k_mean_rollmean_3,process_temperature_k_mean_rollmean_9,vibration_mm_s_mean_lag1,vibration_mm_s_mean_rollmean_3,vibration_mm_s_mean_rollmean_9,pressure_bar_mean_lag1,pressure_bar_mean_rollmean_3,pressure_bar_mean_rollmean_9,torque_nm_mean_lag1,torque_nm_mean_rollmean_3,torque_nm_mean_rollmean_9,rotational_speed_rpm_mean_lag1,rotational_speed_rpm_mean_rollmean_3,rotational_speed_rpm_mean_rollmean_9,load_pct_mean_lag1,load_pct_mean_rollmean_3,load_pct_mean_rollmean_9,has_recent_maintenance,failure_next_shift,sim_day
M-01,CNC,2026-05-01,Morning,42.63,341,95.72,0,RUNNING,296.47532950487386,0.07442877283721981,296.61643356483006,306.55302518549723,0.8982973246757389,308.1310625881666,1.747429466551538,0.3874312934136595,2.4508466246689027,5.512378703897604,0.5067249387949027,6.620449824239176,40.54767099018157,10.702400971429556,60.21153917896246,725.2936666303096,234.75196247226418,1343.3309052208456,70.36456012997519,17.2988891044883,100.0,0,,0.0,0.0,42.625,,,,,,,,,,,,,,,,,,,,,,,,,,,,,,,0,0,1
M-01,CNC,2026-05-01,Afternoon,42.82,343,99.05,0,RUNNING,296.29623844741354,0.17453794430824343,296.56868879363657,306.3736576318144,0.9609667772197693,308.142810308102,1.7552412930515888,0.37538400941323047,2.629412898416338,5.563358926032302,0.5122708254338751,6.690022724409665,41.30480169998353,8.030840827495737,54.08145234613717,687.3181722810737,165.48813262853943,1114.7882724738247,71.65977803880521,12.619761697420792,90.85811256196456,0,,0.0,0.0,42.875,95.72,95.72,95.72,42.63,42.63,42.63,0.0,0.0,0.0,296.47532950487386,296.47532950487386,296.47532950487386,306.55302518549723,306.55302518549723,306.55302518549723,1.747429466551538,1.747429466551538,1.747429466551538,5.512378703897604,5.512378703897604,5.512378703897604,40.54767099018157,40.54767099018157,40.54767099018157,725.2936666303096,725.2936666303096,725.2936666303096,70.36456012997519,70.36456012997519,70.36456012997519,0,0,1
M-01,CNC,2026-05-01,Night,41.7,334,95.53,0,RUNNING,296.25596739915136,0.15496317533287962,296.4833065967367,306.38936770432326,0.9838483154045987,308.2858989929008,1.815232674368423,0.4041249388026801,2.812648563986584,5.467528752966979,0.4790982077286325,6.476900784019456,40.09056994545602,10.589572263150083,63.20218220267479,749.5062418667067,276.1829008726563,1916.043304667293,69.77938094758333,18.9294738116275,100.0,0,,0.0,0.0,41.75,99.05,97.38499999999999,97.38499999999999,42.82,42.725,42.725,0.0,0.0,0.0,296.29623844741354,296.38578397614367,296.38578397614367,306.3736576318144,306.4633414086558,306.4633414086558,1.7552412930515888,1.7513353798015634,1.7513353798015634,5.563358926032302,5.537868814964954,5.537868814964954,41.30480169998353,40.92623634508255,40.92623634508255,687.3181722810737,706.3059194556917,706.3059194556917,71.65977803880521,71.0121690843902,71.0121690843902,0,0,1
M-01,CNC,2026-05-02,Morning,43.99,352,97.53,0,RUNNING,296.48213502563027,0.11206807472652922,296.6712676026084,306.63769681368336,0.901682989600312,309.2533119580814,1.9166243557640512,0.43619533369531877,2.6836520932868453,5.56395506859687,0.4463419061277443,6.438325715946034,42.4285386169247,9.595593835692211,65.28380274446877,678.8876197724697,180.83941746057215,1361.9036415184755,73.13911928410467,18.07278212799928,100.0,0,,0.0,0.0,44.0,95.53,96.76666666666667,96.76666666666667,41.7,42.38333333333333,42.38333333333333,0.0,0.0,0.0,296.25596739915136,296.3425117838129,296.3425117838129,306.38936770432326,306.43868350721164,306.43868350721164,1.815232674368423,1.7726344779905165,1.7726344779905165,5.467528752966979,5.514422127632295,5.514422127632295,40.09056994545602,40.64768087854037,40.64768087854037,749.5062418667067,720.7060269260301,720.7060269260301,69.77938094758333,70.60123970545457,70.60123970545457,0,0,2
M-01,CNC,2026-05-02,Afternoon,41.41,331,97.09,0,RUNNING,296.39506124022876,0.08241229157079007,296.6023844121112,306.53292319400555,1.0706092312359086,308.31229309351886,1.76848962202483,0.4642617725417903,2.720088389451437,5.43667479526036,0.4807900159149812,6.352896716722865,39.54596998059612,8.905231859452986,54.1184224201785,730.2238382478607,220.27455804484669,1607.4496175596823,70.39046918584555,16.513047327455226,99.5372943035996,0,0.04,1.0,0.0,41.375,97.53,97.37,96.9575,43.99,42.83666666666667,42.785000000000004,0.0,0.0,0.0,296.48213502563027,296.34478029073176,296.3774175942673,306.63769681368336,306.4669073832736,306.48843683382955,1.9166243557640512,1.8290327743946877,1.8086319474339003,5.56395506859687,5.531614249198718,5.526805362873439,42.4285386169247,41.27463675412142,41.09289531313645,678.8876197724697,705.2373446400834,710.2514251376399,73.13911928410467,71.52609275683108,71.2357096001171,1,0,2
M-01,CNC,2026-05-02,Night,41.42,331,95.07,0,RUNNING,296.0342424412286,0.14150082773644934,296.3438507897054,305.8197796484289,0.9321146675669973,307.9774080591895,1.7152318229576797,0.5499335940445559,3.017331798199762,5.63380469190394,0.5518896483869172,6.735737272752969,38.81175812171262,9.25847784626027,54.54064767303491,753.2353870719385,235.80963972317198,1411.0084311114476,67.62376853253436,17.87120304800697,97.06647094511564,0,0.38,1.0,0.0,41.375,97.09,96.71666666666665,96.98400000000001,41.41,42.36666666666667,42.510000000000005,0.0,0.0,0.0,296.39506124022876,296.37772122167013,296.38094632345957,306.53292319400555,306.519995904004,306.49733410586475,1.76848962202483,1.8334488840524348,1.8006034823520864,5.43667479526036,5.48938620560807,5.508779249350823,39.54596998059612,40.68835951432561,40.78351024662838,730.2238382478607,719.539233295679,714.2459077596841,70.39046918584555,71.10298980584452,71.06666151726279,1,0,2
M-01,CNC,2026-05-03,Morning,42.3,338,92.17,0,RUNNING,295.80921952904237,0.1346439755587776,296.17963562025085,305.9410363016566,0.9699522608493769,308.1429042032,1.8615597776622608,0.48179252020481267,2.8078075279489427,5.520879769639642,0.47055496309590306,6.323396054377656,40.31712676589181,12.072253486395077,68.77637519611291,769.1475607753418,362.2753532703799,2084.972771762166,68.81589549256849,20.35419333013824,100.0,0,0.71,1.0,0.0,42.25,95.07,96.56333333333333,96.665,41.42,42.27333333333333,42.32833333333333,0.0,0.0,0.0,296.0342424412286,296.30381290236255,296.32316234308774,305.8197796484289,306.33013321870595,306.38440836295877,1.7152318229576797,1.80011526691552,1.7863748724530186,5.63380469190394,5.544811518587057,5.529616823109676,38.81175812171262,40.262088906411144,40.45488489247576,753.2353870719385,720.7822816974231,720.7441543117266,67.62376853253436,70.38445233416152,70.49284601980806,1,0,3
M-01,CNC,2026-05-03,Afternoon,39.83,319,94.88,0,RUNNING,296.2786470529102,0.07656283568746261,296.4307978985429,306.27570474560497,1.0947422226893853,308.90580820542743,1.7083511401677378,0.393328793089528,2.4784921370094297,5.593402265673887,0.5244080071066534,6.80078725774201,39.00483049934445,9.654036733048239,57.36442804766293,753.2798161357053,232.8034742974042,1570.6774206105342,68.38122173985299,17.76247079882494,100.0,0,1.04,1.0,0.0,39.875,92.17,94.77666666666666,96.02285714285713,42.3,41.71,42.324285714285715,0.0,0.0,0.0,295.80921952904237,296.07950773683325,296.24974194108125,305.9410363016566,306.0979130480303,306.3210694970585,1.8615597776622608,1.781760407548257,1.797115573197196,5.520879769639642,5.530453085601313,5.528368672613957,40.31712676589181,39.55828495606685,40.43520516010663,769.1475607753418,750.8689286983803,727.6589266636717,68.81589549256849,68.94337773698278,70.25328165877383,1,0,3
M-01,CNC,2026-05-03,Night,40.72,326,96.63,0,RUNNING,296.1983118957303,0.14556613276061375,296.42354500360227,306.29784859195263,0.8970134658881663,307.8151265342234,1.775663357328866,0.37920926908171537,2.612179467057412,5.438581306192889,0.45357140875258045,6.125032241871984,37.41623712948475,11.73845714760448,70.61135784893347,801.7108560428725,250.53707269446107,1324.9257245093067,63.93911042713018,18.31027221066076,100.0,0,1.38,1.0,0.0,40.75,94.88,94.04,95.88,39.83,41.18333333333333,42.0125,0.0,0.0,0.0,296.2786470529102,296.040703007727,296.25335508005986,306.27570474560497,306.01217356523017,306.3153989031268,1.7083511401677378,1.761714246929226,1.7860200190685136,5.593402265673887,5.582695575739156,5.536497871746448,39.00483049934445,39.37790512898296,40.25640832751135,753.2798161357053,758.5542546609953,730.8615378476758,68.38122173985299,68.27362858831862,70.01927416890872,1,0,3
M-01,CNC,2026-05-04,Morning,40.86,327,93.18,0,RUNNING,296.050952651249,0.09594167920573257,296.2042005512739,306.05412083209296,0.7979698095116885,308.0311048921029,1.7955675076530027,0.3882079529851208,2.566267223386209,5.724002412761141,0.4833863490425592,6.545689538695584,43.319632048935595,10.11692795736401,66.04652772901841,670.3629269317622,186.9008316327258,1274.8412571029971,74.31735202443718,17.165103136921026,100.0,0,1.71,1.0,0.0,40.875,96.63,94.56,95.96333333333332,40.72,40.949999999999996,41.86888888888889,0.0,0.0,0.0,296.1983118957303,296.0953928258943,296.2472391706899,306.29784859195263,306.17152987973805,306.31344886855186,1.775663357328866,1.7818580917196216,1.7848692788752194,5.438581306192889,5.517621113835472,5.525618253351608,37.41623712948475,38.912731464907004,39.94083374995284,801.7108560428725,774.7127443179733,738.7336843138087,63.93911042713018,67.04540921985055,69.34370041982223,1,0,4
M-01,CNC,2026-05-04,Afternoon,43.85,351,95.55,0,RUNNING,295.6792002332006,0.2199617297342121,295.9551995583539,305.72715063381463,1.0777604320999221,308.6153730696959,1.7733957051948948,0.41119108587942876,2.3838955422668446,5.380416855933765,0.5052889565305809,6.27955562654406,38.966563723513715,8.302666341955932,57.3332470527336,740.5140828607182,175.03940454623978,1205.1479038367688,67.38133001986567,15.388027325167283,94.26886509574256,0,2.04,1.0,0.0,43.875,93.18,94.89666666666666,95.68111111111111,40.86,40.47,41.672222222222224,0.0,0.0,0.0,296.050952651249,296.1759705332965,296.2000861869538,306.05412083209296,306.2092247232169,306.258015051507,1.7955675076530027,1.759860668383202,1.7902179501087159,5.724002412761141,5.585328661542639,5.54913199878089,43.319632048935595,39.91356655925493,40.248829423147725,670.3629269317622,741.78453303678,732.630268791748,74.31735202443718,68.87922806380679,69.78289951920688,1,0,4
M-01,CNC,2026-05-04,Night,42.09,337,93.15,0,RUNNING,295.55244628090605,0.11136345781080113,295.7635981108949,305.6526475935096,1.103644350529654,309.01818726861336,1.7749500540572496,0.4397389611033693,2.8805652355958813,5.482507156148868,0.4987142258151374,6.451000183503689,38.198971492208955,10.830671608170164,61.19798547789407,794.4529532720842,326.9461878763382,2159.640677442802,67.47823486883136,19.461603837151234,100.0,0,2.38,1.0,0.0,42.125,95.55,95.12,95.29222222222222,43.85,41.81,41.78666666666667,0.0,0.0,0.0,295.6792002332006,295.9761549267266,296.1315263853746,305.72715063381463,306.02637335262006,306.18618094061804,1.7733957051948948,1.7815421900589212,1.7922351070135274,5.380416855933765,5.514333524962598,5.5288051021032745,38.966563723513715,39.90081096731135,39.989025203539974,740.5140828607182,737.5292886117842,738.5409255228195,67.38133001986567,68.54593082381102,69.30751640599138,1,0,4
M-01,CNC,2026-05-05,Morning,41.31,331,96.22,0,RUNNING,295.7765981671202,0.12570143774693157,295.96371176563014,305.8821529423202,1.1489891101281284,308.6250476304154,1.7894752564545278,0.37853886483218574,2.6188002627093923,5.439114964158166,0.5343170656753357,6.764716651102082,38.76090880795496,10.15560379646567,59.541178007911725,745.9623420075222,226.61434801213906,1485.2684708921574,68.37186330066775,17.323289575019054,100.0,0,2.71,1.0,0.0,41.375,93.15,93.96,95.02777777777777,42.09,42.26666666666667,41.83,0.0,0.0,0.0,295.55244628090605,295.76086638845186,296.0533573722362,305.6526475935096,305.81130635313906,306.1043231505277,1.7749500540572496,1.7813044223017158,1.7877592603122858,5.482507156148868,5.5289754749479245,5.530469369123484,38.198971492208955,40.16172242155275,39.77884759762364,794.4529532720842,735.1099876881882,743.5350045678614,67.47823486883136,69.72563897104475,69.05183350835227,1,0,5
M-01,CNC,2026-05-05,Afternoon,40.55,324,96.75,0,RUNNING,295.63116644362213,0.1568995852916243,295.91892387433313,305.81999358981227,1.0278332170048041,307.7511568586902,1.9794775631825878,0.437749554402989,2.966511385658872,5.644347807276281,0.4873206258901975,6.6320966419154495,42.6253720488773,10.641548046038844,60.50199392050014,695.5655476456319,255.9806147416761,1577.7884605664867,73.79174055627466,20.08415002439716,100.0,0,3.04,1.0,0.0,40.5,96.22,94.97333333333334,94.88222222222221,41.31,42.416666666666664,41.532222222222224,0.0,0.0,0.0,295.7765981671202,295.66941489374227,295.97496438795736,305.8821529423202,305.75398372321484,306.02037383148735,1.7894752564545278,1.7792736719022242,1.7736315826112277,5.439114964158166,5.434012992080267,5.516598246408073,38.76090880795496,38.642148007892544,39.37133317440478,745.9623420075222,760.3097927134417,750.9877514828672,68.37186330066775,67.74380939645494,68.5221383990815,1,0,5
M-01,CNC,2026-05-05,Night,41.24,330,95.42,0,RUNNING,295.6208297819592,0.1048414229152886,295.7987557281325,305.46270434626865,1.047700473046053,308.20004146095687,1.8473997669408373,0.3820390641521197,2.836036871101707,5.415795743278686,0.6354960395532164,6.625469154265431,39.769808507727454,8.370631364906325,55.86224532210084,722.8913585715827,180.99946095892048,1251.0777592397123,67.68165645550243,14.282374121459421,90.38812457472687,0,3.38,1.0,0.0,41.25,96.75,95.37333333333333,94.84444444444445,40.55,41.31666666666667,41.43666666666667,0.0,0.0,0.0,295.63116644362213,295.65340363054946,295.8900871883344,305.81999358981227,305.78493137521406,305.94115943102145,1.9794775631825878,1.8479676245647882,1.7970746871843117,5.644347807276281,5.521989975861104,5.539673025520953,42.6253720488773,39.86175078301374,39.71348895976936,695.5655476456319,745.3269476417462,747.1368303048419,73.79174055627466,69.88061290859126,68.90005744024029,1,0,5
M-01,CNC,2026-05-06,Morning,41.24,330,99.7,0,RUNNING,295.88657453629787,0.17056621248977077,296.14539892186093,305.765808838783,1.0060578065846468,308.6811693728101,1.8605190257862139,0.3564685759160168,2.543362825815472,5.506783145240069,0.5557786527229397,6.610056242534495,37.85791159784883,8.871438236735392,55.30691166922373,776.0617454668785,244.94670042165427,1723.1141397295885,66.77436017576984,15.929891622351777,92.23722058839566,0,3.71,1.0,0.0,41.25,95.42,96.13,94.88333333333334,41.24,41.03333333333333,41.416666666666664,0.0,0.0,0.0,295.6208297819592,295.6761981309005,295.8441524484155,305.46270434626865,305.72161695946704,305.90148439744803,1.8473997669408373,1.8721175288593177,1.8117600142935517,5.415795743278686,5.499752838237711,5.515449809007036,39.769808507727454,40.38536312151991,39.819939002659886,722.8913585715827,721.4730827415789,743.7652715825802,67.68165645550243,69.94842010414828,68.9064894316812,1,0,6
M-01,CNC,2026-05-06,Afternoon,41.98,336,93.88,0,RUNNING,296.10174740000605,0.11662717514245984,296.42771603859194,306.07108069493273,0.9129221220970054,307.41357714561565,1.6825838450899813,0.3907678116118317,2.673017947057219,5.417577090399833,0.5940404785532389,6.823115461632257,40.182546010286,8.146019089335896,61.5395656604111,707.8097109085332,145.42166494639386,1128.1109551031757,71.07352350078773,13.103855246158739,100.0,0,4.04,1.0,0.0,42.0,99.7,97.29,95.72,41.24,41.01,41.2988888888889,0.0,0.0,0.0,295.88657453629787,295.7128569206264,295.85274744922174,305.765808838783,305.6828355916213,305.88201467935096,1.8605190257862139,1.895798785303213,1.811644375196213,5.506783145240069,5.522308898598346,5.513883517407084,37.85791159784883,40.08436405148453,39.54669287287734,776.0617454668785,731.506217228031,744.5335143260841,66.77436017576984,69.41591906251564,68.67965217425912,1,0,6
M-01,CNC,2026-05-06,Night,43.04,344,93.56,0,RUNNING,296.2767942169846,0.18253303378211863,296.6040493534221,306.2050836469374,0.9514585852059219,308.33747258665005,1.674304872222176,0.4420244808752203,2.648575228818207,5.384218659411209,0.43419806145836587,6.167514332636831,41.81879539294031,10.019683377344759,61.32339972594481,691.0573034886417,169.76658772215677,1070.5956551173508,72.02828185531202,17.10130906690781,100.0,0,4.38,1.0,0.0,43.0,93.88,96.33333333333333,95.60888888888888,41.98,41.48666666666667,41.53777777777778,0.0,0.0,0.0,296.10174740000605,295.86971723942105,295.8330919322324,306.07108069493273,305.7665312933281,305.8592786737207,1.6825838450899813,1.7968342126056775,1.8087813424097956,5.417577090399833,5.446718659639529,5.494347386821078,40.182546010286,39.270088705287435,39.67755015187084,707.8097109085332,735.5876049823315,739.481280411954,71.07352350078773,68.50984671068666,68.97879681436298,1,0,6
M-01,CNC,2026-05-07,Morning,42.26,338,92.08,0,RUNNING,296.478911105741,0.1044938337601726,296.64925000711776,306.602666059616,0.8275746104768077,308.2731383003029,1.8785497854918014,0.4516612715149591,2.6648998197395373,5.474125242931122,0.5156465744270502,6.677024374759441,38.780246682124016,11.443165691554217,61.41345037874975,787.1300758681256,297.878343503656,1666.3597037547231,67.22029423714486,19.46074676667589,100.0,0,4.71,1.0,0.0,42.25,93.56,95.71333333333332,95.26777777777778,43.04,42.086666666666666,41.79555555555556,0.0,0.0,0.0,296.2767942169846,296.0883720510962,295.8418121901495,306.2050836469374,306.01399106021773,305.84897145760795,1.674304872222176,1.7391359143661236,1.7975192885090523,5.384218659411209,5.436192965017038,5.488307092734225,41.81879539294031,39.95308433369171,40.166723292254794,691.0573034886417,724.9762532880178,727.1864412392616,72.02828185531202,69.95872184395652,69.87759363971651,1,0,7
M-01,CNC,2026-05-07,Afternoon,40.33,323,96.39,0,RUNNING,296.04918025847064,0.14052971000772047,296.30354367928686,306.11482321717585,1.0985998781132889,308.09769092205664,1.7100550625320747,0.46376291703951056,2.735841661062568,5.4576936983811875,0.44058128293883075,6.357300791767097,39.05375959370238,9.629269012195039,56.72730316293359,746.0177832172005,204.33606750007735,1208.8483665843676,69.42896077033315,16.069175936590113,96.09595812217138,0,5.04,1.0,0.0,40.375,92.08,93.17333333333333,95.14555555555555,42.26,42.42666666666667,41.95111111111111,0.0,0.0,0.0,296.478911105741,296.2858175742439,295.8893631295375,306.602666059616,306.29294346716205,305.9099209273327,1.8785497854918014,1.7451461676013196,1.8067395416022523,5.474125242931122,5.425306997580722,5.460542962753111,38.780246682124016,40.26052936178345,39.66234714038684,787.1300758681256,728.6656967551002,740.1605688988576,67.22029423714486,70.10736653108154,69.0890316633507,1,0,7
M-01,CNC,2026-05-07,Night,42.93,343,96.34,0,RUNNING,296.22390930705996,0.10689478161992304,296.4478012932337,306.18924072334653,1.0559677978321842,308.4636365877921,1.9092488919431845,0.4048520878768598,2.5459393861481647,5.584709261963625,0.42589437681892556,6.519698206698589,40.938985845209906,9.38251579611763,60.9407309585432,704.9445871611487,194.6233518072978,1237.2585136687262,71.36393877479613,16.1793603412192,100.0,0,5.38,1.0,0.0,42.875,96.39,94.01,95.23888888888888,40.33,41.876666666666665,41.56,0.0,0.0,0.0,296.04918025847064,296.26829519373206,295.9304720212342,306.11482321717585,306.3075243079098,305.9529956588173,1.7100550625320747,1.7543032400820173,1.7997016924174944,5.4576936983811875,5.438679200241173,5.469129278580603,39.05375959370238,39.88426722292223,39.67203557040781,746.0177832172005,741.4017208579893,740.7720911606889,69.42896077033315,69.55917895426334,69.31654619118042,1,0,7
M-01,CNC,2026-05-08,Morning,41.85,335,95.4,0,RUNNING,296.54545090678187,0.12159392129150598,296.8078290181782,306.7168406840863,0.8768635235216654,308.6410922230546,1.871066908541452,0.3546110993086832,2.6398476903800656,5.49814603701197,0.48173344972143356,6.6280006299774845,38.12014839583448,10.087280127506668,57.670008775904165,757.0439890398445,216.96399065632957,1333.434787830015,66.7872262730951,16.867009287539062,100.0,0,5.71,1.0,0.0,41.875,96.34,94.93666666666667,95.59333333333333,42.93,41.839999999999996,41.653333333333336,0.0,0.0,0.0,296.22390930705996,296.2506668904239,296.0050790241402,306.18924072334653,306.30224333337947,306.0126171176881,1.9092488919431845,1.8326179133223537,1.8146237855159315,5.584709261963625,5.505509401091978,5.480485068115575,40.938985845209906,39.59099737367877,39.97648160963013,704.9445871611487,746.0308154154917,730.8267171483628,71.36393877479613,69.33773126075805,69.74829106962096,1,0,8
M-01,CNC,2026-05-08,Afternoon,40.14,321,94.56,0,RUNNING,296.84272990414127,0.08112205232476692,296.9796127979175,306.9957421784281,0.9544683057129454,309.1573300886956,1.7903556177353712,0.3858594146936661,2.6570830525929674,5.454335772172966,0.5786858630488597,6.487411796442117,39.06811508854687,9.560709713280126,58.93608034428691,744.3213468756387,200.4772673099938,1230.321695507529,68.05849215481936,16.249374623931708,100.0,0,6.04,1.0,0.0,40.125,95.4,96.04333333333334,95.50222222222222,41.85,41.703333333333326,41.71333333333334,0.0,0.0,0.0,296.54545090678187,296.27284682410414,296.0905071063248,306.7168406840863,306.34030154153623,306.10536020010653,1.871066908541452,1.8301236210055702,1.823689524636701,5.49814603701197,5.51351633245226,5.487044076210442,38.12014839583448,39.37096461158225,39.90528600828341,757.0439890398445,736.0021198060646,732.0580112630653,66.7872262730951,69.19337527274145,69.57222028877953,1,0,8
M-01,CNC,2026-05-08,Night,41.42,331,98.11,0,RUNNING,297.2254361284098,0.15285646645999257,297.4209257824643,307.2476368891188,0.8920791688138318,308.8453281522542,1.8115288814193542,0.41999367481504,2.670938194317319,5.55661212453988,0.4407016298045061,6.296302777772208,38.76659126394991,11.167660131142883,72.35470203085285,782.888240282438,249.7530415279986,1332.8315973770875,67.20139242710842,17.84643712712678,100.0,0,6.38,1.0,0.0,41.375,94.56,95.43333333333334,95.25888888888889,40.14,41.64000000000001,41.66777777777778,0.0,0.0,0.0,296.84272990414127,296.53736337266105,296.2251252686047,306.9957421784281,306.633941195287,306.23599893217494,1.7903556177353712,1.8568904727400026,1.802675975142566,5.454335772172966,5.512397023716187,5.46593162786563,39.06811508854687,39.37574977653042,39.51003523491336,744.3213468756387,735.436641025544,737.4753222886216,68.05849215481936,68.73655240090352,68.93519268861786,1,0,8
M-01,CNC,2026-05-09,Morning,42.43,339,92.47,0,RUNNING,297.5556102251942,0.1065240539714646,297.79135688755065,307.4544957472073,0.9255891518946628,309.0099572060751,1.9147697151720917,0.47690745228531156,2.9718080898592287,5.64365086755719,0.50870377544613,6.67672260960904,41.130994271522326,8.897757287214196,53.42593927175845,703.8825199924598,187.9084785970781,1256.318979286889,71.14165427412073,14.474454870237262,99.52029863827624,0,6.71,1.0,0.0,42.375,98.11,96.02333333333333,95.55777777777779,41.42,41.13666666666666,41.687777777777775,0.0,0.0,0.0,297.2254361284098,296.87120564644425,296.4034148626548,307.2476368891188,306.9867399172111,306.4343247702694,1.8115288814193542,1.8243171358987258,1.7986903211957344,5.55661212453988,5.503031311241606,5.481577892450208,38.76659126394991,38.65161824944375,39.39856665227141,782.888240282438,761.4178587326404,744.1416424787166,67.20139242710842,67.3490369516743,68.88183001879628,1,0,9
M-01,CNC,2026-05-09,Afternoon,42.41,339,95.23,0,RUNNING,297.63453374913286,0.07426240417899564,297.84388240666186,307.4982662885868,0.8569557002383351,309.7627991482579,1.8183021186334205,0.4299057888812832,2.6363072640367684,5.42878600814301,0.6230404339035667,6.620743392561516,40.98376348299176,9.918145394046476,66.23505899838091,702.8024145429426,206.6489351281275,1511.4104608598177,70.52715062979692,18.85735386669453,100.0,0,7.04,0.0,0.0,42.375,92.47,95.04666666666667,94.75444444444445,42.43,41.330000000000005,41.82,0.0,0.0,0.0,297.5556102251942,297.2079254192484,296.58886327253214,307.4544957472073,307.2326249382514,306.62195664898326,1.9147697151720917,1.8388847381089388,1.804718175571943,5.64365086755719,5.551532921423345,5.496785417152108,41.130994271522326,39.655233541339705,39.7622425049018,703.8825199924598,743.697369050179,736.1217285371146,71.14165427412073,68.80051295201618,69.36708491861306,0,0,9
M-01,CNC,2026-05-09,Night,41.15,329,97.22,0,RUNNING,297.6189809284423,0.11069146043286537,297.7830758848631,307.7676253174392,1.0121110610547306,310.2725977229313,1.8012586151671641,0.42108384717048053,2.881918956286352,5.511119941358317,0.5380615427060563,6.427452925939832,41.19842347612122,8.88901095549036,60.02893516750753,704.6924898420639,189.70324026520893,1376.5063425556198,70.16224860619599,15.21481774951968,100.0,0,7.38,0.0,0.0,41.125,95.23,95.27,94.90444444444444,42.41,42.086666666666666,41.867777777777775,0.0,0.0,0.0,297.63453374913286,297.4718600342456,296.75917286687957,307.4982662885868,307.400132974971,306.7805328260559,1.8183021186334205,1.848200238408289,1.8197979837434362,5.42878600814301,5.54301633341336,5.498030852456907,40.98376348299176,40.29378300615466,39.85126666853577,702.8024145429426,729.8577249392802,735.5653622742711,70.52715062979692,69.62339911034202,69.3063768218363,0,0,9
M-01,CNC,2026-05-10,Morning,43.3,346,97.86,0,RUNNING,297.6670484026523,0.16772721296015694,297.97712581073114,307.768154473776,1.0015010069600976,309.9332508766766,1.773997819039764,0.47434762147021964,2.531843166844912,5.534151925143377,0.40749919124130335,6.514906732358335,39.97671860302718,9.485577389056093,59.16549275373734,728.8529040539839,211.9254945387817,1482.8451237451582,68.55361693481002,16.886685167390326,100.0,0,7.71,0.0,0.0,43.25,97.22,94.97333333333334,95.3111111111111,41.15,41.99666666666667,41.657777777777774,0.0,0.0,0.0,297.6189809284423,297.60304163425644,296.9083047237082,307.7676253174392,307.5734624510778,306.9541485672228,1.8012586151671641,1.8447768163242255,1.8339039551817682,5.511119941358317,5.527852272352839,5.512130994895474,41.19842347612122,41.1043937435451,39.78233645555587,704.6924898420639,703.7924747924889,737.080382980207,70.16224860619599,70.61035117003787,69.09903979415674,0,0,10
M-01,CNC,2026-05-10,Afternoon,40.94,328,95.38,0,RUNNING,298.1042079247014,0.11050533986756698,298.30716996042463,308.30164752123864,0.8073197172310889,309.5301474387499,1.7919225062171646,0.39976434694240476,2.5619421449047124,5.367201984463553,0.38096351095005215,6.308133035094552,38.03981764601138,10.006555027765534,52.51853254782443,827.7186297014769,359.5840369026405,2054.2117177780947,66.91998310617203,18.530253054566153,98.95767171712708,0,8.04,0.0,0.0,41.0,97.86,96.77,95.95333333333333,43.3,42.28666666666666,41.77333333333333,0.0,0.0,0.0,297.6670484026523,297.6401876934092,297.04031997892054,307.768154473776,307.678015359934,307.08364727990715,1.773997819039764,1.7978528509467828,1.8222870700204308,5.534151925143377,5.491352624881568,5.518800626252391,39.97671860302718,40.71963518738005,39.91527778010067,728.8529040539839,712.1159361463301,730.6051416675244,68.55361693481002,69.74767205693432,69.24718676056398,0,0,10
M-01,CNC,2026-05-10,Night,42.42,339,97.95,0,RUNNING,298.3590468398565,0.09377930324006802,298.61820529421965,308.26356660919,1.033782998342636,310.49799125717044,1.8222356148750378,0.38780068154242675,2.639579028923672,5.43219017747106,0.40405976142771854,6.139034855829196,40.96984892036883,11.42414032663117,65.12578834065138,726.6268382854854,244.0515665813069,1437.5280914539344,71.36021411307938,17.460967745056692,100.0,0,8.38,0.0,0.0,42.375,95.38,96.82,95.84111111111112,40.94,41.79666666666666,41.84111111111111,0.0,0.0,0.0,298.1042079247014,297.79674575193195,297.2686563862796,308.30164752123864,307.94580910415124,307.32662775813645,1.7919225062171646,1.789059646808031,1.8313834526521073,5.367201984463553,5.470824616988416,5.5087459913726535,38.03981764601138,39.73831990838659,39.80261756369056,827.7186297014769,753.7546745325081,739.6830134991108,66.91998310617203,68.54528288239267,68.96841146454607,0,0,10
M-01,CNC,2026-05-11,Morning,41.4,331,95.63,0,RUNNING,298.8632562768307,0.11117704186437362,299.0980886755228,308.8496749879863,0.9277851326204858,310.55797263321324,1.8902426655466837,0.316561538284939,2.412355173991278,5.449520967545913,0.5132025045180638,6.47504391725156,39.58886984586597,7.9483645864004435,56.74953010974271,720.7506332758242,156.2492065225523,1180.027602924543,69.170195433856,15.13169444877109,97.98783099134992,0,8.71,0.0,0.0,41.375,97.95,97.06333333333333,96.02000000000001,42.42,42.22,41.784444444444446,0.0,0.0,0.0,298.3590468398565,298.0434343890701,297.50589388992364,308.26356660919,308.1111228680682,307.557108412119,1.8222356148750378,1.7960519800439887,1.8217153107556467,5.43219017747106,5.444514695692663,5.491799426429036,40.96984892036883,39.66212838980246,39.80604679426378,726.6268382854854,761.0661240136487,742.092152512926,71.36021411307938,68.94460471802047,68.96799761324422,0,0,11
M-01,CNC,2026-05-11,Afternoon,40.61,325,93.61,0,RUNNING,299.3316065824229,0.14941530158282718,299.53126524376484,309.4063928374891,1.053402925695582,312.02848080016616,1.8055718187639134,0.3222549220518659,2.467776267506872,5.497164985926863,0.521339865026622,6.495450232684807,40.71977016108082,8.951412325380161,61.40502871000126,705.0501630182108,176.7661608064266,1201.8436241158483,71.56550605471344,16.50860147932074,100.0,0,9.04,0.0,0.0,40.625,95.63,96.32,96.04555555555557,41.4,41.586666666666666,41.73444444444444,0.0,0.0,0.0,298.8632562768307,298.44217034712955,297.76342781992906,308.8496749879863,308.4716297061383,307.7940900014412,1.8902426655466837,1.834800262212962,1.8238459504228948,5.449520967545913,5.4163043764935095,5.486396640932807,39.58886984586597,39.53284547074873,39.969238066489496,720.7506332758242,758.3653670875955,738.0595574280349,69.170195433856,69.15013088436915,69.23277196443988,0,0,11
M-01,CNC,2026-05-11,Night,43.02,344,98.71,0,RUNNING,299.2698129103581,0.1056747119003639,299.4283731094313,309.35317211678864,1.001512175130917,311.68917015917987,1.8316643918662956,0.3351945288111,2.395265237738757,5.328030674312706,0.4567982686260178,6.368943758145322,43.03891530707432,9.454351369548393,64.19400156476864,669.2031600592258,164.78911246931438,1157.5194515450348,75.55230729857898,16.27832646536045,100.0,0,9.38,0.0,0.0,43.0,93.61,95.73,95.94,40.61,41.47666666666667,41.78666666666666,0.0,0.0,0.0,299.3316065824229,298.85130323303673,298.0399696730715,309.4063928374891,308.8398781448885,308.06194007467025,1.8055718187639134,1.8393500330618782,1.825536639426066,5.497164985926863,5.459625376981279,5.491155442461018,40.71977016108082,40.426162975771874,40.15275529677105,705.0501630182108,717.4758781931736,733.6960925549872,71.56550605471344,70.69863853388294,69.62244017553921,0,0,11
M-01,CNC,2026-05-12,Morning,41.91,335,98.01,0,RUNNING,299.22716908192365,0.08603488152041694,299.3816204397935,309.5157658941661,1.0119402174126284,311.9343200263883,1.7667458980687432,0.41183206613642237,2.610902884227566,5.511154271598065,0.586038786878791,6.687458658426913,36.226967326042875,8.86639263706512,58.53881616338777,787.6860711539032,191.48213507132314,1249.7215271592434,63.7278425759918,14.81054855182349,92.2051561408246,0,9.71,0.0,0.0,41.875,98.71,95.98333333333333,96.00666666666666,43.02,41.67666666666667,41.96444444444444,0.0,0.0,0.0,299.2698129103581,299.15489192320393,298.2671226488435,309.35317211678864,309.2030799807547,308.2958884333002,1.8316643918662956,1.8424929587256307,1.827773918364615,5.328030674312706,5.424905542595162,5.465757503546887,43.03891530707432,41.11585177134037,40.627457968229315,669.2031600592258,698.3346521177535,721.0644169746304,75.55230729857898,72.09600292904948,70.5503196057026,0,0,12
M-01,CNC,2026-05-12,Afternoon,42.46,340,94.71,0,RUNNING,299.34399017612816,0.12131936587094455,299.560925329106,309.2946776024697,0.8136588045708534,311.2291666356245,1.7774461825488017,0.3079420823365009,2.26838895802059,5.509756850636137,0.5712307698632538,6.514544034145157,38.706033428900426,12.10515996934554,64.07651825856834,777.8228718054246,256.21421296068684,1328.1171984762354,67.33271639229721,19.41421651817546,100.0,0,10.04,0.0,0.0,42.5,98.01,96.77666666666669,96.6222222222222,41.91,41.846666666666664,41.906666666666666,0.0,0.0,0.0,299.22716908192365,299.2761961915682,298.4528514107023,309.5157658941661,309.4251102828146,308.524918449629,1.7667458980687432,1.8013273695663174,1.8113268275753542,5.511154271598065,5.445449977279211,5.4510356595514295,36.226967326042875,39.995217598066006,40.08256608539827,787.6860711539032,720.64646474378,730.3759226592351,63.7278425759918,70.28188530976142,69.72656275035496,0,0,12
M-01,CNC,2026-05-12,Night,42.46,340,99.08,0,RUNNING,299.61158808170137,0.17199375502134395,299.9041855103292,309.5992555140443,1.2311122346908807,312.292399687767,1.6488409267725765,0.4005374920750537,2.675871456687907,5.59393093704151,0.5423134487033716,6.775064490876694,40.643812610657235,10.723403972208194,66.45701587583306,714.5012607410907,225.8985920658869,1316.4610038505427,69.32705942884678,17.90547068781167,100.0,0,10.38,0.0,0.0,42.5,94.71,97.14333333333333,96.56444444444445,42.46,42.46333333333333,41.91222222222222,0.0,0.0,0.0,299.34399017612816,299.28032405613664,298.6427910137018,309.2946776024697,309.3878718711415,308.72451970672705,1.7774461825488017,1.7919521574946133,1.8067872791215076,5.509756850636137,5.449647265515637,5.460032419828443,38.706033428900426,39.323972020672535,39.829484968277,777.8228718054246,744.9040343395178,738.7115290217331,67.33271639229721,68.87095542228933,69.37162561285498,0,0,12
M-01,CNC,2026-05-13,Morning,41.95,336,99.13,0,RUNNING,299.9965844564983,0.08056817192168521,300.1301736606264,310.1917648923362,0.9375557369281572,312.63932535674513,1.843953015978063,0.3559226374959593,2.4782797644784003,5.382429265712426,0.36011660468060175,6.109484215865718,40.54994925687991,7.6498023117652565,58.52550316099678,697.3207191202519,129.7804673511862,1051.0174064042358,70.36143146330508,13.89028522780813,100.0,0,10.71,0.0,0.0,42.0,99.08,97.26666666666667,96.77111111111111,42.46,42.27666666666667,42.05777777777778,0.0,0.0,0.0,299.61158808170137,299.3942491132511,298.8641918085084,309.5992555140443,309.46989967022665,308.92803417301656,1.6488409267725765,1.7310110024633738,1.7898519804109978,5.59393093704151,5.538280686425236,5.46923364157102,40.643812610657235,38.52560445520018,39.767861538781005,714.5012607410907,760.0034012334728,739.8013924549583,69.32705942884678,66.79587279904526,69.27882681537173,0,0,13
M-01,CNC,2026-05-13,Afternoon,38.7,310,97.64,0,RUNNING,299.98123518993185,0.10778675273745193,300.1871951388102,310.2291804541719,0.9341239316473844,312.3529150001021,1.8933903839420885,0.41712515873701256,2.49266628318979,5.595841916836085,0.4291149477785871,6.756663187095309,41.39482544867171,8.995988399358415,63.82091879235775,691.3662581126028,162.1525243863685,1153.5554220964184,71.38973775006899,14.681766723538702,100.0,0,11.04,0.0,0.0,38.75,99.13,97.63999999999999,96.91222222222223,41.95,42.29,41.90777777777778,0.0,0.0,0.0,299.9965844564983,299.65072090477594,299.1230291478246,310.1917648923362,309.6952326696167,309.19732421952324,1.843953015978063,1.7567467084331472,1.7976247800708087,5.382429265712426,5.495372351130025,5.452375568300915,40.54994925687991,39.96659843214585,39.83155383365353,697.3207191202519,729.8816172222558,736.2978163512104,70.36143146330508,69.00706909481636,69.47969509631564,0,0,13
M-01,CNC,2026-05-13,Night,42.11,337,95.4,0,RUNNING,299.96590455223406,0.0669647495410392,300.1420289811946,309.9649153804125,0.9684145224109562,311.638753414799,1.7786280280164406,0.4412742084141137,2.864788515866403,5.390131352232392,0.5486137014488762,6.601503231385852,37.822315528069666,11.599699733705833,60.457206451589926,802.2613111942444,312.67793670941626,2049.047482196668,66.60464799200946,19.224300003473033,100.0,0,11.38,0.0,0.0,42.125,97.64,98.61666666666667,97.16333333333334,38.7,41.03666666666667,41.65888888888889,0.0,0.0,0.0,299.98123518993185,299.86313590937715,299.33158773285015,310.2291804541719,310.00673362018415,309.4114945454047,1.8933903839420885,1.7953947755642428,1.8088989887069116,5.595841916836085,5.524067373196673,5.477780005231197,41.39482544867171,40.86286243873629,40.204332478393574,691.3662581126028,701.0627459913152,721.1475528413355,71.38973775006899,70.35940954740695,69.97633450119308,0,0,13
M-01,CNC,2026-05-14,Morning,42.12,337,92.02,0,RUNNING,299.9776628397111,0.0913642966539682,300.1194059796045,310.12349683729155,0.9860702996713107,312.4028110564101,1.7851557505884141,0.4403960345501395,2.86537095099066,5.495144333167066,0.5120056438662112,6.477350524603899,37.44958946374049,8.443586583957888,61.49589758044522,766.3923084211299,169.20875197318728,1177.2974670318697,64.69533420105068,16.168428515699812,100.0,0,11.71,0.0,0.0,42.125,95.4,97.39,96.88,42.11,40.919999999999995,41.62444444444444,0.0,0.0,0.0,299.96590455223406,299.98124139955473,299.51012747866986,309.9649153804125,310.1286202423069,309.60053329776275,1.7786280280164406,1.8386571426455307,1.8040537012781783,5.390131352232392,5.456134178260302,5.4731068024269,37.822315528069666,39.922363411207094,39.85460654591588,802.2613111942444,730.3160961423664,729.5513831645309,66.60464799200946,69.45193906846117,69.44793826551864,0,0,14
M-01,CNC,2026-05-14,Afternoon,41.72,334,96.71,0,RUNNING,299.81225563927836,0.11611097634123464,300.0506192403149,309.7415483146517,0.9178472490795593,311.9259694122726,1.8181852458744023,0.4046148165090348,2.669865595245655,5.504754385533592,0.43181245824083286,6.5512670232718015,41.57045624130759,9.606419808867837,60.18619052818852,701.3677335007643,201.65000727226322,1297.4495022467029,71.26967825154529,16.191698882374347,100.0,0,12.04,0.0,0.0,41.75,92.02,95.02,96.47888888888889,42.12,40.97666666666667,41.70444444444445,0.0,0.0,0.0,299.9776628397111,299.97493419395903,299.63395043010104,310.12349683729155,310.1058642239587,309.7420690587967,1.7851557505884141,1.8190580541823145,1.7923773773939264,5.495144333167066,5.4937058674118475,5.478176065273694,37.44958946374049,38.88891014682729,39.616908725679714,766.3923084211299,753.339959242659,734.6226804028983,64.69533420105068,67.56323998104305,68.9507314618736,0,0,14
M-01,CNC,2026-05-14,Night,43.86,351,94.96,0,RUNNING,299.7011856718083,0.05668393100069648,299.7954259995668,309.40599712153625,1.0439211659822527,311.2426167940279,1.816356979982993,0.3485702835220104,2.527714160373722,5.5136019647575845,0.4931685340146956,6.640805484691846,42.75403992145432,9.320184534673523,65.38493459061732,672.8912119253603,164.89604649738084,1222.5948972941517,73.11740280192016,16.09554229478054,100.0,0,12.38,0.0,0.0,43.875,96.71,94.71,96.82333333333334,41.72,41.98333333333333,41.827777777777776,0.0,0.0,0.0,299.81225563927836,299.91860767707453,299.68735588086275,309.7415483146517,309.9433201774519,309.7793085562592,1.8181852458744023,1.7939896748264192,1.7937788692950916,5.504754385533592,5.463343356977684,5.479019331896665,41.57045624130759,38.94745374437258,39.71142940126047,701.3677335007643,756.6737843720462,734.2135215676265,71.26967825154529,67.52322014820182,68.91786170596603,0,0,14
M-01,CNC,2026-05-15,Morning,40.98,328,95.0,0,RUNNING,299.7952738324346,0.06127492937136517,299.92447701941177,309.799286486698,0.7881841778347599,311.6779834439579,1.7671607623814858,0.31236212008622743,2.330971982699705,5.453843662936237,0.4331886181591116,6.82815612589485,41.343948050859375,10.696669219872643,63.65675711271372,718.8913114283733,256.23818939746695,1598.1908231671575,71.72514241621982,17.92583124086635,100.0,0,12.71,0.0,0.0,41.0,94.96,94.56333333333332,96.40666666666667,43.86,42.56666666666667,41.92111111111112,0.0,0.0,0.0,299.7011856718083,299.8303680502659,299.7352861876906,309.40599712153625,309.7570140911598,309.78517800123115,1.816356979982993,1.806565992148603,1.7920780457525025,5.5136019647575845,5.504500227819414,5.499638364168318,42.75403992145432,40.5913618755008,39.67977658063602,672.8912119253603,713.5504179490848,734.623305108308,73.11740280192016,69.69413841817205,68.64731676189282,0,0,15
M-01,CNC,2026-05-15,Afternoon,43.15,345,96.66,0,RUNNING,299.640719152272,0.09336604001078841,299.76792665378514,309.5978382297249,0.9847144446109359,311.9604835688364,1.7029502468007822,0.46149063244340366,2.80644217488246,5.479500755578349,0.5533284778341534,6.408018933181495,37.71218439838282,10.938810717346392,56.1673536648319,798.9043586810775,290.08237329882314,1759.2138713837526,67.11237252151251,18.920286743155824,96.16349204629698,0,13.04,0.0,0.0,43.125,95.0,95.55666666666666,96.07222222222222,40.98,42.18666666666667,41.81777777777778,0.0,0.0,0.0,299.7952738324346,299.7695717145071,299.7984089377473,309.799286486698,309.6489439742953,309.8166802892902,1.7671607623814858,1.8005676627462937,1.7921241417872515,5.453843662936237,5.490733337742472,5.493270518761448,41.343948050859375,41.889481404540426,40.24832999450452,718.8913114283733,697.7167522848326,726.9794429165825,71.72514241621982,72.03740782322842,69.53590563302927,0,0,15
M-01,CNC,2026-05-15,Night,41.33,331,97.03,0,RUNNING,299.84522604073345,0.06453243687108924,299.94450522670263,309.70774493905253,0.9371404193424357,311.567789667029,1.9486748345903948,0.3371593275786414,2.622534937772756,5.528927118138897,0.6527087011202228,7.185910407208384,40.04254354475794,9.80696858673483,60.67444883834641,722.6782944426143,186.32380492566918,1199.221807218453,68.18849635202771,17.164932914396303,100.0,0,13.38,0.0,0.0,41.375,96.66,95.54,96.28888888888888,43.15,42.663333333333334,41.894444444444446,0.0,0.0,0.0,299.640719152272,299.712392885505,299.8313788239855,309.5978382297249,309.6010406126531,309.85036480342967,1.7029502468007822,1.7621559963884204,1.7838468155930274,5.479500755578349,5.482315461090724,5.489908730421694,37.71218439838282,40.60339079023217,40.13790232444701,798.9043586810775,730.2289606782705,729.3218303472106,67.11237252151251,70.65163924655083,69.51142298071986,0,0,15
M-01,CNC,2026-05-16,Morning,42.12,337,97.94,0,RUNNING,300.09887387225024,0.11077419256213368,300.32794159796447,310.02944257770156,1.0307857411633856,311.7236245368074,1.8331245364062156,0.3371791957651063,2.551636304098001,5.527770672540058,0.54158990993842,6.811692672897466,38.19096143046566,9.99907055439014,66.64673659972792,769.7803953873586,235.99162017638014,1651.950040262885,65.24479704042919,17.37928667934874,100.0,0,13.71,0.0,0.0,42.125,97.03,96.23,96.06111111111112,41.33,41.82,41.76888888888888,0.0,0.0,0.0,299.84522604073345,299.7604063418134,299.8573385972113,309.70774493905253,309.70162321849176,309.86241918398616,1.9486748345903948,1.806261947924221,1.8171616942394517,5.528927118138897,5.48742384555116,5.482686083876959,40.04254354475794,39.69955866466671,40.07109465045821,722.6782944426143,746.8246548506883,730.2303896473799,68.18849635202771,69.00867042992002,69.38491597218442,0,0,16
M-01,CNC,2026-05-16,Afternoon,41.12,329,95.56,0,RUNNING,300.1494057643588,0.09149466703192795,300.3769140532647,310.00544831263437,0.8620112942336106,311.913817174762,1.7944073060412258,0.43989118212654843,2.7748665115035904,5.399547917962769,0.4471515943497234,6.4429143818498895,38.74794465810067,10.459577787280978,55.270666912246895,779.0527269642287,281.8486213992593,1903.6506059294084,68.42958999999186,18.41233713344106,100.0,0,14.04,0.0,0.0,41.125,97.94,97.21,95.92888888888889,42.12,42.199999999999996,41.78777777777778,0.0,0.0,0.0,300.09887387225024,299.86160635508526,299.86870408785046,310.02944257770156,309.778341915493,309.84438337124897,1.8331245364062156,1.828249872599131,1.8159585298425798,5.527770672540058,5.512066182085768,5.498835129080029,38.19096143046566,38.64856312453548,39.80898489196773,769.7803953873586,763.7876828370167,738.2814647881695,65.24479704042919,66.84855530465647,68.81640103630932,0,0,16
M-01,CNC,2026-05-16,Night,41.51,332,93.07,0,RUNNING,300.03505261595274,0.19552949715868914,300.4173943852361,310.2540812215388,0.9650971398313538,311.99770313759325,1.7944708499307749,0.46226780028163433,3.1137353814653697,5.653691007423007,0.5418735863165919,6.696271330112108,35.63722191440155,8.835266466064128,57.05732329085211,821.1693550164747,227.36128182308934,1338.260666752382,63.23296190186301,17.286775560589025,100.0,0,14.38,0.0,0.0,41.5,95.56,96.84333333333332,95.69777777777777,41.12,41.52333333333333,42.056666666666665,0.0,0.0,0.0,300.1494057643588,300.0311685591142,299.8873897072312,310.00544831263437,309.9142119431295,309.81952424441147,1.7944073060412258,1.8587355590126122,1.8049604100758172,5.399547917962769,5.485415236213908,5.477024684760772,38.74794465810067,38.99381654444142,39.514887026348724,779.0527269642287,757.1704722647338,748.0244057716834,68.42958999999186,67.28762779748293,68.4874957307452,0,0,16
M-01,CNC,2026-05-17,Morning,40.86,327,94.38,0,RUNNING,300.15961828534387,0.10526008494174127,300.32950739058447,310.1950118535123,1.0742250273917044,312.8708314836675,1.999145732575686,0.38426115727488447,2.984165195816375,5.433447053507206,0.4597291756626456,6.46186563431366,41.28052496647621,8.642080748325347,61.16332343726838,689.9839778756518,155.90230497287897,1100.7109340411437,71.19801969471276,14.189451835622005,100.0,0,14.71,0.0,0.0,40.875,93.07,95.52333333333333,95.43888888888888,41.51,41.583333333333336,41.989999999999995,0.0,0.0,0.0,300.03505261595274,300.0944440841873,299.8950728254222,310.2540812215388,310.0963240372916,309.85165378231443,1.7944708499307749,1.8073342307927387,1.8067207236218543,5.653691007423007,5.527003199308612,5.506309090893063,35.63722191440155,37.5253760009893,39.27209884705227,821.1693550164747,790.000825789354,750.1252995297091,63.23296190186301,65.63578298076135,68.11286394295114,0,0,17
M-01,CNC,2026-05-17,Afternoon,40.51,324,93.39,0,RUNNING,300.51773359225683,0.1224782151939371,300.71686596908114,310.44012596134235,0.740642424506747,312.33094689134225,2.25304171264355,0.4168046294108698,3.461054737167392,5.711865304369667,0.44769964527889067,6.505697606307755,40.84979819918508,8.409741208381142,58.08925837418096,692.252406838787,139.31232212307674,1000.2941678177972,71.99823260638114,15.33052829958142,100.0,0,15.04,0.0,0.0,40.5,94.38,94.33666666666666,95.7011111111111,40.86,41.16333333333333,41.849999999999994,0.0,0.0,0.0,300.15961828534387,300.11469222188515,299.9152900971592,310.1950118535123,310.15151379589514,309.8595998952278,1.999145732575686,1.8626746295158956,1.8304973882871067,5.433447053507206,5.495561992964327,5.499453837597522,41.28052496647621,38.55523051299281,39.69775834735624,689.9839778756518,763.4020199521184,741.635485024656,71.19801969471276,67.62019053218921,68.83538455335804,0,0,17
M-01,CNC,2026-05-17,Night,38.78,310,93.02,0,RUNNING,300.3874730642802,0.06056997859407466,300.4819327863652,310.541966055685,0.9775262969435248,312.8096682726366,2.299926009895753,0.3613859918123493,3.188721479192105,5.804505616058595,0.49938368818025675,6.758843631767324,38.542629090018806,8.927358336586458,55.269340422558,763.5968878599917,257.883342590533,1788.0038723220275,67.11240607244139,16.857795642763396,100.0,0,15.38,0.0,0.0,38.75,93.39,93.61333333333333,95.33222222222221,40.51,40.96,41.715555555555554,0.0,0.0,0.0,300.51773359225683,300.2374681645178,299.9936765363789,310.44012596134235,310.2964063454645,309.937219633749,2.25304171264355,2.015552765050004,1.8788147734836786,5.711865304369667,5.599667788433294,5.522466161912642,40.84979819918508,39.25584836002094,39.61768523156484,692.252406838787,734.4685799103045,740.6226709511029,71.99823260638114,68.8097380676523,68.91633503722869,0,0,17
M-01,CNC,2026-05-18,Morning,38.6,309,90.11,0,RUNNING,300.4263889736561,0.06827377822421112,300.53062064549016,310.39989833105403,0.8150052946742845,312.66729957423973,2.529412465046424,0.36180957703220973,3.321863101105809,5.881919642056357,0.4985932351448071,7.244086488632616,40.62614058859462,9.239192488323543,59.2123309659103,714.3833061113482,208.45822649130108,1351.576224066403,71.12384477471653,15.210287421018705,100.0,0,15.71,0.0,0.0,38.625,93.02,93.59666666666665,95.11666666666666,38.78,40.050000000000004,41.15111111111111,0.0,0.0,0.0,300.3874730642802,300.35494164729363,300.0699306910981,310.541966055685,310.39236795684656,310.06343840421,2.299926009895753,2.1840378183716633,1.9325446656962073,5.804505616058595,5.649939324645156,5.554788789834976,38.542629090018806,40.22431741856003,39.14975069473868,763.5968878599917,715.2777575248101,750.7010793882841,67.11240607244139,70.10288612451176,68.2491131783977,0,0,18
M-01,CNC,2026-05-18,Afternoon,38.81,310,92.52,0,RUNNING,300.5144603686879,0.13660500746116008,300.8399286173404,310.4472294466448,0.8618631113020602,312.0561047484855,2.6033633147576025,0.4844137928871404,3.558727686821435,5.937621518676409,0.49028828535542734,6.777187168284986,39.716695220936614,11.746961121623341,65.52147100583808,763.8292227275267,279.4148495454099,1870.4805051828248,68.7787641257843,19.282896036358558,100.0,0,16.04,0.0,0.0,38.75,90.11,92.17333333333333,94.57333333333332,38.6,39.29666666666666,40.88666666666666,0.0,0.0,0.0,300.4263889736561,300.44386521006436,300.1400545956783,310.39989833105403,310.4606634493605,310.1301730535829,2.529412465046424,2.360793395861909,2.017239299325645,5.881919642056357,5.799430187494873,5.60235278751499,40.62614058859462,40.00618929259951,39.069994310042595,714.3833061113482,723.4108669367091,750.2001899086148,71.12384477471653,70.07816115117969,68.18230232934178,0,0,18
M-01,CNC,2026-05-18,Night,41.21,330,92.06,0,RUNNING,300.694471825884,0.06277185847276649,300.79520533913114,310.45519928306885,0.8497116855232293,311.9569986912225,2.800645582395937,0.3750724371853152,3.5369641914771552,5.96239887316106,0.41233989911911456,6.775934154259771,41.02542886419009,10.695045992838383,71.3466533142463,714.0690587341998,206.26828678231885,1293.398983633715,70.61367053133218,18.510479274797852,100.0,0,16.38,0.0,0.0,41.25,92.52,91.88333333333333,94.11333333333333,38.81,38.73,40.404444444444444,0.0,0.0,0.0,300.5144603686879,300.4427741355414,300.2371369530578,310.4472294466448,310.46303127779464,310.2245498554629,2.6033633147576025,2.4775672632332597,2.117285195765292,5.937621518676409,5.874682258930453,5.6532550945258855,39.716695220936614,39.62848829985001,39.2927177347708,763.8292227275267,747.2698055662889,746.3029525804424,68.7787641257843,69.00500499098074,68.36745695203865,0,0,18
M-01,CNC,2026-05-19,Morning,37.79,302,89.42,0,RUNNING,300.7164847474618,0.13144210650332702,300.8968180994328,310.6707060266352,0.8768641199164336,312.0530551853867,3.142480639058722,0.3522651623065142,4.083831511254372,5.986465570384174,0.34715447232055846,6.817199804862862,37.99114721904709,10.29371874531322,60.18314904305884,780.4059696314368,218.07970865300544,1294.507120842606,66.058202942375,18.110258881517574,100.0,0,16.71,0.0,0.0,37.75,92.06,91.56333333333333,93.5611111111111,41.21,39.54,40.39111111111111,0.0,0.0,0.0,300.694471825884,300.545107056076,300.3314975958523,310.45519928306885,310.4341090202559,310.30760033813135,2.800645582395937,2.644473787399988,2.2119486121881295,5.96239887316106,5.927313344631275,5.701418622861681,41.02542886419009,40.45608822457378,39.4019272147077,714.0690587341998,730.760529191025,745.3463708350631,70.61367053133218,70.17209314394434,68.63692074973915,0,0,19
M-01,CNC,2026-05-19,Afternoon,35.34,283,89.52,0,RUNNING,300.7726534838357,0.1765908004850798,301.1810745967915,310.82635457309283,0.8401886336104957,312.5074886363366,3.1407627146326376,0.4207790120254923,4.007409936811284,6.091867991401906,0.48153358117272743,6.985095194962901,43.0977215853528,9.744443996083174,64.94369707553231,670.6745410093514,154.81793430504047,1061.8402322648476,74.21714738478966,16.814927167931714,100.0,0,17.04,0.0,0.0,35.375,89.42,91.33333333333333,92.61444444444444,37.79,39.27,39.91,0.0,0.0,0.0,300.7164847474618,300.64180564734454,300.40012102643135,310.6707060266352,310.52437825211626,310.3788518324573,3.142480639058722,2.848829845404087,2.3574326235939638,5.986465570384174,5.962161987407215,5.752384722622138,37.99114721904709,39.57775710139126,39.37972563566119,780.4059696314368,752.7680836977211,746.5269901955161,66.058202942375,68.48354586649715,68.7272991832887,0,0,19
M-01,CNC,2026-05-19,Night,37.57,301,94.5,0,RUNNING,301.64558494101544,0.22711597963896554,301.91993104305993,311.45459611445347,1.2064395552765521,313.6387649817811,3.3460817524725175,0.4265296338895231,4.221728249520851,6.09975305441184,0.41493321253044546,6.796895871888268,41.98496209510805,10.01486088383045,55.64324339714808,700.880980965254,250.8789679346663,1672.872964498219,72.66443763789599,18.25188656292054,96.87973033135088,0,17.38,0.0,0.0,37.625,89.52,90.33333333333333,91.94333333333333,35.34,38.11333333333334,39.26777777777778,0.0,0.0,0.0,300.7726534838357,300.7278700190605,300.4693707730399,310.82635457309283,310.6507532942656,310.4700636391749,3.1407627146326376,3.0279629786957654,2.5070276689930093,6.091867991401906,6.013577478315713,5.829309175226487,43.0977215853528,40.704765889529995,39.86303418313365,670.6745410093514,721.716523124996,734.4849695338631,74.21714738478966,70.29634028616562,69.37036111493289,0,0,19
M-01,CNC,2026-05-20,Morning,35.79,286,88.03,0,RUNNING,301.781042705539,0.07839969827220265,301.9541413836004,311.71632129103307,1.0064075495138423,313.7513436269145,3.584127352129164,0.35290005169765737,4.418130175476315,6.3212525494678005,0.42093213712534655,7.261364755755664,41.763896139124704,8.937460863086569,67.19912142667451,678.9521848771706,147.81472389887077,1013.9592692383744,70.87604012215414,14.911019092659458,100.0,0,17.71,0.0,0.0,35.75,94.5,91.14666666666666,92.10222222222222,37.57,36.9,38.830000000000005,0.0,0.0,0.0,301.64558494101544,301.04490772410435,300.64831880915796,311.45459611445347,310.98388557139384,310.6034541828321,3.3460817524725175,3.2097750353879593,2.6794288803865367,6.09975305441184,6.059362205399307,5.878871624891913,41.98496209510805,41.02461029983598,40.568338647656596,700.880980965254,717.320497202014,721.119594639283,72.66443763789599,70.97992932168688,70.418302863381,0,0,20
M-01,CNC,2026-05-20,Afternoon,35.96,288,85.09,0,RUNNING,301.4298058104299,0.11961596605657028,301.6956156596243,311.4221114458033,0.929947354365126,313.78737598941177,3.671270135471813,0.37249471479624013,4.534518843121765,6.343431378000948,0.4726558250261697,7.101791131964365,40.528717543208636,10.945667477596542,59.72991184178287,682.708042350723,149.21272197343228,1054.8018333738669,70.1667824946904,19.593396807250976,100.0,0,18.04,0.0,0.0,36.0,88.03,90.68333333333332,91.39666666666668,35.79,36.23333333333333,38.266666666666666,0.0,0.0,0.0,301.781042705539,301.3997603767967,300.82847707806854,311.71632129103307,311.3324239928598,310.7724885647788,3.584127352129164,3.35699060641144,2.8555379492258117,6.3212525494678005,6.1709578650938495,5.977516679998645,41.763896139124704,42.28219327319519,40.622046555728645,678.9521848771706,683.5025689505919,719.8938398616741,70.87604012215414,72.58587504827993,70.38252735531893,0,0,20
M-01,CNC,2026-05-20,Night,37.23,298,88.93,0,RUNNING,301.6850671868054,0.12142157907959916,302.0103991273637,311.7774561846025,1.1450653869177934,313.6525107971806,3.7171616754713495,0.5149560977267817,4.628342183975232,6.348819591822657,0.5344145526235295,7.274570102418483,39.36313362483358,10.081190278078768,62.39721929999064,737.3291809271923,196.02664969168546,1316.9544634929778,66.44809422839359,17.93152687291493,100.0,0,18.38,0.0,0.0,37.25,85.09,89.20666666666666,90.47444444444444,35.96,36.44,37.76111111111111,0.0,0.0,0.0,301.4298058104299,301.61881115232813,300.9298184356433,311.4221114458033,311.5310096170966,310.8815980630523,3.671270135471813,3.5338264133578314,3.013118885095619,6.343431378000948,6.254812327293529,6.047690688179898,40.528717543208636,41.42585859248046,40.58637092728682,682.708042350723,687.5137360643826,718.8333549185558,70.1667824946904,71.23575341824683,70.1790328984644,0,0,20
M-01,CNC,2026-05-21,Morning,35.32,336,83.47,0,RUNNING,302.1374757891415,0.17479648647640844,302.4377918805555,312.20467849368356,0.7783522991305698,313.53196375523675,4.118373147193037,0.3072648475253447,4.622356150729613,6.330238935217837,0.45382695114872923,7.08526820841182,40.34576030598342,10.637678682562267,62.49224472200918,739.8119008702806,225.93408953421186,1260.582344521242,68.87353523105601,17.859457474531986,100.0,0,18.71,0.0,0.0,42.0,88.93,87.35000000000001,90.02000000000001,37.23,36.32666666666666,37.58888888888889,0.0,0.0,0.0,301.6850671868054,301.6319719009248,301.07399556036836,311.7774561846025,311.6386296404796,311.0188747440431,3.7171616754713495,3.6575197210241086,3.170589514604019,6.348819591822657,6.337834506430468,6.10817001882035,39.36313362483358,40.55191576905564,40.6775380978218,737.3291809271923,699.6631360516953,715.9147208149113,66.44809422839359,69.16363894841271,70.10522047134798,0,0,21
M-01,CNC,2026-05-21,Afternoon,35.95,288,82.48,0,RUNNING,302.7443822950937,0.13590613282239505,303.1047565110836,312.4494945910957,1.1461162358672974,314.6588082985188,4.140810040606177,0.36485428681950766,4.8095313545022425,6.644351561283178,0.444224964258802,7.444762888304953,42.38800224540353,9.132729002789022,62.13611203620823,678.9973643620085,173.45966113632227,1194.050781964908,74.08650455946207,16.402354749979178,100.0,0,19.04,0.0,0.0,36.0,83.47,85.83,89.28222222222223,35.32,36.17,37.224444444444444,0.0,0.0,0.0,302.1374757891415,301.75078292879226,301.26411631764455,312.20467849368356,311.80141537469643,311.21940587322416,4.118373147193037,3.8356016527120667,3.347140701509198,6.330238935217837,6.340829968347148,6.15798327361607,40.34576030598342,40.07920382467521,40.64638473308722,739.8119008702806,719.9497080493987,718.7401202325705,68.87353523105601,68.49613731804665,69.85518607760793,0,0,21
M-01,CNC,2026-05-21,Night,35.11,281,89.67,0,RUNNING,302.90352996087415,0.062141100510728416,303.0439933762727,312.82815538478394,0.9588519912889013,314.3357522797115,4.284946066170551,0.4110363817120602,5.155961619068077,6.644371170438408,0.4454638432358178,7.662755985540434,41.590870105361965,11.531428004663013,63.8196813589358,728.0985603100485,236.8022512807622,1388.5744352400984,73.04039489293184,20.854641821983098,100.0,0,19.38,0.0,0.0,35.125,82.48,84.96,88.16666666666667,35.95,36.166666666666664,36.906666666666666,0.0,0.0,0.0,302.7443822950937,302.18897509034684,301.5118854205785,312.4494945910957,312.1438764231272,311.4418797781631,4.140810040606177,3.992114954423522,3.5179681154923728,6.644351561283178,6.441136696107891,6.236508833905711,42.38800224540353,40.69896539207351,40.94319662469465,678.9973643620085,718.7128153864937,709.3143581919574,74.08650455946207,69.80271133963721,70.44493501468322,0,0,21
M-01,CNC,2026-05-22,Morning,32.02,256,82.01,0,RUNNING,302.9822049338327,0.11129080425321657,303.2329346327117,313.35257502407467,1.0858096718873718,315.0531925511296,4.5486901627649985,0.4275010107639298,5.431786222852663,6.628501954494001,0.4632508760057413,7.592660398548156,42.13845494991849,10.75985888524585,55.7361233338087,700.5156902080058,225.65784535212754,1527.0255779026802,73.40067059511536,18.38998039624084,100.0,0,19.71,0.0,0.0,32.0,89.67,85.20666666666666,87.9011111111111,35.11,35.46,36.228888888888896,0.0,0.0,0.0,302.90352996087415,302.59512934836977,301.7573363244663,312.82815538478394,312.4941094898544,311.7055415672426,4.284946066170551,4.181376417989923,3.68289039146733,6.644371170438408,6.5396538889798075,6.312283533603194,41.590870105361965,41.441544218916306,41.00602342926931,728.0985603100485,715.6359418474458,710.8731917003851,73.04039489293184,72.00014489448331,70.71457105486097,0,0,22
M-01,CNC,2026-05-22,Afternoon,33.1,265,82.14,0,RUNNING,303.555936412058,0.14973582728532434,303.7827431170954,313.8321386701245,1.0566983232916716,315.68999479946046,4.699006838632298,0.42997482702519657,5.8078393792146645,6.856908115181414,0.5627974617969806,7.7222469038041455,40.63850293475836,10.029261061029345,57.463568541143694,713.8585724383861,228.79677016252774,1433.0044757642495,73.25268495779598,16.75516240244172,100.0,0,0.17,1.0,0.0,33.125,82.01,84.72000000000001,87.07777777777778,32.02,34.36000000000001,35.58777777777778,0.0,0.0,0.0,302.9822049338327,302.8767057299335,302.00908301184086,313.35257502407467,312.8767416666514,312.0035270114026,4.5486901627649985,4.324815423180575,3.8391358941013607,6.628501954494001,6.639074895405195,6.383620909615398,42.13845494991849,42.039109100227996,41.46683539936613,700.5156902080058,702.537204960021,701.9964939866705,73.40067059511536,73.50919001583641,71.53040079405433,1,0,22
M-01,CNC,2026-05-22,Night,31.46,252,83.28,0,RUNNING,303.88487047841875,0.2952736509806711,304.32511703682184,314.0172391651385,1.012990757218177,315.91203181566755,4.905941205434763,0.3055239098106802,5.400238962921274,6.831159047960873,0.39499156687203557,7.912112212981272,41.368943926396504,7.643816071290132,54.176327545557214,684.3411053649967,145.87955110932887,1101.8194970065829,72.94242671168051,12.112507456712212,92.28704761363568,0,0.5,1.0,0.0,31.5,82.14,84.60666666666667,86.25777777777779,33.1,33.410000000000004,35.33888888888888,0.0,0.0,0.0,303.555936412058,303.1472237689216,302.31833667053223,313.8321386701245,313.3376230263277,312.33750302218385,4.699006838632298,4.510881022522616,4.012274130101323,6.856908115181414,6.70992708003794,6.468625367813121,40.63850293475836,41.45594266334627,41.193588882633414,713.8585724383861,714.1576076521469,706.7947197010077,73.25268495779598,73.2312501486144,71.42323830216614,1,0,22
M-01,CNC,2026-05-23,Morning,40.66,0,96.95,480,DOWN,304.5599322244024,0.13867995226879162,304.7938368365016,314.2249863552203,1.0131794841094992,315.8741194750066,5.043880182415277,0.446228758916348,5.922909133886944,6.944413840334727,0.5537968844570773,7.959993016666551,42.25556148493573,9.095050110624706,56.50328247200332,710.1695203780987,346.41183094383,2503.258776825985,73.43842326717456,16.027408003209356,97.0945206267435,0,0.83,1.0,1.0,0.0,83.28,82.47666666666667,85.0111111111111,31.46,32.193333333333335,34.66,0.0,0.0,0.0,303.88487047841875,303.4743372747698,302.5671461746881,314.0172391651385,313.7339842864459,312.6222411389266,4.905941205434763,4.717879402277353,4.185591847097127,6.831159047960873,6.772189705878763,6.549892700429679,41.368943926396504,41.381967270357784,41.125142419443236,684.3411053649967,699.5717893371296,704.9569557454236,72.94242671168051,73.19859408819728,71.4541259770311,1,0,23
M-01,CNC,2026-05-23,Afternoon,40.84,0,99.1,480,DOWN,304.81891449083986,0.11600873557041551,305.0668256149977,315.0204519284278,1.0545356031471362,316.9680683325223,5.169803947035152,0.347783822928134,5.985937212070064,7.0040231080176145,0.5571466293200604,8.01753341433183,40.46887819872514,10.136080861202547,56.82118745380162,723.912856113257,240.57354669587596,1617.8167812125027,72.1151248369846,18.06286925842424,100.0,0,0.08,2.0,1.0,0.0,96.95,87.45666666666666,86.00222222222222,40.66,35.07333333333333,35.20111111111111,480.0,160.0,53.333333333333336,304.5599322244024,304.00024637162636,302.875911676784,314.2249863552203,314.02478806349444,312.9009817016141,5.043880182415277,4.88294274216078,4.347786606017808,6.944413840334727,6.8774936678256715,6.6191328438593375,42.25556148493573,41.4210027820302,41.17977190231114,710.1695203780987,702.7897327271604,708.42554857886,73.43842326717456,73.21117831221703,71.73883521536669,1,1,23
M-01,CNC,2026-05-23,Night,41.01,0,95.36,480,DOWN,305.08945226598485,0.0915003076933261,305.1746161099151,314.8877466995642,0.8301879756572869,316.43044967815257,5.394679938073018,0.3584748974708491,6.108111762681815,7.16686790719627,0.42350537759045365,7.724104119995498,31.21043823969865,12.925430318467123,54.02759339499247,1016.3368198174627,374.04651280696567,1413.674226443518,50.057792957411465,22.803821796598857,87.65160824725898,1,0.42,2.0,1.0,0.0,99.1,93.11,87.5588888888889,40.84,37.653333333333336,35.74333333333333,480.0,320.0,106.66666666666667,304.81891449083986,304.4212390645537,303.25247930794075,315.0204519284278,314.4208924829289,313.30079731079456,5.169803947035152,5.0398751116283975,4.514290362858179,7.0040231080176145,6.926531998771072,6.692531924972301,40.46887819872514,41.36446120335246,41.17312308625741,723.912856113257,706.141160618784,713.0038612191415,72.1151248369846,72.8319916052799,71.95531769784384,1,0,23
M-01,CNC,2026-05-24,Morning,43.03,344,93.54,0,RUNNING,301.09722663243593,0.05259507498823175,301.19895976924744,311.8397639567227,1.5308703722452552,313.41877956047546,1.8046333722576218,0.2650502694769552,2.37276983794184,5.296953274173053,0.3981455006405698,5.8478361636435565,36.58517465113901,5.143601625365182,44.43099135018467,756.247770781044,127.46274318869942,1097.3515212841614,66.75080828403568,9.363228682001159,80.32145498957998,0,0.75,2.0,0.0,43.0,95.36,97.13666666666666,88.27333333333334,41.01,40.836666666666666,36.163333333333334,480.0,480.0,160.0,305.08945226598485,304.8227663270757,303.63074431673846,314.8877466995642,314.7110616610708,313.6463851457904,5.394679938073018,5.202788022507815,4.70068128092503,7.16686790719627,7.0384349518495375,6.7834261822360356,31.21043823969865,37.97829264111984,40.26726804346464,1016.3368198174627,816.8063987696063,744.0047099847272,50.057792957411465,65.20378035385689,70.13417311217916,1,0,24
M-01,CNC,2026-05-24,Afternoon,42.29,338,98.61,0,RUNNING,301.1867475841547,0.06188983510542574,301.2707070750933,311.1179146300436,1.0544095754065923,313.9958112711634,1.8048935348424333,0.360250740828765,2.305988357613717,5.610490699505406,0.3645911935737809,6.220496456046454,40.08289262445645,10.705613966843535,61.316401916067,754.4837475005875,297.9577481488231,1892.717582706965,69.79385046829015,18.3651679854849,100.0,0,0.25,3.0,0.0,42.25,93.54,96.0,89.39222222222222,43.03,41.626666666666665,37.019999999999996,0.0,320.0,160.0,301.09722663243593,303.66853112975355,303.51516107710444,311.8397639567227,313.91598752823825,313.605839086128,1.8046333722576218,4.123039085788597,4.443599083709985,5.296953274173053,6.489281429795646,6.668616664342171,36.58517465113901,36.08816369652094,39.849425192926375,756.247770781044,832.1658155705878,745.8309177525898,66.75080828403568,62.97457535947725,69.89831456251022,1,0,24
M-01,CNC,2026-05-24,Night,39.97,320,96.37,0,RUNNING,301.2179209074597,0.0975880136791738,301.4509402101705,311.1708415398495,1.200163019795481,313.61442855952754,1.7628341761700717,0.4090695276428259,2.3776182918076527,5.3922112846631265,0.47093451084777205,6.494706191287039,41.267035853272944,10.353710368990594,57.43767676241615,726.7774164435197,293.2896130685059,2038.0163831891575,70.89403538289983,17.44180584074025,96.84776835736544,0,0.58,3.0,0.0,40.0,98.61,95.83666666666666,91.18444444444444,42.29,42.10999999999999,37.724444444444444,0.0,160.0,160.0,301.1867475841547,302.4578088275252,303.3420905536668,311.1179146300436,312.61514176211017,313.45788575712226,1.8048935348424333,3.0014022817243577,4.18405280529179,5.610490699505406,6.024770626958243,6.553743235255752,40.08289262445645,35.95950183843137,39.593301901710035,754.4837475005875,842.356112699698,754.2182936568764,69.79385046829015,62.2008172365791,69.42135299682447,1,0,24
M-01,CNC,2026-05-25,Morning,42.33,339,97.56,0,RUNNING,301.25371456567444,0.12685777757698963,301.4734735571842,311.50542602212266,0.9561172584898728,312.9235660714174,1.7823015503625228,0.42730273343765496,2.4573776432807164,5.539420451209962,0.5785992642927655,6.851926764024812,38.72338279433049,8.418298201513451,52.89612614339787,746.2868649115071,199.55410885200038,1413.1402569411623,67.66396512150288,14.820714783997415,90.24117256198996,0,0.92,3.0,0.0,42.375,96.37,96.17333333333333,91.92888888888889,39.97,41.76333333333333,38.26444444444444,0.0,0.0,160.0,301.2179209074597,301.1672983746834,303.154800658843,311.1708415398495,311.3761733755386,313.2737397743517,1.7628341761700717,1.7907870277567088,3.9038181508472922,5.3922112846631265,5.433218419447194,6.414614359058499,41.267035853272944,39.31170104295614,39.55732031814458,726.7774164435197,745.8363115750503,754.0714998939287,70.89403538289983,69.14623137840856,69.1828686068209,1,0,25
M-01,CNC,2026-05-25,Afternoon,40.44,324,93.36,0,RUNNING,301.18976065600316,0.12519633610077485,301.52897601358524,311.31744798814196,0.8901581179537877,312.76939158661696,1.7465872747343463,0.3305152068747926,2.3695958555070384,5.556389825685871,0.4463381995421511,6.564513320123647,40.62849507470065,11.763924659583315,62.41575539242917,755.8574242579273,321.90701347330275,1790.5804695902657,70.6867650773887,20.85684410651764,100.0,0,1.25,3.0,0.0,40.5,97.56,97.51333333333332,93.65666666666668,42.33,41.53,39.41,0.0,0.0,160.0,301.25371456567444,301.2194610190963,302.96274617349206,311.50542602212266,311.2647273973386,313.06850099635705,1.7823015503625228,1.783343087125009,3.5964416383581286,5.539420451209962,5.514040811792832,6.293605303138049,38.72338279433049,40.024437090686625,39.17786785641258,746.2868649115071,742.5160096185381,759.1571859720956,67.66396512150288,69.45061699089761,68.54545688753063,1,0,25
M-01,CNC,2026-05-25,Night,42.66,341,96.59,0,RUNNING,301.5800438390601,0.1834985138992612,301.9061545859642,311.4142263904212,1.2598505143882122,313.7346234121971,1.6931024080272774,0.35499463394172615,2.615168497467299,5.562641765801831,0.5279766808392921,6.697461316225732,37.13287563336299,9.17260104271508,56.12195470407518,793.9399968397069,290.38770580039056,2029.8540730094933,64.87923299142659,18.83687760627525,100.0,0,1.58,3.0,0.0,42.625,93.36,95.76333333333334,94.90333333333334,40.44,40.913333333333334,40.22555555555556,0.0,0.0,160.0,301.18976065600316,301.2204653763791,302.69983775615265,311.31744798814196,311.3312385167047,312.78909092058126,1.7465872747343463,1.7639076670889802,3.2683950201472447,5.556389825685871,5.496007187186319,6.149103270971878,40.62849507470065,40.20630457410136,39.176755871961724,755.8574242579273,742.9739018709847,763.8237250631556,70.6867650773887,69.74825519393046,68.26035467859649,1,0,25
M-01,CNC,2026-05-26,Morning,42.32,339,96.69,0,RUNNING,301.5084256224752,0.12788186520805314,301.79172309124345,311.60173451132914,1.090252097364315,313.6408061387465,1.8603745086171088,0.39820583581864644,2.6379191142863454,5.487923908621179,0.6048116735528581,6.457727302660873,41.11760721579061,13.621220439524656,73.26780537643981,759.2796522700705,337.8235357573379,1914.2225474082625,69.05014227267145,22.685129347984716,100.0,0,1.92,3.0,0.0,42.375,96.59,95.83666666666666,96.38222222222221,42.66,41.81,41.47,0.0,0.0,160.0,301.5800438390601,301.3411730202459,302.443745907335,311.4142263904212,311.4123668002286,312.499867278946,1.6931024080272774,1.7406637443747155,2.9114129315464137,5.562641765801831,5.552817347565888,6.008156906287541,37.13287563336299,38.828251167464714,38.70608161718023,793.9399968397069,765.3614286697139,776.0013796714568,64.87923299142659,67.7433210634394,67.36444426523494,1,0,26
M-01,CNC,2026-05-26,Afternoon,41.14,329,96.46,0,RUNNING,301.53173379039646,0.053406890382539755,301.65623002219024,311.72510646096896,1.0717431596676807,313.66846159260444,1.7686153566265987,0.41625556708028744,2.588067817482911,5.548137071220586,0.44374656323348804,6.345241146886348,39.74844870598196,10.342199039939954,58.14604722582225,765.6042129227133,345.8882074033334,2192.813946959281,69.68299914438671,17.9360090719377,100.0,0,2.25,3.0,0.0,41.125,96.69,95.54666666666667,96.35333333333334,42.32,41.806666666666665,41.654444444444444,0.0,0.0,106.66666666666667,301.5084256224752,301.4260767058461,302.104689618232,311.60173451132914,311.4444696299641,312.20839485184695,1.8603745086171088,1.7666880637929108,2.557690078902173,5.487923908621179,5.535651833369627,5.846324691652701,41.11760721579061,39.626325974618084,38.579642253941884,759.2796522700705,769.6923577892348,781.458060992787,69.05014227267145,68.20538011382892,66.87685748806794,1,0,26
M-01,CNC,2026-05-26,Night,42.37,339,94.57,0,RUNNING,301.17470972152887,0.21998164424772246,301.57834521004537,311.32291251409515,0.9928674741038309,313.0657636468743,1.893476156820577,0.42617549826857265,2.6728098193899785,5.397634746186541,0.46506309313439187,6.385355403311246,38.71335564956917,10.561039267495735,55.81554259540842,785.6532435436858,322.9751140458783,1887.0722352799237,67.61950666636281,18.537099055494863,100.0,0,2.58,3.0,0.0,42.375,96.46,96.58,96.06,41.14,42.04,41.687777777777775,0.0,0.0,53.333333333333336,301.53173379039646,301.5400677506439,301.7394473181828,311.72510646096896,311.58035578757307,311.8422453554627,1.7686153566265987,1.774030757756995,2.1797802355234444,5.548137071220586,5.532900915214532,5.684559576453032,39.74844870598196,39.33297718504519,38.499594532525975,765.6042129227133,772.9412873441635,786.0904339716154,69.68299914438671,67.87079146949492,66.6066213000015,1,0,26
M-01,CNC,2026-05-27,Morning,44.35,355,96.95,0,RUNNING,300.8867797834719,0.11352007374983962,301.16268928579615,310.9271695872179,0.911094010286953,313.3893451285474,1.7286077585484838,0.4380025204398354,2.551378086126788,5.609566023770731,0.5726039040146694,6.663859660100444,39.49889259692356,10.899646263580303,60.03740615336109,806.667623952945,611.4083174663258,4043.0662006151065,68.43565976795011,19.518331606884338,100.0,0,2.92,3.0,0.0,44.375,94.57,95.90666666666668,95.97222222222223,42.37,41.943333333333335,41.83888888888889,0.0,0.0,0.0,301.17470972152887,301.4049563781335,301.3044759243543,311.32291251409515,311.54991782879773,311.4461526681883,1.893476156820577,1.8408220073547614,1.7907575931620618,5.397634746186541,5.477898575342768,5.487978114118618,38.71335564956917,39.85980385711391,39.33325202251159,785.6532435436858,770.1790362454899,760.4589254967514,67.61950666636281,68.78421602780698,68.55792282321832,1,0,27
M-01,CNC,2026-05-27,Afternoon,40.5,324,97.31,0,RUNNING,301.16276481776015,0.11238225713979558,301.3491704080752,310.98293751961575,1.0414719032433777,312.7365969218785,1.7954277333177215,0.35301706792928317,2.4345122161187795,5.608820306502367,0.5019950596068108,6.628183929573932,41.8082210231863,7.480894746008013,59.6523872646692,677.650519899448,136.08983148733998,1111.231565663185,74.69871689115732,14.019599182961786,100.0,0,3.25,3.0,0.0,40.5,96.95,95.99333333333334,96.35111111111111,44.35,42.62,41.98555555555555,0.0,0.0,0.0,300.8867797834719,301.19774109846577,301.2810929411361,310.9271695872179,311.325062854094,311.34475329379893,1.7286077585484838,1.7968997573318866,1.7823103027499354,5.609566023770731,5.518445947059287,5.522712864073915,39.49889259692356,39.32023231749156,39.656998460932094,806.667623952945,785.975026806448,766.0611314047403,68.43565976795011,68.57938852623322,68.74512854365325,1,0,27
M-01,CNC,2026-05-27,Night,40.77,326,97.57,0,RUNNING,301.02914887976357,0.07011465989802994,301.1919675913987,310.9643324491936,0.7516168088620737,312.3084014911118,1.7055698250753486,0.4028888792226119,2.3927350936619605,5.530326845378668,0.48687734696294716,6.6590869889665605,39.73444421153586,9.687518429431584,55.499568535296326,734.0199632113436,211.01935886804728,1229.2908656819184,71.44349410645093,18.093648828813414,100.0,0,3.58,3.0,0.0,40.75,97.31,96.27666666666666,96.20666666666666,40.5,42.406666666666666,41.78666666666666,0.0,0.0,0.0,301.16276481776015,301.0747514409203,301.2784281893144,310.98293751961575,311.07767320697627,311.3297558370847,1.7954277333177215,1.8058372162289273,1.7812585470249676,5.608820306502367,5.538673692153213,5.522527264851355,41.8082210231863,40.00682308989301,39.84870161634652,677.650519899448,756.6571291320262,757.5241061157247,74.69871689115732,70.2512944418234,69.29011370174959,1,0,27
M-01,CNC,2026-05-28,Morning,43.46,348,94.36,0,RUNNING,301.2769399714059,0.15925709083807998,301.5253573156965,311.0758239769247,1.0858573912354357,313.19273057005466,1.8689957975483618,0.434805369606182,2.991458474778301,5.547658960600624,0.5651265820532115,6.685705356461836,39.67054029411841,11.606121047604615,61.25536678011882,758.2250711755372,253.43804841502316,1428.5110022248234,66.1652866635582,20.334531915336196,100.0,0,3.92,3.0,0.0,43.5,97.57,97.27666666666666,96.33999999999999,40.77,41.873333333333335,41.87555555555556,0.0,0.0,0.0,301.02914887976357,301.0262311603319,301.2574535195704,310.9643324491936,310.95814651867573,311.3068103825674,1.7055698250753486,1.7432017723138513,1.774895841347776,5.530326845378668,5.582904391883922,5.537873438264193,39.73444421153586,40.347185943881904,39.67841365615351,734.0199632113436,739.4460356879122,758.3288335343718,71.44349410645093,71.5259569218528,69.35116467103306,1,0,28
M-01,CNC,2026-05-28,Afternoon,43.21,346,96.83,0,RUNNING,301.6642509892849,0.12281428022159704,301.85836796626,311.59623081010824,0.7881245325555504,313.26868475688786,1.7104707577447724,0.37243071697698604,2.4411334430645133,5.52267680094274,0.46551512466557604,6.647522092376711,41.3081718148152,9.154253109386746,57.15975432315524,697.936420341542,151.12995601166983,999.5367604407996,71.66092633127424,15.917101553135732,100.0,0,4.25,3.0,0.0,43.25,94.36,96.41333333333334,95.98444444444445,43.46,41.57666666666667,42.00111111111111,0.0,0.0,0.0,301.2769399714059,301.15628455630986,301.26003412020725,311.0758239769247,311.00769798191135,311.2590768219898,1.8689957975483618,1.7899977853138107,1.784528535479536,5.547658960600624,5.5622687041605525,5.5387888281964885,39.67054029411841,40.40440184294686,39.78365337835217,758.2250711755372,723.2985180954429,759.6553008970418,66.1652866635582,70.76916588705548,69.18464484237253,1,0,28
M-01,CNC,2026-05-28,Night,43.04,344,99.79,0,RUNNING,301.63130690147284,0.0848640768524454,301.77737943506867,311.4601041893395,0.8910123824153423,313.0776590464152,1.875262693228179,0.4110933270649466,2.5362467360672047,5.515506926964201,0.4112490701027894,6.059421429894788,40.66329916034389,8.710528810261966,64.02282359237776,690.2389381913285,151.50161101029445,1072.1780165296525,72.51209160756076,14.885431411856217,100.0,0,4.58,3.0,0.0,43.0,96.83,96.25333333333333,96.37,43.21,42.48,42.30888888888889,0.0,0.0,0.0,301.6642509892849,301.3234466134848,301.3127552683497,311.59623081010824,311.2121290787422,311.29005269109723,1.7104707577447724,1.761678793456161,1.7805155891473612,5.52267680094274,5.533554202307344,5.535042936558363,41.3081718148152,40.237718773489824,39.85917301614268,697.936420341542,730.0604849094743,753.2196337952214,71.66092633127424,69.75656903376112,69.29288498169315,1,0,28
M-01,CNC,2026-05-29,Morning,41.69,334,94.49,0,RUNNING,301.89476190487244,0.18404855891188435,302.2717742113945,312.0124325885293,0.8390730271414504,313.67424694286655,1.7096890509746039,0.406014902425693,2.5101166633546086,5.51897055099004,0.47394556123297626,6.44306433532603,41.992126564118486,9.881836535425874,65.22536697625068,692.6957836521603,197.3872888957356,1369.611398404519,74.3841184710022,16.4110478723374,100.0,0,4.92,3.0,0.0,41.75,99.79,96.99333333333334,96.72555555555556,43.04,43.23666666666666,42.351111111111116,0.0,0.0,0.0,301.63130690147284,301.5241659540546,301.3184511641733,311.4601041893395,311.3773863254575,311.2951502243103,1.875262693228179,1.8182430828404377,1.8007556208363502,5.515506926964201,5.528614229502522,5.529805732243071,40.66329916034389,40.54733708975917,40.25144229691833,690.2389381913285,715.4668099028027,741.6972939454015,72.51209160756076,70.11276820079773,70.14098038348584,1,0,29
M-01,CNC,2026-05-29,Afternoon,40.88,327,94.37,0,RUNNING,302.27175197942705,0.12018544699504434,302.4178603743161,312.47073497095204,0.9493978425294107,315.01880307699776,1.6774352137272552,0.3997680831290463,2.465834657567704,5.682947095253798,0.501851296044082,6.4814806397799885,39.30079881051154,8.784342527112251,65.51928957589504,732.8190534444035,195.47816618611944,1432.6652505027962,68.59043449531704,16.714851736942492,100.0,0,5.25,2.0,0.0,40.875,94.49,97.03666666666668,96.4811111111111,41.69,42.64666666666667,42.281111111111116,0.0,0.0,0.0,301.89476190487244,301.7301065985434,301.36137741777304,312.0124325885293,311.6895891959923,311.34078334399925,1.7096890509746039,1.7651408339825185,1.7840127922094051,5.51897055099004,5.519051426298994,5.533255359172944,41.992126564118486,41.32119917975919,40.3486111133992,692.6957836521603,693.6237140616769,734.2990863211893,74.3841184710022,72.85237880327907,70.73364440552258,1,0,29
M-01,CNC,2026-05-29,Night,41.9,335,96.68,0,RUNNING,302.05727708150243,0.11993019178682987,302.25569249462734,311.9698988902377,0.9991475378895491,313.871624376856,1.782433080468524,0.36407612271175693,2.445453285030172,5.585997736270299,0.5764308324710633,7.194556196115796,38.443768679961856,12.019080659886285,64.50394651343055,795.2038519532815,298.42827616781585,1885.798914609633,65.3053375991973,21.073745231715687,100.0,0,5.58,2.0,0.0,41.875,94.37,96.21666666666668,96.24888888888889,40.88,41.87,42.25222222222222,0.0,0.0,0.0,302.27175197942705,301.93260692859076,301.44360166099864,312.47073497095204,311.9810905829403,311.42363095621954,1.6774352137272552,1.7541289859766795,1.7738816652205893,5.682947095253798,5.572474857736013,5.54823425073219,39.30079881051154,40.6520748449913,40.29887223612471,732.8190534444035,705.2512584292975,730.6562908235994,68.59043449531704,71.82888152462667,70.61224833340373,1,0,29
M-01,CNC,2026-05-30,Morning,42.35,339,97.65,0,RUNNING,302.5261460422693,0.34297840802886054,303.1268082874958,312.4057011051332,1.114464444181861,314.8876743323832,1.8007421577155232,0.3857157900527347,2.967735723554851,5.529496836175574,0.4796489732635607,7.040124074535346,41.53402906643337,8.630188982952358,58.36000424577728,695.5220628192812,167.11750475760346,1236.8256751902295,71.66629266716058,15.763237757973046,98.40199636940106,0,5.92,2.0,0.0,42.375,96.68,95.18,96.48333333333333,41.9,41.49,42.199999999999996,0.0,0.0,0.0,302.05727708150243,302.07459698860066,301.5416647009957,311.9698988902377,312.15102214990634,311.49551833134655,1.782433080468524,1.723185781723461,1.7615435456259165,5.585997736270299,5.595971794171379,5.569163471852608,38.443768679961856,39.91223135153063,40.26891812839057,795.2038519532815,740.2395630166151,731.7174695357767,65.3053375991973,69.42663018850551,70.355118437052,1,0,30
M-01,CNC,2026-05-30,Afternoon,42.02,336,98.91,0,RUNNING,303.1963755285503,0.1914158617436344,303.42393543806537,313.09182042418826,0.9164786086706607,315.3464317078664,1.8307033984006005,0.3884972400279059,2.5524996234555664,5.380622350947439,0.45157285937796793,6.251476436995953,35.87681885675871,8.87120863707728,63.30315372365867,802.3357237013636,198.17515263564914,1285.38894319986,62.0890052022166,14.414170251406725,100.0,0,0.12,2.0,0.0,42.0,97.65,96.23333333333333,96.56111111111112,42.35,41.71,41.97777777777778,0.0,0.0,0.0,302.5261460422693,302.2850583677329,301.72381650752874,312.4057011051332,312.282111655441,311.6597996111149,1.8007421577155232,1.7535368173037673,1.769558478866699,5.529496836175574,5.59948055589989,5.560266895453145,41.53402906643337,39.759532185635585,40.49504440278055,695.5220628192812,741.1816560723222,719.3679627431474,71.66629266716058,68.52068825389165,70.71407764807539,1,0,30
M-01,CNC,2026-05-30,Night,41.67,333,100.0,0,RUNNING,303.43863051925274,0.08795763155933353,303.5853936945435,313.42734717714416,0.7653580862665443,315.0003229170384,1.7955103722303383,0.4078152185332849,2.5348408866741554,5.336259623921096,0.5115106388315236,6.322911424321691,41.00923951617664,10.748571425830919,60.760029021786174,738.959993037732,314.24556135303436,1939.389918244684,71.46975803626769,18.93591057672773,100.0,0,0.46,2.0,0.0,41.625,98.91,97.74666666666667,96.73888888888888,42.02,42.09,42.146666666666675,0.0,0.0,0.0,303.1963755285503,302.5932662174407,301.94977325317205,313.09182042418826,312.4891401398531,311.89411993384516,1.8307033984006005,1.8046262121948826,1.773477997209241,5.380622350947439,5.498705641131104,5.5349115670581535,35.87681885675871,38.61820553438465,39.835999717621924,802.3357237013636,764.3538794913088,733.2218742766935,62.0890052022166,66.35354515619149,69.31299857152642,1,0,30
M-01,CNC,2026-05-31,Morning,42.79,342,94.29,0,RUNNING,303.1199640414692,0.15151205939803736,303.4555048088743,313.1786892440501,1.0226177291642082,316.2650801542036,1.8689852024055305,0.34277922788261916,2.842409572304538,5.513138921915392,0.4776498894018451,6.316319226015621,40.181984770498765,10.428005284254615,59.99745455161685,730.6679259474274,220.4135023778747,1308.2192101716594,67.82222067799758,18.59324048701218,100.0,0,0.79,2.0,0.0,42.75,100.0,98.85333333333334,97.00888888888889,41.67,42.013333333333335,42.24666666666666,0.0,0.0,0.0,303.43863051925274,303.05371736335746,302.2174934353376,313.42734717714416,312.9749562354885,312.1677882369508,1.7955103722303383,1.8089853094488209,1.7834713913375733,5.336259623921096,5.41545960368137,5.513348542451756,41.00923951617664,39.47336247978958,39.97764364035979,738.959993037732,745.605926519459,733.7707664796255,71.46975803626769,68.40835196854829,69.3159167859505,1,0,31
M-01,CNC,2026-05-31,Afternoon,40.65,325,96.96,0,RUNNING,303.09567546920755,0.05172489271147937,303.1916894986419,312.9220359772465,0.9395746796262298,315.2125535910504,1.8918839810277566,0.37883597045918643,2.6834003692895374,5.555559503496242,0.4481814533943495,6.592932089293314,37.530750511243355,12.478328439179625,71.92784536996821,834.8573155205179,378.914682639264,2064.720656833397,64.59031804919455,20.363123680467602,100.0,0,1.12,1.0,0.0,40.625,94.29,97.73333333333335,97.00111111111111,42.79,42.16,42.172222222222224,0.0,0.0,0.0,303.1199640414692,303.25165669642405,302.4222738875668,313.1786892440501,313.2326189484608,312.40143993329804,1.8689852024055305,1.8317329910121565,1.7834702140994807,5.513138921915392,5.410006965594643,5.509512982597842,40.181984770498765,39.022681047811375,40.03447080440205,730.6679259474274,757.3212142288411,730.70886145428,67.82222067799758,67.12699463882728,69.50002056533266,1,0,31
M-01,CNC,2026-05-31,Night,41.72,334,97.43,0,RUNNING,303.2235604146305,0.05965523246390886,303.34304444675644,313.18395312112534,1.025412290215544,315.59173036494366,1.7444933245112682,0.3446701075853864,2.519894194560244,5.45048526124742,0.4981767776328799,6.338011918045344,37.4026490731771,12.36461452441463,63.748453579556006,785.6261709560459,269.4605649756685,1425.7367460422174,67.02625523657068,21.083583179698437,100.0,0,1.46,1.0,0.0,41.75,96.96,97.08333333333333,97.01555555555555,40.65,41.70333333333333,41.88777777777778,0.0,0.0,0.0,303.09567546920755,303.2180900099765,302.58132105200264,312.9220359772465,313.17602413281355,312.5487516185356,1.8918839810277566,1.8521265185545417,1.8036272389087011,5.555559503496242,5.468319349777577,5.513166616214899,37.530750511243355,39.573991599306254,39.614757326227405,834.8573155205179,768.1617448352257,745.922294251944,64.59031804919455,67.96076558781994,68.71439742287936,1,0,31
M-01,CNC,2026-06-01,Morning,42.6,341,95.85,0,RUNNING,303.1456600724036,0.06985401131583735,303.36281176922,313.11259178668666,1.0335171574914632,315.18969933801435,1.7433032618460746,0.4851383900688597,2.635396061979779,5.599260131233647,0.4776186478090489,6.494541851782244,42.01910090570017,10.362390109820604,56.84505827038455,713.7972297139382,275.82630911575444,1716.4803890348455,72.79714251335369,19.39742785813274,99.18407765806728,0,1.79,1.0,0.0,42.625,97.43,96.22666666666667,96.75333333333334,41.72,41.72,41.74111111111111,0.0,0.0,0.0,303.2235604146305,303.14639997510244,302.75823810902017,313.18395312112534,313.09489278080724,312.7402903887341,1.7444933245112682,1.8351208359815185,1.7890973090512665,5.45048526124742,5.5063945622196835,5.505941986690811,37.4026490731771,38.37179478497307,39.252462872097766,785.6261709560459,783.7171374746637,756.520875670246,67.02625523657068,66.47959798792094,68.10486004832491,1,0,32
M-01,CNC,2026-06-01,Afternoon,40.93,327,92.97,0,RUNNING,303.1053314707257,0.1362180183742748,303.3136202119323,312.98646080015305,0.9667535320722069,314.5187465953617,1.7679479998418468,0.4035647460287108,2.536517431418342,5.422241465372761,0.425711414593836,6.176187726782378,38.202699616960615,6.541487590944142,54.21293127047413,734.0664245867293,129.00948829687977,1008.3495789863812,67.12898294763333,11.499847941745966,95.74534195076448,0,2.12,1.0,0.0,40.875,95.85,96.74666666666667,96.90444444444444,42.6,41.656666666666666,41.84222222222222,0.0,0.0,0.0,303.1456600724036,303.1549653187472,302.89722679430145,313.11259178668666,313.0728602950195,312.8625302996404,1.7433032618460746,1.793226855795033,1.7928322213703192,5.599260131233647,5.535101631992436,5.514863051162323,42.01910090570017,38.98416683004021,39.25546002116239,713.7972297139382,778.0935720635007,758.8654807882212,72.79714251335369,68.13790526637297,67.92852938636398,1,0,32
M-01,CNC,2026-06-01,Night,41.44,331,97.71,0,RUNNING,302.9424262413797,0.0691780871884452,303.070763664052,313.0543568531389,0.9901111580294983,315.8537166218717,1.829625811757066,0.38162538709865496,2.703008337250061,5.537362708973385,0.55422643650168,6.43567324423625,37.884441644855734,6.776338373069211,53.78578917192192,753.8308367368935,145.40363411080847,1172.3734840945829,67.03461593350724,13.266911991686406,95.93624751778071,0,2.46,1.0,0.0,41.375,92.97,95.41666666666667,96.74888888888889,40.93,41.75,41.84777777777778,0.0,0.0,0.0,303.1053314707257,303.15818398591995,302.98984673777903,312.98646080015305,313.09433523598835,312.9198331695517,1.7679479998418468,1.7519148620663965,1.8028891976052737,5.422241465372761,5.490662285951276,5.485895758953319,38.202699616960615,39.208149865279296,39.133448999656736,734.0664245867293,744.4966084189045,759.0040775818129,67.12898294763333,68.98412689918591,67.76614588106578,1,0,32
M-01,CNC,2026-06-02,Morning,42.27,338,93.51,0,RUNNING,302.66762740596994,0.16429867206224485,302.9833251233049,312.45911749328883,1.1111550305381028,315.0181152124284,1.8701253173442676,0.40803724477291614,2.688156793370412,5.346840724927804,0.5404471134051491,6.406983562477314,43.18788092566591,10.69802243793548,64.18279619162544,684.4793283866819,215.56914997829702,1353.8151338815326,76.42899674045498,18.177110571385835,100.0,0,2.79,1.0,0.0,42.25,97.71,95.50999999999999,96.86333333333333,41.44,41.656666666666666,41.79666666666667,0.0,0.0,0.0,302.9424262413797,303.06447259483633,303.08819664443206,313.0543568531389,313.05113647999286,313.0403284987629,1.829625811757066,1.7802923578149958,1.8081328344151117,5.537362708973385,5.519621435193265,5.480491867031439,37.884441644855734,39.36874738917217,39.071301551311606,753.8308367368935,733.8981636791872,754.4070758911032,67.03461593350724,68.98691379816475,67.95828791821133,1,0,33
M-01,CNC,2026-06-02,Afternoon,42.22,338,96.77,0,RUNNING,302.3990701861433,0.08936769215949417,302.5845063639022,312.3471476817538,1.227126758250119,316.0179593139609,1.9115259440120114,0.4314088769163496,2.7889395896911293,5.4558851210532575,0.6060962653059444,6.370542324491218,38.72984439849679,10.401958563008384,66.30285409802754,799.043239517858,477.55201164899086,3262.2159206316983,67.05311907757545,17.37966110596978,100.0,0,3.12,1.0,0.0,42.25,93.51,94.73,96.40333333333334,42.27,41.546666666666674,41.787777777777784,0.0,0.0,0.0,302.66762740596994,302.90512837269176,303.1039167959543,312.45911749328883,312.8333117155269,313.0462636530024,1.8701253173442676,1.8225663763143933,1.8158420743738608,5.346840724927804,5.4354816330913165,5.460196743559465,43.18788092566591,39.75834072916075,39.25506286900411,684.4793283866819,724.125529903435,753.1801053985922,76.42899674045498,70.19753187386517,68.48747725968848,1,0,33
M-01,CNC,2026-06-02,Night,40.89,327,96.31,0,RUNNING,302.27113471993886,0.1097021828059835,302.4418485669544,312.39716160144326,0.9818125055193048,314.63983437802483,1.6318083382875423,0.40750852151162636,2.6232150671688093,5.559848971646275,0.3347574208016995,6.562440591809894,39.73114237077122,8.012688430585458,54.34596461089793,720.8542826106135,169.79743108386052,1151.9212662135812,69.48931659639969,16.65715524439591,99.33339179435536,0,3.46,1.0,0.0,40.875,96.77,95.99666666666667,96.16555555555556,42.22,41.97666666666667,41.81,0.0,0.0,0.0,302.3990701861433,302.66970794449765,303.0153273134647,312.3471476817538,312.62020734272716,312.9635222371764,1.9115259440120114,1.8704256910377817,1.8248223572195732,5.4558851210532575,5.446696184984816,5.4685592735712225,38.72984439849679,39.934055656339474,39.572065706975,799.043239517858,745.7844682138111,752.8142738226471,67.05311907757545,70.17224391717922,69.03904546806169,1,0,33
M-01,CNC,2026-06-03,Morning,42.07,337,93.71,0,RUNNING,302.4674377200013,0.1896879882680286,302.8503032046657,312.32610149417104,1.1083924266424505,314.9931786507829,1.8465866034332783,0.4705876954277227,2.811665280778856,5.458442207126777,0.5952520101423522,6.540626398257797,42.71045898049279,9.315830920788132,54.624469175707645,681.248279587229,188.34236462012777,1183.9867926592588,75.46238343124632,16.212264977393268,98.6358646996407,0,3.79,1.0,0.0,42.125,96.31,95.53000000000002,95.75555555555555,40.89,41.79333333333333,41.72333333333333,0.0,0.0,0.0,302.27113471993886,302.44594410401737,302.88560555798534,312.39716160144326,312.40114225882866,312.8490571732096,1.6318083382875423,1.8044865332146072,1.8066332423370401,5.559848971646275,5.454191605875779,5.493402534429576,39.73114237077122,40.549622564977966,39.43005491304107,720.8542826106135,734.7922835050512,750.8025282196339,69.48931659639969,70.99047747147671,68.81899641918747,1,0,34
M-01,CNC,2026-06-03,Afternoon,42.45,340,97.12,0,RUNNING,302.98577730012113,0.10478310002339133,303.163082343906,313.20305309322504,0.8409767369908948,314.7786606787238,1.7733576999199643,0.5086449425770893,2.788348654857736,5.4135221287039,0.34235556331905753,6.32172816070146,41.23505126401573,10.610134153270389,65.2958173535925,698.1852996626778,163.94584611321065,1143.6091876692649,70.59634285344438,17.38918265600564,100.0,0,4.12,1.0,0.0,42.5,93.71,95.59666666666668,95.69111111111111,42.07,41.72666666666667,41.64333333333333,0.0,0.0,0.0,302.4674377200013,302.37921420869446,302.8131026333778,312.32610149417104,312.35680359245606,312.7543252010008,1.8465866034332783,1.7966402952442773,1.8041445091179016,5.458442207126777,5.491392099942103,5.487325121675286,42.71045898049279,40.390481916586936,39.71099649192929,681.248279587229,733.7152672385668,745.3114564018342,75.46238343124632,70.66827303507382,69.66790339177065,1,0,34
M-01,CNC,2026-06-03,Night,43.36,347,95.56,0,RUNNING,302.76629313995727,0.1338393093439246,303.04090447228,312.5562158947969,1.1113329003297723,315.1360410133977,1.7813373133490369,0.4625079372570959,2.7195422461435763,5.463102722513554,0.5294754867421445,6.568812341605139,38.540594968223374,11.196552795635698,63.240020513709645,772.340151797929,217.48937653183566,1311.53196280879,66.53313085047112,19.572166124317597,100.0,0,4.46,1.0,0.0,43.375,97.12,95.71333333333332,95.7088888888889,42.45,41.803333333333335,41.843333333333334,0.0,0.0,0.0,302.98577730012113,302.5747832466871,302.80089172570155,313.20305309322504,312.64210539627976,312.7855493249984,1.7733576999199643,1.7505842138802616,1.7909749223281466,5.4135221287039,5.477271102492317,5.471543191142803,41.23505126401573,41.225550871759914,40.12258546445956,698.1852996626778,700.0959539535069,730.1256768620742,70.59634285344438,71.84934762703013,70.33523948113175,1,0,34
M-01,CNC,2026-06-04,Morning,40.26,322,94.12,0,RUNNING,303.00566937849,0.06017884062993016,303.1377721920453,312.87873838879796,0.9256392187004651,314.7538491233619,1.7332537198840121,0.4272630595082216,2.427133022546421,5.5575949822592605,0.5597851213797798,6.571843426710302,38.69551009840191,9.284219934405506,63.30129015193359,741.9458611747981,169.5447407101446,1032.38837456934,68.53744040775831,15.922541946331545,100.0,0,4.79,1.0,0.0,40.25,95.56,95.46333333333332,95.50111111111111,43.36,42.62666666666667,42.025555555555556,0.0,0.0,0.0,302.76629313995727,302.73983605335997,302.75008425073787,312.5562158947969,312.6951234940643,312.7158007442952,1.7813373133490369,1.8004272055674264,1.7950686988656765,5.463102722513554,5.44502235278141,5.472945131283485,38.540594968223374,40.8287017375773,40.24902389724248,772.340151797929,717.2579103492786,728.6494525111723,66.53313085047112,70.86395237838728,70.28044788267624,1,0,35
M-01,CNC,2026-06-04,Afternoon,42.65,341,97.03,0,RUNNING,302.93231781130635,0.10394372411969649,303.1137589794065,313.0720910765255,1.1529493981463252,315.1621537907448,1.7659510677147643,0.3941105632619317,2.2911457071767654,5.360398315924757,0.5252947099065364,6.593091771648399,40.59626775146405,9.817742469738443,56.20185751938257,712.2500935676406,175.1381122248346,1104.4764240887805,71.48238624112811,17.33377530844218,100.0,0,5.12,1.0,0.0,42.625,94.12,95.60000000000001,95.3088888888889,40.26,42.02333333333333,41.76555555555556,0.0,0.0,0.0,303.00566937849,302.91924660618946,302.73452972919193,312.87873838879796,312.87933579227325,312.6898170334187,1.7332537198840121,1.7626495777176714,1.7939520830921138,5.5575949822592605,5.4780732778255725,5.46831567028633,38.69551009840191,39.490385443547005,39.8797360297649,741.9458611747981,737.490437545135,731.7770782290456,68.53744040775831,68.5556380372246,69.8071476487212,1,0,35
M-01,CNC,2026-06-04,Night,42.65,341,100.0,0,RUNNING,302.45709377377034,0.2782852588967646,302.8874817701706,312.4238673331205,1.2386912525828115,314.8202638191134,1.9761898561720723,0.39877667046918547,3.146975474027172,5.547806156286111,0.49478584857193636,6.2597796702386646,38.80793694418828,12.77995707048216,70.61001317338618,797.6717399926248,341.03239363121685,1915.9699227591032,67.41484094511056,21.12784956136801,100.0,0,5.46,1.0,0.0,42.625,97.03,95.57000000000001,95.76,42.65,42.089999999999996,41.95666666666667,0.0,0.0,0.0,302.93231781130635,302.9014267765845,302.7153059892564,313.0720910765255,312.8356817867068,312.6993315085713,1.7659510677147643,1.7601807003159378,1.7937302017446604,5.360398315924757,5.460365340232523,5.461444209236552,40.59626775146405,39.27745760602978,40.14568804470972,712.2500935676406,742.1787021801225,729.3530414491469,71.48238624112811,68.85098583311918,70.29085912577618,1,0,35
M-01,CNC,2026-06-05,Morning,42.72,342,98.27,0,RUNNING,301.9239431504084,0.10570319811869731,302.1164403464158,311.75818325882875,1.0193557948577243,314.00745544923467,1.783003743346985,0.4215179469355545,2.697737357412972,5.43799898860566,0.4445899760615595,6.608375680081347,39.66230278024859,9.918902335634584,58.65128913729767,729.1464626824543,189.71279049268566,1146.8111802621268,68.79674276958386,17.759428207557676,100.0,0,5.79,1.0,0.0,42.75,100.0,97.05000000000001,96.01444444444445,42.65,41.85333333333333,42.09111111111111,0.0,0.0,0.0,302.45709377377034,302.7983603211889,302.661380159522,312.4238673331205,312.7915655994813,312.6292771174581,1.9761898561720723,1.8251315479236163,1.8100150955685501,5.547806156286111,5.48859981815671,5.462604592271299,38.80793694418828,39.366571598018076,40.248298633524456,797.6717399926248,750.6225649116877,734.2242529220059,67.41484094511056,69.14488919799898,70.33310634928766,1,0,36
M-01,CNC,2026-06-05,Afternoon,43.2,346,97.3,0,RUNNING,301.7206973283306,0.08960302052359159,301.8925640004962,311.855153072469,0.9599888836262308,314.11332933010783,1.7531168412052363,0.47933754135654777,2.646456695227106,5.5757585325866135,0.5092368502669383,7.096743401198115,40.25426759973672,12.285216171358735,60.866545373165366,774.9418822535815,397.47378728520005,2680.2910832758644,68.47914653449152,20.94045670009072,100.0,0,6.12,1.0,0.0,43.25,98.27,98.43333333333334,96.54333333333334,42.72,42.67333333333334,42.14111111111111,0.0,0.0,0.0,301.9239431504084,302.4377849118284,302.5787485755708,311.75818325882875,312.4180472228249,312.5513955358514,1.783003743346985,1.8417148890779405,1.800334920679963,5.43799898860566,5.448734486938842,5.472733288235506,39.66230278024859,39.68883582530031,39.85656772847808,729.1464626824543,746.3560987475734,739.1872678437584,68.79674276958386,69.23132331860751,69.48507813030199,1,0,36
M-01,CNC,2026-06-05,Night,41.6,333,97.52,0,RUNNING,302.0798482848802,0.1668845354584376,302.3527671829775,311.8838014729425,0.8370226569340493,313.4088427561244,1.8292259408475349,0.42626085653032947,2.6815286708942887,5.643548144443874,0.3771907810893608,6.607854996830864,39.47972181313616,8.07004098347368,58.78496942744548,723.7088023042959,150.36891573234857,1137.5798189221273,68.92299818096825,14.966665339833508,97.46441626080244,0,6.46,1.0,0.0,41.625,97.3,98.52333333333333,96.60222222222222,43.2,42.85666666666666,42.25,0.0,0.0,0.0,301.7206973283306,302.03391141750313,302.50337381359157,311.855153072469,312.01240122147277,312.4967294681531,1.7531168412052363,1.8374368135747645,1.782733909256988,5.5757585325866135,5.520521225826127,5.486052556183656,40.25426759973672,39.574835774724534,40.025948084171404,774.9418822535815,767.2533616428868,736.5093392588387,68.47914653449152,68.23024341639531,69.64352562551488,1,0,36
M-01,CNC,2026-06-06,Morning,41.03,328,95.53,0,RUNNING,302.3911402162342,0.16023888556158422,302.6136498101926,312.27190746983035,0.8935734781853341,314.3611725651885,1.815010789887056,0.40018284634227663,2.5275297674600736,5.368996449630892,0.40064532248140927,6.171829847654056,43.088852146242715,7.465577959771696,58.92131377801232,650.03364046644,117.51426223343286,917.3149872257616,74.92175415285575,14.523502997223689,100.0,0,6.79,1.0,0.0,41.0,97.52,97.69666666666666,96.73666666666665,41.6,42.50666666666667,42.32888888888889,0.0,0.0,0.0,302.0798482848802,301.9081629212064,302.4821197652517,311.8838014729425,311.8323792680801,312.43968945387525,1.8292259408475349,1.7884488417999187,1.8046691984303205,5.643548144443874,5.552435221878716,5.495352464272279,39.47972181313616,39.79876406437382,39.9980124666564,723.7088023042959,742.5990490801105,736.8265081136923,68.92299818096825,68.73296249501455,69.5806013571336,1,0,37
M-01,CNC,2026-06-06,Afternoon,41.39,331,96.16,0,RUNNING,301.61316848928675,0.20446254542203254,301.9781925997819,311.42878996683464,1.1027637729942743,313.3335409331522,1.8550877461800606,0.34556094042330837,2.680132818453925,5.374039586925223,0.5091445351357422,6.673477507932994,39.11460284739997,9.951697777455298,56.71572533520331,764.3844058495163,303.58312319032166,1987.835920145456,69.92079145669449,17.322400921820286,100.0,0,7.12,0.0,0.0,41.375,95.53,96.78333333333335,96.9388888888889,41.03,41.943333333333335,42.21333333333333,0.0,0.0,0.0,302.3911402162342,302.0638952764816,302.4736422648332,312.27190746983035,312.0036206717473,312.43366789561514,1.815010789887056,1.7991178573132756,1.8011607747029623,5.368996449630892,5.529434375553794,5.4854140467727355,43.088852146242715,40.940947186371865,40.040056151739726,650.03364046644,716.2281083414391,733.3582148780492,74.92175415285575,70.77463295610517,69.52053143731243,0,0,37
M-01,CNC,2026-06-06,Night,44.92,359,92.27,0,RUNNING,301.37481943716364,0.06796303769109995,301.5019174888992,311.16034703395405,1.0111360806636265,313.07771701287203,1.9306088266490256,0.35009979105171557,2.5969906686583544,5.467841156458661,0.5917056546762935,6.561179686463898,40.96745916452124,9.525314177784681,65.35516791329826,703.3763115952423,174.53445866412846,1215.6976598763272,71.42588396254637,16.0214969669127,100.0,0,7.46,0.0,0.0,44.875,96.16,96.40333333333332,96.83222222222223,41.39,41.339999999999996,42.095555555555556,0.0,0.0,0.0,301.61316848928675,302.02805233013373,302.3211301747404,311.42878996683464,311.8614996365358,312.2365275482385,1.8550877461800606,1.8331081589715505,1.8102418909540843,5.374039586925223,5.462194726999996,5.4810270976862165,39.11460284739997,40.561058935592946,39.80445077211576,764.3844058495163,712.7089495400841,740.7136711210311,69.92079145669449,71.25518126350616,69.44547017100689,0,0,37
M-01,CNC,2026-06-07,Morning,42.86,343,92.77,0,RUNNING,301.20561612703204,0.05599163832104592,301.3372131966028,311.45007738659933,1.1970163299703354,314.2559635843472,1.749421942621201,0.44944743985269986,2.3681733537676606,5.3821738605858105,0.5149218466399513,6.349667148393333,37.309920009819564,8.642377287769783,58.23874396079837,771.7377838590926,185.95634467627048,1322.405900359144,65.98793421352677,16.40652818963926,100.0,0,7.79,0.0,0.0,42.875,92.27,94.65333333333332,96.46666666666665,44.92,42.446666666666665,42.26888888888888,0.0,0.0,0.0,301.37481943716364,301.7930427142282,302.1665219855411,311.16034703395405,311.62034815687304,312.0814310081448,1.9306088266490256,1.866902454238714,1.826827614654083,5.467841156458661,5.403625731004926,5.481553590346784,40.96745916452124,41.05697138605464,40.07410234948218,703.3763115952423,705.9314526370663,733.0510222096215,71.42588396254637,72.08947652403221,69.9891094056819,0,0,38
M-01,CNC,2026-06-07,Afternoon,41.41,331,98.18,0,RUNNING,301.23200410494246,0.08610776138051561,301.4462896062564,311.1435660664574,0.83383991260456,313.2501289387182,1.808315332091447,0.31240158650308586,2.426390510138972,5.501537460200732,0.6675118316185944,6.690438712514569,38.61605888391841,11.405517037063762,62.74280794764198,772.9444989170016,227.5830096930856,1333.0843146896957,66.8129653927499,17.829572443911484,100.0,0,8.12,0.0,0.0,41.375,92.77,93.73333333333333,96.31666666666666,42.86,43.05666666666667,42.55777777777777,0.0,0.0,0.0,301.20561612703204,301.3978680178275,301.9665160687125,311.45007738659933,311.346404795796,311.92269089678945,1.749421942621201,1.8450395051500956,1.828624083847104,5.3821738605858105,5.408018201323231,5.4620623546052895,37.309920009819564,39.13066067391359,39.92014789519526,771.7377838590926,746.4995004346171,736.3612358412098,65.98793421352677,69.11153654425587,69.7058309396562,0,0,38
M-01,CNC,2026-06-07,Night,42.08,337,93.84,0,RUNNING,300.8730303362792,0.16902907876103374,301.1863408616077,310.8437936930096,0.8671681971545526,312.72030663057166,1.8526501726474367,0.4498744103812845,2.687533144689458,5.565203003838775,0.479061946936127,6.560822307044748,39.58779977536071,9.328954889656448,57.30828949942784,752.823974567088,263.43723807651924,2025.2974908906856,68.95404293833147,17.005560110829656,100.0,0,8.46,0.0,0.0,42.125,98.18,94.40666666666668,96.44444444444444,41.41,43.06333333333333,42.419999999999995,0.0,0.0,0.0,301.23200410494246,301.270813223046,301.77759232356095,311.1435660664574,311.25133016233696,311.70841034011517,1.808315332091447,1.8294487004538913,1.833331224333402,5.501537460200732,5.4505174924150674,5.477744481747063,38.61605888391841,38.964479352753074,39.700124687690185,772.9444989170016,749.3528647904454,743.1050586578054,66.8129653927499,68.07559452294102,69.1870064009475,0,0,38
M-01,CNC,2026-06-08,Morning,41.1,329,97.36,0,RUNNING,300.5004755316882,0.06807025369024738,300.65819827013394,310.6530541383038,0.88619013895859,312.24400598114903,1.8414108413596781,0.3128772540361667,2.565855378402367,5.563710704342465,0.4946701398951966,6.703728066333874,38.91391558940997,9.61913618997096,62.580059451925976,738.3788824025977,180.2568956116046,1136.1041798125582,68.1696984435664,16.035260026416925,100.0,0,8.79,0.0,0.0,41.125,93.84,94.93,95.75999999999999,42.08,42.11666666666667,42.35666666666667,0.0,0.0,0.0,300.8730303362792,301.10355018941794,301.6015852749508,310.8437936930096,311.1458123820221,311.53284660232504,1.8526501726474367,1.8034624824533614,1.819604592830665,5.565203003838775,5.482971441541772,5.479677464808471,39.58779977536071,38.50459288969956,39.78677611337601,752.823974567088,765.8354191143941,738.1219736105236,68.95404293833147,67.25164751486939,69.35802884463871,0,0,39
M-01,CNC,2026-06-08,Afternoon,41.08,329,96.43,0,RUNNING,300.6832716202233,0.08164201243123757,300.8076549136327,310.50827655315965,0.968722774743797,312.8276410591584,1.8311566207471135,0.4050752151733942,2.647385272548994,5.500696018592775,0.481801432157785,6.400616054854098,39.864214504329105,9.340569132488744,56.41489052156396,727.2930020412715,195.0702473004346,1309.8527015564498,69.04574755539318,16.70234312285696,100.0,0,9.12,0.0,0.0,41.125,97.36,96.46,95.65888888888888,41.1,41.53,42.17666666666666,0.0,0.0,0.0,300.5004755316882,300.8685033243033,301.44342220620416,310.6530541383038,310.88013796592355,311.4100544778223,1.8414108413596781,1.8341254486995207,1.8260942703876308,5.563710704342465,5.543483722793991,5.493645433223672,38.91391558940997,39.03925808289636,39.7036219810606,738.3788824025977,754.7157852955625,739.1477980238728,68.1696984435664,67.97890225821592,69.28835725285899,0,0,39
M-01,CNC,2026-06-08,Night,42.06,336,94.7,0,RUNNING,300.51495805064144,0.09955384877329439,300.69801160843167,310.6166146047352,0.9720934783896077,312.2935605240333,1.8172933088937888,0.4335829702763305,2.7864194843259,5.53219049852703,0.5414097457717724,6.5606391049975015,40.322890214430785,9.363009519886523,68.45962877906992,720.3878559769946,159.1767603669667,1075.5239560899854,70.89149696011118,15.93457795095642,100.0,0,9.46,0.0,0.0,42.0,96.43,95.87666666666667,95.56222222222223,41.08,41.419999999999995,41.94111111111111,0.0,0.0,0.0,300.6832716202233,300.68559249606363,301.3281526830811,310.50827655315965,310.66837479482433,311.2604015312324,1.8311566207471135,1.8417392115847429,1.8347653570033948,5.500696018592775,5.543203242258005,5.485305153891023,39.864214504329105,39.45530995636659,39.66028274823754,727.2930020412715,739.498619670319,733.8534780002828,69.04574755539318,68.72316297909701,69.35131292184806,0,0,39
M-01,CNC,2026-06-09,Morning,44.7,358,97.27,0,RUNNING,301.06238819715264,0.3194069929232032,301.5648087309803,310.8290509577569,1.030195891945456,312.39985091011573,1.7097252320192244,0.48081490390142245,3.117163870463764,5.574099040969851,0.4941241034904258,6.243199009848658,36.89254129127333,11.023391950036213,55.69340570536711,827.5866499999079,330.65320793620083,2060.70713764756,63.65026305439824,18.953081287928548,92.93510519198892,0,9.79,0.0,0.0,44.75,94.7,96.16333333333334,95.24888888888889,42.06,41.413333333333334,41.992222222222225,0.0,0.0,0.0,300.51495805064144,300.56623506751765,301.15427599038793,310.6166146047352,310.59264843206626,311.11960299032046,1.8172933088937888,1.829953590333527,1.8334395090085343,5.53219049852703,5.532199073820756,5.472932082122485,40.322890214430785,39.70034010272329,39.753968126159165,720.3878559769946,728.6865801402879,733.4844839639161,70.89149696011118,69.36898098635692,69.57003500841951,0,0,40
M-01,CNC,2026-06-09,Afternoon,39.45,316,96.37,0,RUNNING,301.40873298919,0.19988346947391164,301.7937233560721,311.1671841585487,0.8872424067608774,312.9294224107979,1.8725263759022726,0.4071702844635158,2.7718948635140457,5.60900351304145,0.46936922090987576,6.646636145635856,38.464423736024216,11.172498406820008,61.41566996699879,781.0052880010231,284.58070039891004,1831.2458478177784,66.83410018738279,19.780836172338237,100.0,0,10.12,0.0,0.0,39.5,97.27,96.13333333333333,95.44222222222223,44.7,42.61333333333334,42.400000000000006,0.0,0.0,0.0,301.06238819715264,300.75353928933913,301.0066368771566,310.8290509577569,310.65131403855054,310.9592856000901,1.7097252320192244,1.7860583872200422,1.8217411136898862,5.574099040969851,5.535661852696552,5.495721258937924,36.89254129127333,39.026548670011074,39.06548914227367,827.5866499999079,758.4225026727246,753.2125961343013,63.65026305439824,67.86250252330086,68.31764710859089,0,0,40
M-01,CNC,2026-06-09,Night,41.17,329,97.7,0,RUNNING,301.1063992304955,0.07612766991052544,301.2314588788022,311.0155892373166,1.0208011119473828,313.1798141324966,1.7526139152108926,0.3830573366586633,2.470581931439713,5.649586885721651,0.43760556933191075,6.580216525067515,39.73506158680239,8.782352003794859,59.834251594329615,720.1818169374101,188.3367214382616,1406.8340742899766,69.37157842280926,15.228461890655746,100.0,0,10.46,0.0,0.0,41.125,96.37,96.11333333333333,95.46555555555557,39.45,42.07,42.184444444444445,0.0,0.0,0.0,301.40873298919,300.99535974566135,300.98392182159034,311.1671841585487,310.87094990701365,310.9302182880583,1.8725263759022726,1.7998483056050951,1.8236787392145761,5.60900351304145,5.57176435084611,5.521828361839727,38.464423736024216,38.55995174724277,38.99324701878748,781.0052880010231,776.3265979926418,755.0593608178021,66.83410018738279,67.12528673396407,67.9746814120007,0,0,40
M-01,CNC,2026-06-10,Morning,41.0,328,95.77,0,RUNNING,301.0419640835324,0.09250061000864114,301.2745232265897,311.1315581388608,1.134337022265882,314.0154674158616,1.9318355392117879,0.33459063550106755,2.511654797987232,5.576227866007047,0.5960364592824678,6.645817184660846,40.65445679745764,8.097408036050885,55.38434831440425,700.2474131873187,152.03072783154914,1070.104561699271,69.32745638086728,15.83049720917845,100.0,0,10.79,0.0,0.0,41.0,97.7,97.11333333333334,96.06888888888889,41.17,41.77333333333333,41.76777777777778,0.0,0.0,0.0,301.1063992304955,301.1925068056127,300.95409735418275,311.0155892373166,311.00394145120737,310.91413408843187,1.7526139152108926,1.7782885077107966,1.8039015268325618,5.649586885721651,5.610896479910984,5.542022331757838,39.73506158680239,38.36400887136665,38.856313954596494,720.1818169374101,776.2579183127804,756.9266391891541,69.37157842280926,66.61864722153008,67.7464252409188,0,0,41
M-01,CNC,2026-06-10,Afternoon,42.64,341,97.73,0,RUNNING,300.92553641267426,0.08727163274187177,301.10081658841824,311.01988181393193,0.8929874072826173,312.9106688969374,1.7925226796707192,0.2830025085060875,2.4705425675695576,5.575106859977565,0.4551921526582105,6.696870010676644,38.371553341561736,10.565822488886527,55.087673955361296,830.9139546118497,494.7019329935345,2988.2459085828045,67.02364841811169,19.917999486390134,100.0,0,11.12,0.0,0.0,42.625,95.77,96.61333333333334,96.40222222222222,41.0,40.54,41.56111111111111,0.0,0.0,0.0,301.0419640835324,301.1856987677393,300.9359137937939,311.1315581388608,311.10477717824205,310.8787430609054,1.9318355392117879,1.8523252767749845,1.8241697042315157,5.576227866007047,5.611606088256717,5.563583887915753,40.65445679745764,39.617980706761415,39.22792915322295,700.2474131873187,733.8115060419174,748.9832646700681,69.32745638086728,68.51104499701977,68.11748325951218,0,0,41
M-01,CNC,2026-06-10,Night,40.49,324,95.33,0,RUNNING,301.0319923994498,0.10444920073017985,301.2273262876529,310.7751514823218,1.0108481432535261,312.20337953632736,1.7315461423697651,0.4200237787843564,2.690655920892536,5.295492374972284,0.47337388567299843,6.181462616279896,39.66979826476246,10.256879116921683,70.43252347707741,743.4698945100888,254.63103106776967,1915.4495876155036,67.33996880401843,15.209532083759658,100.0,0,11.46,0.0,0.0,40.5,97.73,97.06666666666668,96.35222222222222,42.64,41.60333333333333,41.69777777777777,0.0,0.0,0.0,300.92553641267426,301.0246332422341,300.9018618279863,311.01988181393193,311.0556763967031,310.8650003661803,1.7925226796707192,1.8256573780311331,1.8224149650736574,5.575106859977565,5.600307203902087,5.571758265668734,38.371553341561736,39.58702390860726,39.20076187073887,830.9139546118497,750.447728245526,755.424315302829,67.02364841811169,68.57422774059607,68.14089248455238,0,0,41
M-01,CNC,2026-06-11,Morning,41.4,331,94.69,0,RUNNING,301.1564995124255,0.0633684906580951,301.26393438959184,310.958841970435,1.0555652729838363,312.9860409213948,1.8216629111654636,0.42149279204876994,2.9490984983424804,5.516307858200028,0.40917414455830853,6.213294686937066,41.85547902508582,10.20198034074276,62.61924019864963,694.0178713481496,197.99569204929793,1249.7509475221757,72.27824199793505,16.951277716939746,100.0,0,11.79,0.0,0.0,41.375,95.33,96.27666666666666,96.51777777777778,40.49,41.37666666666667,41.52111111111111,0.0,0.0,0.0,301.0319923994498,300.9998309652188,300.91952427944966,310.7751514823218,310.9755304783715,310.8573734538817,1.7315461423697651,1.8186347870840907,1.8089589617094712,5.295492374972284,5.482275700318965,5.541790418016902,39.66979826476246,39.56526946792727,39.20987281400574,743.4698945100888,758.2104207697524,754.3849730742736,67.33996880401843,67.89702453433246,67.96155091407316,0,0,42
M-01,CNC,2026-06-11,Afternoon,44.22,354,96.81,0,RUNNING,301.09817150143454,0.11220259542334338,301.2866371494274,311.20282666698097,0.757734519418205,312.4531125334886,1.9172767220380755,0.3980766459730956,2.808999176649279,5.548117618996216,0.37435920313476173,6.199932972330296,38.86580652161496,7.972227338305379,52.491570627199046,763.4895029515787,209.93950049293846,1270.82816681092,66.39120857893872,16.82548411228279,97.60833270873556,0,12.12,0.0,0.0,44.25,94.69,95.91666666666667,96.22111111111111,41.4,41.51,41.55444444444444,0.0,0.0,0.0,301.1564995124255,301.0380094415165,300.992415832865,310.958841970435,310.91795842222956,310.89134987967407,1.8216629111654636,1.7819105777353161,1.8067647472434476,5.516307858200028,5.462302364383292,5.536523435112186,41.85547902508582,39.965610210470004,39.536713195747495,694.0178713481496,756.1339068233627,749.4559718460015,72.27824199793505,68.88061974002171,68.41805575344746,0,0,42
M-01,CNC,2026-06-11,Night,40.41,323,97.84,0,RUNNING,300.93497050425947,0.08721289125408967,301.0764507263921,310.60972880095005,0.9638088937173679,312.50984721878933,1.7886408874677333,0.3001060465965577,2.2118866139273385,5.448549175574246,0.49291437261028803,6.2487496985663205,39.694832849873634,9.725558528716013,60.63619382779248,735.8308554658012,237.1899446241696,1395.9708845848097,68.59432131185007,17.25507106211212,100.0,0,12.46,0.0,0.0,40.375,96.81,95.61,96.26333333333334,44.22,42.03666666666667,41.903333333333336,0.0,0.0,0.0,301.09817150143454,301.09555447110324,301.03851581966626,311.20282666698097,310.97894003991263,310.9685221145431,1.9172767220380755,1.8234952585244348,1.8163336473868879,5.548117618996216,5.453305950722843,5.54179250182368,38.86580652161496,40.13036127048775,39.42577897544592,763.4895029515787,733.6590896032725,753.4778052804801,66.39120857893872,68.66980646029741,68.12310697828585,0,0,42
M-01,CNC,2026-06-12,Morning,44.67,357,98.06,0,RUNNING,300.4825152881453,0.18147482296672143,300.7833956719303,310.21282963724144,1.1792136554618524,312.5711705566628,1.741709860426163,0.38873095218273196,2.6708459497286268,5.447106186849172,0.5276233592098084,6.630556198869331,43.58999408533119,9.38724396609816,59.35338083046152,658.7624678304259,163.84552208363095,1204.5818073171895,75.99806008906391,15.523957753224831,100.0,0,12.79,0.0,0.0,44.625,97.84,96.44666666666667,96.61222222222223,40.41,42.01,41.72,0.0,0.0,0.0,300.93497050425947,301.0632138393732,301.0851838700682,310.60972880095005,310.923799146122,310.9677570252336,1.7886408874677333,1.8425268402237576,1.813150045006215,5.448549175574246,5.504324884256829,5.5324990214955925,39.694832849873634,40.13870613219147,39.35599482382847,735.8308554658012,731.1127432551765,755.1936941125698,68.59432131185007,69.08792396290794,67.86786523959016,0,0,43
M-01,CNC,2026-06-12,Afternoon,40.09,321,95.03,0,RUNNING,300.2864261825253,0.08431287578916079,300.47929200640573,310.4867333864247,0.9330125440324807,312.6632739320476,1.840474399346241,0.5326121998581919,2.8748175033996093,5.6113691290912024,0.47332751289887426,6.738521414060597,41.16022160814409,10.834650721556818,62.50447099711655,712.3907242415551,205.37557919315455,1258.4245881959548,71.07282516518136,19.04444026238858,100.0,0,13.12,0.0,0.0,40.125,98.06,97.57000000000001,96.69999999999999,44.67,43.099999999999994,41.71666666666667,0.0,0.0,0.0,300.4825152881453,300.83855243127977,301.0207535468452,310.21282963724144,310.6751283683908,310.8992879896208,1.741709860426163,1.8158758233106571,1.8167038926069858,5.447106186849172,5.4812576604732115,5.518388704371073,43.58999408533119,40.71687781893993,40.10015624539045,658.7624678304259,719.3609420826019,736.435451649294,75.99806008906391,70.32786332661756,69.23984268788635,0,0,43
M-01,CNC,2026-06-12,Night,43.6,349,94.58,0,RUNNING,300.31684099708554,0.10615621364628125,300.51075595830093,310.54672075026906,1.1030601227691494,313.1266438387009,1.8658502484818948,0.29537357536808834,2.5875258922279647,5.518603328289576,0.49064733656371406,6.785390299145877,39.93007460181755,10.418407315619927,61.55553833410782,735.3664249973832,222.70512239697544,1353.1981732600957,68.1337496035159,18.744096221257323,100.0,0,13.46,0.0,0.0,43.625,95.03,96.97666666666667,96.5511111111111,40.09,41.72333333333333,41.787777777777784,0.0,0.0,0.0,300.2864261825253,300.56797065831,300.8960527905491,310.4867333864247,310.4364306082054,310.8236823482737,1.840474399346241,1.7902750490800459,1.8131425618785377,5.6113691290912024,5.50234149717154,5.518651550598823,41.16022160814409,41.48168284778297,40.39968934229265,712.3907242415551,702.3280158459274,728.8116112315753,71.07282516518136,71.88840218869845,69.71081212986398,0,0,43
M-01,CNC,2026-06-13,Morning,42.56,340,97.55,0,RUNNING,300.3862239567301,0.1261918719772311,300.66524838520974,310.22801254045703,1.0051828239201877,312.2225308244635,1.7436674526720175,0.39147550294860506,2.5322960232739176,5.4313189591117,0.44608300386120575,6.176748888554471,39.04988193810016,8.010238443852222,57.081550981597374,727.7465489315645,169.96479936210903,1241.3750190373307,68.94242438111826,14.944732255255897,94.66399124957364,0,13.79,0.0,0.0,42.5,94.58,95.88999999999999,96.20444444444445,43.6,42.78666666666667,42.05777777777777,0.0,0.0,0.0,300.31684099708554,300.3619274892521,300.808324097948,310.54672075026906,310.41542792464503,310.7715858497129,1.8658502484818948,1.816011502751433,1.825724376686427,5.518603328289576,5.5256928814099835,5.50409782199526,39.93007460181755,41.56009676509761,40.421357455072126,735.3664249973832,702.1732056897881,730.4987899049056,68.1337496035159,71.73487828592039,69.57327559438694,0,0,44
M-01,CNC,2026-06-13,Afternoon,40.83,327,95.88,0,RUNNING,300.6246695892445,0.08217924083523209,300.7693443787029,310.573655211177,1.115444158901458,313.04914641296784,1.8576618613986404,0.41767939691833433,2.692699791907361,5.464894937942083,0.44990208945050164,6.675702883062042,41.24434738348535,8.256689871575878,54.641875127496064,691.42441608219,151.30987518787663,1071.1248620474428,72.62079620491322,15.703625858211252,98.29784987525022,0,14.12,0.0,0.0,40.875,97.55,95.71999999999998,96.40222222222222,42.56,42.083333333333336,42.23111111111111,0.0,0.0,0.0,300.3862239567301,300.3298303787803,300.73546408385886,310.22801254045703,310.4204888923836,310.6711918943347,1.7436674526720175,1.816664033500051,1.8048168115153413,5.4313189591117,5.520430472164159,5.487996832340221,39.04988193810016,40.046726049353936,40.24307135958796,727.7465489315645,725.1678993901675,733.554249432044,68.94242438111826,69.38299971660517,69.5304942610815,0,0,44
M-01,CNC,2026-06-13,Night,37.92,303,93.95,0,RUNNING,300.9417211113269,0.12744147821558383,301.15810834039746,310.8811786870503,0.7064827498566828,312.28528341027794,1.7869696808124602,0.5122694674003998,2.944541375958548,5.382395679483907,0.5183592678165353,6.350111957894129,39.521229253564194,11.899060510240595,69.80776895383896,764.7868960003887,300.8124262159,1715.4891105863187,68.27969548583236,19.618013823604368,100.0,0,14.46,0.0,0.0,37.875,95.88,96.00333333333333,96.19666666666666,40.83,42.33,42.03,0.0,0.0,0.0,300.6246695892445,300.44257818102,300.7020344368111,310.573655211177,310.44946283396774,310.62161116069524,1.8576618613986404,1.8223931875175177,1.8120544983739992,5.464894937942083,5.4716057417811195,5.475751063225168,41.24434738348535,40.07476797446768,40.562270697579464,691.42441608219,718.1791300037125,718.0554118176374,72.62079620491322,69.89899006318245,70.1523995707261,0,0,44
M-01,CNC,2026-06-14,Morning,41.68,333,93.5,0,RUNNING,300.9671429034717,0.10849552295438246,301.1206458445748,310.84533374489706,1.0061771583615744,312.6636626569592,1.7907050826153523,0.49801705265879126,2.778375352155776,5.406259481976774,0.4495347367501031,6.265207525942802,38.09227080605027,9.01961176622582,54.998130605951005,761.7251483175991,189.8289607633369,1125.3842550895135,67.27599165139493,16.69377866851813,97.82415796816238,0,14.79,0.0,0.0,41.625,93.95,95.79333333333334,96.04333333333334,37.92,40.43666666666667,41.74444444444444,0.0,0.0,0.0,300.9417211113269,300.6508715524338,300.69200429368635,310.8811786870503,310.56094881289476,310.63339196122064,1.7869696808124602,1.7960996649610392,1.8182126693120766,5.382395679483907,5.42620319217923,5.485406985948681,39.521229253564194,39.93848619171657,40.54576302966855,764.7868960003887,727.9859536713811,720.4239675387819,68.27969548583236,69.94763869062128,70.2568136464832,0,0,45
M-01,CNC,2026-06-14,Afternoon,44.06,352,93.14,0,RUNNING,300.4502888335437,0.2004643782145975,300.7656445738114,310.481193220253,0.9523734285089864,312.1512047719599,1.88492405027375,0.382805987989006,2.6936294722614957,5.447914736859965,0.45419598123247434,6.557400730464936,38.14690653571016,11.347054251296026,58.35086726520403,803.2007284609418,313.9169126368724,1614.1959316680025,66.06119358754695,21.575298110943304,100.0,0,15.12,0.0,0.0,44.0,93.5,94.44333333333333,95.91111111111111,41.68,40.14333333333334,41.775555555555556,0.0,0.0,0.0,300.9671429034717,300.8445112013477,300.67096467046923,310.84533374489706,310.7667225477081,310.62077993616083,1.7907050826153523,1.811778874942151,1.8147729105842865,5.406259481976774,5.417850033134255,5.473179388590542,38.09227080605027,39.619282481033274,40.12762878310904,761.7251483175991,739.3121534667258,727.9469983131652,67.27599165139493,69.39216111404683,69.70100805242319,0,0,45
M-01,CNC,2026-06-14,Night,41.45,332,96.26,0,RUNNING,300.11045327475824,0.09361740750403616,300.2887547248605,310.5075906955995,0.9762215187541072,312.4123746122372,1.8187819705028054,0.3598005190206937,2.4891017897988035,5.560315523323657,0.5653195987372434,6.695134558321694,39.92638596984745,9.354851103939339,57.18880439917896,733.7267301646008,234.51074627657954,1652.7386955345837,69.94805208894225,16.44070657751532,100.0,0,15.46,0.0,0.0,41.5,93.14,93.52999999999999,95.50333333333333,44.06,41.22,41.757777777777775,0.0,0.0,0.0,300.4502888335437,300.7863842827808,300.5989777073703,310.481193220253,310.7359018840668,310.54059844208,1.88492405027375,1.8208662712338544,1.8111781692771391,5.447914736859965,5.412189966106882,5.4620457350198475,38.14690653571016,38.58680219844154,40.0477510068974,803.2007284609418,776.5709242596431,732.3593567030944,66.06119358754695,67.20562690825808,69.66433972004633,0,0,45
M-01,CNC,2026-06-15,Morning,43.82,351,95.56,0,RUNNING,299.9652669070839,0.16029769940889374,300.23109664398675,309.9755417214167,0.9081365735734969,312.0956942490371,1.7354420678170681,0.380838889996737,2.5743990595547555,5.325374456093069,0.6381507013430858,6.570526767363052,40.303398960610174,9.234128904007811,53.60760135717191,722.3111608625624,236.41196957070943,1403.066428713964,71.2421472839473,17.035876391687047,94.07826276032016,0,15.79,0.0,0.0,43.875,96.26,94.3,95.32777777777777,41.45,42.39666666666667,41.873333333333335,0.0,0.0,0.0,300.11045327475824,300.5092950039246,300.5073646818702,310.5075906955995,310.6113725535832,310.5292497637077,1.8187819705028054,1.8314703677973025,1.8145271785032584,5.560315523323657,5.471496580720133,5.474464218103115,39.92638596984745,38.72185443720263,40.07347913133893,733.7267301646008,766.2175356477138,732.125565002961,69.94805208894225,67.76174577596139,69.81475425083435,0,0,46
M-01,CNC,2026-06-15,Afternoon,43.47,348,96.02,0,RUNNING,300.4146740263627,0.22862927023929366,300.78716415320525,310.2581896683495,1.05847486403964,312.5059959340095,1.8187948263865368,0.3939546430517987,2.6130796247019044,5.5689593139798585,0.5074998605580912,6.735251569500291,41.58987660219175,11.158997573422383,62.80215600250844,709.3104146419611,210.2318469772678,1373.3302624485425,71.46565946692448,17.23416881012749,100.0,0,16.12,0.0,0.0,43.5,95.56,94.98666666666668,95.05000000000001,43.82,43.10999999999999,41.778888888888886,0.0,0.0,0.0,299.9652669070839,300.17533633846193,300.44989263953,309.9755417214167,310.3214418790897,310.50288443972715,1.7354420678170681,1.8130493628645412,1.8138307571022478,5.325374456093069,5.444534905425564,5.460938470241326,40.303398960610174,39.45889715538926,39.70830189525882,722.3111608625624,753.0795398293682,739.1865308954207,71.2421472839473,69.08379765347884,69.28631949471028,0,0,46
M-01,CNC,2026-06-15,Night,40.76,326,96.92,0,RUNNING,300.59586206614074,0.07652511710208841,300.7017385073657,310.89729937951273,0.8229327322840544,312.3402128945445,1.7710759054475724,0.42478091828945236,2.775618408114102,5.509090135780996,0.40013734115390787,6.231564625636328,36.247112896759084,8.356159347727372,50.02940337339924,805.2010145936673,231.87717753803275,1403.6302312626362,65.63778008474813,14.915406325781252,93.7586402728478,0,16.46,0.0,0.0,40.75,96.02,95.94666666666667,95.16000000000001,43.47,42.913333333333334,42.154444444444444,0.0,0.0,0.0,300.4146740263627,300.1634647360683,300.46414239995636,310.2581896683495,310.24710736178855,310.4774906932744,1.8187948263865368,1.7910062882354703,1.8114219156622806,5.5689593139798585,5.484883097798861,5.456226268562288,41.58987660219175,40.60655384421646,39.75604133904189,709.3104146419611,721.7827685563748,738.8442742732435,71.46565946692448,70.885286279938,69.3299677504595,0,0,46
M-01,CNC,2026-06-16,Morning,42.25,338,94.8,0,RUNNING,300.6490237293597,0.08102999016241187,300.80684818171983,310.50715853805985,0.9804450315529755,312.1996978623072,1.8109305894997174,0.34687840129208114,2.8397680391629025,5.36766855606868,0.4268622933757379,6.507743757654541,42.29840504365806,9.53585837840073,58.049928762247205,676.6670877719405,210.28287124356,1429.110108843621,75.1113372248858,17.532833326039935,100.0,0,16.79,0.0,0.0,42.25,96.92,96.16666666666667,95.42,40.76,42.68333333333334,41.83888888888889,0.0,0.0,0.0,300.59586206614074,300.3252676665291,300.4951447409625,310.89729937951273,310.37701025642633,310.51644387430144,1.7710759054475724,1.7751042665503924,1.8008914331029113,5.509090135780996,5.467807968617975,5.455169247172446,36.247112896759084,39.38012948652034,39.34682337181318,805.2010145936673,745.6075300327302,746.6036731172751,65.63778008474813,69.44852894520665,69.05263780392976,0,0,47
M-01,CNC,2026-06-16,Afternoon,42.09,337,95.23,0,RUNNING,300.63663867639053,0.14572094467280636,300.89472294535966,310.58712785743,0.8561834869153749,312.09903112905977,1.8702828384464463,0.3670166171705853,2.6602669393141376,5.660819340161485,0.4573427751526556,6.989103775260839,37.549235375254824,10.369268647983448,56.184370801549456,812.8977160704011,355.1907580751512,2456.124831274524,66.31856269954976,19.886769473712143,95.7933475917383,0,17.12,0.0,0.0,42.125,94.8,95.91333333333334,95.11444444444446,42.25,42.16,41.80444444444444,0.0,0.0,0.0,300.6490237293597,300.5531866072877,300.5243447156991,310.50715853805985,310.554215861974,310.5474600962573,1.8109305894997174,1.8002671071112755,1.808365114972656,5.36766855606868,5.481906001943178,5.448096980167666,42.29840504365806,40.045131514202964,39.70777038354183,676.6670877719405,730.392839002523,740.9281774328724,75.1113372248858,70.73825892551947,69.73807256434837,0,0,47
M-01,CNC,2026-06-16,Night,42.14,337,97.32,0,RUNNING,300.39646519156287,0.06460630030016848,300.5118290695351,310.2301264617332,1.1645293573226831,312.62025166849133,1.7490075934663614,0.48007733675677966,3.03483356884625,5.6374844756728795,0.505461643532131,6.6785555632236,38.39427454333922,10.991480858665536,58.688224201903694,785.0029365913167,277.26553076957606,1504.6039855126348,66.59235788758816,20.16859470589738,100.0,0,17.46,0.0,0.0,42.125,95.23,95.65000000000002,95.04222222222224,42.09,41.699999999999996,41.94444444444444,0.0,0.0,0.0,300.63663867639053,300.6271748239637,300.52567461427094,310.58712785743,310.6638619250009,310.5489570569521,1.8702828384464463,1.817429777797912,1.8097674457557456,5.660819340161485,5.5125260106703875,5.469866358192044,37.549235375254824,38.69825110522399,39.29720238262733,812.8977160704011,764.9219394786696,754.4252107648958,66.31856269954976,69.02256000306123,69.03782439708579,0,0,47
M-01,CNC,2026-06-17,Morning,44.0,352,93.52,0,RUNNING,300.25146961135744,0.066223056811814,300.380669635123,310.1953184694973,1.1164750815488078,312.9520378459004,1.8815658564227506,0.4168632378441791,2.8037848883956418,5.455396032095574,0.3814005823915736,6.151251004658519,41.57739435254558,9.22885833369539,57.43726069386445,694.8912768978125,172.26732492232782,1111.7047346461245,71.50922476385928,15.209435008459245,100.0,0,17.79,0.0,0.0,44.0,97.32,95.78333333333335,95.41666666666667,42.14,42.160000000000004,42.413333333333334,0.0,0.0,0.0,300.39646519156287,300.5607091991044,300.46509062318603,310.2301264617332,310.44147095240766,310.47661792080567,1.7490075934663614,1.810073673804175,1.8055494360506232,5.6374844756728795,5.555324123967682,5.498209557768596,38.39427454333922,39.41397165408403,39.17198519260233,785.0029365913167,758.1892468112195,756.6714374972212,66.59235788758816,69.3407526040079,68.85034244172532,0,0,48
M-01,CNC,2026-06-17,Afternoon,44.69,358,92.1,0,RUNNING,300.2009151829328,0.0725944744721281,300.34545702469103,310.29464035756257,0.8274060643441115,311.70290313785034,1.7895510849637997,0.3614056764612592,2.5413722864295423,5.4458085274522805,0.424356190466451,6.497311884628344,41.53220845373284,10.374314381841318,62.53917072548737,719.813454188893,288.8161697557909,2008.1046137859653,73.65988911791668,17.573163525883135,100.0,0,18.12,0.0,0.0,44.75,93.52,95.35666666666667,95.41888888888889,44.0,42.74333333333334,42.67111111111112,0.0,0.0,0.0,300.25146961135744,300.4281911597703,300.38557136850665,310.1953184694973,310.3375242628868,310.40439400131686,1.8815658564227506,1.8336187627785197,1.8156450775847786,5.455396032095574,5.584566615976645,5.503669174448462,41.57739435254558,39.17363475704654,39.55922114221293,694.8912768978125,764.2639765198434,749.2454517839117,71.50922476385928,68.1400484503324,69.32070167644356,0,0,48
M-01,CNC,2026-06-17,Night,41.81,334,97.18,0,RUNNING,300.2719192015933,0.07776091867396205,300.38847816757504,310.322454603622,1.047225749969533,312.96351347930766,1.9270991261515753,0.48443264114689527,2.748912649114751,5.622002112179554,0.4611892867679403,6.521307435620246,40.359406156351724,9.197449002176864,57.69587531723455,718.7158050880457,191.8217818244978,1256.5471597444305,69.70289943628049,16.0858784217736,97.65404507608878,0,18.46,0.0,0.0,41.75,92.1,94.31333333333333,95.30333333333334,44.69,43.61000000000001,42.74111111111111,0.0,0.0,0.0,300.2009151829328,300.28294999528435,300.35786318510543,310.29464035756257,310.24002842959766,310.3836659054624,1.7895510849637997,1.806708178284304,1.805048081439229,5.4458085274522805,5.512896345073578,5.503435151180942,41.53220845373284,40.50129244987255,39.935365799771006,719.813454188893,733.2358892260073,739.9801990870174,73.65988911791668,70.5871572564547,70.16500117981799,0,0,48
M-01,CNC,2026-06-18,Morning,42.35,339,94.75,0,RUNNING,299.96259243313614,0.03899649194944407,300.0460208175928,309.63123879844403,1.3153604764231157,312.2672812438301,1.7208778220822063,0.41473211601904697,2.4362166590022527,5.519267477127453,0.5267615879372831,6.956162523056914,39.41019370263975,8.971786666465151,55.131762157362445,733.4277198749038,187.50599051605423,1188.6877682615534,68.6592449110948,15.351018174714758,94.14515310120537,0,18.79,0.0,0.0,42.375,97.18,94.26666666666667,95.40555555555555,41.81,43.5,42.781111111111116,0.0,0.0,0.0,300.2719192015933,300.24143466529455,300.37580384364264,310.322454603622,310.27080447689394,310.36309522857596,1.9270991261515753,1.8660720225127083,1.8170833209557584,5.622002112179554,5.507735557242469,5.510289216609375,40.359406156351724,41.15633632087671,39.983479153827034,718.7158050880457,711.1401787249171,738.3123185229556,69.70289943628049,71.62400443935216,70.1377619961889,0,0,49
M-01,CNC,2026-06-18,Afternoon,41.74,334,95.01,0,RUNNING,300.0677001660094,0.12746937625241989,300.3282395971889,310.1236058761808,1.1423629553733436,312.46546318836914,1.7251442300326996,0.386222611251914,2.4931389738619307,5.504600154470824,0.6326777173560335,6.77813977345623,42.11698625956342,11.668322440853311,60.46780151626285,731.1266346286898,334.7392996771897,2096.725992899524,74.08424552660342,20.76350651303583,100.0,0,19.12,0.0,0.0,41.75,94.75,94.67666666666668,95.31555555555555,42.35,42.949999999999996,42.61777777777778,0.0,0.0,0.0,299.96259243313614,300.1451422725541,300.3755066798707,309.63123879844403,310.0827779198762,310.3248393482457,1.7208778220822063,1.8125093443991938,1.8154650714296627,5.519267477127453,5.5290260389197625,5.531832885613195,39.41019370263975,40.43393610424144,39.88423412516365,733.4277198749038,723.9856597172808,739.5474917465491,68.6592449110948,70.67401115509732,69.85077284364974,0,0,49
M-01,CNC,2026-06-18,Night,41.26,330,97.7,0,RUNNING,300.09940626666656,0.1616930467208934,300.33832189638144,310.3816859948118,0.9835884137622264,312.2843051333389,1.7844202035433703,0.35912849960472065,2.411687180070864,5.356063057942062,0.599908330440565,6.713777604470585,39.827418688179854,10.91844077204657,65.84670123992723,738.0264044620952,216.2176003089055,1452.5462418156317,68.54331031295402,18.62550210230436,100.0,0,19.46,0.0,0.0,41.25,95.01,95.64666666666666,95.20333333333332,41.74,41.96666666666667,42.425555555555555,0.0,0.0,0.0,300.0677001660094,300.100737266913,300.33695402872036,310.1236058761808,310.02576642608227,310.30988559356024,1.7251442300326996,1.7910403927554936,1.80505944961257,5.504600154470824,5.548623247925943,5.52468186788997,42.11698625956342,40.6288620395183,39.94280186487161,731.1266346286898,727.7567198638799,741.9715161895189,74.08424552660342,70.81546329132624,70.14172685028072,0,0,49
M-01,CNC,2026-06-19,Morning,42.45,336,94.61,0,RUNNING,300.1178270079632,0.13105077917185107,300.33323165814613,310.10673341641416,0.8859650456729626,312.18644337813504,1.886630332553667,0.40492956732297225,2.821285883192128,5.5179452108253635,0.5047436806739412,6.73175425626607,38.97489311331622,10.402337946200282,58.81232923749232,768.5257246136337,272.35450729358496,1746.858758082871,69.56931465696475,17.323316421155855,100.0,0,19.79,0.0,0.0,42.0,97.7,95.82,95.29,41.26,41.78333333333333,42.48111111111112,0.0,0.0,0.0,300.09940626666656,300.0432329552707,300.2817922732232,310.3816859948118,310.0455102231455,310.2525952174824,1.7844202035433703,1.743480751886092,1.8065421494009921,5.356063057942062,5.459976896513446,5.507678859241199,39.827418688179854,40.451532883461006,40.34061361947392,738.0264044620952,734.1935863218963,734.5076706193443,68.54331031295402,70.42893358355074,70.46456354230361,0,0,50
M-01,CNC,2026-06-19,Afternoon,43.13,345,96.61,0,RUNNING,299.90385310796563,0.07901134259397097,300.037587140492,309.89458383581075,1.0339886754660776,311.73599450645287,1.8871499026748395,0.43581444251537715,2.967060037847361,5.5717046157891135,0.5041103351225805,6.372666265864904,42.65031418348066,13.035775319439756,71.15170987334795,707.5955853304798,304.7653520572703,1762.1633849171203,72.6983568228189,19.129026149103613,100.0,0,20.12,0.0,0.0,43.125,94.61,95.77333333333333,95.26888888888888,42.45,41.81666666666667,42.50333333333334,0.0,0.0,0.0,300.1178270079632,300.0949778135464,300.22277041529026,310.10673341641416,310.2040084291356,310.20810353729956,1.886630332553667,1.7987315887099122,1.8149532319625417,5.5179452108253635,5.459536141079416,5.524376265325276,38.97489311331622,40.30643268701983,39.9713345161026,768.5257246136337,745.8929212348062,744.7141858239769,69.56931465696475,70.7322901655074,69.84878325697905,0,0,50
M-01,CNC,2026-06-19,Night,43.02,344,97.26,0,RUNNING,300.22205899831846,0.10857572296008813,300.4532689182873,310.2491241859383,0.9564693020975326,312.7507193805605,1.8572351297322465,0.37580221383979767,2.7731501135255794,5.567244274453753,0.6383660441834801,6.993328322064639,38.749574977203835,8.534805819505953,61.41506023354236,739.278649137397,161.12655594414298,1302.6758571217845,68.5179362044132,14.178196174609337,100.0,0,20.46,0.0,0.0,43.0,96.61,96.30666666666667,95.42222222222223,43.13,42.28,42.61888888888889,0.0,0.0,0.0,299.90385310796563,300.04036212753175,300.1413497965763,309.89458383581075,310.12766774901223,310.1311542015641,1.8871499026748395,1.8527334795906256,1.816827350210141,5.5717046157891135,5.481904294852179,5.5144746292838995,42.65031418348066,40.48420866165891,40.53812105034992,707.5955853304798,738.0492381354029,733.0139490750967,72.6983568228189,70.27032726424589,70.55764927067561,0,0,50
M-02,CNC,2026-05-01,Morning,43.05,344,93.74,0,RUNNING,302.39643410607033,0.05223985253660296,302.4807276008124,312.60962195482927,1.0233283482303517,315.2619700794159,1.8455484951023553,0.5081960925390205,3.0541886779321343,5.452567659902504,0.4690295222591269,6.585833165492715,42.710326207042,10.963252350801035,63.84686175968606,685.4325427074765,184.72381523532874,1091.3839727192767,74.88741770877635,19.681100979785192,100.0,0,,0.0,0.0,43.0,,,,,,,,,,,,,,,,,,,,,,,,,,,,,,,0,0,1
M-02,CNC,2026-05-01,Afternoon,42.67,341,98.88,0,RUNNING,302.95050012947695,0.1595512713221352,303.179546482085,312.79694070058656,1.011086031631048,314.8108058973269,1.6822623030414898,0.3904265704089699,2.577475330803553,5.456361970507017,0.4383486978159668,6.202992741766442,43.705780699752395,10.125676093150132,69.53998757052663,653.287222711985,140.85737405410887,1000.8668799959496,75.12723665044615,14.888509414569635,100.0,0,,0.0,0.0,42.625,93.74,93.74,93.74,43.05,43.05,43.05,0.0,0.0,0.0,302.39643410607033,302.39643410607033,302.39643410607033,312.60962195482927,312.60962195482927,312.60962195482927,1.8455484951023553,1.8455484951023553,1.8455484951023553,5.452567659902504,5.452567659902504,5.452567659902504,42.710326207042,42.710326207042,42.710326207042,685.4325427074765,685.4325427074765,685.4325427074765,74.88741770877635,74.88741770877635,74.88741770877635,0,0,1
M-02,CNC,2026-05-01,Night,38.89,311,94.41,0,RUNNING,302.6874411808023,0.20779458767077655,303.0216449483572,312.5909111340597,1.0167809760979245,314.95784098875754,1.774369950783818,0.38498329053586,2.473367669766752,5.750632264144189,0.5123767079117862,6.962839678489126,40.814687346518575,6.872879891274454,55.27463527831761,687.7601560503308,122.92187572653343,1007.2674356597488,71.68123623788539,12.476348906640833,98.61294743345124,0,,0.0,0.0,38.875,98.88,96.31,96.31,42.67,42.86,42.86,0.0,0.0,0.0,302.95050012947695,302.6734671177736,302.6734671177736,312.79694070058656,312.70328132770794,312.70328132770794,1.6822623030414898,1.7639053990719225,1.7639053990719225,5.456361970507017,5.45446481520476,5.45446481520476,43.705780699752395,43.2080534533972,43.2080534533972,653.287222711985,669.3598827097308,669.3598827097308,75.12723665044615,75.00732717961125,75.00732717961125,0,0,1
M-02,CNC,2026-05-02,Morning,42.73,342,95.59,0,RUNNING,302.4761826968653,0.09989932083715722,302.6316440852973,312.23874324147164,1.1520199887377218,314.6201938769995,1.8231996768079757,0.48392638698564616,2.6640466105885,5.364185961017678,0.5617169845972588,6.493165425437796,40.490887605776564,11.67014127212612,64.97936029633614,751.394588060419,300.0937043536912,1704.2632866549493,69.53511275621813,19.478505907145866,100.0,0,,0.0,0.0,42.75,94.41,95.67666666666666,95.67666666666666,38.89,41.53666666666667,41.53666666666667,0.0,0.0,0.0,302.6874411808023,302.6781251387832,302.6781251387832,312.5909111340597,312.66582459649186,312.66582459649186,1.774369950783818,1.7673935829758876,1.7673935829758876,5.750632264144189,5.553187298184571,5.553187298184571,40.814687346518575,42.41026475110433,42.41026475110433,687.7601560503308,675.4933071565974,675.4933071565974,71.68123623788539,73.89863019903596,73.89863019903596,0,0,2
M-02,CNC,2026-05-02,Afternoon,42.47,340,94.79,0,RUNNING,302.3232830653071,0.14991911926410872,302.6396348683343,312.1067259731594,0.9267606124827669,314.15838408358536,1.762867016654006,0.40749833582129635,2.788602888734191,5.627574869523396,0.5765322722378643,6.734045872333673,40.20481344629769,9.055696125493444,53.56080151010578,726.9680252670153,184.14829238002045,1166.238724053569,68.52193114132812,15.787586293450381,92.97584493587452,0,,0.0,0.0,42.5,95.59,96.29333333333334,95.655,42.73,41.43,41.835,0.0,0.0,0.0,302.4761826968653,302.70470800238155,302.6276395283037,312.23874324147164,312.54219835870595,312.55905425773676,1.8231996768079757,1.759943976877761,1.7813451064339096,5.364185961017678,5.523726731889628,5.505936963892847,40.490887605776564,41.67045188401585,41.93042046477238,751.394588060419,697.4806556075782,694.4686273825528,69.53511275621813,72.11452854818322,72.8077508383315,0,0,2
M-02,CNC,2026-05-02,Night,42.11,337,95.69,0,RUNNING,302.3561826690538,0.07274261502401816,302.51013461551383,312.1311575065319,0.9684758111830087,314.0518826315923,1.8197063439404906,0.4273681639157712,2.5800636427227057,5.573337919082889,0.5468558812373658,6.744131943426765,40.97674069740226,8.75150364073332,56.77400483367404,694.970593554508,159.373679925262,1035.3688682551629,71.6072185166592,15.887452463767634,98.13435869147366,0,,0.0,0.0,42.125,94.79,94.92999999999999,95.482,42.47,41.36333333333334,41.962,0.0,0.0,0.0,302.3232830653071,302.4956356476582,302.56676823570444,312.1067259731594,312.31212678289694,312.4685886008213,1.762867016654006,1.7868122147485999,1.777649488477929,5.627574869523396,5.58079769822842,5.530264545018957,40.20481344629769,40.50346279953094,41.58529906107744,726.9680252670153,722.0409231259217,700.9685069594453,68.52193114132812,69.91276004514388,71.95058689893082,0,0,2
M-02,CNC,2026-05-03,Morning,43.47,348,96.51,0,RUNNING,302.3182866210687,0.08228950508503242,302.4625566034499,312.4765029859751,1.0049023872405232,314.4488420795285,1.847793729102154,0.45133937348704256,2.912450314370533,5.560299632808199,0.5527182496710221,6.821398009243461,39.78960887242948,9.297406130691723,61.88434178962744,737.013647182921,206.41421902641184,1301.438957085946,70.71164419125259,16.053699625984773,100.0,0,,0.0,0.0,43.5,95.69,95.35666666666668,95.51666666666667,42.11,42.43666666666667,41.986666666666665,0.0,0.0,0.0,302.3561826690538,302.38521614374207,302.5316706412626,312.1311575065319,312.158875573721,312.4123500851064,1.8197063439404906,1.801924345800824,1.784658964388356,5.573337919082889,5.521699583207988,5.537443440696279,40.97674069740226,40.55748058315884,41.483872667131585,694.970593554508,724.4444022939807,699.968854725289,71.6072185166592,69.88808747140182,71.89335883521889,0,0,3
M-02,CNC,2026-05-03,Afternoon,42.43,339,95.18,0,RUNNING,302.1496421936169,0.09136323627213838,302.29288603831327,312.1148880232022,0.8513598737428784,313.6757957391739,1.7165055138110836,0.32506157915051354,2.3248656984706058,5.389076062401769,0.4558100310881708,6.180189142121634,37.521144586174145,9.648232547786366,55.4384016596957,759.2429783771154,238.88136773083946,1522.7282725086793,67.36091020087024,15.64643215025221,100.0,0,0.17,1.0,0.0,42.375,96.51,95.66333333333334,95.65857142857143,43.47,42.68333333333334,42.19857142857143,0.0,0.0,0.0,302.3182866210687,302.3325841184765,302.50118720980635,312.4765029859751,312.2381288218888,312.4215147852305,1.847793729102154,1.8101223632322168,1.793678216490327,5.560299632808199,5.587070807138161,5.5407086109979815,39.78960887242948,40.323721005376484,41.24183498217413,737.013647182921,719.6507553348147,705.2609679335221,70.71164419125259,70.2802646164133,71.72454245750941,1,0,3
M-02,CNC,2026-05-03,Night,41.39,331,95.13,0,RUNNING,302.46180629645204,0.14287237701107547,302.68688771301106,312.61581373761504,0.9102145878465625,314.10721211425573,1.8401037105452953,0.38782189468526446,2.563008307978192,5.5321704593052745,0.4444359199185853,6.222365366313378,39.60455395770393,8.430007272113059,52.53684236743284,727.3928223396755,189.18137003038999,1450.8126004989797,70.06561089673991,14.68586690385396,92.22271365951032,0,0.5,1.0,0.0,41.375,95.18,95.79333333333334,95.59875,42.43,42.669999999999995,42.2275,0.0,0.0,0.0,302.1496421936169,302.27470382791313,302.45724408278267,312.1148880232022,312.2408495052364,312.38318643997695,1.7165055138110836,1.7946685289512427,1.7840316286554216,5.389076062401769,5.507571204764286,5.521754542423455,37.521144586174145,39.42916471866863,40.77674868267414,759.2429783771154,730.4090730381814,712.0087192389714,67.36091020087024,69.89325763626067,71.17908842542953,1,0,3
M-02,CNC,2026-05-04,Morning,40.98,328,93.02,0,RUNNING,302.9413327388564,0.11113559219860925,303.1281657166952,312.79604658506554,1.0482685166904746,315.5289246794856,1.925673635606931,0.41306417536227885,2.680773167126673,5.538665397054612,0.30033390196428816,6.16520483489614,39.33038676031272,7.084412253609081,58.44088103320834,717.3317104558649,138.15121626300652,1010.5381406865832,68.32847840560126,14.343159002746527,100.0,0,0.83,1.0,0.0,41.0,95.13,95.60666666666667,95.54666666666667,41.39,42.43,42.13444444444444,0.0,0.0,0.0,302.46180629645204,302.30991170371254,302.45775099541265,312.61581373761504,312.4024015822641,312.4090339174923,1.8401037105452953,1.8014676511528442,1.7902618599765188,5.5321704593052745,5.493848718171748,5.522911866521436,39.60455395770393,38.97176913876918,40.64650482434412,727.3928223396755,741.2164826332373,713.7180640279385,70.06561089673991,69.37938842962092,71.05536870001956,1,0,4
M-02,CNC,2026-05-04,Afternoon,40.85,327,98.01,0,RUNNING,303.23018302101036,0.15806912831538952,303.46255645990493,313.2650798277154,0.9645468346491957,315.54398341957585,2.0957535669948957,0.34757589580059556,2.797502703934716,5.737191321073922,0.49828320572615314,6.871064170277576,39.9781590259581,9.745434982733697,58.13955779233231,786.4692744087847,531.6257142677368,3600.929962558915,71.09528707007374,19.010881378857672,100.0,0,1.17,1.0,0.0,40.875,93.02,94.44333333333334,95.46666666666667,40.98,41.599999999999994,41.904444444444444,0.0,0.0,0.0,302.9413327388564,302.5175937429751,302.51829528794434,312.79604658506554,312.5089161152943,312.4297477652963,1.925673635606931,1.82742761998777,1.799164653365916,5.538665397054612,5.486637306253885,5.532478281760557,39.33038676031272,38.81869510139693,40.27095599692976,717.3317104558649,734.6558370575518,717.2624159999817,68.32847840560126,68.5849998344038,70.32659766633346,1,0,4
M-02,CNC,2026-05-04,Night,41.56,332,93.21,0,RUNNING,303.51915759246197,0.1653681602227251,303.75317559673084,313.654356089035,0.8542022957301587,315.80001613321787,2.256910026287641,0.33167226173476205,2.958121938581216,5.8033167801458045,0.6257207336852267,6.963861161494597,39.00183695662387,8.036769971037769,55.22014638775225,735.9299934432212,172.9711167351632,1234.7143474765203,68.37456875396417,13.416604504630078,100.0,0,1.5,1.0,0.0,41.5,98.01,95.38666666666667,95.37,40.85,41.07333333333333,41.702222222222225,0.0,0.0,0.0,303.23018302101036,302.8777740187729,302.5493711647814,313.2650798277154,312.89231338346536,312.4817632238662,2.0957535669948957,1.9538436377157071,1.8451081271385168,5.737191321073922,5.602675725811269,5.563681542934658,39.9781590259581,39.63769991465825,39.85677581095261,786.4692744087847,743.7312690681083,732.0604217440705,71.09528707007374,69.8297921241383,69.87860326851428,1,0,4
M-02,CNC,2026-05-05,Morning,40.41,323,90.9,0,RUNNING,303.8589847986179,0.21560326812872724,304.19574145251784,313.8644626707557,0.8492643198894975,315.4493709082111,2.54688599173354,0.44175000019720234,3.4725934849233098,5.854501617887338,0.5197331162824665,6.8427311027177815,38.03059266349523,10.50734567215888,68.79623969641796,775.2782881479196,249.02700571404586,1455.954572265827,65.69625728223974,17.36459034960222,100.0,0,1.83,1.0,0.0,40.375,93.21,94.74666666666667,95.23666666666666,41.56,41.13,41.99888888888889,0.0,0.0,0.0,303.51915759246197,303.23022445077623,302.64178409941024,313.654356089035,313.238494167272,312.59992377441904,2.256910026287641,2.092779076296489,1.898723691083386,5.8033167801458045,5.693057832758114,5.569535378045949,39.00183695662387,39.43679424763156,39.6553479898532,735.9299934432212,746.5769927692903,737.412625898836,68.37456875396417,69.26611140987973,69.51119577030082,1,0,5
M-02,CNC,2026-05-05,Afternoon,36.62,293,89.7,0,RUNNING,304.13670204373,0.056967167865526004,304.3081444013108,313.8716584459922,1.0078312492207564,315.5036625133525,2.627842867937152,0.34122876048199685,3.310343904141283,6.1071957472021365,0.46379813033933837,6.736666506786186,41.85482814235456,10.108438039819232,67.70896149740456,692.9338143361795,194.00582907945258,1159.184516365775,71.99548289137971,16.81060236022887,100.0,0,2.17,1.0,0.0,36.625,90.9,94.04,94.71555555555557,40.41,40.94,41.74111111111111,0.0,0.0,0.0,303.8589847986179,303.5361084706968,302.7954287773828,313.8644626707557,313.59463286250207,312.7805592665617,2.54688599173354,2.2998498616720258,1.9791332816306708,5.854501617887338,5.798336573035688,5.624014895475912,38.03059266349523,39.0035295486924,39.38198188515527,775.2782881479196,765.8925186666419,740.0663703530029,65.69625728223974,68.3887043687592,69.08465627319211,1,0,5
M-02,CNC,2026-05-05,Night,36.81,294,91.01,0,RUNNING,304.06621626470786,0.18156934799884827,304.4680829649989,313.9498846429444,0.9835692276298319,316.03934594003067,2.73087348446072,0.4109035190411153,4.124686377627847,5.946041322668698,0.4542783752818071,6.703866640755862,38.73363968175728,12.339444052010744,63.15330723711722,811.2569942995551,390.0304501486363,2433.489777872812,66.94003273557081,21.498440051973567,100.0,0,2.5,1.0,0.0,36.75,89.7,91.27,94.15,36.62,39.53,41.09111111111111,0.0,0.0,0.0,304.13670204373,303.83828147826995,302.9969197749854,313.8716584459922,313.79682573526094,312.9766628746542,2.627842867937152,2.477212961986111,2.0752417095510203,6.1071957472021365,5.921671381745093,5.677306104106883,41.85482814235456,39.62908592082456,39.56531685138381,692.9338143361795,734.7140319757733,736.2847913606879,71.99548289137971,68.68876964252787,69.47060646764228,1,0,5
M-02,CNC,2026-05-06,Morning,37.52,300,92.92,0,RUNNING,304.4151798872996,0.13397761796990346,304.6962184912226,314.21538691788675,1.03459667732104,316.3900039749056,2.9305593998997286,0.41311019786139475,3.7984383136287088,6.04802500696896,0.40799696848241074,6.660754032442858,39.43965889513677,9.732378227927002,63.35840684206587,750.182751778089,300.68939910926076,2129.680831243566,68.97261450224534,17.390685584867935,100.0,0,2.83,1.0,0.0,37.5,91.01,90.53666666666668,93.63,36.81,37.946666666666665,40.50222222222222,0.0,0.0,0.0,304.06621626470786,304.0206343690186,303.1869235078358,313.9498846429444,313.89533525323077,313.17874366758895,2.73087348446072,2.635200781377137,2.176482502942157,5.946041322668698,5.969246229252724,5.718717593394195,38.73363968175728,39.53968682920236,39.31608340520104,811.2569942995551,759.823032261218,749.2055025545819,66.94003273557081,68.21059096973009,68.95203026974357,1,0,6
M-02,CNC,2026-05-06,Afternoon,37.87,303,89.13,0,RUNNING,304.5306789331893,0.12138123372356723,304.77461757839257,315.0221371672112,1.133556916112099,317.8864695455856,3.303580469469567,0.3365656269392688,4.022889725775464,6.210583685655952,0.4998930711523163,7.736111775680555,41.215716804373365,9.103906221422942,57.7987985764524,705.6062901114066,182.6865143623006,1245.4009297778032,72.58914111821926,16.26748543602874,100.0,0,3.17,1.0,0.0,37.875,92.92,91.21,93.23111111111112,37.52,36.983333333333334,39.84111111111111,0.0,0.0,0.0,304.4151798872996,304.2060327319125,303.4199116485281,314.21538691788675,314.01231000227443,313.37195299335696,2.9305593998997286,2.763091917432534,2.296789799697443,6.04802500696896,6.033754025613265,5.77290930163428,39.43965889513677,40.00937557308287,39.277200074390734,750.182751778089,751.4578534712746,750.6687363984895,68.97261450224534,69.30271004306529,68.75880474874276,1,0,6
M-02,CNC,2026-05-06,Night,38.43,307,85.15,0,RUNNING,304.13446452345,0.13503277405850095,304.40124725994764,313.97353339090546,1.0466647094585035,315.8636055467031,3.2531264136676588,0.3879105743952188,3.88960542231937,6.1214043313316715,0.45380327529621206,7.470866792816542,38.36034503490386,10.968324365358878,63.23950769683045,765.5547093669688,201.7741041164375,1117.1307571267278,66.82586256398235,17.770844765343135,100.0,0,3.5,1.0,0.0,38.375,89.13,91.02,92.5588888888889,37.87,37.400000000000006,39.33444444444444,0.0,0.0,0.0,304.5306789331893,304.33735836173224,303.6844712862584,315.0221371672112,314.3958029093474,313.6949806760246,3.303580469469567,2.988337784610005,2.4731314614372746,6.210583685655952,6.068216671764536,5.8641879264403,41.215716804373365,39.79633846042247,39.68770809863509,705.6062901114066,755.6820120630169,744.7091043689662,72.58914111821926,69.50059611867847,69.33971929511488,1,0,6
M-02,CNC,2026-05-07,Morning,36.25,290,88.97,0,RUNNING,304.5588618446535,0.19284853045513464,304.86705785311983,314.3358561274309,1.0392149483581743,316.62957774151226,3.464689200220495,0.39333309108102094,4.169963895775447,6.336367416601095,0.5300569144140761,8.087631020904782,40.0544329804401,7.790978426429139,54.05793007236792,710.5691455211625,147.7754673999527,1068.7752341490234,70.60081391525391,14.825349826107365,95.69107776585972,0,3.83,1.0,0.0,36.25,85.15,89.06666666666666,91.45,38.43,37.940000000000005,39.00555555555556,0.0,0.0,0.0,304.13446452345,304.36010778131293,303.8703222003693,313.97353339090546,314.40368582533443,313.8458384152791,3.2531264136676588,3.162422094345652,2.6301339840064255,6.1214043313316715,6.126671007985528,5.929658356665454,38.36034503490386,39.67190691147133,39.54946266276842,765.5547093669688,740.447917085488,748.9493140386655,66.82586256398235,69.46253939481565,68.97974725814181,1,0,7
M-02,CNC,2026-05-07,Afternoon,34.4,275,89.72,0,RUNNING,304.8963438818924,0.0992444080041944,305.1328617522527,314.7125589405933,0.8604537942395292,316.65752349625217,3.6143574632893687,0.4225008419816592,4.516960904651334,6.289752302672001,0.5328842355977856,7.296611273010883,42.80526285921584,8.853168102335585,58.00858323947385,670.0388649816942,158.00805342227792,1107.911031286526,74.8216802817454,15.310385973571751,98.8243245059374,0,4.17,1.0,0.0,34.375,88.97,87.75,91.0,36.25,37.516666666666666,38.48,0.0,0.0,0.0,304.5588618446535,304.40800176709763,304.05004765656895,314.3358561274309,314.44384222851585,314.0169283644308,3.464689200220495,3.3404653611192408,2.8011357134079327,6.336367416601095,6.222785144529573,6.018291914392843,40.0544329804401,39.876831606572445,39.629912242782574,710.5691455211625,727.2433816665126,748.1979179348097,70.60081391525391,70.00527253248517,69.23222898143655,1,0,7
M-02,CNC,2026-05-07,Night,36.37,291,86.6,0,RUNNING,304.7205477567045,0.11743340466377875,304.93437741532097,314.9162276602764,1.1314684123143326,317.16965894446747,3.8882256616360973,0.33041901406107893,4.54147813117715,6.29983760617952,0.5422242426728593,7.341447671263057,35.75023685734944,10.361058306573835,67.86732613761336,822.6150850354031,244.6686055690168,1629.4729820110958,60.481242190109185,17.082989539852683,100.0,0,4.5,1.0,0.0,36.375,89.72,87.94666666666666,90.07888888888888,34.4,36.36000000000001,37.763333333333335,0.0,0.0,0.0,304.8963438818924,304.52989008333196,304.23517664111137,314.7125589405933,314.3406494863098,314.17775937697274,3.6143574632893687,3.4440576923925073,2.9698694796628744,6.289752302672001,6.249174683534922,6.079687579014851,42.80526285921584,40.40668029151993,39.944034890922325,670.0388649816942,715.3875732899419,735.2612057762441,74.8216802817454,70.74945225366055,69.6462726716223,1,0,7
M-02,CNC,2026-05-08,Morning,35.15,281,89.83,0,RUNNING,305.0123104385805,0.13271788002597878,305.2852963154145,315.1011852236433,0.9215070644641568,316.7033875222341,3.932297142349162,0.3036340603628211,4.4755816300209466,6.402440563924662,0.5550558901214216,7.371634164400328,38.03423549038509,9.615605130173769,57.75858185302479,780.5052596400367,259.6901755950558,1894.8016886839964,66.03002836482959,16.60923823674691,100.0,0,4.83,1.0,0.0,35.125,86.6,88.43,89.34444444444445,36.37,35.67333333333333,37.18666666666666,0.0,0.0,0.0,304.7205477567045,304.72525116108346,304.36866443713836,314.9162276602764,314.65488090943353,314.31796732933293,3.8882256616360973,3.6557574417153202,3.15112677247937,6.29983760617952,6.3086524418175385,6.134856559685264,35.75023685734944,39.53664423233513,39.582745991002945,822.6150850354031,734.4076985127532,744.8928826198198,60.481242190109185,68.63457879570284,68.76923638674953,1,0,8
M-02,CNC,2026-05-08,Afternoon,34.69,278,85.78,0,RUNNING,305.21589647486127,0.08722692179851689,305.4643150920532,315.348695200401,1.121040040024836,318.00250448735056,4.25091625375542,0.43053233755500014,5.007011639207444,6.564477324501069,0.5846485087387496,8.364501476297987,39.77496109464022,8.036000892311261,58.49758187753005,718.4814327844721,126.04500336308689,951.4501975122668,69.50182030456176,13.937772942496991,100.0,0,5.17,1.0,0.0,34.75,89.83,88.71666666666665,89.22555555555556,35.15,35.306666666666665,36.602222222222224,0.0,0.0,0.0,305.0123104385805,304.87640069239245,304.4968117304675,315.1011852236433,314.909990608171,314.4553809463205,3.932297142349162,3.8116267557582098,3.305061344769994,6.402440563924662,6.3306768242587275,6.195738664800522,38.03423549038509,38.86324506898345,39.58315074954626,780.5052596400367,757.719736552378,745.4736572300551,66.03002836482959,67.11098361222805,68.80632206259284,1,0,8
M-02,CNC,2026-05-08,Night,34.02,272,83.59,0,RUNNING,305.6406063977187,0.13745691408750554,305.88219682566444,315.5059517098801,0.9276343498103655,317.474032546666,4.281953661697711,0.34273226465010137,5.111923787885849,6.5348776755072535,0.40096568886807754,7.796978963002563,43.070347256779556,9.881965676305004,64.52875010679789,666.2982748044622,181.24511443567135,1261.3399364856105,74.11250618325185,16.149167623170026,100.0,0,5.5,1.0,0.0,34.0,85.78,87.40333333333335,88.79,34.69,35.40333333333333,36.38777777777778,0.0,0.0,0.0,305.21589647486127,304.9829182233821,304.6167222228154,315.348695200401,315.12203602810683,314.61949614125473,4.25091625375542,4.0238130192468935,3.485402832083135,6.564477324501069,6.4222518315350845,6.246547728944847,39.77496109464022,37.85314448079158,39.352054410911336,718.4814327844721,773.8672591533041,748.3122815020874,69.50182030456176,65.33769695316685,68.52924844183529,1,0,8
M-02,CNC,2026-05-09,Morning,33.82,271,81.43,0,RUNNING,306.06835620288194,0.10587734729270508,306.2842439210466,315.7153763279976,1.2249973947343695,318.09105741028947,4.467433055869159,0.47419761986848813,5.526697359098476,6.655367511200316,0.4110743196396013,7.701921353432002,39.976770812660675,11.651998301828957,69.86031448429382,758.0667159521392,289.2733779294156,1717.8229679550043,68.00967470116285,18.04090180037624,100.0,0,5.83,1.0,0.0,33.875,83.59,86.39999999999999,87.96555555555557,34.02,34.62,36.077777777777776,0.0,0.0,0.0,305.6406063977187,305.28960443705347,304.79165445981664,315.5059517098801,315.31861071130817,314.7923924820254,4.281953661697711,4.155055685934098,3.657745073998356,6.5348776755072535,6.5005985213109945,6.311973990371353,43.070347256779556,40.29318128060162,39.833910808136025,666.2982748044622,721.7616557429902,732.2057571137439,74.11250618325185,69.88145161754774,69.32618993602208,1,0,9
M-02,CNC,2026-05-09,Afternoon,33.07,265,82.19,0,RUNNING,306.27884890287635,0.1672895823999746,306.6045270373108,316.3076567354272,0.8957236563180349,318.5083858919202,4.710408275864667,0.4588953370531493,5.509196936113719,6.688284361968023,0.4637422376152523,7.484429440181687,38.64125482727733,9.76049982460703,55.193689875817725,756.1125681322145,219.39351161609702,1393.7475146148045,66.17614097286587,16.931635396645557,95.70856920220402,0,6.17,1.0,0.0,33.125,81.43,83.60000000000001,86.68888888888888,33.82,34.17666666666667,35.666666666666664,0.0,0.0,0.0,306.06835620288194,305.64161969182067,304.97534071710356,315.7153763279976,315.52334107942625,314.95905797203767,4.467433055869159,4.333434323774097,3.828508813550515,6.655367511200316,6.584907503736212,6.379456490841505,39.976770812660675,40.940693054693476,39.89358991008313,758.0667159521392,714.2821411803579,733.0817531330828,68.00967470116285,70.54133372965883,69.21919662479068,1,0,9
M-02,CNC,2026-05-09,Night,33.47,268,83.81,0,RUNNING,306.26113355101853,0.10322287705810815,306.42770211225013,316.0892005084192,0.9085361192302903,318.10612684635703,4.844130549315048,0.4820696575811669,5.613504486810142,6.742022331565634,0.4592089390268198,7.896416292560857,38.6855552204239,9.759280886116727,52.37856340764065,762.3544226158375,270.53325346320685,1732.0684364138551,67.35051587821832,18.573354859695446,94.93667892488004,0,6.5,1.0,0.0,33.5,82.19,82.40333333333334,85.91777777777777,33.07,33.63666666666667,35.13333333333333,0.0,0.0,0.0,306.27884890287635,305.9959371678257,305.16958182484655,316.3076567354272,315.842994924435,315.1018934796173,4.710408275864667,4.4865983311438455,3.9848230142610825,6.688284361968023,6.626176516225197,6.4325343437650675,38.64125482727733,40.56279096557252,39.60753857929468,756.1125681322145,726.8258529629387,738.6935618020615,66.17614097286587,69.43277395242687,68.50664105308476,1,0,9
M-02,CNC,2026-05-10,Morning,43.31,0,94.98,480,DOWN,306.594881664286,0.12447865414218179,306.7833136138105,316.96202914223545,0.9871277345436945,319.01229491410686,4.977274686494843,0.4181048571041141,6.067961576725367,6.896540461076604,0.49014466882533037,7.855843384231397,39.082320743494485,9.89428691364003,62.2975105758688,741.9254800765342,194.91673906195456,1232.6591340808145,68.634048966678,18.271748779945053,100.0,0,6.83,1.0,1.0,0.0,83.81,82.47666666666667,85.76888888888888,33.47,33.45333333333333,34.58222222222222,0.0,0.0,0.0,306.26113355101853,306.20277955225896,305.40587838346534,316.0892005084192,316.03741119061465,315.3369676037854,4.844130549315048,4.673990627016291,4.161601251555236,6.742022331565634,6.695224734911324,6.50149189934662,38.6855552204239,39.10119362012063,39.64367304435247,762.3544226158375,758.8445689000637,738.337974385269,67.35051587821832,67.17877718408234,68.56493586577763,1,0,10
M-02,CNC,2026-05-10,Afternoon,41.66,0,94.04,480,DOWN,306.8257812309219,0.13675094962132803,307.0729244295515,316.99841539043996,1.0395201883284515,318.9195997533646,5.2067564679133405,0.35040171337817555,6.056583383148208,6.9612778525282835,0.5964150200696895,8.22345349478032,41.74456136592774,11.541431217900092,62.46299520362715,719.6606887638466,262.72007569434464,1562.7135562415444,73.11661060890036,19.578437954572184,100.0,0,7.17,0.0,1.0,0.0,94.98,86.99333333333334,86.43666666666667,43.31,36.61666666666667,35.36666666666667,480.0,160.0,53.333333333333336,306.594881664286,306.3782880393936,305.63210280786893,316.96202914223545,316.45296212869397,315.6287646054304,4.977274686494843,4.843937837224853,4.32966630558572,6.896540461076604,6.775615718203421,6.563733348732787,39.082320743494485,38.80304359706523,39.53566057358072,741.9254800765342,753.4641569415288,741.8220115580883,68.634048966678,67.38690193925406,68.34640642704697,0,1,10
M-02,CNC,2026-05-10,Night,41.44,0,96.75,480,DOWN,306.8231213753583,0.03384422455313833,306.878898282032,317.19947486875736,0.46123219548739824,317.9234665808201,5.1936465952948305,0.28212381862683805,5.66167368580698,7.0385300107788895,0.6657449554690135,7.544629238978534,37.04392504869579,11.186124678621056,56.09505114168816,803.0324494162008,217.18453715795496,1009.7299713491316,67.23210632168588,15.419218393278708,96.90248028375169,1,0.29,1.0,1.0,0.0,94.04,90.94333333333334,86.91666666666667,41.66,39.48,36.17333333333333,480.0,320.0,106.66666666666667,306.8257812309219,306.5605988154088,305.84648473553887,316.99841539043996,316.6832150136982,315.88274865541337,5.2067564679133405,5.009387234574411,4.506599528321717,6.9612778525282835,6.866613548390174,6.638347298716819,41.74456136592774,39.83747910994871,39.41780485210427,719.6606887638466,741.313530485406,747.3355475338828,73.11661060890036,69.70039181793221,68.1569542411753,1,0,10
M-02,CNC,2026-05-11,Morning,42.95,344,94.16,0,RUNNING,303.2384807043175,0.04620299842998782,303.26886018101976,311.94740227115767,0.5283739916987402,313.1906895765033,1.795189934006931,0.47006884106838376,2.073310649841021,5.458067857677028,0.4126745836057177,6.157465077090424,30.060121598980732,3.7861157715805427,38.15244373549495,909.2892181042042,100.6946611537254,1003.622441890486,47.81529454121909,10.698381060237518,67.56095757363387,0,0.62,1.0,0.0,43.0,96.75,95.25666666666666,88.04444444444445,41.44,42.13666666666666,36.736666666666665,480.0,480.0,160.0,306.8231213753583,306.74792809018874,306.0801040265004,317.19947486875736,317.05330646714424,316.136442789689,5.1936465952948305,5.1258925832343385,4.651646298728242,7.0385300107788895,6.965449441461259,6.720424232561192,37.04392504869579,39.29026905270601,39.561547984476086,803.0324494162008,754.8728727521939,745.1596991317493,67.23210632168588,69.66092196575475,68.90705025579494,1,0,11
M-02,CNC,2026-05-11,Afternoon,43.1,345,98.71,0,RUNNING,302.98667244684214,0.07115657963404433,303.15843225293986,313.02352112339287,1.025073320599621,315.12066628990823,1.6862584796860738,0.433518331070858,2.448137234290161,5.6789645790662675,0.4957327413788387,6.888098203075671,42.048354905205265,9.999941483787287,62.450685220768,686.6717757712707,184.10462127539515,1161.904516338605,72.73690608712002,16.944196684688897,100.0,0,0.96,1.0,0.0,43.125,94.16,94.98333333333333,88.52555555555556,42.95,42.016666666666666,37.603333333333325,0.0,320.0,160.0,303.2384807043175,305.6291277701992,305.88301183380446,311.94740227115767,315.381764176785,315.786022461635,1.795189934006931,4.065197665738367,4.414189942245772,5.458067857677028,6.485958573661399,6.615493931867011,30.060121598980732,36.282869337868085,38.6755353298756,909.2892181042042,810.6607854280838,759.4690278499901,47.81529454121909,62.721337157268444,66.88319094206044,1,0,11
M-02,CNC,2026-05-11,Night,42.52,340,99.75,0,RUNNING,302.83644369395597,0.16877045622714684,303.0975108070801,313.0455444699635,1.0092574690608724,314.59359492257977,1.7428238393061541,0.4320055010103383,2.7021278937278006,5.352058229301557,0.5839628318124839,6.475928247017767,40.98514935937854,8.455109561966456,56.00846021239835,709.1672977769973,208.35761922682187,1631.8368881398917,73.01748127413904,17.517230464233982,100.0,0,1.29,1.0,0.0,42.5,98.71,96.54,89.96222222222222,43.1,42.49666666666667,38.53777777777778,0.0,160.0,160.0,302.98667244684214,304.3494248421727,305.6353202751357,313.02352112339287,314.0567994211026,315.52766978641193,1.6862584796860738,2.8916983363292785,4.129227967349178,5.6789645790662675,6.058520815840727,6.5171036268187,42.048354905205265,36.384133850960595,38.92813464216061,686.6717757712707,799.6644810972253,755.9346215151901,72.73690608712002,62.59476898334166,67.24264491790024,1,0,11
M-02,CNC,2026-05-12,Morning,41.03,328,93.51,0,RUNNING,302.30095032949174,0.09155880696895824,302.45260133941,312.39117169561825,1.0760821736180428,315.3796729785888,1.6753354246752912,0.3930992053627167,2.3668433626002057,5.606298344064135,0.36768654461890277,6.273370850068564,38.28818951615536,6.768842956195723,51.49448393061591,723.9294395394671,132.5340058369096,1025.9728117090383,66.8039665668082,12.367038744534472,92.5377913224348,0,1.62,1.0,0.0,41.0,99.75,97.54,91.75777777777778,42.52,42.85666666666666,39.48222222222223,0.0,0.0,160.0,302.83644369395597,303.02053228170524,305.3237466413843,313.0455444699635,312.672155954838,315.254291204199,1.7428238393061541,1.7414240843330528,3.8471024315278948,5.352058229301557,5.496363555348284,6.385679243906956,40.98514935937854,37.69787528785485,38.69644598689383,709.1672977769973,768.3760972174908,760.6978462899161,73.01748127413904,64.52322730082605,67.12097548355437,1,0,12
M-02,CNC,2026-05-12,Afternoon,39.76,318,98.99,0,RUNNING,302.5093178250838,0.07187814469495918,302.68804052914805,312.45245267346434,1.1563897417357325,314.2516231066137,1.7103644959733963,0.4121167931557007,2.459430610837018,5.501370028378452,0.5386047329129852,6.804934519589916,42.4101096505912,11.040374115365895,65.66245557110727,697.2892398010747,234.5444487529897,1547.2705171204757,73.44435834391443,19.17727727111356,100.0,0,1.96,1.0,0.0,39.75,93.51,97.32333333333334,93.10000000000001,41.03,42.21666666666667,40.28333333333333,0.0,0.0,160.0,302.30095032949174,302.7080221567633,304.90514598878536,312.39117169561825,312.8200790963249,314.8849351339346,1.6753354246752912,1.7014725812225064,3.536869361395242,5.606298344064135,5.54577371747732,6.269116003114046,38.28818951615536,40.44056459357972,38.50882584283769,723.9294395394671,706.5895043625784,756.904815577397,66.8039665668082,70.85278464268909,66.98700791307053,1,0,12
M-02,CNC,2026-05-12,Night,42.82,343,95.89,0,RUNNING,302.9364747025694,0.23401870674167238,303.2861028262922,313.2216263358496,0.9480020001397617,315.05164342970585,1.8026561641244463,0.3548550052692868,2.4406383035726207,5.475709877713253,0.49392724437903335,6.336233738235793,42.748508790647854,8.257076143909021,55.10128168923506,664.0446850063338,148.60285407244697,1035.277688336504,74.8992419622777,15.077855313308346,100.0,0,2.29,1.0,0.0,42.875,98.99,97.41666666666667,94.96666666666665,39.76,41.10333333333333,41.02666666666667,0.0,0.0,160.0,302.5093178250838,302.54890394951053,304.486309202364,312.45245267346434,312.6297229463487,314.45657912704985,1.7103644959733963,1.7095079199849472,3.2035311636295454,5.501370028378452,5.486575533914714,6.137236632715205,42.4101096505912,40.56114950870837,38.92758748987256,697.2892398010747,710.1286590391798,750.3688902072704,73.44435834391443,71.08860206162056,67.79458762096482,1,0,12
M-02,CNC,2026-05-13,Morning,42.35,339,93.75,0,RUNNING,302.97335107247835,0.15423037839486023,303.3002505144029,312.6961333727189,0.9432155760967853,314.1129655395006,1.8174604379466626,0.29096218360058695,2.508300166638308,5.336196407307942,0.5075456025834132,6.587478865627883,39.8513951264255,10.033680185900165,55.79213819655229,743.2587930059976,230.24335378530935,1368.972527689319,68.1690388749492,18.66614929023996,97.8256275959658,0,2.62,1.0,0.0,42.375,95.89,96.13,96.30888888888889,42.82,41.20333333333333,42.065555555555555,0.0,0.0,160.0,302.9364747025694,302.58224761904836,304.1169026636474,313.2216263358496,312.6884169016441,314.1379597745421,1.8026561641244463,1.7294520282577113,2.8655895652750343,5.475709877713253,5.527792750051947,5.99653524895383,42.748508790647854,41.14893598579814,39.37902677545299,664.0446850063338,695.0877881156252,739.4455860284367,74.8992419622777,71.71585562433344,68.63333496363808,1,0,13
M-02,CNC,2026-05-13,Afternoon,45.08,361,96.26,0,RUNNING,303.02706281095135,0.11013779180714459,303.2253456981432,313.18956708601024,0.9512489623833277,315.1552793504832,1.7104311396985956,0.37074842166739064,2.5148694127029967,5.584893183546374,0.6223614516507376,7.018680015970498,40.00143996467499,9.942315651534349,58.01433723968143,736.3470373710546,226.59002797258475,1431.8839718700085,70.77680771915692,17.906463967261967,100.0,0,2.96,1.0,0.0,45.125,93.75,96.21,96.17222222222222,42.35,41.64333333333334,41.958888888888886,0.0,0.0,106.66666666666667,302.97335107247835,302.80638120004386,303.7145103756688,312.6961333727189,312.79007079401094,313.66397135570696,1.8174604379466626,1.7768270326815019,2.514499093214125,5.336196407307942,5.437758771133216,5.823163687423978,39.8513951264255,41.67000452255485,39.46447948466756,743.2587930059976,701.530905937802,739.593731909488,68.1690388749492,72.17087972704711,68.58166717566822,1,0,13
M-02,CNC,2026-05-13,Night,42.14,337,97.45,0,RUNNING,303.30263877798706,0.13835687263493787,303.5983733564055,313.47394150790933,1.0649686553130289,315.6226534772316,1.7423846332468755,0.46890267418658904,2.638055585346305,5.533397558822012,0.5222516054624453,6.523585695171845,37.58095673532771,12.70383512699997,58.75900048121247,834.1762939322475,357.82228518571696,1756.3562480768762,65.56827115333577,22.40824274418581,100.0,0,3.29,1.0,0.0,42.125,96.26,95.3,96.4188888888889,45.08,43.416666666666664,42.33888888888889,0.0,0.0,53.333333333333336,303.02706281095135,302.9789628619997,303.2924305512276,313.18956708601024,313.0357755981929,313.2407659885481,1.7104311396985956,1.7768492472565682,2.1260185011902646,5.584893183546374,5.465599822855856,5.6702320575371,40.00143996467499,40.86711462724944,39.27079932897281,736.3470373710546,714.550171794462,741.4477706436223,70.77680771915692,71.28169618546127,68.32168907680783,1,0,13
M-02,CNC,2026-05-14,Morning,42.61,341,96.45,0,RUNNING,303.76679267514567,0.11039889626153417,303.97365736270694,313.8691247481608,0.929042938346837,315.5677811697363,1.8026762703969947,0.47200080346353485,2.6554558389067373,5.362090106913297,0.41042587584811013,6.282381486210207,39.53111966310496,11.747957444245353,67.06748925768225,761.195765458843,249.4097780459919,1583.0568673841522,68.02387440502936,18.643745443544677,100.0,0,3.62,1.0,0.0,42.625,97.45,95.82000000000001,96.49666666666666,42.14,43.19,42.416666666666664,0.0,0.0,0.0,303.30263877798706,303.1010175538056,302.9012658181864,313.47394150790933,313.1198806555462,312.8268178373428,1.7423846332468755,1.7567587369640443,1.7425449498516028,5.533397558822012,5.4848290498921095,5.50299511843078,37.58095673532771,39.144597275476066,39.33046951637635,834.1762939322475,771.2607081031,744.908197812072,65.56827115333577,68.17137258248063,68.1368185025467,1,0,14
M-02,CNC,2026-05-14,Afternoon,41.0,328,96.94,0,RUNNING,304.0894694836298,0.1232935023890993,304.2726468692729,313.8216670350069,0.9112709995387295,315.6823594419352,1.7990861387538557,0.282175682850146,2.320294641023015,5.528434829171026,0.5405374439138738,6.89102974567116,44.64712383503422,10.09257384533387,65.26614396463687,643.6736333902295,163.7232970480188,1084.1194886873204,77.48932249241183,16.2427712044843,100.0,0,3.96,1.0,0.0,41.0,96.45,96.72000000000001,96.75111111111111,42.61,43.27666666666667,42.37888888888889,0.0,0.0,0.0,303.76679267514567,303.365498088028,302.9599671482784,313.8691247481608,313.5108777806934,313.04034255700975,1.8026762703969947,1.7518306811141553,1.7433767650060543,5.362090106913297,5.493460283093895,5.492330923901477,39.53111966310496,39.037838787702555,40.382802634612375,761.195765458843,777.239698920715,728.4533697403652,68.02387440502936,68.12298442584068,70.3822162651923,1,0,14
M-02,CNC,2026-05-14,Night,44.37,355,98.69,0,RUNNING,304.3079285273715,0.06391879414136264,304.43015420512336,314.33370201528317,0.9275991851868609,316.5808644472984,1.8337974124026328,0.3677313493306309,2.5608962328039877,5.5864555327412315,0.475175351429298,6.861525055356166,39.47838473884912,10.72766855698972,66.09014626743141,730.0960457626907,181.63697023613915,1097.5070569337877,67.60157642356914,16.671588216823626,100.0,0,4.29,1.0,0.0,44.375,96.94,96.94666666666667,96.55444444444444,41.0,41.916666666666664,42.14555555555555,0.0,0.0,0.0,304.0894694836298,303.7196336455875,303.0825001523659,313.8216670350069,313.7215777636923,313.129025436078,1.7990861387538557,1.7813823474659085,1.7559131715691414,5.528434829171026,5.474640831635445,5.4756053961353395,44.64712383503422,40.5864000778223,40.6715547379267,643.6736333902295,746.34856426044,723.675798364694,77.48932249241183,70.36048935025899,70.91026253244694,1,0,14
M-02,CNC,2026-05-15,Morning,44.01,352,94.98,0,RUNNING,304.4551849745715,0.11867322520219105,304.7139394725316,314.4525276047238,1.0352884868320018,316.51008464413,1.8225256503220333,0.42361802865546305,2.6586774115195064,5.49468003638308,0.5473638001533774,6.574123472676727,40.56524711172427,10.859353608352206,65.57138234969514,720.6531793845539,189.6255303091249,1074.974516549388,70.31088364576087,19.797029466969033,100.0,0,4.62,1.0,0.0,44.0,98.69,97.36,96.43666666666667,44.37,42.660000000000004,42.35111111111111,0.0,0.0,0.0,304.3079285273715,304.05473022871564,303.24599846718985,314.33370201528317,314.0081645994837,313.2721540522246,1.8337974124026328,1.8118532738511612,1.7660213463576389,5.5864555327412315,5.492326822941851,5.501649540961969,39.47838473884912,41.2188760789961,40.50413644675677,730.0960457626907,711.6551482039209,726.0012148075488,67.60157642356914,71.03825777367011,70.30849532682807,1,0,15
M-02,CNC,2026-05-15,Afternoon,40.75,326,95.75,0,RUNNING,304.1706373772673,0.12854039891289556,304.41365339836983,314.3669825282333,0.7406006147528448,315.630480154206,1.7571394073426487,0.4241591401868763,2.403622079968065,5.574510991454239,0.5579663750345087,6.768174430207374,41.427928612242766,12.528099988666243,59.91742670286013,756.4279443710666,356.87102609018496,2086.6191394047,73.03103475803962,21.551267637264143,100.0,0,4.96,1.0,0.0,40.75,94.98,96.87,96.60000000000001,44.01,43.126666666666665,42.68222222222222,0.0,0.0,0.0,304.4551849745715,304.2841943285243,303.48535787219873,314.4525276047238,314.20263221833795,313.5011935976808,1.8225256503220333,1.8184697338261742,1.7823758158739436,5.49468003638308,5.536523466098447,5.489247506775185,40.56524711172427,41.56358522853587,40.75714284626443,720.6531793845539,698.1409528458247,725.6371859014473,70.31088364576087,71.80059418724728,70.69815278004502,1,0,15
M-02,CNC,2026-05-15,Night,42.07,337,98.19,0,RUNNING,303.95197856235535,0.11170879548200602,304.1387784367625,313.9829226525582,0.8205697189416049,315.7481507416028,1.8242206204499658,0.39602445942146736,2.7617332015904426,5.46295037228217,0.5019778060862686,6.678579211811982,40.94196235366182,9.685298182755854,58.828620236137965,710.923716831523,205.81607717797272,1314.284089328963,72.27552184146265,18.431431366387063,100.0,0,5.29,1.0,0.0,42.125,95.75,96.47333333333334,96.24000000000001,40.75,43.04333333333333,42.79222222222222,0.0,0.0,0.0,304.1706373772673,304.3112502930701,303.66994893355246,314.3669825282333,314.3844040494134,313.71391913709954,1.7571394073426487,1.8044874900224384,1.7875730282483049,5.574510991454239,5.551882186859516,5.4973742804502725,41.427928612242766,40.490520154272055,40.64801161978127,756.4279443710666,735.7257231727705,732.2081530758909,73.03103475803962,70.31449827578987,70.65222793717004,1,0,15
M-02,CNC,2026-05-16,Morning,39.87,319,99.06,0,RUNNING,303.8215769957423,0.08431430313994871,303.97718956033924,313.56048163291086,0.9131118524581242,315.45575402932906,1.7807691785905087,0.4274643292503786,2.5520008533001315,5.43988605101155,0.5032837310939315,6.357147338752392,39.71654024669094,11.83357508877351,60.0007163977448,767.608160787909,298.145964504585,1719.408599371058,68.58788493502453,20.505563112051203,100.0,0,5.62,1.0,0.0,39.875,98.19,96.30666666666667,96.49555555555554,42.07,42.276666666666664,42.708888888888886,0.0,0.0,0.0,303.95197856235535,304.1926003047314,303.7827826957508,313.9829226525582,314.2674775951718,313.79850761673384,1.8242206204499658,1.801295226038216,1.7899690789511407,5.46295037228217,5.51071380003983,5.495956557624598,40.94196235366182,40.97837935920962,40.44728423789393,710.923716831523,729.3349468623813,737.4169343898006,72.27552184146265,71.87248008175438,70.3607034793017,1,0,16
M-02,CNC,2026-05-16,Afternoon,41.8,334,95.15,0,RUNNING,303.5090742121929,0.2121034427245903,303.77679825609187,313.5445926108607,0.8834920363189623,315.02456566157736,1.661734835149804,0.41121166912986606,2.4375377760144645,5.622507868777918,0.5050105063247359,6.655275657983375,41.076231857722604,10.020967172846689,58.94098763045271,718.222953160681,221.58263424076316,1400.9495079910284,71.95432754758528,17.018122013782904,100.0,0,5.96,1.0,0.0,41.75,99.06,97.66666666666667,97.08555555555557,39.87,40.89666666666667,42.43333333333333,0.0,0.0,0.0,303.8215769957423,303.98139764512166,303.877030020558,313.56048163291086,313.9701289379008,313.8945463123107,1.7807691785905087,1.7873764021277079,1.7858922723560124,5.43988605101155,5.49244913824932,5.50747762914722,39.71654024669094,40.695477070865174,40.43230036236787,767.608160787909,744.9866073301663,740.1224196989019,68.58788493502453,71.2981471781756,70.4072419304212,1,0,16
M-02,CNC,2026-05-16,Night,40.72,326,92.69,0,RUNNING,302.91964787443703,0.08921194388160855,303.13531029196406,313.2009353062938,0.8962136674146374,315.3874597824961,1.7520534254437752,0.4974090286023259,2.6134945316187475,5.571996114209568,0.5574666822927005,6.5136536415852015,35.52045039230649,9.282668150082694,52.6169438958481,839.02349995902,308.9506707777998,1959.698238444028,62.73134890195588,15.33612640665089,89.39072305905258,0,6.29,1.0,0.0,40.75,95.15,97.46666666666665,96.96222222222222,41.8,41.24666666666666,42.06888888888889,0.0,0.0,0.0,303.5090742121929,303.76087659009687,303.93058684291816,313.5445926108607,313.69599896544327,313.9339935928497,1.661734835149804,1.7555748780634264,1.780481571850591,5.622507868777918,5.5084480973572125,5.511657038617391,41.076231857722604,40.57824481935845,40.5517216838176,718.222953160681,732.2516102600376,738.108632564416,71.95432754758528,70.93924477469082,70.53807746691324,1,0,16
M-02,CNC,2026-05-17,Morning,43.04,344,96.15,0,RUNNING,302.9206454503791,0.09563346509193875,303.10860197601284,313.05436353469753,0.9065190857161506,315.2349336519442,1.8021375134044881,0.3740058928404067,2.602376798844573,5.428827128261393,0.528887190359899,6.224393437150626,40.12317358991311,9.374764654351704,59.2666980196484,722.1285870846499,211.138525849532,1452.4834309821654,70.92391351033109,16.946738544200105,100.0,0,6.62,1.0,0.0,43.0,92.69,95.63333333333333,96.43333333333334,40.72,40.79666666666666,41.91111111111111,0.0,0.0,0.0,302.91964787443703,303.41676636079075,303.8880322980792,313.2009353062938,313.43533651668844,313.9036595704479,1.7520534254437752,1.731519146394696,1.7815558820946908,5.571996114209568,5.5447966779996785,5.515945766993786,35.52045039230649,38.771074165573346,40.322776534593025,839.02349995902,774.9515379692033,738.6472110118352,62.73134890195588,67.75785379485524,70.22286388342657,1,0,17
M-02,CNC,2026-05-17,Afternoon,40.37,323,93.41,0,RUNNING,302.630668876572,0.16094001227299193,302.9606686883867,312.68916857964433,0.9554658774737332,314.1010581824418,1.8171780073122017,0.49388060229581393,2.9588541933283232,5.330635595169196,0.39755186575351814,6.034307821673114,41.32693989900891,10.657546647777812,64.07661443025697,705.9891825844711,198.5253024402687,1245.7796774837384,72.41228504593681,16.372477136095064,100.0,0,6.96,1.0,0.0,40.375,96.15,94.66333333333334,96.4,43.04,41.85333333333333,41.958888888888886,0.0,0.0,0.0,302.9206454503791,303.11645584566963,303.7940159397719,313.05436353469753,313.2666304839507,313.8131305467298,1.8021375134044881,1.7386419246660225,1.7814960202066348,5.428827128261393,5.541110370416294,5.52336099158802,40.12317358991311,38.906618613314066,40.388560304238375,722.1285870846499,759.7916800681169,734.3064134147025,70.92391351033109,68.53652998662409,70.54509045068232,1,0,17
M-02,CNC,2026-05-17,Night,41.58,333,99.34,0,RUNNING,302.46304858849385,0.0718011932799826,302.5613388575424,312.236048591099,1.094244386562405,314.56151119503033,1.7531753933853627,0.38244101706068134,2.5473643229783187,5.622988009011163,0.4951643606511823,6.446703885507865,39.910516132986636,11.896266444160279,63.7441158500312,762.01552046601,323.7594457941917,1913.8785838923327,68.96379409005773,21.839619271813696,100.0,0,7.29,0.0,0.0,41.625,93.41,94.08333333333333,96.00777777777779,40.37,41.376666666666665,41.888888888888886,0.0,0.0,0.0,302.630668876572,302.8236540671293,303.6319269834321,312.68916857964433,312.98148914021186,313.6872973850229,1.8171780073122017,1.7904563153868216,1.7835062278242286,5.330635595169196,5.443819612546719,5.50138329892115,41.32693989900891,38.99018796040951,40.01965097801334,705.9891825844711,755.7137565427137,741.2303633251739,72.41228504593681,68.68918248607459,69.98097517885178,0,0,17
M-02,CNC,2026-05-18,Morning,41.67,333,92.99,0,RUNNING,302.5086816472073,0.06351291548891913,302.6373604299967,312.7590793844153,0.7144149955538384,314.6135899136642,1.74178166867433,0.40959335209058767,2.499137859820832,5.47880671103453,0.5586380205106167,6.561274722576505,39.647593087268326,11.35390239996219,59.3686033495952,755.8893240907516,257.75485084065156,1590.4942350425158,69.20331388124036,19.92629635563618,100.0,0,7.62,0.0,0.0,41.625,99.34,96.3,96.08,41.58,41.66333333333333,41.57888888888888,0.0,0.0,0.0,302.46304858849385,302.6714543051483,303.42694032355683,312.236048591099,312.65986023514694,313.45422478233576,1.7531753933853627,1.790830304700684,1.7745482257111986,5.622988009011163,5.460816910813917,5.505442462951142,39.910516132986636,40.453543207302886,40.06766557736196,762.01552046601,730.0444300450437,744.7769716255427,68.96379409005773,70.76666421544188,70.13233269735049,0,0,18
M-02,CNC,2026-05-18,Afternoon,41.69,334,95.45,0,RUNNING,302.33872396880554,0.06148126400841336,302.447548651458,312.59974877363163,1.251988586566858,315.24136022669927,1.7439203356643813,0.3889177328154517,2.658711747595156,5.542155421189782,0.5234293442239626,7.05522543172067,41.35153080104408,11.717843585340765,68.85648165820277,726.0915436914688,288.9441949379137,1890.446855770039,70.44824444173892,19.06100766627562,100.0,0,7.96,0.0,0.0,41.75,92.99,95.24666666666667,95.85888888888888,41.67,41.20666666666667,41.31888888888889,0.0,0.0,0.0,302.5086816472073,302.5341330374244,303.2106621760719,312.7590793844153,312.56143218505287,313.2660638689681,1.74178166867433,1.7707116897906314,1.7655766721947872,5.47880671103453,5.477476771738296,5.503678760134637,39.647593087268326,40.29501637308796,39.96570401908907,755.8893240907516,741.2980090470775,748.6920988151202,69.20331388124036,70.19313100574497,70.00926939018154,0,0,18
M-02,CNC,2026-05-18,Night,38.6,309,95.89,0,RUNNING,302.58964986724106,0.20871831900751872,302.97504830451754,312.86914673490656,1.010079942007849,314.8935191117821,1.799710815117165,0.4521841050412799,2.548797544014267,5.4814694527081205,0.4872464726948352,6.5944264309310565,40.47734066356497,9.920270953897424,63.10402292745279,734.6486144351827,285.2712540508944,2029.112824542212,71.09730129392425,16.5983043049144,100.0,0,8.29,0.0,0.0,38.625,95.45,95.92666666666666,95.82555555555555,41.69,41.64666666666667,41.42333333333333,0.0,0.0,0.0,302.33872396880554,302.43681806816886,303.00711624179837,312.59974877363163,312.53162558304865,313.0697045629013,1.7439203356643813,1.7462924659080246,1.7641078864527575,5.542155421189782,5.547983380411825,5.500083696771919,41.35153080104408,40.30321334043301,39.957215373400324,726.0915436914688,747.9987960827434,745.3213876284983,70.44824444173892,69.53845080434566,69.72229268837036,0,0,18
M-02,CNC,2026-05-19,Morning,41.71,334,97.39,0,RUNNING,302.65325607286377,0.16279744080447323,302.9174523799024,312.88604126951816,1.120555995148636,315.2695271358209,1.8012136104587095,0.3774132258553076,2.3693869812746664,5.506392177507684,0.4746844413212449,6.457737320334098,39.70170639362987,8.847056180996386,58.09563697192023,733.9306603221031,194.6122120635798,1475.3128092435345,68.8378868482053,16.035737065347796,100.0,0,8.62,0.0,0.0,41.75,95.89,94.77666666666666,95.57,38.6,40.653333333333336,41.037777777777784,0.0,0.0,0.0,302.58964986724106,302.47901849441797,302.8557463867857,312.86914673490656,312.74265829765113,312.9459516831622,1.799710815117165,1.7618042731519588,1.7613845747491128,5.4814694527081205,5.5008105283108115,5.502141372374802,40.47734066356497,40.49215485062579,39.905590741167345,734.6486144351827,738.8764940724677,747.9574873622382,71.09730129392425,70.24961987230118,69.59137929419943,0,0,19
M-02,CNC,2026-05-19,Afternoon,44.33,355,98.25,0,RUNNING,302.033894849268,0.18199912767342774,302.41604799126924,311.84739913089766,1.116090531111037,314.4836258522004,1.8139965772864999,0.32864127815252064,2.3955059679524666,5.422531144164181,0.46276350717231923,6.408800362913868,39.1420801525657,7.649937310017325,56.94985124690282,730.0847019049061,153.3947367651714,1080.3152306560091,70.18103158992776,14.031932668340891,100.0,0,8.96,0.0,0.0,44.375,97.39,96.24333333333334,95.38444444444445,41.71,40.666666666666664,41.242222222222225,0.0,0.0,0.0,302.65325607286377,302.5272099696368,302.7259329509103,312.88604126951816,312.78497892601877,312.87101386500746,1.8012136104587095,1.7816149204134186,1.7636561782900242,5.506392177507684,5.510005683801862,5.509530941985484,39.70170639362987,40.510192619412976,39.903942535271675,733.9306603221031,731.5569394829182,744.2155428660376,68.8378868482053,70.12781086128949,69.61915728455284,0,0,19
M-02,CNC,2026-05-19,Night,41.66,333,93.79,0,RUNNING,301.70084840552937,0.11787908183070687,301.8825258000168,311.7871797784904,0.8194864157079131,313.2330243721905,1.6865726682967448,0.30824928123269735,2.2551945238320785,5.588707040841398,0.4356453392628944,6.277579400988753,39.07460106931213,11.067118932544615,66.77528826469101,769.671420004331,267.54875776685327,1544.2759705922767,67.01623694241002,19.54844235349989,100.0,0,9.29,0.0,0.0,41.625,98.25,97.17666666666666,95.72888888888889,44.33,41.54666666666666,41.52333333333333,0.0,0.0,0.0,302.033894849268,302.4256002631243,302.56202413280755,311.84739913089766,312.53419571177415,312.6824368116782,1.8139965772864999,1.8049736676207913,1.7805741496385457,5.422531144164181,5.470130924793328,5.4873113059172915,39.1420801525657,39.77370906992018,39.68903679025423,730.0847019049061,732.8879922207307,745.5335149487294,70.18103158992776,70.03873991068578,69.42212440036867,0,0,19
M-02,CNC,2026-05-20,Morning,45.24,362,96.12,0,RUNNING,301.9970932186324,0.0866675720042613,302.1196188962929,312.43234199617797,0.9374206480161495,314.82410804056593,1.786384265188,0.4387475313142652,2.6140589042722744,5.5464837654293895,0.5109504078072801,6.756411473321903,38.84916959808517,10.327371167833247,58.59773109677046,756.9380876302648,234.6901127790825,1590.988404332916,67.99415864185288,19.51798015283908,100.0,0,9.62,0.0,0.0,45.25,93.79,96.47666666666667,95.85111111111111,41.66,42.56666666666666,41.62777777777778,0.0,0.0,0.0,301.70084840552937,302.12933310922034,302.42660196959554,311.7871797784904,312.1735400596354,312.5253528641445,1.6865726682967448,1.7672609520139846,1.7732985099555425,5.588707040841398,5.505876787504422,5.48916807554305,39.07460106931213,39.306129205169235,40.08394242103264,769.671420004331,744.56226074378,737.8277282870972,67.01623694241002,68.67838512684769,69.89822307153025,0,0,20
M-02,CNC,2026-05-20,Afternoon,42.02,336,95.95,0,RUNNING,302.10440213166254,0.06930009910152282,302.308552982286,312.27087014695815,0.9297044207831079,314.5452654413565,1.815037741555257,0.3755143928067343,2.711992027482858,5.601245928067426,0.45719956149007546,6.6105984166338025,42.06990651494673,10.846360608106888,65.35319688234759,730.7689211271486,337.25669333164126,2332.4738306325794,71.37329841608621,17.277009553035512,100.0,0,9.96,0.0,0.0,42.0,96.12,96.05333333333334,95.84777777777778,45.24,43.74333333333333,41.87222222222223,0.0,0.0,0.0,301.9970932186324,301.91061215780996,302.323985054957,312.43234199617797,312.02230696852195,312.4562393598646,1.786384265188,1.7623178369237482,1.7715481490425993,5.5464837654293895,5.519240650144989,5.502241035228383,38.84916959808517,39.021950273320996,39.94238642194065,756.9380876302648,752.231403179834,741.6954505699433,67.99415864185288,68.39714239139688,69.57269475281045,0,0,20
M-02,CNC,2026-05-20,Night,42.25,338,95.71,0,RUNNING,302.2061046705632,0.12210837329734908,302.384118982855,312.12715771344557,1.2031931281758899,314.7154239948961,1.7800128752549509,0.41694449341371265,2.5310249116768078,5.478894649357558,0.5071048227604398,6.415722519096684,38.48367958120055,10.843907053514998,61.187381554713504,750.1022203365646,235.834555065146,1467.2579488121587,66.2413629183335,18.882177243504643,100.0,0,10.29,0.0,0.0,42.25,95.95,95.28666666666668,96.13000000000001,42.02,42.973333333333336,42.05555555555556,0.0,0.0,0.0,302.10440213166254,301.93411458527476,302.2655109721893,312.27087014695815,312.1634639738755,312.40976175623274,1.815037741555257,1.7626648916800007,1.771310341736272,5.601245928067426,5.578812244779404,5.532308849994853,42.06990651494673,39.99789239411467,40.02493826815596,730.7689211271486,752.4594762539149,744.4487548524629,71.37329841608621,68.79456466678305,69.45725179393816,0,0,20
M-02,CNC,2026-05-21,Morning,41.28,330,94.91,0,RUNNING,302.36191675115725,0.13097010629826786,302.6272630633161,312.5576399532716,1.1826302156944,314.9060961655712,1.7853945750650055,0.4564897130854422,2.675253565705537,5.585166910455626,0.5292971983572264,6.773962846330147,38.500289968021534,7.890865986038651,53.90723868157583,742.8632243896021,166.07433825567335,1094.9280952749336,65.67407618483965,15.395466036870705,93.53483251415986,0,10.62,0.0,0.0,41.25,95.71,95.92666666666666,95.72666666666666,42.25,43.17000000000001,42.13,0.0,0.0,0.0,302.2061046705632,302.1025333402861,302.2369616479748,312.12715771344557,312.2767899521939,312.3976627698268,1.7800128752549509,1.793811627332736,1.7742922841662265,5.478894649357558,5.542208114284791,5.516298476700007,38.48367958120055,39.800918564744144,39.86640087351306,750.1022203365646,745.9364096979926,743.1250548380801,66.2413629183335,68.53627332542419,69.15475944152435,0,0,21
M-02,CNC,2026-05-21,Afternoon,41.96,336,94.91,0,RUNNING,302.48516753788965,0.10528637567197989,302.7216584182568,312.54933484402363,1.1110731827236235,314.8044235768314,1.7689645093095974,0.3181993795352826,2.3656049564349697,5.420875042414464,0.5803961797711223,6.7730940840213485,40.767722415672445,7.714990189218215,57.10904883213525,695.2751935717686,138.43795352296124,1073.2320936991832,70.71758311112498,13.234072432506178,99.26582019370088,0,10.96,0.0,0.0,42.0,94.91,95.52333333333333,95.94,41.28,41.85,42.086666666666666,0.0,0.0,0.0,302.36191675115725,302.22414118446096,302.2206544373026,312.5576399532716,312.31855593789174,312.3752806108108,1.7853945750650055,1.7934817306250712,1.7791381626540794,5.585166910455626,5.555102495960203,5.528116276635685,38.500289968021534,39.68462535472293,39.7389227491523,742.8632243896021,741.2447886177719,741.6777104268414,65.67407618483965,67.76291250641978,68.76262191970206,0,0,21
M-02,CNC,2026-05-21,Night,41.1,329,96.21,0,RUNNING,302.59248143613894,0.07465226544509918,302.69486978595484,312.9752978601009,0.9833193792232529,314.84017379772195,1.7575335069863107,0.3117547091605231,2.3476552325873303,5.545478802525598,0.5590097391388725,6.406351318751523,38.57414958837156,11.328892561513866,66.34879101060666,767.4898242771723,240.6775325019883,1447.990553445869,66.98928779644355,18.946453161915745,100.0,0,11.29,0.0,0.0,41.125,94.91,95.17666666666666,95.88000000000001,41.96,41.83,42.11666666666667,0.0,0.0,0.0,302.48516753788965,302.3510629865367,302.23692594497857,312.54933484402363,312.41137750358024,312.3696790630766,1.7689645093095974,1.7781239865431846,1.7819208486146587,5.420875042414464,5.494978867409216,5.514640678993983,40.767722415672445,39.250563988298175,39.674055150777676,695.2751935717686,729.4135460993117,738.2536715246523,70.71758311112498,67.54434073809936,68.79254843852273,0,0,21
M-02,CNC,2026-05-22,Morning,41.68,333,99.01,0,RUNNING,302.58325511829884,0.17695352057184435,302.9266359265827,312.5202592076896,1.0863910071661818,314.4470951308073,1.79949072025182,0.40694431438904005,2.7749394574366937,5.535840492836008,0.5269167757958657,6.5502665556313895,38.60063343789023,11.646104277835343,59.36352880483335,785.2966655268547,293.48744446767824,1645.8938156600047,68.38961210947227,20.4862233809925,100.0,0,11.62,0.0,0.0,41.625,96.21,95.34333333333332,95.91555555555556,41.1,41.446666666666665,42.394444444444446,0.0,0.0,0.0,302.59248143613894,302.47985524172867,302.237240563745,312.9752978601009,312.6940908857987,312.3814736325427,1.7575335069863107,1.7706308637869712,1.777234481044564,5.545478802525598,5.5171735851318955,5.521752828973703,38.57414958837156,39.28072065735518,39.46258947575618,767.4898242771723,735.2094140795143,741.902694840429,66.98928779644355,67.79364903080273,68.3361024943582,0,0,22
M-02,CNC,2026-05-22,Afternoon,38.66,309,98.18,0,RUNNING,302.69415359435567,0.05819953924560206,302.7946723738219,312.66285634797947,1.234201110713363,315.0940888278814,1.7189725423019102,0.37220538249621365,2.375822734585293,5.421614600403642,0.42357637835958384,6.163270033510362,40.65443440598206,9.547019125815433,61.77170074220544,715.036746305107,177.47338073554715,1056.0103406313033,70.96440470761125,16.317228449951752,100.0,0,11.96,0.0,0.0,38.625,99.01,96.71,96.09555555555555,41.68,41.580000000000005,42.39111111111111,0.0,0.0,0.0,302.58325511829884,302.5536346974425,302.2294626799045,312.5202592076896,312.6816306372714,312.3408311812284,1.79949072025182,1.7753295788492427,1.7770430487993538,5.535840492836008,5.500731445925356,5.525024864010183,38.60063343789023,39.314168480644746,39.34024803622955,785.2966655268547,749.3538944585985,747.610028752068,68.38961210947227,68.69882767234692,68.28629419005453,0,0,22
M-02,CNC,2026-05-22,Night,43.57,349,91.85,0,RUNNING,302.5176528682448,0.23013446909110133,302.9196104231615,313.12523382952173,0.9164742933928081,315.077456256113,1.7084009819862074,0.3457079809895767,2.304407390107309,5.5483207258497025,0.5474291661671853,7.055150857609002,41.55243416753727,10.973447518041796,68.06551876080906,707.2362177554253,212.24601011699025,1289.345203562716,71.41676547442741,18.293045934580544,100.0,0,12.29,0.0,0.0,43.625,98.18,97.80000000000001,96.08777777777777,38.66,40.48,41.76111111111111,0.0,0.0,0.0,302.69415359435567,302.6232967162645,302.30282476269196,312.66285634797947,312.71947113859,312.4314375386819,1.7189725423019102,1.7586655898466803,1.7664848226899552,5.421614600403642,5.500977965255083,5.524923025814568,40.65443440598206,39.27640581074795,39.508287397720274,715.036746305107,755.9410787030447,745.9380336854238,70.96440470761125,68.78110153784236,68.37333564757493,0,0,22
M-02,CNC,2026-05-23,Morning,41.57,333,95.26,0,RUNNING,302.14185619235207,0.15754420781114958,302.3753849011347,311.93418283634395,0.9494192319972844,313.44484312297755,1.6954742127640083,0.35691886761858704,2.5865361681198493,5.700971627027419,0.4504613780058804,6.4439950326282025,42.78833195262321,9.082780596920953,67.63473336885575,669.2369090726613,146.94164331767115,1025.1755933480974,75.54952865851342,14.415985703854373,100.0,0,12.62,0.0,0.0,41.625,91.85,96.34666666666668,95.87222222222222,43.57,41.303333333333335,41.97333333333333,0.0,0.0,0.0,302.5176528682448,302.59835386029977,302.3935808141048,313.12523382952173,312.76944979506357,312.58011021101873,1.7084009819862074,1.7422880815133126,1.7689101908776732,5.5483207258497025,5.501925273029784,5.520435657482157,41.55243416753727,40.26916733713652,39.78360218641195,707.2362177554253,735.8565431957956,739.0007889911009,71.41676547442741,70.25692743050364,68.86228326224352,0,0,23
M-02,CNC,2026-05-23,Afternoon,40.23,322,94.44,0,RUNNING,301.9747209369381,0.1136889189900437,302.17036819016994,311.95279006517364,1.0010380967767905,314.0823112932732,1.8255252804286157,0.5176111133798824,3.199313439351527,5.378658895010666,0.4661249068910785,6.40270307027226,41.68534952301389,11.01678770903588,63.87475805038285,713.5116002522808,243.4155466956965,1612.3902970037325,73.11165739054945,17.445656106182362,100.0,0,12.96,0.0,0.0,40.25,95.26,95.09666666666668,95.77666666666667,41.57,41.266666666666666,41.565555555555555,0.0,0.0,0.0,302.14185619235207,302.4512208849842,302.4096655889626,311.93418283634395,312.574091004615,312.5247591932594,1.6954742127640083,1.7076159123507086,1.7588090739416742,5.700971627027419,5.556968984426921,5.537600975437495,42.78833195262321,41.665066842047516,40.22128689247173,669.2369090726613,697.1699577110645,729.2562135958116,75.54952865851342,72.64356628018403,69.70176881965024,0,0,23
M-02,CNC,2026-05-23,Night,40.6,325,99.5,0,RUNNING,301.6864011197919,0.15651026340015975,302.07242374916154,311.49551913804106,1.1747453902118221,314.38866433082336,1.8350023781299472,0.4745654515378097,2.5395167801601946,5.564453532353585,0.48755649290550573,6.435452217974126,37.474465381219396,9.213149723774881,62.42224497900697,774.5629566033807,186.53232748981813,1199.8453178918,65.52355275528947,15.61245606023224,100.0,0,13.29,0.0,0.0,40.625,94.44,93.85000000000001,95.60888888888888,40.23,41.79,41.36666666666667,0.0,0.0,0.0,301.9747209369381,302.21140999917833,302.3952565673265,311.95279006517364,312.3374022436798,312.48941696195,1.8255252804286157,1.743133491726277,1.759974356038714,5.378658895010666,5.542650415962595,5.512869082875631,41.68534952301389,42.008705214391455,40.178558337812525,713.5116002522808,696.6615756934558,727.3387334986041,73.11165739054945,73.35931717449677,69.89491981681283,0,0,23
M-02,CNC,2026-05-24,Morning,43.18,345,98.54,0,RUNNING,301.77166935828325,0.0679905201837712,301.8929433112909,312.0632740592027,1.245458093962826,314.6825699475904,1.8051854924564668,0.38399366880929264,2.523176860124562,5.4366586266233705,0.5031534600684194,6.191648697290478,39.70689629506036,8.833751493737768,60.033265900493646,720.9054222152935,160.1496727040274,1075.1374011181913,69.77953746200372,16.56917079365347,100.0,0,13.62,0.0,0.0,43.125,99.5,96.39999999999999,96.03,40.6,40.800000000000004,41.18333333333333,0.0,0.0,0.0,301.6864011197919,301.9343260830274,302.3375117283519,311.49551913804106,311.7941640131862,312.41923489801616,1.8350023781299472,1.7853339571075237,1.7660843008026024,5.564453532353585,5.548028018130556,5.522375625430746,37.474465381219396,40.649382285618834,40.06642342670351,774.5629566033807,719.1038219761076,730.056593083806,65.52355275528947,71.39491293478413,69.81516313203016,0,0,24
M-02,CNC,2026-05-24,Afternoon,42.91,343,93.74,0,RUNNING,301.85217905783395,0.08732439317646488,302.0557657148861,311.6100594264827,0.9317031653741811,314.0585383434656,1.8107235393392227,0.39950930345013047,2.438784107071149,5.572684782093439,0.39456617219197315,6.427787785111995,41.03210861568053,9.159881870420378,59.90944474775836,707.6020117717179,209.24920145787016,1422.1022465826964,72.08220496596104,17.124098690813646,100.0,0,13.96,0.0,0.0,42.875,98.54,97.49333333333334,96.43333333333334,43.18,41.336666666666666,41.394444444444446,0.0,0.0,0.0,301.77166935828325,301.8109304716711,302.2719286846993,312.0632740592027,311.8371944208058,312.36430535423074,1.8051854924564668,1.8219043836716766,1.768283291623876,5.4366586266233705,5.459923684662541,5.505874705004939,39.70689629506036,39.62223706643122,40.20049079637449,720.9054222152935,736.3266596903183,727.6168372866604,69.77953746200372,69.47158253594755,70.2713254961595,0,0,24
M-02,CNC,2026-05-24,Night,41.34,331,96.98,0,RUNNING,301.92767035433985,0.03922814458318448,301.99788024759664,311.94372533251476,1.091701877768641,313.69552885558085,1.799985174769005,0.4494774164475195,2.7365904411342674,5.459587566885204,0.49068959187292494,6.236818974347526,37.86025634363767,10.571911943886601,66.65168225396403,777.9568554026049,216.64276562212126,1257.550366041504,65.34354998122177,18.2855606620682,100.0,0,14.29,0.0,0.0,41.375,93.74,97.25999999999999,96.30333333333334,42.91,42.23,41.5,0.0,0.0,0.0,301.85217905783395,301.7700831786364,302.20159663135973,311.6100594264827,311.7229508745755,312.2599414189484,1.8107235393392227,1.816970469975212,1.77292318384939,5.572684782093439,5.5245989803567985,5.522742453858159,41.03210861568053,39.40449009732009,40.22986704081983,707.6020117717179,734.356796863464,728.9864837533215,72.08220496596104,69.1284317277514,70.42295014669683,0,0,24
M-02,CNC,2026-05-25,Morning,40.46,324,97.43,0,RUNNING,302.09942763844026,0.07562596909445993,302.22637151560576,311.97895731066984,1.1024846589361896,315.1413904724866,1.748144195797286,0.41021115427515265,2.712448085706701,5.27387838831206,0.4580844040875264,6.028457506285658,39.827679700749506,11.134449744329826,64.015143540498,738.4827144492725,201.0136165456789,1187.0187683496931,69.59994700441608,20.4743142078419,100.0,0,14.62,0.0,0.0,40.5,96.98,96.42,96.38888888888889,41.34,42.47666666666667,41.52666666666667,0.0,0.0,0.0,301.92767035433985,301.850506256819,302.12772873338207,311.94372533251476,311.87235293940006,312.14532224921663,1.799985174769005,1.805298068854898,1.7776400358252449,5.459587566885204,5.489643658534004,5.513198983231449,37.86025634363767,39.533087084792854,40.15054556918274,777.9568554026049,735.4880964632054,730.149487211703,65.34354998122177,69.06843080306218,70.24009038944999,0,0,25
M-02,CNC,2026-05-25,Afternoon,41.7,334,95.25,0,RUNNING,302.0336688868953,0.053125241489816136,302.168845691312,311.9997499218433,0.9988459670711025,313.8324246033404,1.803764696262001,0.41337870188491566,2.603331374608225,5.541826491346081,0.572997895414016,6.974787920546089,41.1500832045071,11.072097030058199,64.65118282939233,734.008944843445,326.06166243103496,2117.309481564286,70.61928341397453,19.202457578989897,100.0,0,14.96,0.0,0.0,41.75,97.43,96.05,96.21333333333334,40.46,41.57,41.39111111111111,0.0,0.0,0.0,302.09942763844026,301.9597590168714,302.0739701245089,311.97895731066984,311.84424735655574,312.08517759399217,1.748144195797286,1.786284303301838,1.7719348664414079,5.27387838831206,5.4353835790969,5.484092082728788,39.827679700749506,39.573348220022574,40.28688404283377,738.4827144492725,741.3471938745319,724.9479370919715,69.59994700441608,69.00856731719962,70.37457204444374,0,0,25
M-02,CNC,2026-05-25,Night,42.9,343,96.89,0,RUNNING,301.99304610636955,0.10244600721126901,302.1854500811878,311.95842114860994,1.0391195949151741,314.22590109234807,1.713892845803393,0.4327732621807107,2.686900718174281,5.562773854003535,0.6524386408891071,6.977526231846928,40.443856704172745,11.703621984037186,61.59688751578943,740.5640690736345,242.44493989751822,1357.292085038449,70.25262291483334,20.107282844560288,100.0,0,15.29,0.0,0.0,42.875,95.25,96.55333333333334,95.88777777777779,41.7,41.16666666666667,41.72888888888889,0.0,0.0,0.0,302.0336688868953,302.0202556265585,302.00058293479105,311.9997499218433,311.9741441883426,312.0114991021993,1.803764696262001,1.783964688942764,1.7813562168814177,5.541826491346081,5.425097482181115,5.497448959500169,41.1500832045071,39.61267308296476,40.341956131558774,734.008944843445,750.1495048984407,727.055959151787,70.61928341397453,68.5209267998708,70.33622523403966,0,0,25
M-02,CNC,2026-05-26,Morning,39.81,319,95.82,0,RUNNING,302.35741099930357,0.1620629241953013,302.5840826280568,312.3671189865897,1.2857598727219688,315.61716495335656,1.943210234335835,0.3405448521729734,2.98210955518146,5.6819158693691065,0.4213071872142077,6.663855379873986,40.624737979041306,9.835014990004371,57.644171973709625,717.8709176364109,215.83238805911648,1351.6499651357312,70.66359840225839,17.922893262792325,97.32068276529382,0,15.62,0.0,0.0,39.875,96.89,96.52333333333333,96.44777777777777,42.9,41.68666666666667,41.654444444444444,0.0,0.0,0.0,301.99304610636955,302.0420475439017,301.9422932945827,311.95842114860994,311.9790427937077,311.8818532487646,1.713892845803393,1.7552672459542267,1.7819664239722164,5.562773854003535,5.459492911220559,5.499054862628373,40.443856704172745,40.473873203143114,40.218780857851606,740.5640690736345,737.685242788784,730.759053742699,70.25262291483334,70.15728444440798,70.20687606075143,0,0,26
M-02,CNC,2026-05-26,Afternoon,38.94,312,94.73,0,RUNNING,302.6404625198795,0.09068133549843523,302.8664479819338,312.61785129186006,0.9014246388876153,314.4880920195772,2.2548982803732582,0.369197685855252,2.9780182091662173,5.770549915700434,0.44305679302695555,6.591679216576409,40.424974671798644,9.605461225856065,56.63668062545917,718.5706790337621,196.39954578511646,1292.6049382998724,70.1882633486187,17.765620814959522,100.0,0,15.96,0.0,0.0,39.0,95.82,95.98666666666666,96.50999999999999,39.81,41.47,41.458888888888886,0.0,0.0,0.0,302.35741099930357,302.1280419975228,301.96624382868845,312.3671189865897,312.1084300190143,311.92995726545865,1.943210234335835,1.82028925880041,1.809492648591308,5.6819158693691065,5.595505404906241,5.496937556221894,40.624737979041306,40.73955929590705,39.978381527453614,717.8709176364109,730.8146438511635,736.1628324720045,70.66359840225839,70.51183491035543,69.66399492116754,0,0,26
M-02,CNC,2026-05-26,Night,40.97,328,92.88,0,RUNNING,303.00275501202736,0.13774224185046977,303.21524266694973,312.9597701229959,0.9090927930193358,314.5417927817349,2.5108409005817443,0.3747774109739432,3.3409925642641216,5.795090520261834,0.557237139150972,6.945538376186507,38.997762511604726,8.119769476239467,53.80502695638038,730.2840897204636,187.552464354974,1350.9358643619064,68.19453299847224,15.340195021083506,94.53479509108364,0,16.29,0.0,0.0,41.0,94.73,95.81333333333333,96.54222222222222,38.94,40.550000000000004,41.315555555555555,0.0,0.0,0.0,302.6404625198795,302.33030654185086,302.0402151156819,312.61785129186006,312.31446380901986,312.0038529573127,2.2548982803732582,1.9706671201708288,1.8572007596962683,5.770549915700434,5.671746546357692,5.540481002965201,40.424974671798644,40.497856451670906,39.83833987731858,718.5706790337621,725.6685552479358,736.7249523366136,70.1882633486187,70.36816155523682,69.339173360953,0,0,26
M-02,CNC,2026-05-27,Morning,38.88,311,88.5,0,RUNNING,303.4349676374253,0.13821514278496172,303.6105541927056,313.4426487453839,0.9617726786985447,315.1745941497288,2.6327910456796237,0.4485172092740201,3.519171044702993,5.721386341372791,0.45444854774497767,6.826363898015008,42.83815658470406,10.680765350289947,70.5260036790812,678.0460076885806,174.9855980138812,1156.972493853831,72.5067545277722,18.04245595797407,100.0,0,16.62,0.0,0.0,38.875,92.88,94.47666666666667,95.80666666666667,40.97,39.906666666666666,41.35666666666667,0.0,0.0,0.0,303.00275501202736,302.66687617707015,302.1864766592637,312.9597701229959,312.6482468004819,312.16654751119654,2.5108409005817443,2.2363164717636126,1.9322939288575793,5.795090520261834,5.7491854351104585,5.5661073349550065,38.997762511604726,40.01582505414822,40.007595114028064,730.2840897204636,722.2418954635456,731.8050782385116,68.19453299847224,69.68213158311644,69.63594894352886,0,0,27
M-02,CNC,2026-05-27,Afternoon,39.57,317,90.63,0,RUNNING,303.54993544384064,0.1266198386768801,303.7502387716869,313.5647881634523,0.8185062894981574,315.3951813041548,2.6584791639583045,0.3364326058572058,3.298835228327992,5.957629804121386,0.43538326639223207,6.807455610086389,41.50432370889742,7.105039887754358,53.11547448254203,687.0221199792552,146.47235361794728,1100.3837412896985,72.97288419998246,13.32292679558883,96.4150542297553,0,16.96,0.0,0.0,39.625,88.5,92.03666666666668,94.6911111111111,38.88,39.596666666666664,40.878888888888895,0.0,0.0,0.0,303.4349676374253,303.0260617231108,302.37128757916827,313.4426487453839,313.00675672008,312.3198113652167,2.6327910456796237,2.466176742211542,2.02425010143793,5.721386341372791,5.762342259111686,5.597743747704943,42.83815658470406,40.75363125603581,40.35551292398848,678.0460076885806,708.9669254809354,727.0429210688768,72.5067545277722,70.29651695828773,69.93897306194759,0,0,27
M-02,CNC,2026-05-27,Night,37.9,303,93.1,0,RUNNING,303.678453550479,0.1411502015762945,303.9298831691587,313.54503626870536,0.8719301327851782,315.10733857820543,2.8736587003280265,0.3986022187798244,3.861294361128676,6.106424109811455,0.4932350758805425,6.995669938219609,38.48123020271096,9.921236582664163,57.98695345059344,782.6805451535,289.22625048659773,1733.8208636120526,68.1828706582476,17.759177421800874,98.59680535639744,0,17.29,0.0,0.0,37.875,90.63,90.67,94.34555555555556,39.57,39.806666666666665,40.507777777777775,0.0,0.0,0.0,303.54993544384064,303.32921936443114,302.5599271776135,313.5647881634523,313.322402343944,312.5370034471022,2.6584791639583045,2.6007037034065577,2.11844517084005,5.957629804121386,5.82470222191867,5.640515416819159,41.50432370889742,41.11341426840207,40.40798126767924,687.0221199792552,698.4507391294331,724.7562664252699,72.97288419998246,71.2247239087423,70.0379374212833,0,0,27
M-02,CNC,2026-05-28,Morning,35.97,288,85.68,0,RUNNING,303.8838886617061,0.10790549719841643,304.0762285371882,313.83866517812714,1.0221226629728004,316.15818737281563,3.204584979177638,0.3813822744572007,3.8075590272531294,6.163158301221006,0.4872095784180047,7.679711824231817,40.187949320957394,9.555590940316392,57.1519102492334,734.9525939674278,233.69602283547894,1652.5845356466418,71.03300564633238,15.266964241742047,100.0,0,17.62,0.0,0.0,36.0,93.1,90.74333333333333,93.91444444444444,37.9,38.78333333333333,40.12555555555556,0.0,0.0,0.0,303.678453550479,303.5544522105816,302.75445864385114,313.54503626870536,313.5174910591805,312.71492688445664,2.8736587003280265,2.7216429699886517,2.2377422292354967,6.106424109811455,5.928480085101877,5.712386143810964,38.48123020271096,40.941236832104146,40.47697836313183,782.6805451535,715.9162242737785,725.281120842036,68.1828706582476,71.22083646200075,70.35341749650838,0,0,28
M-02,CNC,2026-05-28,Afternoon,35.03,280,89.71,0,RUNNING,304.11827935764825,0.1409487693604818,304.3795844534218,314.3136591553821,0.892884161258272,316.090983954328,3.3181457366290528,0.43007922880366123,4.257252840927754,6.260584880518931,0.6171549095534056,7.4943348295285555,37.279778176119464,6.209373983218751,50.60975139509617,756.6434808714225,135.1278088717722,1046.8266057611077,65.62416816182703,13.467319013042896,92.71082349234509,0,17.96,0.0,0.0,35.0,85.68,89.80333333333333,92.60888888888888,35.97,37.81333333333333,39.626666666666665,0.0,0.0,0.0,303.8838886617061,303.7040925520086,302.9527320908807,313.83866517812714,313.6494965367616,312.92156109195196,3.204584979177638,2.912240947821323,2.399568982944425,6.163158301221006,6.0757374050512825,5.81119502302307,40.187949320957394,40.05783441085526,40.5170083209327,734.9525939674278,734.8850863667276,724.8888852329422,71.03300564633238,70.72958683485415,70.51264623449909,0,0,28
M-02,CNC,2026-05-28,Night,35.34,283,92.01,0,RUNNING,304.4075502168868,0.04866927693591459,304.5082521804471,314.4886832169249,1.1873332706113258,316.24107984755926,3.46501044339605,0.41418989891398883,4.344278635009713,6.176435889953997,0.5161127073160041,7.242425830652765,37.92884616938197,9.48637755189611,60.34277905022741,771.7681879157506,240.65591200879908,1436.3679143165602,64.47822047447872,16.085334470722664,100.0,0,18.29,0.0,0.0,35.375,89.71,89.49666666666667,91.99333333333333,35.03,36.300000000000004,38.885555555555555,0.0,0.0,0.0,304.11827935764825,303.8935405232778,303.1843554765199,314.3136591553821,313.8991202007382,313.17866211790067,3.3181457366290528,3.132129805378239,2.567833542985208,6.260584880518931,6.176722430517131,5.891057066264498,37.279778176119464,38.64965256659594,40.08697442888963,756.6434808714225,758.0922066641168,727.4038336804953,65.62416816182703,68.28001482213567,69.95763342870492,0,0,28
M-02,CNC,2026-05-29,Morning,32.81,263,89.39,0,RUNNING,304.48708758949874,0.05979310960986211,304.57198124399355,314.849467231082,0.9811406253251687,317.0875235047478,3.796945255494872,0.4395223965575229,4.675213545298401,6.412045257770272,0.5014453931466678,7.372092804635528,35.67608416669775,9.655761420722833,56.99831368668492,826.9944058262531,326.93372947097066,2333.4782920805333,62.507446310829835,17.328796542962117,99.2343162885659,0,18.62,0.0,0.0,32.875,92.01,89.13333333333334,91.4511111111111,35.34,35.446666666666665,38.04555555555556,0.0,0.0,0.0,304.4075502168868,304.13657274541373,303.4526337110218,314.4886832169249,314.21366918347803,313.4598023477135,3.46501044339605,3.3292470530675806,2.7624021649399477,6.176435889953997,6.200059690564644,5.95924173692566,37.92884616938197,38.465524555486276,39.80752881391288,771.7681879157506,754.4547542515335,730.8709579962859,64.47822047447872,67.04513142754604,69.31603315755441,0,0,29
M-02,CNC,2026-05-29,Afternoon,35.22,282,85.81,0,RUNNING,304.3482653250351,0.10146485555028759,304.5757777895973,314.42257394261276,0.995872565268298,316.64426166383834,3.9782790162821087,0.36780178964635574,4.799582437927253,6.286920444561771,0.5383626415792894,7.070428567632041,41.84874115830423,9.647228059516927,62.74471574434564,690.8045886308039,179.82117275812598,1274.3732093942724,71.2891294337194,17.769539545443383,100.0,0,18.96,0.0,0.0,35.25,89.39,90.37,90.73666666666668,32.81,34.39333333333334,37.26777777777778,0.0,0.0,0.0,304.48708758949874,304.33763905467794,303.68926444326576,314.849467231082,314.55060320112966,313.7356188193237,3.796945255494872,3.5267004785066582,2.968372722846508,6.412045257770272,6.2830220094144,6.04036722452579,35.67608416669775,36.9615695040664,39.25767839031916,826.9944058262531,785.1353582044754,742.9957900173795,62.507446310829835,64.20327831571187,68.40979403628458,0,0,29
M-02,CNC,2026-05-29,Night,34.43,275,86.8,0,RUNNING,304.20251378162044,0.12295739294645266,304.4988546730709,314.35527587979334,1.1049876997560586,316.27962795951555,4.17183903858951,0.32779763459994704,5.035091685900369,6.448136351503754,0.479059284499572,7.278572064801311,41.44563444165036,7.631398745810251,58.91126767465951,684.2369433895738,141.6404499178227,1140.5896406064403,72.40013751670412,13.269933380216441,100.0,0,19.29,0.0,0.0,34.375,85.81,89.07000000000001,89.74555555555555,35.22,34.45666666666667,36.85444444444445,0.0,0.0,0.0,304.3482653250351,304.4143010438069,303.8790203105052,314.42257394261276,314.58690813020655,313.93614355829624,3.9782790162821087,3.746744905057677,3.1598594712808246,6.286920444561771,6.291800530762013,6.097741727732605,41.84874115830423,38.484557164794644,39.41587466659755,690.8045886308039,763.1890607909359,739.9106688614952,71.2891294337194,66.09159873967599,68.53211249018466,0,0,29
M-02,CNC,2026-05-30,Morning,33.21,266,85.71,0,RUNNING,304.6029164840142,0.1445239168667332,304.92358484739617,314.4612930995112,0.9652761585550075,316.25443095364244,4.389545929873785,0.4986243607402986,5.5057639226086295,6.712455112190922,0.49894210565175123,7.584949867448778,41.0060701079463,11.289326514210527,64.139258391748,720.8391765483095,217.83132557408635,1337.9830540956216,70.14855243227497,19.56262952437914,100.0,0,19.62,0.0,0.0,33.25,86.8,87.33333333333333,89.07,34.43,34.153333333333336,36.12777777777777,0.0,0.0,0.0,304.20251378162044,304.3459555653847,304.01232684046005,314.35527587979334,314.5424390178294,314.09119975349597,4.17183903858951,3.9823544367888304,3.344414819948354,6.448136351503754,6.3823673512785986,6.170302375648374,41.44563444165036,39.656819922217444,39.68786043660262,684.2369433895738,734.0119792822103,734.7943192691741,72.40013751670412,68.73223775375112,68.9994018810993,0,0,30
M-02,CNC,2026-05-30,Afternoon,33.36,267,83.8,0,RUNNING,304.98146967197994,0.07952722746193841,305.13058691754435,314.8982163239285,1.0798230805932996,317.0460141613448,4.543694738201491,0.3497870923891646,5.235282136478383,6.810250365170694,0.6010002245436343,8.143249015989362,36.55248099040774,10.26817080272539,57.35904551279726,802.8545793829693,229.65543422225647,1274.4719189221532,63.457290082367344,18.868403739516687,100.0,0,19.96,0.0,0.0,33.375,85.71,86.10666666666667,88.76,33.21,34.28666666666667,35.49777777777778,0.0,0.0,0.0,304.6029164840142,304.3845651968899,304.14209893452545,314.4612930995112,314.4130476406391,314.2043824595101,4.389545929873785,4.179887994915134,3.5396098070810385,6.712455112190922,6.482503969418815,6.2804211279615,41.0060701079463,41.43348190263363,39.48429527251843,720.8391765483095,698.6269028562291,739.549115809144,70.14855243227497,71.27927312756616,68.73737942604404,0,0,30
M-02,CNC,2026-05-30,Night,32.89,263,83.39,0,RUNNING,305.394440694614,0.18439833645323803,305.5756624525473,315.5609407122123,0.698664553099875,316.8927940141908,4.839271904063687,0.2689287714307387,5.618053541900763,6.827327685864605,0.5122189174633663,7.58383543611762,37.498415057147035,9.741147034833787,57.799962104349646,787.5176142546144,265.7442489452933,1884.8854340526937,64.40904536216514,17.05884310828572,97.44160728275156,0,20.29,0.0,0.0,32.875,83.8,85.43666666666667,88.00111111111111,33.36,33.666666666666664,34.80777777777777,0.0,0.0,0.0,304.98146967197994,304.5956333125382,304.3011582932076,314.8982163239285,314.57159510107766,314.3525411440075,4.543694738201491,4.368359902221595,3.749078204219171,6.810250365170694,6.656947276288456,6.3751567458558664,36.55248099040774,39.66806184666813,38.934090526019574,802.8545793829693,735.9768997736174,752.4193890762234,63.457290082367344,68.6686600104488,67.68009119075349,0,0,30
M-02,CNC,2026-05-31,Morning,42.39,170,92.58,240,MAINTENANCE,305.5890484790813,0.10823395181000121,305.7757864474078,315.54793514644916,0.9196601345280383,317.20216547966686,5.024037931745847,0.4450709253834896,5.767519787603059,6.8980845130412956,0.4082495073531135,7.566934795661583,37.817556519466656,11.034657188972115,57.46763212437904,813.1952665982325,353.52483856704845,2310.3328562965594,65.49754914680254,19.866903296265527,100.0,0,20.62,0.0,0.5,42.5,83.39,84.3,86.92222222222222,32.89,33.15333333333333,34.25111111111111,0.0,0.0,0.0,305.394440694614,304.992942283536,304.4918235314449,315.5609407122123,314.97348337855067,314.57653052661936,4.839271904063687,4.590837524046321,3.9674796713009104,6.827327685864605,6.783344387742074,6.455257143195105,37.498415057147035,38.35232205183369,38.82488884317914,787.5176142546144,770.4037900619645,752.9568411985695,64.40904536216514,66.00496262560249,67.26077726896655,0,0,31
M-02,CNC,2026-05-31,Afternoon,40.3,161,97.49,240,MAINTENANCE,305.6623176921472,0.1182364773688024,305.9168299780251,315.4342530968599,1.1293769690612139,317.7207396442846,5.152163201050599,0.35214276625355734,5.948937287735646,6.781868314953154,0.5428071171064828,7.752019695837264,39.199186648890766,10.144337795813454,58.73618291679717,750.3472952090161,221.5076523831972,1359.61216957209,68.73850206272293,17.460668992813403,96.66885635890388,0,0.29,1.0,0.5,40.25,92.58,86.58999999999999,87.68888888888888,42.39,36.21333333333333,34.964444444444446,240.0,80.0,26.666666666666668,305.5890484790813,305.32165294855844,304.68128573337543,315.54793514644916,315.33569739419664,314.7664494119885,5.024037931745847,4.802334858003674,4.1696411104751565,6.8980845130412956,6.845220854692198,6.536915611175138,37.817556519466656,37.28948418900714,38.56151186523572,813.1952665982325,801.1891534119387,761.650471490881,65.49754914680254,64.45462819711167,66.64572654679655,1,1,31
M-02,CNC,2026-05-31,Night,42.22,169,95.63,240,MAINTENANCE,303.77197679351775,2.009030424419348,305.7790683667927,313.3509702133461,2.420102456515512,317.62028716343485,3.4761631461935636,1.6333162999000945,6.0400738195812025,6.331330278561626,1.0630927902446443,7.72057822391058,44.915023058233594,9.16897207019142,63.849413256221965,651.960579041989,280.56849023111357,1922.5163858041487,76.33742229697508,15.112048834417317,100.0,1,0.62,1.0,0.5,42.25,97.49,91.15333333333332,88.55333333333334,40.3,38.526666666666664,35.550000000000004,240.0,160.0,53.333333333333336,305.6623176921472,305.5486022886142,304.85284554831975,315.4342530968599,315.5143763185071,314.8909598499305,5.152163201050599,5.005157678953378,4.373420828744217,6.781868314953154,6.835760171286352,6.59483599277894,39.199186648890766,38.17171940850149,38.77477947332142,750.3472952090161,783.6867253539543,760.9508953061692,68.73850206272293,66.21503219056355,66.99176364689612,1,0,31
M-02,CNC,2026-06-01,Morning,42.02,336,96.7,0,RUNNING,301.8835728699408,0.08122653643593111,302.0660667943229,311.6210446248466,0.863827446087953,313.9565804170451,1.8554836054786454,0.3711831056532156,2.830405033323696,5.4962713731373265,0.437485709273663,6.17751074508321,38.572653187142556,12.78712275311581,64.35684180332017,825.0015837748799,441.97367087806253,2915.647002781742,66.24779566237581,20.124640075167186,100.0,0,0.96,1.0,0.0,42.0,95.63,95.23333333333333,88.95555555555556,42.22,41.63666666666666,36.31444444444444,240.0,240.0,80.0,303.77197679351775,305.0077809882487,304.7822262790565,313.3509702133461,314.7777194855517,314.7645472939773,3.4761631461935636,4.55078809299667,4.374660017943941,6.331330278561626,6.670427702185358,6.612046480402011,44.915023058233594,40.643922075530334,39.55102134986049,651.960579041989,738.501046949746,747.6389387646402,76.33742229697508,70.19115783550018,68.3094527382846,1,0,32
M-02,CNC,2026-06-01,Afternoon,41.32,331,95.63,0,RUNNING,302.1566474946253,0.10799078714805982,302.4067500777712,312.05213604786394,0.7964257438419784,313.5264121135261,1.7966531329167108,0.3719385755241409,2.4676579857973198,5.503427658107655,0.48605670383104904,6.427830477207388,36.00934529379105,9.811621050140705,54.94919567760581,827.3354489347445,290.3629667316457,1865.5717269978636,62.306923291562505,18.663613112334247,95.8287561152544,0,1.29,1.0,0.0,41.375,96.7,96.60666666666667,89.76777777777778,42.02,41.51333333333333,37.337777777777774,0.0,160.0,80.0,301.8835728699408,303.7726224518686,304.4929468657723,311.6210446248466,313.4687559783509,314.40583367106217,1.8554836054786454,3.4946033175742692,4.158942056831027,5.4962713731373265,6.2031566555507025,6.510293826553905,38.572653187142556,40.89562096475564,39.87286235213214,825.0015837748799,742.4364860086283,747.4175140922654,66.24779566237581,70.44124000735793,68.72504711067859,1,0,32
M-02,CNC,2026-06-01,Night,42.25,338,94.04,0,RUNNING,302.25612773778124,0.12594734453811873,302.4490844480851,312.24477741341315,0.8759885799599444,314.26271037100616,1.884580085919216,0.3795975006988507,2.687533727956304,5.521901264379197,0.638015395365389,7.014116535809427,42.006997386010035,9.108863580615889,63.36214760145841,679.7897882848126,157.80901300076593,1082.5441781772834,73.16949793205909,16.639899518106123,100.0,0,1.62,1.0,0.0,42.25,95.63,95.98666666666666,90.85888888888888,41.32,41.85333333333333,38.01555555555555,0.0,80.0,80.0,302.1566474946253,302.60406571936124,304.2494337735045,312.05213604786394,312.3413836286856,314.14245168275676,1.7966531329167108,2.37609996152964,3.9165391809015375,5.503427658107655,5.777009769935535,6.423239072503447,36.00934529379105,39.83234051305573,39.22404058940845,827.3354489347445,768.0992039172046,762.5876096815922,62.306923291562505,68.29738041697114,67.7270242059945,1,0,32
M-02,CNC,2026-06-02,Morning,42.51,340,92.59,0,RUNNING,302.0560438271735,0.15617097158506874,302.3108690492645,311.91912137377903,0.8333566288296769,314.00933884978355,1.8648962052600424,0.3294731841506748,2.5155102545496346,5.372675175152168,0.4518519833068264,6.432633693962533,39.54829729203339,8.131260238939179,56.19002803687034,721.0015617542047,172.09843773183417,1256.234479630053,68.5774919368515,14.053131264845913,96.43632598566278,0,1.96,1.0,0.0,42.5,94.04,95.45666666666666,91.66333333333334,42.25,41.86333333333334,38.88444444444445,0.0,0.0,80.0,302.25612773778124,302.09878270078246,304.0331686575224,312.24477741341315,311.97265269537456,313.907951853159,1.884580085919216,1.8455722747715242,3.662399297271505,5.521901264379197,5.507200098541393,6.320324062822942,42.006997386010035,38.86299862231454,39.28641424989286,679.7897882848126,777.3756069981456,762.0934813366187,73.16949793205909,67.2414056286658,67.8125086965895,1,0,33
M-02,CNC,2026-06-02,Afternoon,43.3,346,96.95,0,RUNNING,302.54164900538916,0.2693629401855548,302.9224434566912,312.6265109820485,0.8927522681374583,313.94255978130894,1.8099349913312524,0.3860712076649189,2.719059911677215,5.52807366950156,0.5017506559709073,6.956911021035089,39.2928686065188,8.26089700060279,55.03028838935908,721.0659913320874,146.7440857954318,1040.398966684974,70.33434702084851,15.772511590620782,100.0,0,2.29,1.0,0.0,43.25,92.59,94.08666666666666,92.42777777777778,42.51,42.026666666666664,39.91777777777778,0.0,0.0,80.0,302.0560438271735,302.15627301986,303.75018280676227,311.91912137377903,312.07201161168535,313.6254883280776,1.8648962052600424,1.84870980803199,3.3818826612033117,5.372675175152168,5.466001365879674,6.171459625374191,39.54829729203339,39.18821332394483,39.1244394925692,721.0015617542047,742.7089329912538,762.1115241372736,68.5774919368515,68.01797105349102,67.63794641932022,1,0,33
M-02,CNC,2026-06-02,Night,42.32,339,97.97,0,RUNNING,302.99112544042487,0.11002887007536895,303.1202118845676,313.29465059214044,0.8002854252204696,314.8718525892688,1.8253250456392567,0.4468064757106943,2.5733132505163736,5.563485881525234,0.47136113959210235,6.573866043638085,39.66330353805089,11.567627244630808,63.86226640039986,819.2823746025437,729.5861953796951,4707.353117549398,68.03658956031921,20.857541273416633,100.0,0,2.62,1.0,0.0,42.375,96.95,94.52666666666669,93.88888888888889,43.3,42.68666666666667,41.02222222222222,0.0,0.0,80.0,302.54164900538916,302.2846068567813,303.4790916215856,312.6265109820485,312.26346992308027,313.3730766234243,1.8099349913312524,1.8531370941701704,3.0781315782177296,5.52807366950156,5.474216703010975,6.028995548077621,39.2928686065188,40.282721094854075,39.42892700547043,721.0659913320874,707.2857804570349,753.0239032427312,70.33434702084851,70.69377896325302,68.40206385692923,1,0,33
M-02,CNC,2026-06-03,Morning,44.1,353,98.03,0,RUNNING,303.11828551915954,0.20134203760852423,303.38775383086994,313.263043184685,0.957669812732128,314.76590296868284,1.845999021240953,0.39169707518095265,2.781513557718519,5.499914968822002,0.47441478628502537,6.758165244026829,40.4229595741983,8.190245620299912,57.316936660602266,701.8492154289737,138.78488193408845,1099.1197771320242,71.03451562347888,15.514199278736116,100.0,0,2.96,1.0,0.0,44.125,97.97,95.83666666666666,95.50888888888888,42.32,42.71,42.07,0.0,0.0,80.0,302.99112544042487,302.52960609099586,303.2120565933423,313.29465059214044,312.61342764932266,313.121266610083,1.8253250456392567,1.8333854140768506,2.743248593948348,5.563485881525234,5.488078242059654,5.8885686809288025,39.66330353805089,39.50148981220102,39.66947017001531,819.2823746025437,753.7833092296119,756.5533210591678,68.03658956031921,68.9828095060064,68.8051243233908,1,0,34
M-02,CNC,2026-06-03,Afternoon,39.68,317,93.44,0,RUNNING,303.1009188545332,0.13683220885090763,303.351073214538,312.90793853496876,1.0565058326094692,315.0341637521801,1.8879542694830231,0.4487311291760305,3.045457076842426,5.599104640204044,0.4558510836545106,6.677971674962414,40.39897380926544,9.888549412113722,62.82321283690886,733.3226733935926,235.25767906172536,1443.2490825154105,70.17808355748716,16.750352106970976,100.0,0,3.29,1.0,0.0,39.625,98.03,97.64999999999999,96.11444444444444,44.1,43.24,42.26,0.0,0.0,53.333333333333336,303.11828551915954,302.8836866549912,302.93752737557327,313.263043184685,313.0614015862913,312.8673897254425,1.845999021240953,1.827086352737154,2.390133159447805,5.499914968822002,5.530491506616265,5.73321650934888,40.4229595741983,39.793043906255996,39.95895939831882,701.8492154289737,747.3991937878682,744.1815375959169,71.03451562347888,69.80181740154886,69.42034282079928,1,0,34
M-02,CNC,2026-06-03,Night,41.21,330,96.05,0,RUNNING,302.8983674934547,0.11308626463116558,303.0730390215522,312.8031783054384,0.9058708310805581,314.62988428527694,1.8039577164573029,0.368906831484983,2.667204611706356,5.468621821957386,0.5090911099170444,6.469675148719888,40.60922741045385,9.70952673258317,60.98809148631406,715.2173469459588,203.3841528661694,1431.246185743959,71.42962924710037,17.263298252423706,100.0,0,3.62,1.0,0.0,41.25,93.44,96.48,95.66444444444444,39.68,42.03333333333333,42.191111111111105,0.0,0.0,26.666666666666668,303.1009188545332,303.0701099380392,302.65292750472724,312.90793853496876,313.15521077059805,312.5866881074546,1.8879542694830231,1.8530927787877445,2.027443278162518,5.599104640204044,5.554168496850426,5.601798323265646,40.39897380926544,40.161745640504876,40.0922690828049,733.3226733935926,751.4847544750368,742.2899129497587,70.17808355748716,69.74972958042842,69.58029632021753,1,0,34
M-02,CNC,2026-06-04,Morning,42.65,341,94.55,0,RUNNING,302.8153585360423,0.08443487101800948,302.9546776084174,312.28860016366923,0.8312318349526243,313.957405014129,1.912726357753585,0.38819062703652085,2.505423075612422,5.568232458031577,0.4922111171216976,6.363970497441521,39.28531947335844,7.764543155155872,55.25189315743056,723.0131949827221,160.52332626353413,1196.5939952496726,67.22253431567087,14.331194617633182,92.13234615081168,0,3.96,1.0,0.0,42.625,96.05,95.83999999999999,95.71111111111111,41.21,41.663333333333334,42.07888888888888,0.0,0.0,0.0,302.8983674934547,303.0391906223825,302.5558598047203,312.8031783054384,312.99138667503075,312.5258223399093,1.8039577164573029,1.845970335727093,1.841642674858489,5.468621821957386,5.522547143661144,5.505941828087397,40.60922741045385,40.477053597972535,39.6138473441627,715.2173469459588,716.7964119228417,749.3184427168665,71.42962924710037,70.88074280935547,69.03498598134256,1,0,35
M-02,CNC,2026-06-04,Afternoon,42.24,338,94.49,0,RUNNING,302.68039238387684,0.07484023070467327,302.80922896664254,312.8811583972176,1.1049640411609645,314.9225744568957,1.7483461279682868,0.3897034877447894,2.4417597086411083,5.517006700432228,0.5006303615886472,6.301327694614699,39.075743803407605,10.538713718120151,61.35670144839726,754.1902022117562,214.52551387333116,1283.0238447710071,67.0985387463712,18.307069482463977,100.0,0,4.29,1.0,0.0,42.25,94.55,94.68,95.47222222222223,42.65,41.18,42.14888888888889,0.0,0.0,0.0,302.8153585360423,302.93821496134336,302.6593915453982,312.28860016366923,312.6665723346921,312.59999517755625,1.912726357753585,1.8682127812313034,1.8480029806668155,5.568232458031577,5.545319640064336,5.513937504186758,39.28531947335844,40.09784023102591,39.69303248707558,723.0131949827221,723.8510717740911,737.9863995177378,67.22253431567087,69.61008237341946,69.14329027615311,1,0,35
M-02,CNC,2026-06-04,Night,41.23,330,95.63,0,RUNNING,302.42933382669275,0.24115575848136445,302.85596346086106,312.40007494949344,0.8674820791862019,314.069773613024,1.78219361358752,0.4956075898771555,2.8484015641929865,5.58436006140535,0.4668857683748936,6.816708834298336,40.59072784443209,8.888943396378899,54.90211159644795,721.8554815616245,265.80213119523927,1934.3621736990292,71.92783946238757,16.404529791520478,99.8976611236446,0,4.62,1.0,0.0,41.25,94.49,95.03000000000002,95.34555555555555,42.24,42.03333333333333,42.25111111111111,0.0,0.0,0.0,302.68039238387684,302.79803947112464,302.7175854219817,312.8811583972176,312.6576456221084,312.6921087719289,1.7483461279682868,1.8216767340597249,1.8426355356725463,5.517006700432228,5.517953660140397,5.515446286667267,39.075743803407605,39.65676356240663,40.03374343258852,754.1902022117562,730.8069147134789,729.8591498818502,67.0985387463712,68.58356743638082,69.67569199335408,1,0,35
M-02,CNC,2026-06-05,Morning,40.84,327,93.3,0,RUNNING,302.06934072495443,0.11412921387409053,302.3060922285402,312.1932327073068,1.1833881666669868,314.15479641519244,1.7910531127483809,0.4491893417553524,2.7153237235333387,5.55864236901887,0.4938392213148647,6.735047901902035,37.88094586099919,10.925728369589603,62.12150068002645,788.0018372626074,241.9809087913177,1454.4917330863286,66.52072201725399,18.865492182815967,100.0,0,4.96,1.0,0.0,40.875,95.63,94.88999999999999,95.52222222222223,41.23,42.04,42.13777777777777,0.0,0.0,0.0,302.42933382669275,302.6416949155373,302.73683054297186,312.40007494949344,312.5232778367934,312.7093640537156,1.78219361358752,1.8144220331031304,1.8312592609690246,5.58436006140535,5.556533073289718,5.522386153003506,40.59072784443209,39.65059704039938,39.876380150190975,721.8554815616245,733.0196262520343,734.533115801496,71.92783946238757,68.74963750814321,69.53772994116838,1,0,36
M-02,CNC,2026-06-05,Afternoon,40.77,326,98.11,0,RUNNING,301.83327240752607,0.0798203397493974,301.9354325390795,311.82324799356854,1.010927145676306,313.8203877716134,1.787798676669484,0.4321295669938225,3.128078640693297,5.471988611521259,0.5167901116789663,6.649428406021139,37.90501979796094,11.281032653969994,60.41031460368534,807.4514948295122,324.42807158384204,1900.4302410970863,67.05375769389826,18.916025438962663,100.0,0,5.29,1.0,0.0,40.75,93.3,94.47333333333331,95.60111111111111,40.84,41.43666666666667,41.95222222222222,0.0,0.0,0.0,302.06934072495443,302.3930223118413,302.73830797605865,312.1932327073068,312.4914886846726,312.739820868552,1.7910531127483809,1.7738642847680623,1.8230544729121736,5.55864236901887,5.553336376952149,5.543049174544251,37.88094586099919,39.1824725029463,39.69111888007606,788.0018372626074,754.6825070119961,741.9775908579852,66.52072201725399,68.51570007533759,69.30919995010198,1,0,36
M-02,CNC,2026-06-05,Night,40.8,326,100.0,0,RUNNING,301.7633883950878,0.13867255420308505,301.9775630643508,311.66715993763444,1.083616976595855,313.7469351856079,1.727185331889007,0.3593191542573166,2.3626395435438443,5.537607705747131,0.462246689583562,6.630955109646137,43.93740768593323,10.916396891746313,71.51752144601022,648.2263009101563,173.92561864754657,1206.7528652518035,74.92572817528286,17.828531025033158,100.0,0,5.62,1.0,0.0,40.75,98.11,95.67999999999999,95.73,40.77,40.946666666666665,41.67111111111112,0.0,0.0,0.0,301.83327240752607,302.110648986391,302.65959946518495,311.82324799356854,312.13885188345625,312.6505694253876,1.787798676669484,1.7870151343351282,1.820594882394199,5.471988611521259,5.53833034731516,5.536817501435327,37.90501979796094,38.792231167797404,39.53691345690297,807.4514948295122,772.4362712179149,751.5759801354767,67.05375769389826,68.50077305784662,68.94469002488528,1,0,36
M-02,CNC,2026-06-06,Morning,42.62,341,96.37,0,RUNNING,301.5122074695671,0.0938856283546612,301.6657173617299,311.4623519535796,0.8906388904169329,313.02958682631726,1.8019709425864723,0.42851802359042124,2.837954410296217,5.434590515629892,0.5517179825320868,6.863862151525294,43.08927951925188,10.256190474955194,67.21423990437887,669.91120840498,168.23565620801403,1086.118423203768,74.25475229725046,16.651427924038437,100.0,0,5.96,1.0,0.0,42.625,100.0,97.13666666666666,95.95555555555556,40.8,40.803333333333335,41.50222222222223,0.0,0.0,0.0,301.7633883950878,301.8886671758561,302.5231842379253,311.66715993763444,311.89454687950325,312.46973713044247,1.727185331889007,1.768679040435624,1.8096904697552825,5.537607705747131,5.522746228762419,5.533942148571095,43.93740768593323,39.90779111496445,40.01181391777879,648.2263009101563,747.8932110007586,732.5697497252115,74.92572817528286,69.50006929547837,69.71014987099234,1,0,37
M-02,CNC,2026-06-06,Afternoon,40.92,327,97.4,0,RUNNING,301.51742116115963,0.11266572782092792,301.75655882897644,311.57804130589733,0.8181874116511781,312.87944829242974,1.7654735324039394,0.41346241424536645,2.5487115714356188,5.593856811182516,0.5427606996401078,6.406613083929826,40.60002140207196,9.712095496765677,57.35559754294583,715.3113447351445,191.4892609758646,1248.9362165044654,71.52545825153157,17.113177939733117,100.0,0,6.29,1.0,0.0,40.875,96.37,98.16000000000001,95.77111111111111,42.62,41.39666666666667,41.33777777777778,0.0,0.0,0.0,301.5122074695671,301.702956090727,302.3447311213039,311.4623519535796,311.6509199615942,312.2696603269863,1.8019709425864723,1.772318317048321,1.804798461015896,5.434590515629892,5.481395610966094,5.526683875994193,43.08927951925188,41.64390233438201,40.30807168945141,669.91120840498,708.5296680482162,729.0210822781011,74.25475229725046,72.07807938881054,70.06795394585586,1,0,37
M-02,CNC,2026-06-06,Night,41.27,330,96.24,0,RUNNING,301.5602706866259,0.0965882994385779,301.75278756833086,311.65969917141945,1.1086470331902827,313.1820384586006,1.875354020547044,0.4275229969209764,2.758680896638801,5.437387849591097,0.5972112076596026,6.593604333745995,40.94382950829542,10.176520708541503,55.547559021672654,719.3301268527475,223.46269746445765,1437.844949990552,72.51175401817781,18.937492793181832,99.97562366251329,0,6.62,1.0,0.0,41.25,97.4,97.92333333333333,96.21111111111111,40.92,41.446666666666665,41.47555555555555,0.0,0.0,0.0,301.51742116115963,301.59767234193816,302.1687869331513,311.57804130589733,311.5691843990371,312.1218939682006,1.7654735324039394,1.7648766022931397,1.791189490229331,5.593856811182516,5.522018344186513,5.52610078388069,40.60002140207196,42.542236202419026,40.330410310874356,715.3113447351445,677.8162846834269,727.0198235382735,71.52545825153157,73.56864624135495,70.21766224519413,1,0,37
M-02,CNC,2026-06-07,Morning,45.23,362,95.81,0,RUNNING,301.5647305170872,0.07954590315213612,301.6990396032353,311.72765690665085,1.0505597070030668,313.4050415066006,1.8112653602707813,0.3601556668369132,2.551887239881198,5.44882734137778,0.5307016030403933,6.896252304131805,40.44244794606687,8.484038133785392,62.956539039792645,707.657779201181,192.5078062687876,1342.6363052421736,70.97360044300484,15.009337389078176,100.0,0,6.96,1.0,0.0,45.25,96.24,96.67,96.23222222222222,41.27,41.60333333333333,41.48222222222223,0.0,0.0,0.0,301.5602706866259,301.5299664391176,302.02010951017036,311.65969917141945,311.56669747696543,311.9948407310874,1.875354020547044,1.814266165179152,1.7991224129059686,5.437387849591097,5.488611725467835,5.522630342506658,40.94382950829542,41.54437680987309,40.36758832174564,719.3301268527475,701.5175599976241,727.4767990834722,72.51175401817781,72.76398818898662,70.3378983308694,1,0,38
M-02,CNC,2026-06-07,Afternoon,43.45,348,94.59,0,RUNNING,301.5830402591402,0.066302209763148,301.71316662154135,311.69659254877314,1.026666702274575,313.350795598571,1.7623237809505163,0.3214138377058482,2.2828361109198947,5.627586547581308,0.4384159347492187,6.492755398838296,41.234086905419865,9.5598630087372,57.46485376633792,712.3052515209948,222.4097362466444,1620.7301375993943,71.42107025496777,15.890868889139552,100.0,0,7.29,0.0,0.0,43.5,95.81,96.48333333333333,96.3722222222222,45.23,42.473333333333336,41.76888888888888,0.0,0.0,0.0,301.5647305170872,301.54747412162425,301.8811508413975,311.72765690665085,311.6551324613226,311.9325137025298,1.8112653602707813,1.8173643044072552,1.787848968741213,5.44882734137778,5.493357334050465,5.509363107322902,40.44244794606687,40.66209961881142,40.496158152046576,707.657779201181,714.0997502630244,725.7706417744122,70.97360044300484,71.67027090423808,70.75468345612873,0,0,38
M-02,CNC,2026-06-07,Night,41.96,336,99.54,0,RUNNING,301.7238962006065,0.07968428728113487,301.89271916354653,312.1086887502182,1.1642236715218506,314.1948778947293,1.8304140187551443,0.4329594827258726,2.8709046128868314,5.496463896001725,0.6151401354852367,6.54464968163169,38.15389002663489,11.346819699722067,63.89841593414273,800.3299302243664,326.6414383902025,1908.9464428383124,66.92267289516938,18.872943422741287,100.0,0,7.62,0.0,0.0,42.0,94.59,95.54666666666667,96.38333333333333,43.45,43.31666666666666,41.903333333333336,0.0,0.0,0.0,301.5830402591402,301.56934715428446,301.7592228275379,311.69659254877314,311.6946495422811,311.8008952749248,1.7623237809505163,1.8163143872561138,1.789402041294794,5.627586547581308,5.504600579516729,5.521649757006134,41.234086905419865,40.87345478659405,40.735974052270166,712.3052515209948,713.0977191916412,721.1167583643276,71.42107025496777,71.63547490538348,71.23496473486168,0,0,38
M-02,CNC,2026-06-08,Morning,41.21,330,99.62,0,RUNNING,301.50143291847854,0.07577566352566484,301.60066993611434,311.9950090753149,1.0601751655275173,314.052444281816,1.7093622294499788,0.2889718539355203,2.202107649660036,5.655841524166162,0.4901545887898462,6.6736191320423845,38.1726726330519,9.644458288469314,66.4418304196571,762.4568654642627,206.54512782129677,1302.6407830089531,65.91819646678594,15.669011530001208,100.0,0,7.96,0.0,0.0,41.25,99.54,96.64666666666666,96.81777777777776,41.96,43.54666666666666,41.98444444444445,0.0,0.0,0.0,301.7238962006065,301.62388899227795,301.68084086908385,312.1086887502182,311.84431273521403,311.7685190305609,1.8304140187551443,1.801334386658814,1.7947598640911966,5.496463896001725,5.524292594986938,5.511883516405732,38.15389002663489,39.94347495937387,40.46521429473714,800.3299302243664,740.0976536488474,729.8361415490767,66.92267289516938,69.77244786438067,70.67883511628187,0,0,39
M-02,CNC,2026-06-08,Afternoon,42.89,343,94.88,0,RUNNING,301.44236675171953,0.10200894394746006,301.6279156667791,311.4065572922828,0.9475007726569061,313.13197323267326,1.7883351236969227,0.4115242657229852,2.50082549210602,5.657003029146572,0.4877471736198423,6.510550309428083,39.64574814556938,9.273996773424258,58.00284661108154,741.9090026335826,240.20850299276174,1691.0851703754167,70.12930138020555,17.953418318144102,100.0,0,8.29,0.0,0.0,42.875,99.62,97.91666666666667,97.52000000000001,41.21,42.20666666666667,42.025555555555556,0.0,0.0,0.0,301.50143291847854,301.60278979274176,301.61774000169765,311.9950090753149,311.93343012476873,311.74649418256183,1.7093622294499788,1.767366676385213,1.7856830992802633,5.655841524166162,5.593297322583065,5.522683422533208,38.1726726330519,39.18688318836889,40.49762838052077,762.4568654642627,758.3640157365413,726.9978113492606,65.91819646678594,68.08731320564102,70.61188783289654,0,0,39
M-02,CNC,2026-06-08,Night,42.8,342,97.95,0,RUNNING,301.4543748317449,0.0890889168222526,301.57259726682867,311.3568421080819,0.9749637403102076,313.27459177031983,1.7477042399350393,0.44744209043197697,2.729168307928699,5.471390602507214,0.5973768863283322,6.793261914513483,38.509092760463936,9.003532388610118,63.963642321622366,756.5821022849459,236.10541869273703,1718.3620954817957,67.93517665231008,15.909916868342005,100.0,0,8.62,0.0,0.0,42.75,94.88,98.01333333333334,97.16111111111111,42.89,42.02,42.26111111111111,0.0,0.0,0.0,301.44236675171953,301.55589862360154,301.5743060399414,311.4065572922828,311.83675170593864,311.7001952157523,1.7883351236969227,1.7760371239673487,1.7857427045055343,5.657003029146572,5.6031028164381524,5.543240580047131,39.64574814556938,38.65743693508539,40.69104264136615,741.9090026335826,768.2319327740706,719.7153122163795,70.12930138020555,67.65672358072028,70.95361490915292,0,0,39
M-02,CNC,2026-06-09,Morning,42.78,342,92.86,0,RUNNING,301.6063088909384,0.08611553199970189,301.7825147875097,311.5139871325072,0.9106448239569763,313.3868070474108,1.8302809834184397,0.44970982715309377,2.6398166978375777,5.656417867785325,0.49322108410750093,6.5568747102763,44.297746865740486,9.532729046168381,64.48777677073089,645.964367302803,159.5310059268255,1214.6486948538463,76.34225298304816,14.11102464619099,100.0,0,8.96,0.0,0.0,42.75,97.95,97.48333333333333,96.93333333333334,42.8,42.3,42.483333333333334,0.0,0.0,0.0,301.4543748317449,301.4660581673143,301.53997119956995,311.3568421080819,311.58613615855984,311.6657154569131,1.7477042399350393,1.7484671976939803,1.788022583177315,5.471390602507214,5.594745051939982,5.535883124131584,38.509092760463936,38.775837846361746,40.08789653853623,756.5821022849459,753.6493234609305,731.7548457024673,67.93517665231008,67.99422483310052,70.17688696215593,0,0,40
M-02,CNC,2026-06-09,Afternoon,41.08,329,95.5,0,RUNNING,301.80752028713187,0.16548974839782724,302.04511888531545,311.9276333354335,0.9813688605218877,313.8265169467936,1.7990279419459527,0.38241034271565205,2.8001773120894087,5.521408380555834,0.40808108897093587,6.491451358357797,37.92623600880734,8.42874168903161,55.317289398177614,756.1018919641047,181.52133715665684,1210.7997988477814,66.29039915854943,13.645671727696888,96.95800869089396,0,9.29,0.0,0.0,41.125,92.86,95.23,96.54333333333334,42.78,42.82333333333333,42.50111111111111,0.0,0.0,0.0,301.6063088909384,301.50101682480096,301.5504269130556,311.5139871325072,311.4257955109573,311.6714526990162,1.8302809834184397,1.7887734490168006,1.7911681432697562,5.656417867785325,5.594937166479704,5.560530607704411,44.297746865740486,40.81752925725793,40.22217068814608,645.964367302803,714.8184907404438,729.0940855800031,76.34225298304816,71.46891033852127,70.40883148280012,0,0,40
M-02,CNC,2026-06-09,Night,41.91,335,97.24,0,RUNNING,301.7725696808622,0.1027936655117015,301.97977211185326,311.89830561560603,0.818536581177819,314.04696187663006,1.7473636603794067,0.36583542000928476,2.6236046001169018,5.526366983245607,0.3610167019484982,6.201684231296737,39.238639636243235,8.41429274340649,52.66934015009561,735.7073198782668,195.79823107901663,1390.096329252273,69.06335373707223,15.136548418211015,98.81329501350255,0,9.62,0.0,0.0,41.875,95.5,95.43666666666667,96.33222222222223,41.08,42.22,42.51888888888889,0.0,0.0,0.0,301.80752028713187,301.6227346699384,301.5826601492748,311.9276333354335,311.59948752534086,311.71029625785354,1.7990279419459527,1.7923377217664773,1.7948964109966465,5.521408380555834,5.549738950282791,5.552480782079225,37.92623600880734,40.24435854500392,39.925083422227786,756.1018919641047,719.5494538506179,733.6263686054432,66.29039915854943,70.1892762646359,69.82715825024655,0,0,40
M-02,CNC,2026-06-10,Morning,42.22,338,93.33,0,RUNNING,302.12091124453156,0.12060910416161495,302.29263824190133,311.9349483122454,1.2749986276672802,314.3355693843278,1.765522309371848,0.3559306163159468,2.4979098135519955,5.545741155226785,0.5119468539966814,6.461500547935403,37.870842790958754,11.12909951724046,62.27601530181028,784.7588161663339,247.63305986740676,1364.6194210321617,65.55160011100658,18.570866334083107,100.0,0,9.96,0.0,0.0,42.25,97.24,95.2,96.44333333333333,41.91,41.92333333333333,42.59,0.0,0.0,0.0,301.7725696808622,301.7287996196442,301.6062489264121,311.89830561560603,311.77997536118227,311.73680808498534,1.7473636603794067,1.7922241952479332,1.780675259866909,5.526366983245607,5.5680644105289225,5.562367352485281,39.238639636243235,40.48754083693036,39.735617880888654,735.7073198782668,712.5911930483916,735.4460567193897,69.06335373707223,70.56533529288994,69.44400266345704,0,0,41
M-02,CNC,2026-06-10,Afternoon,42.48,340,97.22,0,RUNNING,302.3875987825109,0.09850461756153833,302.5731197555829,312.56024527042047,1.3060271103077665,315.1063873587467,1.7987193393713987,0.3448145184351829,2.5973886869111924,5.585430865950385,0.4943039200618054,6.666707644165407,39.73480533366089,10.180808552502084,55.76592083414336,740.6843115332397,207.2801524895412,1216.316971027659,69.50856622913712,18.835719836979894,99.90915490141906,0,10.29,0.0,0.0,42.5,93.33,95.35666666666667,96.16777777777777,42.22,41.736666666666665,42.25555555555556,0.0,0.0,0.0,302.12091124453156,301.90033373750856,301.6680467850171,311.9349483122454,311.9202957544283,311.75984046338476,1.765522309371848,1.7706379705657358,1.7755926986559165,5.545741155226785,5.531172173009409,5.573135554024059,37.870842790958754,38.345239478669775,39.44988397476553,784.7588161663339,758.8560093362352,744.0128386044067,65.55160011100658,66.96845100220942,68.8415581821239,0,0,41
M-02,CNC,2026-06-10,Night,42.71,342,98.16,0,RUNNING,302.5371577138793,0.07200006583231369,302.63920771164715,312.7420969904833,1.0867758678844366,315.49339101622473,1.793643576483179,0.42450737814482026,2.6212702329649,5.438677091552902,0.5500294895866861,6.576220892839485,40.80726011181527,8.4778904074321,56.32236552158022,700.9103696738048,172.10911570321622,1206.6069701871277,71.81776967542139,14.990037279685383,92.3088432366992,0,10.62,0.0,0.0,42.75,97.22,95.92999999999999,96.46,42.48,42.203333333333326,42.147777777777776,0.0,0.0,0.0,302.3875987825109,302.0936932359682,301.7574421765027,312.56024527042047,312.131166399424,311.8558018769011,1.7987193393713987,1.7705351030408842,1.7796366495915699,5.585430865950385,5.552513001474259,5.568451589398401,39.73480533366089,38.94809592028762,39.28329713345898,740.6843115332397,753.71681585928,747.1660674946562,69.50856622913712,68.04117335907198,68.6290577348094,0,0,41
M-02,CNC,2026-06-11,Morning,43.05,344,96.92,0,RUNNING,302.46163472385007,0.11675399325553934,302.79292798593866,312.59031218501076,0.9201030756811952,313.94126235515324,1.8578724175361792,0.3509523131566799,2.609029539323161,5.429980709201903,0.4980537131336965,6.858846935847636,43.534559586125326,8.416932855034815,62.863898972592445,648.7908948430652,139.45114194258582,1096.4526003572655,75.58531829024429,15.139166060625591,100.0,0,10.96,0.0,0.0,43.0,98.16,96.23666666666666,96.30666666666667,42.71,42.47,42.23111111111111,0.0,0.0,0.0,302.5371577138793,302.3485559136406,301.8478045668664,312.7420969904833,312.41243019104974,311.92618057026397,1.793643576483179,1.7859617417421418,1.775551044894685,5.438677091552902,5.52328303757669,5.5620308333485315,40.80726011181527,39.47096941214497,39.57811603181236,700.9103696738048,742.1178324577928,736.1194496557049,71.81776967542139,68.95931200518835,69.17295737705962,0,0,42
M-02,CNC,2026-06-11,Afternoon,41.91,335,92.68,0,RUNNING,302.8860562533052,0.12755642855212374,303.160663844973,312.7649509623496,1.1585644187649193,315.11108503045006,1.8132959334437975,0.4145057163250147,2.758904777822025,5.666618306199842,0.4062225391536228,6.613944146795827,40.79775885788833,7.90999610743224,62.51074533873653,688.6454701375173,144.12381880331085,1181.152261633657,70.50086818308911,15.151802246381289,100.0,0,11.29,0.0,0.0,41.875,96.92,97.43333333333334,96.00666666666667,43.05,42.74666666666667,42.43555555555556,0.0,0.0,0.0,302.46163472385007,302.4621304067468,301.9544936563521,312.59031218501076,312.6308848153048,311.99232536023015,1.8578724175361792,1.8167451111302524,1.7920521769042628,5.429980709201903,5.484696222235063,5.536935187241393,43.534559586125326,41.35887501053383,40.173881248820514,648.7908948430652,696.7951920167033,723.4898973644607,75.58531829024429,72.30388473160093,70.24708202411054,0,0,42
M-02,CNC,2026-06-11,Night,42.54,340,96.42,0,RUNNING,303.18150095744653,0.2006331259408034,303.4477284979611,313.38559733966633,1.1830013400360073,316.64064814470817,1.7228969881808915,0.33381689577229057,2.4200599490923334,5.597173714087321,0.500256282749197,6.635786205935571,39.68739876114844,9.019846635778949,59.906165129215886,723.1461345117365,186.19047060109835,1233.916779255228,68.8415211506491,16.344176738991248,100.0,0,11.62,0.0,0.0,42.5,92.68,95.92,95.76222222222222,41.91,42.556666666666665,42.32666666666666,0.0,0.0,0.0,302.8860562533052,302.62828289701156,302.1149036009727,312.7649509623496,312.6991200459479,312.1432579902376,1.8132959334437975,1.821603975821052,1.7948256002094714,5.666618306199842,5.5117587023182155,5.538003551358422,40.79775885788833,41.71319285194297,40.30188243907818,688.6454701375173,679.4489115514624,717.5717270871202,70.50086818308911,72.63465204958493,70.28836722443094,0,0,42
M-02,CNC,2026-06-12,Morning,42.34,339,93.45,0,RUNNING,303.4491545758107,0.0647940329664279,303.6180667911339,313.7993172483931,0.8041174730145874,315.99658722865473,1.853562976888231,0.36342669007819506,2.655245423314784,5.4776290723654535,0.42331916195816793,6.384957344239307,38.55450138285214,9.589771125886358,59.3173221846068,750.7535106946501,195.28057155591594,1195.4015072606292,67.88879950455645,15.525380512250395,100.0,0,11.96,0.0,0.0,42.375,96.42,95.33999999999999,95.59222222222223,42.54,42.5,42.29777777777778,0.0,0.0,0.0,303.18150095744653,302.8430639782006,302.30680650382845,313.38559733966633,312.91362016234217,312.36867523819143,1.7228969881808915,1.7980217797202893,1.792069238903455,5.597173714087321,5.564590909829689,5.551979452645101,39.68739876114844,41.33990573505403,40.432805328043116,723.1461345117365,686.8608331641063,713.8566195567636,68.8415211506491,71.64256920799416,70.38907216869083,0,0,43
M-02,CNC,2026-06-12,Afternoon,40.64,325,98.11,0,RUNNING,303.42737541570136,0.10115907314172698,303.61535174530303,313.78404320427023,0.8397719649761184,315.8239535925389,1.7749420669184224,0.4056422922378929,2.6381847390647293,5.525940438450174,0.4982379240032391,6.531372048553607,38.694436159247104,8.912804751086595,56.80069599654652,747.9124564758804,195.88430518358157,1187.2662497462472,67.38202291794435,15.530428245754248,96.85609611240037,0,12.29,0.0,0.0,40.625,93.45,94.18333333333334,95.65777777777777,42.34,42.26333333333333,42.24888888888889,0.0,0.0,0.0,303.4491545758107,303.1722372621875,302.5115671354809,313.7993172483931,313.3166218501363,312.62260080662315,1.853562976888231,1.7965852995043068,1.794656127066765,5.4776290723654535,5.580473697550872,5.532114030931782,38.55450138285214,39.67988633396297,39.79466694105552,750.7535106946501,720.8483717813014,725.4998577114133,67.88879950455645,69.07706294609822,69.44979955996953,0,0,43
M-02,CNC,2026-06-12,Night,41.95,336,97.36,0,RUNNING,303.40024696041377,0.15705907683813883,303.6687638357488,313.44792883916153,0.8241863478902163,314.7762864891358,1.8519685628107816,0.3936094249116361,2.7808659427194824,5.347448329430609,0.4659852797550136,6.2763739758695545,42.1136999322449,8.468251062106843,56.93452177848002,686.0535848880866,183.01787194413865,1304.153285703239,74.40314405255673,16.168502341080803,100.0,0,12.62,0.0,0.0,42.0,98.11,95.99333333333334,95.94777777777777,40.64,41.84,42.2,0.0,0.0,0.0,303.42737541570136,303.35267698298617,302.69155103865535,313.78404320427023,313.6563192641099,312.82886856982725,1.7749420669184224,1.7838006773291817,1.7919799187303727,5.525940438450174,5.53358107496765,5.532617592920041,38.694436159247104,38.978778767749226,39.880022513326615,747.9124564758804,740.604033894089,724.5899204349439,67.38202291794435,68.03744785771664,69.57109108879118,0,0,43
M-02,CNC,2026-06-13,Morning,42.04,336,96.06,0,RUNNING,303.4430881142881,0.13729437056864993,303.7231153474927,313.6168061461432,0.8218024442866447,315.4298995546403,1.8587667183098924,0.37215167827313733,2.829078752868787,5.543748991624119,0.45780334922473354,6.485977458084718,40.73505975983458,8.998351279428089,58.46531556521491,701.0917831056003,167.1510745318904,1167.8796750075337,71.42422238263984,17.133907476974525,100.0,0,12.96,0.0,0.0,42.0,97.36,96.30666666666667,95.96111111111111,41.95,41.64333333333334,42.20444444444444,0.0,0.0,0.0,303.40024696041377,303.4255923173086,302.87240406971665,313.44792883916153,313.6770964306083,313.00104892800005,1.8519685628107816,1.826824535539145,1.8036026856671923,5.347448329430609,5.450339280082079,5.512737742496153,42.1136999322449,39.787545824781375,40.1994736573268,686.0535848880866,728.2398506862058,719.0728387693683,74.40314405255673,69.89132215835251,70.16440112384501,0,0,44
M-02,CNC,2026-06-13,Afternoon,43.18,345,94.97,0,RUNNING,303.3792281612498,0.0710339914725382,303.5100875579726,313.4219516248275,0.941203108048607,315.7737743081707,1.820421029734614,0.4323589913857031,2.8273190208045964,5.456949833898369,0.4902079007635748,6.687332113079068,39.48777323778925,11.419909113475658,69.41459363430658,737.2346716176419,229.1431077544588,1357.573520930129,68.36481060904032,17.41901180503811,100.0,0,13.29,0.0,0.0,43.125,96.06,97.17666666666668,96.26444444444445,42.04,41.54333333333334,42.184444444444445,0.0,0.0,0.0,303.4430881142881,303.4235701634678,303.0193126108007,313.6168061461432,313.616259396525,313.1879220206554,1.8587667183098924,1.8285591160130321,1.8139631755491967,5.543748991624119,5.4723792531683015,5.512516390984745,40.73505975983458,40.51439861710886,40.517719987201886,701.0917831056003,711.6859414898557,709.7765017626201,71.42422238263984,71.06979645104697,70.81691470958204,0,0,44
M-02,CNC,2026-06-13,Night,42.12,337,95.08,0,RUNNING,303.4339067953743,0.07848469323973485,303.56579282788243,313.29707622248503,1.1139594945281674,315.5314148225466,1.7699371628150893,0.44156649718068813,2.724518264683888,5.4744347220128216,0.5526704170280765,6.764544552401934,41.61680981071286,6.519458724019539,62.94681853542548,669.5051301077183,103.90265696068715,971.9131489429948,73.04844832320494,9.979763668884871,100.0,0,13.62,0.0,0.0,42.125,94.97,96.13,96.01444444444445,43.18,42.39000000000001,42.26222222222222,0.0,0.0,0.0,303.3792281612498,303.4075210786505,303.12949365288273,313.4219516248275,313.4955622033774,313.283667171145,1.820421029734614,1.8437187702850961,1.816374474478443,5.456949833898369,5.449382384984365,5.498240720756744,39.48777323778925,40.77884430995624,40.49027197654948,737.2346716176419,708.1266798704429,709.3932084386647,68.36481060904032,71.39739234807895,70.68983075179351,0,0,44
M-02,CNC,2026-06-14,Morning,41.45,332,95.38,0,RUNNING,303.5531736121062,0.09300286289791723,303.80294559485446,313.2661704177329,0.9480339187399095,315.0555364418841,1.832470282491324,0.3646857155838113,2.5874917508980517,5.349974142167241,0.5405440880559007,6.42571778256169,43.42030140710499,10.333487944356198,64.55232829339329,664.6458494530407,162.12170889786825,1102.5797544810214,74.85612933550644,15.458877198584364,100.0,0,13.96,0.0,0.0,41.5,95.08,95.37,95.67222222222223,42.12,42.446666666666665,42.196666666666665,0.0,0.0,0.0,303.4339067953743,303.41874102363744,303.2291324397155,313.29707622248503,313.44527799781855,313.3453315302564,1.7699371628150893,1.8163749702865317,1.8137404285153222,5.4744347220128216,5.491711182511769,5.502213790807846,41.61680981071286,40.61321426944556,40.58022194309366,669.5051301077183,702.6105282769868,705.9037373757662,73.04844832320494,70.94582710496171,70.82657282376947,0,0,45
M-02,CNC,2026-06-14,Afternoon,42.28,338,95.04,0,RUNNING,303.74248530751373,0.08063364853345936,303.8903677100864,313.5167711176836,0.8949267813318309,315.63991059965394,1.6935005403343963,0.39806368265710396,2.268657620334935,5.302466122497154,0.4557428677275237,6.3361499313042255,38.926007985219314,8.822337559300987,61.20266677488588,739.6502556594162,176.74548419119526,1188.5300658038827,67.69988290238486,16.876554164210102,100.0,0,14.29,0.0,0.0,42.25,95.38,95.14333333333332,95.50111111111111,41.45,42.25,42.01888888888889,0.0,0.0,0.0,303.5531736121062,303.4554361895768,303.3504145384107,313.2661704177329,313.3283994216818,313.4204268894477,1.832470282491324,1.8076094916803422,1.8109179690658936,5.349974142167241,5.4271195660261435,5.493324172248439,43.42030140710499,41.508294818535695,40.567526589869175,664.6458494530407,690.4618837261336,707.6653989990969,74.85612933550644,72.08979608925057,70.74555182879858,0,0,45
M-02,CNC,2026-06-14,Night,43.58,349,94.21,0,RUNNING,303.5594706635823,0.10066381397620706,303.727981621263,313.564747737662,1.053269856871143,316.2526854655382,1.7953311002241903,0.4255191065050429,2.6517007648506854,5.498012103274404,0.47654832592261875,6.559422075080212,38.932189556076644,11.379108480728725,59.94680211348176,780.3508761512745,301.31022219429354,1728.716706379147,67.24256531315375,20.72761401620575,100.0,0,14.62,0.0,0.0,43.625,95.04,95.16666666666667,95.76333333333334,42.28,41.949999999999996,42.059999999999995,0.0,0.0,0.0,303.74248530751373,303.57652190499806,303.4455733222116,313.5167711176836,313.36000591930053,313.50396246226256,1.6935005403343963,1.7653026618802699,1.7976073698315156,5.302466122497154,5.375624995559072,5.452862818503696,38.926007985219314,41.321039734345725,40.35955427068373,739.6502556594162,691.2670784067251,713.332597390419,67.69988290238486,71.86815352036541,70.43433124205366,0,0,45
M-02,CNC,2026-06-15,Morning,41.76,334,95.12,0,RUNNING,303.86350600682357,0.13483189328627218,304.15199541199365,313.92424843050094,0.9960390597381872,315.8674456715482,1.7767210246986087,0.4252307416901936,2.7037638022606885,5.545386226692241,0.4355333163681864,6.391609537311235,38.20165827035852,9.833844979751024,60.7016260110352,769.0728516191157,222.22425915975072,1516.398727308318,65.79665323699616,17.167640184722476,100.0,0,14.96,0.0,0.0,41.75,94.21,94.87666666666667,95.51777777777778,43.58,42.43666666666667,42.17555555555556,0.0,0.0,0.0,303.5594706635823,303.61837652773403,303.4875699562267,313.564747737662,313.4492297576928,313.52386806203987,1.7953311002241903,1.7737673076833034,1.8056556045029934,5.498012103274404,5.383484122646266,5.441844861746705,38.932189556076644,40.42616631613365,40.275642136786864,780.3508761512745,728.2156604212438,719.6886797948121,67.24256531315375,69.93285918368169,70.25666948233196,0,0,46
M-02,CNC,2026-06-15,Afternoon,43.82,351,96.39,0,RUNNING,303.75941376408616,0.09591268143294256,303.935769434852,313.57125274471827,0.9376047613211833,315.9226270907404,1.865398802179152,0.3657961189634565,2.4980709131572736,5.391411793486419,0.5015983254717231,6.230188708347844,39.5442069314337,10.121398408672468,64.06851739827137,733.8425240530224,190.7519048792589,1212.706121391739,68.86885735141757,16.206675583201616,100.0,0,15.29,0.0,0.0,43.875,95.12,94.79,95.70333333333333,41.76,42.54,42.111111111111114,0.0,0.0,0.0,303.86350600682357,303.72182065930656,303.53360900411707,313.92424843050094,313.6685890952822,313.53774930449634,1.7767210246986087,1.7551842217523985,1.7971176098152577,5.545386226692241,5.4486214841546,5.449373434449681,38.20165827035852,38.68661860388483,40.2364373465098,769.0728516191157,763.0246611432689,721.7241621197527,65.79665323699616,66.91303381751159,70.02420878593637,0,0,46
M-02,CNC,2026-06-15,Night,43.3,346,93.03,0,RUNNING,303.51958102995184,0.09500320892026881,303.6849381511368,313.5959699176156,1.0530852756111206,315.8499423971284,1.9216223138227202,0.4157252363530991,3.1061686635495587,5.565272900394214,0.4569266386463302,6.400230351371611,39.50058549689033,7.808059606214639,62.20037140589311,717.8961216232962,140.45608711187938,962.6135340092748,69.04021450738456,12.962656325326343,100.0,0,15.62,0.0,0.0,43.25,96.39,95.24,95.51222222222222,43.82,43.053333333333335,42.464444444444446,0.0,0.0,0.0,303.75941376408616,303.727463478164,303.5705021539375,313.57125274471827,313.6867496376271,313.51410592010166,1.865398802179152,1.812483642367317,1.807168358177561,5.391411793486419,5.478270041151021,5.434425807231487,39.5442069314337,38.89268491928962,40.330856321197196,733.8425240530224,761.0887506078042,720.1608362949906,68.86885735141757,67.30269196718916,70.18941261187784,0,0,46
M-02,CNC,2026-06-16,Morning,42.34,339,97.78,0,RUNNING,303.3257302525483,0.16985156971925225,303.68281451358985,313.44847187366537,0.8539083176195629,315.56541056514413,1.85117925872501,0.4008335378661272,2.68920546648536,5.602261333263723,0.4612266706479859,6.789151591134783,40.45696949994462,8.941714478222565,58.873102229849565,703.2246040091727,150.9578169825666,1014.9461222991353,70.64578712814449,16.467030907155074,100.0,0,15.96,0.0,0.0,42.375,93.03,94.84666666666668,95.0311111111111,43.3,42.96,42.614444444444445,0.0,0.0,0.0,303.51958102995184,303.7141669336205,303.5837614949973,313.5959699176156,313.69715703094494,313.53055492881884,1.9216223138227202,1.854580713566827,1.8149076638455541,5.565272900394214,5.500690306857624,5.458628537338553,39.50058549689033,39.082150232894186,40.04051027282446,717.8961216232962,740.2704990984781,723.6988959322363,69.04021450738456,67.9019083652661,69.59353155130316,0,0,47
M-02,CNC,2026-06-16,Afternoon,42.1,337,98.13,0,RUNNING,303.12840900030915,0.0884405734188995,303.2939600098745,313.0175506244599,1.0398389285643257,314.956583302814,1.81145106344755,0.47718487207765514,2.887922415818999,5.474575736020848,0.44118877091297526,6.645534147866211,42.901530116258485,10.916222114030777,63.18526022545581,676.7868541199792,196.54393483693258,1213.0793545335805,75.00994935898217,18.009166999118634,100.0,0,16.29,0.0,0.0,42.125,97.78,95.73333333333333,95.22222222222223,42.34,43.153333333333336,42.647777777777776,0.0,0.0,0.0,303.3257302525483,303.5349083488621,303.5707217325818,313.44847187366537,313.5385648453331,313.5118511207657,1.85117925872501,1.8794001249089607,1.814064612780567,5.602261333263723,5.519648675714785,5.465129908631843,40.45696949994462,39.83392064275622,40.009611355058915,703.2246040091727,718.3210832284971,723.9358760326332,70.64578712814449,69.5182863289822,69.50703874524812,0,0,47
M-02,CNC,2026-06-16,Night,41.35,331,98.82,0,RUNNING,303.40943461697634,0.1620908907624359,303.6685192746596,313.44960213948247,0.8775092611741228,314.9169212873823,1.8032186764848421,0.4707040310420085,2.707227297500597,5.481635987590645,0.4249721173432022,6.58266686160284,40.04509975517469,10.217570332786398,59.15047175120934,739.093693523693,267.55684274881054,1863.156790528511,69.4839359337636,18.61495340797932,100.0,0,16.62,0.0,0.0,41.375,98.13,96.31333333333333,95.57333333333334,42.1,42.580000000000005,42.52777777777778,0.0,0.0,0.0,303.12840900030915,303.32457342760307,303.5428529369217,313.0175506244599,313.3539974719136,313.4669176762804,1.81145106344755,1.8614175453317603,1.8130679498597821,5.474575736020848,5.547369989892928,5.4670883422010075,42.901530116258485,40.953028371031145,40.38891767488883,676.7868541199792,699.3025265841494,717.2194518662262,75.00994935898217,71.56531699817042,70.24538749524166,0,0,47
M-02,CNC,2026-06-17,Morning,44.9,359,95.27,0,RUNNING,303.5313190531087,0.16056892355389066,303.8157162010484,313.27556533300503,0.9195029607961946,315.25309763255075,1.7597809625344927,0.3698191129491892,2.484634986637859,5.392339928001554,0.49938095778398534,6.775412188095296,38.32811070088932,7.7992173463026475,60.94523972686875,748.0918649045841,200.30282851332186,1589.3604722837822,66.7712933323566,12.571990903573674,100.0,0,16.96,0.0,0.0,44.875,98.82,98.24333333333333,95.98888888888888,41.35,41.93,42.44222222222222,0.0,0.0,0.0,303.40943461697634,303.2878579566113,303.54013380598866,313.44960213948247,313.30520821253594,313.48386500039123,1.8032186764848421,1.8219496662191341,1.8167658958230883,5.481635987590645,5.519491018958405,5.467888482820765,40.04509975517469,41.1345331237926,40.21428322427347,739.093693523693,706.3683838842817,724.9515144680013,69.4839359337636,71.71322414029675,69.84933056308151,0,0,48
M-02,CNC,2026-06-17,Afternoon,41.44,332,98.91,0,RUNNING,303.13497086417897,0.14522672287087532,303.3339132916738,312.9651729541842,0.8410372300816005,314.21838705493053,1.8011041148401081,0.37732547139467043,2.5181941952996154,5.6302580432533205,0.54971469438421,6.917444988220449,40.84473580977305,9.135107980244454,56.81589036970463,708.2153877643455,196.31632692103958,1403.2332819887786,70.90991279490362,17.260567999848227,99.83495549359452,0,17.29,0.0,0.0,41.5,95.27,97.40666666666668,95.97666666666666,44.9,42.78333333333333,42.82555555555555,0.0,0.0,0.0,303.5313190531087,303.3563875567981,303.53770552165554,313.27556533300503,313.2475726989824,313.4849088798659,1.7597809625344927,1.7914835674889613,1.8086893047167736,5.392339928001554,5.449517217204349,5.472595792357911,38.32811070088932,40.424913524107495,39.648484256916184,748.0918649045841,721.3241375160854,734.2232939626172,66.7712933323566,70.42172620836745,68.95101545162044,0,0,48
M-02,CNC,2026-06-17,Night,43.99,352,94.95,0,RUNNING,303.1324783862483,0.12930903283737868,303.4305043644397,312.82908344382486,1.0999830611757415,314.707479618886,1.6902751119219712,0.4259347807547946,2.4713048555475723,5.421469371393524,0.5135819335383014,6.426770207417083,39.0661611335975,7.756377012032085,52.58595213429576,728.8277296052842,157.35432994706616,1269.3622275318749,70.52089718599552,14.791582456474476,95.98243936655804,0,17.62,0.0,0.0,44.0,98.91,97.66666666666667,96.40666666666668,41.44,42.56333333333333,42.73222222222223,0.0,0.0,0.0,303.13497086417897,303.3585748447547,303.4702039168406,312.9651729541842,313.23011347555723,313.42362019503264,1.8011041148401081,1.7880345846198142,1.8206452574396303,5.6302580432533205,5.501411319615173,5.509017116886374,40.84473580977305,39.73931542194568,39.86167623742215,708.2153877643455,731.8003153975409,730.7305308631647,70.90991279490362,69.0550473536746,69.30768543967807,0,0,48
M-02,CNC,2026-06-18,Morning,41.47,332,95.44,0,RUNNING,302.9703294132448,0.11646939604602984,303.23825499263853,312.893328599618,0.8309997229822369,314.71812399238223,1.7127833639741457,0.3875609718445633,2.406934061426081,5.4979613485885785,0.5067739345396148,6.9072188764410605,38.723532976041774,9.4289232682435,58.41269016396608,775.3149386607586,233.81894242000516,1282.7097154737205,67.48054860344529,16.361576100227964,100.0,0,17.96,0.0,0.0,41.5,94.95,96.37666666666667,96.48888888888888,43.99,43.44333333333333,42.77777777777778,0.0,0.0,0.0,303.1324783862483,303.26625610117867,303.4227603304701,312.82908344382486,313.02327391033805,313.3418797179396,1.6902751119219712,1.750386729765524,1.8089723698504951,5.421469371393524,5.4813557808828,5.50051236889961,39.0661611335975,39.41300254808662,39.8765619682578,728.8277296052842,728.3783274247379,725.0057368024993,70.52089718599552,69.40070110441859,69.67194453666048,0,0,49
M-02,CNC,2026-06-18,Afternoon,40.31,322,94.16,0,RUNNING,302.7723680692096,0.09973362530245801,303.00140881759563,312.78051259564717,0.8708020864744422,315.18439934492204,1.7106418927508815,0.4415143840743302,2.503365867152144,5.509204567195996,0.41832247925569277,6.324426627414714,39.06908154020172,9.254800049978648,56.62548337336371,733.5933999852999,201.94184383456982,1292.0721729511745,67.7867110083373,15.894272015009856,97.65565557332565,0,18.29,0.0,0.0,40.25,95.44,96.43333333333334,96.52444444444444,41.47,42.3,42.745555555555555,0.0,0.0,0.0,302.9703294132448,303.0792595545574,303.32351848673915,312.893328599618,312.89586166587566,313.22733307006376,1.7127833639741457,1.7347208635787414,1.8018681853255545,5.4979613485885785,5.516562921078474,5.495242937999203,38.723532976041774,39.54480997313744,39.93454804666705,775.3149386607586,737.4526853434627,725.6993020293485,67.48054860344529,69.63711952811481,69.85904402182149,0,0,49
M-02,CNC,2026-06-18,Night,40.73,326,94.46,0,RUNNING,302.8548013704781,0.08311115220294407,303.0050561947188,312.86881510981215,0.8140074473388168,314.8806797526452,1.7692593483240018,0.40892927602305396,2.7772419374800714,5.50805788485255,0.4199227006470805,6.071056836481617,42.180629886424725,12.032862603239131,63.26779790609172,712.3429626574513,279.52382081544937,1774.318562556237,72.96479736398507,19.071174431789014,100.0,0,18.62,0.0,0.0,40.75,94.16,94.85000000000001,96.27666666666667,40.31,41.92333333333334,42.355555555555554,0.0,0.0,0.0,302.7723680692096,302.9583919562342,303.213846742864,312.78051259564717,312.83430821303,313.13947305350024,1.7106418927508815,1.7045667895489995,1.784672973166858,5.509204567195996,5.4762117623927,5.508331023966933,39.06908154020172,38.952925216613664,39.88175633653017,733.5933999852999,745.9120227504476,725.6716215773793,67.7867110083373,68.59605226592605,69.73880553925703,0,0,49
M-02,CNC,2026-06-19,Morning,41.96,336,96.47,0,RUNNING,303.03376545679816,0.0978978039250961,303.2779608496094,313.0268212688703,1.24929558433198,314.8285166183116,1.736870669524897,0.44695638211606453,2.643979378198335,5.328303244386093,0.5142717828150151,6.239100554155121,36.595195727675254,12.156639351442454,54.89162847230409,861.8836227665404,396.5090352154725,2364.335041666241,64.05353688781062,21.64451308738191,100.0,0,18.96,0.0,0.0,42.0,94.46,94.68666666666667,96.43555555555557,40.73,40.836666666666666,42.07,0.0,0.0,0.0,302.8548013704781,302.8658329509775,303.1399823362558,312.86881510981215,312.84755210169243,313.05867807485544,1.7692593483240018,1.7308948683496765,1.7677437547781114,5.50805788485255,5.5050746002123745,5.50197380001786,42.180629886424725,39.99108146755608,40.179539046478425,712.3429626574513,740.4171004345031,725.0546039145077,72.96479736398507,69.41068565858923,70.17487030110152,0,0,50
M-02,CNC,2026-06-19,Afternoon,43.95,352,94.0,0,RUNNING,303.1548108002418,0.12556196427746982,303.41527411980815,313.2963126023388,1.0514448854223195,315.384084835241,1.8573886693554158,0.3992010538418554,2.511778325446863,5.559191138758022,0.4697285928969215,6.462385357501789,39.913824408375454,9.56017438266579,63.96427351648466,727.5479369386679,171.58281132166016,1147.0711107415912,68.74609154609377,13.329900431562265,100.0,0,19.29,0.0,0.0,44.0,96.47,95.03000000000002,96.28999999999999,41.96,41.0,42.02777777777778,0.0,0.0,0.0,303.03376545679816,302.88697829882864,303.10754180339467,313.0268212688703,312.8920496581099,313.011828007656,1.736870669524897,1.7389239701999266,1.7550428004225433,5.328303244386093,5.4485218988115465,5.47153401236479,36.595195727675254,39.28163571810057,39.750453071781834,861.8836227665404,769.2733284697639,742.6833837764373,64.05353688781062,68.26834842004433,69.44239805217552,0,0,50
M-02,CNC,2026-06-19,Night,43.24,346,95.57,0,RUNNING,302.8238035581188,0.10126001765836772,303.03703231063935,312.4874596176629,0.9612544194763633,314.20130333596137,2.0152985380838033,0.4770257764937423,2.988314394436159,5.4796246674003255,0.4487818189318617,6.6206597441559385,37.831429903870756,8.946476015386455,58.16705084172242,780.9068989404561,167.75515654923777,1181.7757031047156,65.38523219905005,15.227274881212233,100.0,0,19.62,0.0,0.0,43.25,94.0,94.97666666666665,95.8311111111111,43.95,42.21333333333333,42.23333333333333,0.0,0.0,0.0,303.1548108002418,303.0144592091727,303.1104753367205,313.2963126023388,313.06398299367373,313.0428015607536,1.8573886693554158,1.7878395624014383,1.7601469788567508,5.559191138758022,5.465184089332221,5.480935723780031,39.913824408375454,39.563216674158475,39.418485770905946,727.5479369386679,767.2581741208865,748.323504089625,68.74609154609377,68.58814193262982,68.7464138507435,0,0,50
M-03,PRESS,2026-05-01,Morning,64.32,515,95.3,0,RUNNING,298.8621732534293,0.09516693914935244,299.0618420594905,308.96829085392994,1.1996781363525046,311.3911194992324,2.89757708352713,0.6635472210145328,4.228259627843082,12.147623425767106,1.16903721395233,15.122527141513544,54.459116679521905,10.561146714682543,83.50705951460867,765.5308658090121,156.74904711929207,1275.9732027032114,68.02917155279904,14.501593914970185,100.0,0,,0.0,0.0,64.375,,,,,,,,,,,,,,,,,,,,,,,,,,,,,,,0,0,1
M-03,PRESS,2026-05-01,Afternoon,64.37,515,100.0,0,RUNNING,299.11872696844597,0.07175868832847677,299.3094891842726,308.9262122830431,0.8777212608286706,310.5447418160832,2.7430393365383248,0.5439765740813878,3.833410126158269,11.920545497163044,1.2481242792479705,14.577862590988834,57.69956462122149,12.460065514840457,90.66552952060864,731.410906531702,159.61310004109953,1123.4263932155045,71.60540685568259,15.881706494603042,100.0,0,,0.0,0.0,64.375,95.3,95.3,95.3,64.32,64.32,64.32,0.0,0.0,0.0,298.8621732534293,298.8621732534293,298.8621732534293,308.96829085392994,308.96829085392994,308.96829085392994,2.89757708352713,2.89757708352713,2.89757708352713,12.147623425767106,12.147623425767106,12.147623425767106,54.459116679521905,54.459116679521905,54.459116679521905,765.5308658090121,765.5308658090121,765.5308658090121,68.02917155279904,68.02917155279904,68.02917155279904,0,0,1
M-03,PRESS,2026-05-01,Night,65.74,526,96.86,0,RUNNING,299.0382896894139,0.1863632344673645,299.2953765273067,309.2711886527036,1.0973397230374244,311.9374033517813,2.706303810782666,0.4564468559480864,3.818365769115869,12.013805668830704,0.9382014802396613,14.209140848150144,53.99888817783787,12.094932587879969,78.66069688775121,790.7563867364645,205.75561473696288,1450.2914774745016,68.48932066183157,15.665684396968436,99.91608138013832,0,,0.0,0.0,65.75,100.0,97.65,97.65,64.37,64.345,64.345,0.0,0.0,0.0,299.11872696844597,298.9904501109377,298.9904501109377,308.9262122830431,308.94725156848654,308.94725156848654,2.7430393365383248,2.8203082100327275,2.8203082100327275,11.920545497163044,12.034084461465074,12.034084461465074,57.69956462122149,56.0793406503717,56.0793406503717,731.410906531702,748.4708861703571,748.4708861703571,71.60540685568259,69.81728920424081,69.81728920424081,0,0,1
M-03,PRESS,2026-05-02,Morning,67.01,536,96.48,0,RUNNING,298.42298756697613,0.19029098505769282,298.7242679747956,308.3201902191001,1.0749887030436545,310.0681994043796,2.6861633645732614,0.623939231647135,4.300622282430447,12.099296525374765,1.008924008907337,14.327412924200257,57.07435170199045,12.305428928584734,83.36074747857464,737.6045893438544,176.87647763222972,1234.1773084701294,72.56051835815873,15.983675166451242,100.0,0,,0.0,0.0,67.0,96.86,97.38666666666666,97.38666666666666,65.74,64.81,64.81,0.0,0.0,0.0,299.0382896894139,299.00639663709643,299.00639663709643,309.2711886527036,309.0552305965589,309.0552305965589,2.706303810782666,2.78230674361604,2.78230674361604,12.013805668830704,12.027324863920285,12.027324863920285,53.99888817783787,55.38585649286042,55.38585649286042,790.7563867364645,762.5660530257261,762.5660530257261,68.48932066183157,69.37463302343774,69.37463302343774,0,0,2
M-03,PRESS,2026-05-02,Afternoon,64.49,516,95.61,0,RUNNING,298.1262924600334,0.06129208053455716,298.3016096161856,308.0785967566419,0.9886006145185193,309.9667588752586,2.592947204647314,0.519021468097874,3.4090100514882247,12.32492320900321,1.066111046674797,14.386312428296126,57.08466299512407,13.040072920553568,79.40257979483732,744.0329049300627,186.78986332043075,1241.1358631191536,73.55355380639845,16.29385697015415,99.37083029059,0,,0.0,0.0,64.5,96.48,97.77999999999999,97.16,67.01,65.70666666666666,65.36,0.0,0.0,0.0,298.42298756697613,298.86000140827866,298.86054436956636,308.3201902191001,308.8391970516156,308.8714705021942,2.6861633645732614,2.711835503964751,2.7582708988553457,12.099296525374765,12.011215897122838,12.045317779283906,57.07435170199045,56.25760150034993,55.807980295142926,737.6045893438544,753.2572942040069,756.3256871052582,72.56051835815873,70.88508195855763,70.17110435711798,0,0,2
M-03,PRESS,2026-05-02,Night,64.86,519,95.93,0,RUNNING,298.500329890797,0.18176664278136073,298.836250815589,308.59260202714665,0.9257468572912576,310.4133020516904,2.7375320057704733,0.5278377045220475,3.904160844053843,12.080417816768819,0.9136543276668588,14.30900494656272,53.984571514107394,10.839711635389106,72.64704471193352,772.4446701074969,168.3111653524931,1321.2507901922622,69.70252913338304,14.9838008701293,97.98172632071676,0,,0.0,0.0,64.875,95.61,96.31666666666666,96.85,64.49,65.74666666666667,65.186,0.0,0.0,0.0,298.1262924600334,298.52918990547454,298.7136939876597,308.0785967566419,308.5566585428152,308.7128957530837,2.592947204647314,2.6618047933344138,2.725206160013739,12.32492320900321,12.146008467736229,12.101238865227765,57.08466299512407,56.0526342916508,56.063316835139155,744.0329049300627,757.4646270034606,753.8671306702192,73.55355380639845,71.53446427546292,70.84759424697407,0,0,2
M-03,PRESS,2026-05-03,Morning,66.42,531,96.1,0,RUNNING,299.03070074444634,0.09691946094292495,299.1947977350533,309.092194307936,0.9797061110124186,310.7978339315762,2.3306690315545766,0.596584251616526,3.456309393073669,12.375928152683816,1.326503018165482,15.032099531210058,54.641566588180815,12.96737227097328,82.40381045683108,774.5036731420166,190.59136377693702,1291.1878277071671,68.57890777215933,16.123213655271215,100.0,0,,0.0,0.0,66.375,95.93,96.00666666666666,96.69666666666667,64.86,65.45333333333333,65.13166666666666,0.0,0.0,0.0,298.500329890797,298.3498699726022,298.67813330484927,308.59260202714665,308.3304630009629,308.69284679876085,2.7375320057704733,2.672214191663683,2.7272604676398617,12.080417816768819,12.16821251704893,12.097768690484608,53.984571514107394,56.04786207040731,55.716859281633866,772.4446701074969,751.3607214604714,756.9633872430987,69.70252913338304,71.93886709931341,70.65675006137558,0,0,3
M-03,PRESS,2026-05-03,Afternoon,66.43,531,95.84,0,RUNNING,299.4090107804853,0.09279415221645451,299.54472171040004,309.81092947048444,1.0840410356130166,312.062555426003,2.4377064763609035,0.6535966057545937,3.741549461419536,11.892921807878887,1.086670029613275,14.00441991668243,53.56589716708037,12.032772634824848,93.8797694553583,794.1439088586428,204.014856053834,1519.7473175851112,66.94459758999176,13.376767917512925,100.0,0,,0.0,0.0,66.375,96.1,95.88,96.61142857142856,66.42,65.25666666666666,65.31571428571428,0.0,0.0,0.0,299.03070074444634,298.5524410317589,298.7285000819346,309.092194307936,308.5877976972415,308.74989644292873,2.3306690315545766,2.553716080657455,2.670604548199107,12.375928152683816,12.260423059485282,12.137505756513066,54.641566588180815,55.23693369913743,55.563246039712,774.5036731420166,763.6604160598587,759.4691423715157,68.57890777215933,70.61166357064694,70.35991544863039,0,0,3
M-03,PRESS,2026-05-03,Night,65.15,521,92.0,0,RUNNING,299.82193045482,0.22207053140582958,300.1215220726382,310.2129015973373,0.9242294099878434,311.8430509707347,2.83007127137408,0.545316647752943,3.8235963957528543,11.87016731760403,1.0845266020522613,13.832212476571296,56.0158983911396,14.977240246862157,87.67278620786196,807.7255946921781,387.34368221643945,2467.01506477044,69.78853916185108,18.37375606182017,100.0,0,,0.0,0.0,65.125,95.84,95.95666666666666,96.515,66.43,65.90333333333332,65.455,0.0,0.0,0.0,299.4090107804853,298.98001380524283,298.8135639192534,309.81092947048444,309.165241935189,308.8825255713732,2.4377064763609035,2.501969171228651,2.641492289219331,11.892921807878887,12.11642259244384,12.106932762933793,53.56589716708037,54.0640117564562,55.313577430633046,794.1439088586428,780.3640840360522,763.8034881824065,66.94459758999176,68.40867816517805,69.93300071630057,0,0,3
M-03,PRESS,2026-05-04,Morning,66.79,534,96.69,0,RUNNING,299.9261804828431,0.0909271174224615,300.0566360958985,309.7454050077281,0.8094983319060602,311.6876501558347,2.6692823590479184,0.6214069536719553,4.149914923465791,11.99805868557139,1.1876221149142854,14.92388801639341,53.58409972973294,12.956159604298177,74.29716374645736,802.8405468646841,246.35781741831494,1483.4209859185742,67.81242573243142,16.09621116394317,93.3735102017073,0,,0.0,0.0,66.75,92.0,94.64666666666666,96.01333333333334,65.15,66.0,65.4211111111111,0.0,0.0,0.0,299.82193045482,299.42054732658386,298.9256046454275,310.2129015973373,309.70534179191924,309.03034512981367,2.83007127137408,2.53281559309652,2.6624455094587476,11.87016731760403,12.046339092722244,12.080625491230487,56.0158983911396,54.741120715466934,55.391613092911555,807.7255946921781,792.1243922309459,768.6837222390478,69.78853916185108,68.43734817466738,69.91694943247285,0,0,4
M-03,PRESS,2026-05-04,Afternoon,66.95,536,90.21,0,RUNNING,299.66519541958667,0.09373056547150463,299.8148806655294,309.7537558392953,1.0020477746719174,311.2245441178868,2.6233172281598245,0.6992063285996823,3.498400460020471,12.345198000532802,0.9889751378849784,14.046376707708738,52.106983700118015,12.973606918401158,76.59418146277093,826.7743989450285,258.1758560039235,1652.6763271417094,65.52207489303781,17.29565442729929,100.0,0,0.29,1.0,0.0,67.0,96.69,94.84333333333332,96.16777777777777,66.79,66.12333333333333,65.69555555555557,0.0,0.0,0.0,299.9261804828431,299.7190405727161,299.0438276709179,309.7454050077281,309.9230786918499,309.1166911469024,2.6692823590479184,2.6456867022609676,2.6370794289610577,11.99805868557139,11.92038260368477,12.064007186764295,53.58409972973294,54.38863176265098,55.29438898737945,802.8405468646841,801.5700168051684,772.8292423563448,67.81242573243142,68.18185416142477,69.89286656354311,1,0,4
M-03,PRESS,2026-05-04,Night,69.07,553,95.72,0,RUNNING,299.69510886658736,0.19070267567041935,300.0636941244612,309.4519617030616,1.1969362213156596,311.1963960271606,2.7146845214275874,0.5757749146368848,3.864567292377016,12.182540178896586,1.2328010515632168,15.017985227906443,53.77869415613113,13.680052006957336,83.71146598747806,807.3877005213726,223.5780239606861,1476.3184341592955,68.40636747585205,16.8214746404961,100.0,0,0.62,1.0,0.0,69.125,90.21,92.96666666666665,95.08,66.95,66.29666666666667,65.98222222222222,0.0,0.0,0.0,299.66519541958667,299.8044354524166,299.1045463877113,309.7537558392953,309.9040208147869,309.20864043093036,2.6233172281598245,2.707556952860608,2.623776972474557,12.345198000532802,12.07114133456941,12.111190798249824,52.106983700118015,53.90232727366352,54.672991107256834,826.7743989450285,812.4468468339636,783.4251859578254,65.52207489303781,67.70767992910677,69.21694078991591,1,0,4
M-03,PRESS,2026-05-05,Morning,67.16,537,93.92,0,RUNNING,299.9574102166439,0.0880548624215731,300.09264777359886,310.23899390836664,0.8262526988230839,311.8798654868198,2.6471065083209755,0.6098101219507156,3.6308446142089448,11.9161913267006,1.2996431522613074,14.230299997803945,56.42458819483744,11.473550594170188,77.50004122471874,751.8945676495651,198.31519352913364,1485.8788882602298,71.76577781828472,15.213749432976908,100.0,0,0.96,1.0,0.0,67.125,95.72,94.20666666666666,94.95333333333333,69.07,67.60333333333334,66.35222222222222,0.0,0.0,0.0,299.69510886658736,299.76216158967236,299.17752629628615,309.4519617030616,309.6503741833617,309.2287263254146,2.7146845214275874,2.6690947028784433,2.624708162546215,12.182540178896586,12.175265621666925,12.129939077146034,53.77869415613113,53.156592528660696,54.64852510484498,807.3877005213726,812.334215443695,785.2731097117041,68.40636747585205,67.24695603377376,69.20772376925152,1,0,5
M-03,PRESS,2026-05-05,Afternoon,66.19,530,93.89,0,RUNNING,300.01206350459836,0.13826544548272315,300.309840510292,310.3174827846622,0.9641046549608894,312.1021793817862,2.585235937984301,0.5967571839200638,3.5871383018716503,12.17712148955414,1.2147949920841585,14.110184749964969,55.54651672422803,12.835168339549508,83.2719951517472,760.5195248345894,178.81209843456872,1161.7791612520086,70.30087370710186,14.99298860529737,93.08437316731803,0,1.29,1.0,0.0,66.25,93.92,93.28333333333335,94.66888888888889,67.16,67.72666666666667,66.36888888888889,0.0,0.0,0.0,299.9574102166439,299.77257150093925,299.3480177018048,310.23899390836664,309.8149038169079,309.4419267353331,2.6471065083209755,2.661702752636129,2.620368511851517,11.9161913267006,12.14797650204333,12.109594055071126,56.42458819483744,54.10342201702886,54.576329159605756,751.8945676495651,795.3522223719888,786.8608850790052,71.76577781828472,68.56474006239154,69.11941926482106,1,0,5
M-03,PRESS,2026-05-05,Night,63.78,510,99.83,0,RUNNING,299.9423423489592,0.18272031583022624,300.41363261164724,309.7782825581178,0.8842136510039822,311.22020871424064,2.598274357150598,0.5830875887599541,3.9407625171086655,12.238671582300135,1.0412382007518897,14.363523393687354,54.43304225093513,12.080791016253535,77.6665166963628,779.1486563632205,216.05658006655895,1600.3063816185852,68.15879366656367,16.308644220409388,99.74452554840504,0,1.62,1.0,0.0,63.75,93.89,94.51,94.47777777777777,66.19,67.47333333333334,66.55777777777779,0.0,0.0,0.0,300.01206350459836,299.88819419594324,299.55754781786754,310.3174827846622,310.0028127986968,309.6906918495576,2.585235937984301,2.649008989244288,2.6195117044445153,12.17712148955414,12.091950998383775,12.093171641799008,55.54651672422803,55.24993302506554,54.40542401839509,760.5195248345894,773.2672643351757,788.6927317350638,70.30087370710186,70.15767300041288,68.75801036489923,1,0,5
M-03,PRESS,2026-05-06,Morning,64.63,517,96.43,0,RUNNING,299.76092249971293,0.04781364471668265,299.8769855968196,309.8330418896601,1.1179266120974025,312.6939515644427,2.827808895541681,0.7002213668650271,4.057700762335921,12.367664742174501,1.1286762680497375,14.80698322823385,52.4759672317983,12.033772966278093,78.02253761270177,803.4115099789285,215.43244251762042,1377.6395392800907,69.19976749282925,15.161536318809448,99.55093995032723,0,1.96,1.0,0.0,64.625,99.83,95.88,94.9111111111111,63.78,65.71,66.43777777777778,0.0,0.0,0.0,299.9423423489592,299.9706053567338,299.71777142433,309.7782825581178,310.11158641704884,309.82243413077657,2.598274357150598,2.610205601151958,2.6040386323756404,12.238671582300135,12.11066146618496,12.110755393524709,54.43304225093513,55.46804905666687,54.45525410026483,779.1486563632205,763.8542496157917,789.437619096811,68.15879366656367,70.07514839731675,68.58648420191929,1,0,6
M-03,PRESS,2026-05-06,Afternoon,66.7,534,96.99,0,RUNNING,299.76721836067844,0.13882055261700124,299.9731508034432,309.6681040552955,0.9896641130402485,311.1287996551282,2.5350496592599994,0.5391579012642695,3.8132673321265953,11.85310204208173,1.2356379147733378,14.911837925843953,60.42502331596064,8.44247813858536,74.45839574302647,682.854580247306,114.3783258963057,1075.8209268795438,76.50362835321093,13.553718799379258,96.7972463652916,0,0.12,2.0,0.0,66.75,96.43,96.71666666666665,94.94777777777777,64.63,64.86666666666666,66.23888888888888,0.0,0.0,0.0,299.76092249971293,299.90510945109014,299.7989071749152,309.8330418896601,309.97626907748,309.904750528746,2.827808895541681,2.6704397302255267,2.6592763950408744,12.367664742174501,12.26115260467626,12.109837236801452,52.4759672317983,54.15184206898715,54.21463194955566,803.4115099789285,781.0265637255794,792.6496009675789,69.19976749282925,69.21981162216493,68.65546861532705,1,0,6
M-03,PRESS,2026-05-06,Night,65.29,522,96.73,0,RUNNING,299.2821861006199,0.07722298246816488,299.4055798733956,309.4067120454902,0.7074098980108765,310.99284756948555,2.5516401290828026,0.5473750961990458,3.699965849915027,11.873933797373505,1.4272011399059887,14.55229913503343,58.06487706415099,12.255164836017835,93.78767260056657,726.2147602622535,163.3141998234591,1183.82437454488,73.98923507946711,14.057392120128455,100.0,0,0.46,2.0,0.0,65.25,96.99,97.75,95.07555555555555,66.7,65.03666666666666,66.2688888888889,0.0,0.0,0.0,299.76721836067844,299.82349440311685,299.8387080171589,309.6681040552955,309.75980950102445,309.88888103816936,2.5350496592599994,2.6537109706507596,2.670092304251885,11.85310204208173,12.153146122185456,12.105412818379547,60.42502331596064,55.77801093289802,54.97675707720902,682.854580247306,755.1382488631517,780.2841200107637,76.50362835321093,71.28739650420128,69.71758314457364,1,0,6
M-03,PRESS,2026-05-07,Morning,69.69,557,95.88,0,RUNNING,299.3806978070812,0.08987430708394484,299.5537494019761,309.28828952092016,1.168065558973826,312.2430998785365,2.7683564990289855,0.7317081519229813,3.864591198527525,12.088374759361134,1.3728738734670616,15.420680131193745,59.770436282700246,11.721059936569093,88.78681949532114,695.2187720475404,136.20620911926534,1103.8823562097512,75.12132297868317,14.30092612328766,100.0,0,0.79,2.0,0.0,69.625,96.73,96.71666666666665,95.60111111111111,65.29,65.54,66.28444444444445,0.0,0.0,0.0,299.2821861006199,299.60344232033714,299.7787364222478,309.4067120454902,309.63595266348193,309.79930442129745,2.5516401290828026,2.6381662279614946,2.6391555106639655,11.873933797373505,12.031566860543245,12.105831316131711,58.06487706415099,56.98862253730331,55.204421374210284,726.2147602622535,737.4936168294961,771.2273606296609,73.98923507946711,73.2308769751691,70.18432713541986,1,0,7
M-03,PRESS,2026-05-07,Afternoon,65.39,523,98.1,0,RUNNING,299.667263378986,0.09462930681464904,299.7892892065376,309.50920998868503,1.0587770673505743,311.42811889186856,2.7550430661484646,0.5595998430471418,4.088786174396706,11.95319477369919,1.1478941875173143,14.848013724033702,55.34655018104758,12.543452599408722,88.95233675008855,770.4030504282066,210.78246338594766,1463.4449636020377,71.25812959046293,15.541708849752526,100.0,0,1.12,2.0,0.0,65.375,95.88,96.53333333333335,95.51111111111112,69.69,67.22666666666667,66.60666666666665,0.0,0.0,0.0,299.3806978070812,299.4767007561265,299.718127236052,309.28828952092016,309.4543685405686,309.7485138116522,2.7683564990289855,2.6183487624572623,2.650163748439639,12.088374759361134,11.938470199605456,12.115866435441681,59.770436282700246,59.42011222093729,55.891792102317766,695.2187720475404,701.4293708523666,759.2693856499783,75.12132297868317,75.20472880378706,70.99642682944784,1,0,7
M-03,PRESS,2026-05-07,Night,67.16,537,98.37,0,RUNNING,299.93157045873295,0.09507242763528456,300.09502558503743,309.9164969143425,0.9048281435254306,311.54621861195847,2.602564278684347,0.5866676344411299,4.208063041831507,12.121104277764,1.0085706868039679,14.330906662543423,54.66091041313298,9.738317176705054,70.56612742870064,760.9976680262209,169.4756068864965,1416.365567640284,69.40020512651697,13.939878355863435,93.91953009927582,0,1.46,2.0,0.0,67.125,98.1,96.90333333333332,96.38777777777779,65.39,66.79,66.43333333333334,0.0,0.0,0.0,299.667263378986,299.44338242889575,299.7183570093186,309.50920998868503,309.40140385169843,309.72134205047325,2.7550430661484646,2.691679898086751,2.6647999526605997,11.95319477369919,11.971834443477944,12.072310521349058,55.34655018104758,57.72728784263294,56.25174393353216,770.4030504282066,730.6121942460003,753.0059024814425,71.25812959046293,73.4562292162044,71.63376624027285,1,0,7
M-03,PRESS,2026-05-08,Morning,66.25,530,93.71,0,RUNNING,299.7549267583831,0.08988381529178369,299.93502991731714,309.709262203174,1.0570801596538777,311.4666187752593,2.628204075684583,0.6415414291124594,3.908096528907687,11.783889766164249,1.0426714979767129,14.735673501113004,52.94889780626671,11.745782541035517,77.23796017362282,802.1479196319273,227.30251494814513,1762.9060083302925,68.08905756620227,15.84718421961182,93.0423515855888,0,1.79,2.0,0.0,66.25,98.37,97.45,96.68222222222222,67.16,67.41333333333333,66.22111111111111,0.0,0.0,0.0,299.93157045873295,299.6598438816,299.74463051955695,309.9164969143425,309.5713321413159,309.7729570739489,2.602564278684347,2.708654614620599,2.6523421479113503,12.121104277764,12.054224603608107,12.065484310112105,54.66091041313298,56.59263229229361,56.34976796208793,760.9976680262209,742.2064968339893,747.8514544264257,69.40020512651697,71.92655256522102,71.74419264590229,1,0,8
M-03,PRESS,2026-05-08,Afternoon,68.19,545,93.71,0,RUNNING,299.9301518936012,0.1075459080072713,300.10832058994686,309.80845120788683,0.7806293469522885,311.05489544943083,2.6427723902453057,0.6054316303322794,4.18520275450617,11.863340897132815,1.2117790467709817,14.059706106899544,49.20943673265905,13.170524058749564,70.65658597396045,899.0232390153232,338.66622953772344,1932.314168915528,63.54783637894244,17.10126602089008,95.1591731843512,0,0.25,3.0,0.0,68.125,93.71,96.72666666666667,96.6588888888889,66.25,66.26666666666667,66.12,0.0,0.0,0.0,299.7549267583831,299.7845868653673,299.722132357528,309.709262203174,309.7116563687338,309.71409799559416,2.628204075684583,2.6619371401724647,2.6502418776184182,11.783889766164249,11.952729605875811,12.050784136719177,52.94889780626671,54.318786133482426,55.96358014113562,802.1479196319273,777.849546028785,753.4351602022438,68.08905756620227,69.58246409439406,71.3356681734487,1,0,8
M-03,PRESS,2026-05-08,Night,65.59,525,94.49,0,RUNNING,299.67052884809647,0.09719619068174615,299.85239065480545,309.41848378410185,1.188333198643903,311.3431684672649,2.4448472886405,0.7039973476082148,4.374563357372919,11.722618687232329,1.3731387969155542,14.317992331936516,53.31653463885094,11.54000826955909,82.44410195965224,804.8862450418163,202.03083732651268,1528.5888584703223,67.78044695121342,14.833264626801613,100.0,0,0.58,3.0,0.0,65.625,93.71,95.26333333333332,96.63888888888889,68.19,67.2,66.34222222222222,0.0,0.0,0.0,299.9301518936012,299.8722163702391,299.7130310674172,309.80845120788683,309.81140344180113,309.657538931508,2.6427723902453057,2.6245135815380785,2.6566348167585296,11.863340897132815,11.92277831368702,12.01591962645014,49.20943673265905,52.273081650686244,55.2594601420724,899.0232390153232,820.7229422244905,768.8244617778807,63.54783637894244,67.01236635722056,70.58533069254207,1,0,8
M-03,PRESS,2026-05-09,Morning,64.87,519,96.66,0,RUNNING,299.66023636667575,0.094487859117447,299.8184520086624,309.8139415338916,0.9379790616811052,311.541883555898,2.5172453422431484,0.5665665399239064,3.90892841695756,12.048886840130246,0.8684746218300782,13.97638641052121,54.266664882040885,11.707444444002357,77.54194160319457,770.6546302179994,197.90719224429785,1489.804341492,69.72297353766982,15.578775699328691,100.0,0,0.92,3.0,0.0,64.875,94.49,93.96999999999998,96.04555555555555,65.59,66.67666666666666,66.54333333333334,0.0,0.0,0.0,299.67052884809647,299.78520250002686,299.6828295673214,309.41848378410185,309.6453990650543,309.6175612899507,2.4448472886405,2.5719412515234628,2.639587364701852,11.722618687232329,11.789949783509797,11.958580415887049,53.31653463885094,51.824956392592235,55.135403740729714,804.8862450418163,835.3524678963555,771.6841938532804,67.78044695121342,66.47244696545272,70.54329216861429,1,0,9
M-03,PRESS,2026-05-09,Afternoon,65.63,525,96.84,0,RUNNING,299.3101147517937,0.1091954242951753,299.5553589986812,309.19005256557307,0.8035608625060392,311.00040271643155,2.756508641070503,0.5107168334410028,3.6407611637226207,11.905604662210887,1.064740781548384,13.822260274958184,53.43791295132775,12.950166738010758,85.13733195415776,796.7954516522,207.7865737007938,1476.7362649621502,67.3566799832622,17.419536052643398,100.0,0,1.25,3.0,0.0,65.625,96.66,94.95333333333333,96.07111111111111,64.87,66.21666666666667,66.57,0.0,0.0,0.0,299.66023636667575,299.75363903612447,299.6716422192061,309.8139415338916,309.68029217529346,309.61543902819864,2.5172453422431484,2.534955007042985,2.6050803032242373,12.048886840130246,11.878282141498465,11.923160648993244,54.266664882040885,52.26421208451696,55.33437014631223,770.6546302179994,824.8547047583796,768.0445405465103,69.72297353766982,67.01708562260856,70.60142617359656,1,0,9
M-03,PRESS,2026-05-09,Night,68.15,545,96.91,0,RUNNING,299.312698148331,0.06850559786906685,299.44790073237994,309.303310210124,0.9789902569376139,311.13599913091684,2.7293246963905524,0.5679590650742744,3.941884525769731,12.001646998215616,1.0771663751150347,14.342224732770006,54.3676005788136,14.070345223417133,87.67899691887827,795.0225874493705,228.704276078273,1341.6300287441031,69.71759449097856,17.513228324445848,100.0,0,1.58,3.0,0.0,68.125,96.84,95.99666666666667,96.05444444444444,65.63,65.36333333333333,66.45111111111112,0.0,0.0,0.0,299.3101147517937,299.54695998885535,299.62085292933006,309.19005256557307,309.47415929452217,309.56232219600724,2.756508641070503,2.572867090651384,2.629686856758738,11.905604662210887,11.892370063191153,11.928994273452039,53.43791295132775,53.673704157406526,54.55802455024191,796.7954516522,790.7787756373385,780.7046373692764,67.3566799832622,68.28670015738182,69.5850985769356,1,0,9
M-03,PRESS,2026-05-10,Morning,64.52,516,97.93,0,RUNNING,299.4311136087056,0.1556280421623003,299.74232125660944,309.5496837875875,1.1663418184300292,311.88036114705415,2.6188865759819824,0.48502648483117083,3.698923957826572,12.176279023696306,1.1843363681934564,14.452288786076624,56.90103390310477,14.971583172424038,89.37315604302276,769.8669889898956,292.3519999785744,2056.206453477892,72.29521073763605,18.60577041133294,100.0,0,1.92,3.0,0.0,64.5,96.91,96.80333333333333,96.07444444444444,68.15,66.21666666666667,66.76888888888888,0.0,0.0,0.0,299.312698148331,299.4276830889335,299.6242431568535,309.303310210124,309.43576810319615,309.5508331031887,2.7293246963905524,2.667692893234735,2.6494295864595987,12.001646998215616,11.985379500185582,11.943184629101161,54.3676005788136,54.024059470727416,54.147216051871084,795.0225874493705,787.4908897731899,788.3499515011782,69.71759449097856,68.93241600397019,69.1104718448813,1,0,10
M-03,PRESS,2026-05-10,Afternoon,67.32,539,93.54,0,RUNNING,299.72952980490066,0.08086179944142419,299.9124504353516,309.83966925115806,0.8896586776831731,311.7319465203996,2.749866687991058,0.5671721104232657,3.9120316767265777,11.7349284708385,1.1586630588860205,14.21237390210984,53.21700770201815,14.043917226215196,85.90502396476037,811.9865430335094,228.95087771653078,1493.7317786409417,68.6230322986384,16.609408516539432,100.0,0,2.25,3.0,0.0,67.375,97.93,97.22666666666667,96.30222222222223,64.52,66.10000000000001,66.19444444444444,0.0,0.0,0.0,299.4311136087056,299.35130883627676,299.62984491258953,309.5496837875875,309.34768218776156,309.5798769105962,2.6188865759819824,2.7015733044810126,2.6328218172321542,12.176279023696306,12.027843561374269,11.952951769582848,56.90103390310477,54.9021824777487,53.828393565249364,769.8669889898956,787.2283426971553,796.6441978281067,72.29521073763605,69.78982840395894,68.79645937365385,1,0,10
M-03,PRESS,2026-05-10,Night,66.16,529,97.4,0,RUNNING,299.7104120901451,0.11694599164074974,299.8970189212557,309.47007274181897,0.8544025456098608,311.0340456727652,2.795443263106543,0.5470100363627877,4.584226575307107,12.521015755543068,1.2625703028919244,14.99416309430154,54.6502057863835,13.254395891972464,76.13196143247069,793.1876389158505,270.92004771925957,1632.696684789115,70.44668818213721,16.821453074370833,100.0,0,2.58,3.0,0.0,66.125,93.54,96.12666666666667,95.79555555555555,67.32,66.66333333333334,66.40888888888888,0.0,0.0,0.0,299.72952980490066,299.49111385397913,299.63676340435785,309.83966925115806,309.5642210829565,309.6165946064266,2.749866687991058,2.699359320121198,2.632246664103553,11.7349284708385,11.970951497583476,11.928699958153882,53.21700770201815,54.82854739464551,53.591777734246094,811.9865430335094,792.2920398242585,801.2645858953625,68.6230322986384,70.21194584241766,68.50367078567335,1,0,10
M-03,PRESS,2026-05-11,Morning,64.42,515,98.75,0,RUNNING,299.44487402892645,0.254478362627451,299.79985629789365,309.81405308172157,1.0596130743522514,311.90825379263816,2.595827089072262,0.5207296480565043,3.399503296535743,11.80633861878017,1.0681937532825834,13.903814333307547,56.51243897476219,9.109330417666788,76.0253663645834,731.3476741328944,139.4923435218867,1251.8340820954704,71.9485058339935,14.017633458824147,100.0,0,2.92,3.0,0.0,64.375,97.4,96.29,95.68777777777778,66.16,66.0,66.29777777777777,0.0,0.0,0.0,299.7104120901451,299.62368516791713,299.6121902522925,309.47007274181897,309.61980859352155,309.5669919205907,2.795443263106543,2.7213988423598607,2.653677662372686,12.521015755543068,12.144074416692625,11.973134566796002,54.6502057863835,54.92274913050213,53.59058833127393,793.1876389158505,791.6803903130852,804.8412493275436,70.44668818213721,70.45497707280389,68.61994668074226,1,0,11
M-03,PRESS,2026-05-11,Afternoon,64.71,518,96.25,0,RUNNING,299.49640397452055,0.17183553047834946,299.8534017821153,309.5325303069109,0.8915793517046217,311.432691544608,2.6592567979109387,0.5334040147970395,3.4500522863368026,11.965397099965767,0.9068251012977036,13.62425945402006,59.272656204905175,9.987170355882846,85.25611653237564,693.1750839960242,111.56311682589168,987.2388594334424,75.43779795435394,11.7391153106823,100.0,0,3.25,2.0,0.0,64.75,98.75,96.56333333333335,96.24777777777778,64.42,65.96666666666667,66.09444444444443,0.0,0.0,0.0,299.44487402892645,299.62827197465737,299.5777399490196,309.81405308172157,309.7079316915662,309.57863535154036,2.595827089072262,2.7137123467232875,2.6500802194157616,11.80633861878017,12.020760948387247,11.975628883753327,56.51243897476219,54.79321748772128,53.98653734999564,731.3476741328944,778.8406186940847,796.9745553832066,71.9485058339935,70.3394087715897,69.0487742660524,1,0,11
M-03,PRESS,2026-05-11,Night,64.66,517,96.03,0,RUNNING,299.5957999676048,0.1240377409503718,299.8734732033884,309.8613943256051,0.8896889515750422,311.60732449150424,2.672035926110118,0.5697894221421828,3.974208104527434,12.019096318315704,1.241443420384398,14.457851644563492,54.0337581004011,9.449881411130045,74.80328822005988,764.8286361544373,133.63154456778278,1125.1507595116411,68.28186986197856,12.757136207922304,100.0,0,3.58,2.0,0.0,64.625,96.25,97.46666666666665,96.53,64.71,65.09666666666665,65.70777777777778,0.0,0.0,0.0,299.49640397452055,299.55056336453066,299.52954573578836,309.5325303069109,309.60555204348384,309.5479774736542,2.6592567979109387,2.683509050029914,2.6519118202674985,11.965397099965767,12.097583824763001,11.986968461845876,59.272656204905175,56.81176698868362,55.10467284691188,693.1750839960242,739.2367990149231,774.10253815884,75.43779795435394,72.61099732349487,70.3698811077648,1,0,11
M-03,PRESS,2026-05-12,Morning,62.86,503,93.12,0,RUNNING,299.59650141304286,0.08903215254489452,299.74450356263003,309.80843276687887,0.9431066383110018,312.3389701112872,2.5874332565216247,0.5961715399317155,3.896811409630715,12.18075831941003,1.1180982586590398,14.701091368756988,52.983848881311395,12.452426507004969,83.63654849071588,798.2236457952748,205.30448924387701,1398.0995282058173,65.70546789215204,16.886528648443193,100.0,0,3.92,2.0,0.0,62.875,96.03,97.00999999999999,96.70111111111112,64.66,64.59666666666668,65.60444444444444,0.0,0.0,0.0,299.5957999676048,299.51235932368394,299.52124252684484,309.8613943256051,309.7359925714125,309.5971897560434,2.672035926110118,2.642373271031106,2.677155002208567,12.019096318315704,11.930277345687214,12.01991042085514,54.0337581004011,56.606284426689484,55.18436434263968,764.8286361544373,729.783798094452,769.651692726909,68.28186986197856,71.88939121677534,70.42559476451646,1,0,12
M-03,PRESS,2026-05-12,Afternoon,68.11,545,94.31,0,RUNNING,299.4188942620669,0.0648750546239532,299.52692039963733,309.24280393172427,0.9009860177600209,311.04518000682924,2.7690177624802996,0.8166804910353999,4.705560735002274,11.809386037625838,1.0019750373617864,14.041254339457874,54.554411750885606,12.027071459287518,74.32180616432487,775.7575066997716,203.21013256727088,1342.28777416224,69.63241874463556,15.289128415882109,95.62244910792508,0,4.25,2.0,0.0,68.125,93.12,95.13333333333333,96.30777777777779,62.86,64.07666666666667,65.38111111111111,0.0,0.0,0.0,299.59650141304286,299.56290178505606,299.51416086533004,309.80843276687887,309.7341191331316,309.5965776708198,2.5874332565216247,2.6395753268475604,2.6849536593506205,12.18075831941003,12.055083912563832,12.034562807441782,52.983848881311395,55.43008772887256,55.04182923144751,798.2236457952748,752.0757886485789,772.7149166799396,65.70546789215204,69.80837856949485,69.97920524834782,1,0,12
M-03,PRESS,2026-05-12,Night,63.07,505,91.69,0,RUNNING,299.3846890672122,0.08979472713852406,299.5624577291564,309.67707234755346,1.0220391941869635,311.8983728345898,2.714978373691946,0.5384058717438147,3.855107838193997,12.026381805938717,1.231792358200655,14.585991787507322,55.22721555128789,12.115186689803762,79.44334844899194,769.7210689879676,217.0944416052905,1519.8010733867068,70.8000397876134,16.32248484319443,100.0,0,4.58,2.0,0.0,63.125,94.31,94.48666666666668,96.02666666666667,68.11,65.21,65.65666666666667,0.0,0.0,0.0,299.4188942620669,299.5370652142382,299.5262474775826,309.24280393172427,309.63754367473604,309.6024389337255,2.7690177624802996,2.6761623150373475,2.6863435617294864,11.809386037625838,12.00308022511719,12.023871849154554,54.554411750885606,53.857339577532706,55.16588465362061,775.7575066997716,779.6032628831613,770.3773672407809,69.63241874463556,67.8732521662554,70.23206511072266,1,0,12
M-03,PRESS,2026-05-13,Morning,63.75,510,93.35,0,RUNNING,299.7066973572261,0.18785770143806546,299.9609660762315,309.63894639256347,0.933047529398661,311.02643771389324,2.7333007056154397,0.57911402098157,3.6842177874819138,11.956871976445553,1.1222813402812395,14.574016182731429,58.308768077359645,16.852452438304425,92.90825545771352,743.173269777082,206.60119885874178,1242.2483219937026,71.83456616744019,19.119315077202742,100.0,0,4.92,2.0,0.0,63.75,91.69,93.04,95.44666666666667,63.07,64.67999999999999,65.09222222222223,0.0,0.0,0.0,299.3846890672122,299.46669491410734,299.53424646856945,309.67707234755346,309.5761030153855,309.64396806010654,2.714978373691946,2.69047646423129,2.6847495258740857,12.026381805938717,12.005508720991529,12.02662016112379,55.22721555128789,54.2551587278283,55.26139742833997,769.7210689879676,781.2340738276713,767.5660874117361,70.8000397876134,68.712642141467,70.35233681034875,1,0,13
M-03,PRESS,2026-05-13,Afternoon,68.2,546,98.02,0,RUNNING,300.2170039231711,0.23843359560645375,300.5376154799064,310.22575699219607,0.8063590747719294,311.76034238764043,2.7165047572341385,0.674940508524773,4.1624616270000425,12.12578456840652,1.0749253999378234,15.57804285619784,53.64896587076279,11.741600685676149,77.04231440520627,795.7601354807722,244.5656525192454,1707.9454668497456,67.65377791842964,15.535598319810859,95.57529439771434,0,5.25,1.0,0.0,68.25,93.35,93.11666666666667,94.93777777777778,63.75,64.97666666666667,65.00666666666667,0.0,0.0,0.0,299.7066973572261,299.5034268955017,299.56486688507175,309.63894639256347,309.5196075572804,309.6538861273261,2.7333007056154397,2.739098947262562,2.69746220694447,11.956871976445553,11.93087994000337,12.00224160031815,58.308768077359645,56.03013179317771,55.417812336590515,743.173269777082,762.8839484882737,764.6001186103125,71.83456616744019,70.75567489989639,70.30115408032697,1,0,13
M-03,PRESS,2026-05-13,Night,63.66,509,100.0,0,RUNNING,300.59640244421996,0.12963684890707772,300.82661034939406,310.92546383338475,1.0103205589449422,313.54114868917753,2.640211624884693,0.6245666431350174,4.209325173498129,12.261255158235759,1.229364373196849,14.742280555172062,56.41922436802704,13.270033493083643,79.69001823133017,759.0328419244493,245.37929225234956,1703.6008272949043,70.52553771858724,18.04345809473302,100.0,0,5.58,1.0,0.0,63.625,98.02,94.35333333333334,95.43555555555557,68.2,65.00666666666667,65.10444444444444,0.0,0.0,0.0,300.2170039231711,299.7694634492031,299.61903067599064,310.22575699219607,309.8472585774377,309.6967847652192,2.7165047572341385,2.721594612180508,2.693755325749257,12.12578456840652,12.036346116930263,12.045670055603486,53.64896587076279,55.72831649980344,55.46580768867325,795.7601354807722,769.551491415274,762.797184437786,67.65377791842964,70.09612795782773,70.19345914919268,1,0,13
M-03,PRESS,2026-05-14,Morning,66.91,535,95.35,0,RUNNING,300.4974989203458,0.08421194338104923,300.65209696988006,310.59586888519834,0.966620417870538,313.4188508125808,2.606324523841684,0.5624410587136155,3.431914461625759,12.183927229228493,1.14217212482372,14.529615518744084,54.75942120057544,12.767343233363762,78.60497134899775,799.7793589347059,353.0532568765935,2568.806823031803,68.95704797601186,16.500688507148933,98.9977254631358,0,5.92,1.0,0.0,66.875,100.0,97.12333333333333,95.72444444444444,63.66,65.20333333333333,64.82666666666667,0.0,0.0,0.0,300.59640244421996,300.1733679082057,299.7174740486657,310.92546383338475,310.26338907271474,309.8584948865043,2.640211624884693,2.69667236257809,2.676507365946829,12.261255158235759,12.114637234362611,12.016807767013784,56.41922436802704,56.125652772049826,55.66236530885587,759.0328419244493,765.9887490607679,759.0022069942971,70.52553771858724,70.00462726815236,70.20222020879822,1,0,14
M-03,PRESS,2026-05-14,Afternoon,60.13,481,100.0,0,RUNNING,300.67226489709566,0.07044112089245687,300.78836135759485,310.70633935262265,0.867632461285317,312.8430753177362,2.5965343297351318,0.5317845262464782,3.922881001473171,12.12857992706299,1.0202476463456465,14.68187814389132,51.774219583549254,13.175312382835603,78.83340299628836,828.6801283918146,217.04918577889984,1297.1621830556774,63.80671992785522,18.046424214860966,100.0,0,6.25,1.0,0.0,60.125,95.35,97.79,95.34666666666665,66.91,66.25666666666667,65.10333333333332,0.0,0.0,0.0,300.4974989203458,300.4369684292456,299.83443236993446,310.59586888519834,310.58236323692637,309.9453633091128,2.606324523841684,2.654346968653505,2.677673747587876,12.183927229228493,12.190322318623592,12.058762057063596,54.75942120057544,54.942537146455095,55.46758555616845,799.7793589347059,784.8574454466425,766.6057275278316,68.95704797601186,69.04545453767625,69.86983600235583,1,0,14
M-03,PRESS,2026-05-14,Night,62.29,498,92.71,0,RUNNING,300.5327225545194,0.07009441942181956,300.7088100179432,310.4867549194527,0.9656740093069257,311.95016621312783,2.7416693435915453,0.5921344545822943,3.7277028529527314,12.444931423835945,1.147069720987579,15.524904535438164,55.945953931711784,9.562291061493973,84.96000239981804,728.8290151176005,110.30129716718689,914.6373526199726,71.87527769519382,10.974784475029486,100.0,0,6.58,1.0,0.0,62.25,100.0,98.45,95.76333333333332,60.13,63.56666666666666,64.59444444444445,0.0,0.0,0.0,300.67226489709566,300.58872208722045,299.9650835835539,310.70633935262265,310.74255735706856,310.0757865364141,2.5965343297351318,2.6143568261538364,2.670704584457231,12.12857992706299,12.191254104842415,12.076893482296622,51.774219583549254,54.31762171738391,54.634425931573354,828.6801283918146,795.8307764169899,781.6618435718084,63.80671992785522,67.76310187415145,68.57749399941152,1,0,14
M-03,PRESS,2026-05-15,Morning,66.99,536,100.0,0,RUNNING,300.5908530879414,0.08941149173621125,300.71661287061545,310.63652481243395,1.0169407065430631,312.65234146491616,2.6507419222935016,0.4682254617221393,3.624128997831419,12.054693068931323,1.2444871166441303,14.368184197896031,55.99650793872988,12.46367385540172,89.93367319927677,751.5064495110965,189.16810355064635,1421.6265896667978,70.42441873570996,15.74938548444648,100.0,0,6.92,1.0,0.0,67.0,92.71,96.02,95.39444444444445,62.29,63.10999999999999,64.33111111111111,0.0,0.0,0.0,300.5327225545194,300.56749545732026,300.0691860932111,310.4867549194527,310.59632105242457,310.14527104684163,2.7416693435915453,2.648176065722787,2.678441630844056,12.444931423835945,12.252479526709143,12.124208494021095,55.945953931711784,54.15986490527882,54.846892135052315,728.8290151176005,785.7628341480404,777.6618856788266,71.87527769519382,68.21301519968696,68.97676153643543,1,0,15
M-03,PRESS,2026-05-15,Afternoon,67.7,542,97.13,0,RUNNING,300.69479299933965,0.10330111598274513,300.94524561854644,310.5666969241733,0.9607622630157822,312.5172266823868,2.5678674591521435,0.5519232410510937,3.71616378893773,12.185924454913101,1.3054776417918015,14.836844119785766,54.97022022275187,12.1543940105309,81.4541842568229,773.5944493378688,183.112168103026,1238.7078756101212,68.69211690995999,16.841170858017506,100.0,0,7.25,0.0,0.0,67.75,100.0,97.57,96.15888888888888,66.99,63.13666666666666,64.79,0.0,0.0,0.0,300.5908530879414,300.5986135131855,300.17966961264426,310.63652481243395,310.6098730281697,310.2372812741255,2.6507419222935016,2.6629818652067265,2.6854759270409314,12.054693068931323,12.20940147327675,12.110201243967904,55.99650793872988,54.57222715133031,55.18163203032103,751.5064495110965,769.6718643401706,772.4710860916956,70.42441873570996,68.702138786253,69.50108940794188,0,0,15
M-03,PRESS,2026-05-15,Night,66.16,529,97.71,0,RUNNING,301.1438297196142,0.07188066647798635,301.2749350338614,311.19062446724166,1.3126872569428278,314.24678905252966,2.5324585219756854,0.651909922920435,3.72462056141528,12.00033498284301,1.1816982409642924,14.099496578102713,56.85567595987127,13.902727732894203,88.13240905024759,752.0527474995476,190.510102239669,1180.616737476242,71.3296437757548,17.945860594960337,100.0,0,7.58,0.0,0.0,66.125,97.13,96.61333333333333,96.47222222222223,67.7,65.66000000000001,64.74444444444445,0.0,0.0,0.0,300.69479299933965,300.60612288060014,300.321436139008,310.5666969241733,310.56332555202,310.38438049550876,2.5678674591521435,2.6534262416790635,2.6631258933378024,12.185924454913101,12.228516315893456,12.152038845888711,54.97022022275187,55.637560697731175,55.227832971639515,773.5944493378688,751.3099713221886,772.2307463848175,68.69211690995999,70.33060444695458,69.39661142631127,0,0,15
M-03,PRESS,2026-05-16,Morning,66.48,532,96.56,0,RUNNING,301.4369479685673,0.1560971403840166,301.6508842161478,311.3036444007786,1.2311295187577098,313.5703340643992,2.5242272394008123,0.6335439521812581,4.227440698851454,12.212186974658387,1.023690296725558,14.34682517567184,53.51243314388802,11.447124503316875,74.83155944057474,784.2442738578216,178.05937691086396,1228.0151075287165,68.53596771864262,15.444619358219418,95.39543274036603,0,7.92,0.0,0.0,66.5,97.71,98.27999999999999,97.14111111111112,66.16,66.94999999999999,65.08777777777777,0.0,0.0,0.0,301.1438297196142,300.8098252689651,300.516896211497,311.19062446724166,310.7979487346163,310.55255295325185,2.5324585219756854,2.583689301140444,2.642845909813774,12.00033498284301,12.080317502229144,12.149144754433634,56.85567595987127,55.940801373784346,55.40877301703766,752.0527474995476,759.0512154495042,770.2675995527709,71.3296437757548,70.14872647380825,69.45545631388252,0,0,16
M-03,PRESS,2026-05-16,Afternoon,65.2,522,95.87,0,RUNNING,301.53002272526714,0.10531109983800592,301.6973105007161,311.5778782530308,0.9583856496970808,313.67840011054216,2.7481832351530406,0.6208593506074671,4.401280895199326,12.086429100448083,1.0207715368441306,14.2014556475922,58.814725827059135,13.24367630828574,85.9271004333967,726.657414224193,178.4686814459703,1124.3519518354017,75.24808420050836,17.002896080044767,100.0,0,8.25,0.0,0.0,65.25,96.56,97.13333333333333,97.49777777777778,66.48,66.78,65.39111111111112,0.0,0.0,0.0,301.4369479685673,301.0918568958404,300.70914627942386,311.3036444007786,311.0203219307312,310.73751939860915,2.5242272394008123,2.541517740176214,2.6196155246788155,12.212186974658387,12.132815470804834,12.177513087568393,53.51243314388802,55.11277644217038,54.8758469133186,784.2442738578216,769.9638235650795,774.8310444506309,68.53596771864262,69.51924280145248,69.08894537512725,0,0,16
M-03,PRESS,2026-05-16,Night,63.53,508,95.44,0,RUNNING,301.81913898305373,0.09948792598015015,301.95935732983827,311.9987740846887,0.9084609991966561,313.85598944646125,2.7000481320675727,0.7580669627693409,4.12646439194278,12.14297923780208,1.2193637476649164,15.363981026459596,53.995685466724716,12.757984126963812,84.51630829952998,791.4604936126433,209.04574839278052,1419.5703174890664,69.94493070589006,15.029589142010462,100.0,0,8.58,0.0,0.0,63.5,95.87,96.71333333333332,97.25888888888888,65.2,65.94666666666666,65.05777777777777,0.0,0.0,0.0,301.53002272526714,301.3702668044829,300.8550372574345,311.5778782530308,311.3573823736837,310.8877550942574,2.7481832351530406,2.6016229988431796,2.623135355558693,12.086429100448083,12.099650352649826,12.173140257795232,58.814725827059135,56.39427831027282,55.44982024179597,726.657414224193,754.3181451938541,767.1529643110109,75.24808420050836,71.70456523163527,69.9327571842471,0,0,16
M-03,PRESS,2026-05-17,Morning,61.7,494,95.8,0,RUNNING,301.6156455066282,0.10889811385964679,301.82136513826,311.66775450933335,1.1111248855162743,313.8065924247408,2.383922470721675,0.6393077794305616,3.558353278475592,12.432672582629273,1.1112743454858438,14.95431246154994,56.549831572052845,11.547236565330858,84.58894783192059,739.8322971559083,159.66523020806173,1199.677090484388,73.56794569283423,14.485313948860034,100.0,0,8.92,0.0,0.0,61.75,95.44,95.95666666666666,96.75222222222222,63.53,65.07000000000001,65.04333333333334,0.0,0.0,0.0,301.81913898305373,301.5953698922961,300.9908968728605,311.9987740846887,311.62676557949936,311.00701178884674,2.7000481320675727,2.6574862022071417,2.6297838563567906,12.14297923780208,12.147198437636183,12.159998488858157,53.995685466724716,55.44094814589062,55.18053814165126,791.4604936126433,767.4540605648859,770.7560367208102,69.94493070589006,71.24299420834701,69.86824529394741,0,0,17
M-03,PRESS,2026-05-17,Afternoon,63.07,505,93.79,0,RUNNING,301.4818743646363,0.08158997973272882,301.6194386449006,311.40308910790145,0.951223089929101,313.6533065561049,2.7761228840640153,0.5861712955048963,3.766458755493512,12.168954672229082,1.435610883160227,14.922383928586193,53.47691522639989,11.093155424922381,75.24804380276859,804.8792766206293,305.2511212102715,2309.739774002029,68.68247308117148,15.123030753437309,95.64256435267956,0,9.25,0.0,0.0,63.125,95.8,95.70333333333333,96.80222222222223,61.7,63.47666666666667,64.46444444444444,0.0,0.0,0.0,301.6156455066282,301.6549357383164,301.1151353824474,311.66775450933335,311.74813561568425,311.1261101915284,2.383922470721675,2.610717945980763,2.605072517121234,12.432672582629273,12.220693640293144,12.187636861458243,56.549831572052845,56.45341428861224,55.37947262737097,739.8322971559083,752.6500683309149,764.0952520787216,73.56794569283423,72.92032019974421,70.38056726248323,0,0,17
M-03,PRESS,2026-05-17,Night,65.35,523,98.78,0,RUNNING,301.6014739090527,0.17204334969456103,301.87749694812186,311.63302606402516,1.0107229369142603,314.09899035830915,2.6244654661446782,0.5081617552591143,3.7183668934350935,12.03750995892052,1.0648384194434148,14.310821979636732,52.48890896234171,11.068312536089374,78.58915480682724,803.4644287439078,204.9148628503,1543.6850950513538,67.58687361649889,15.962063249952056,100.0,0,9.58,0.0,0.0,65.375,93.79,95.01,96.11222222222221,63.07,62.76666666666667,64.7911111111111,0.0,0.0,0.0,301.4818743646363,301.63888628477275,301.20509198995194,311.40308910790145,311.6898725673079,311.20352683100384,2.7761228840640153,2.620031162284421,2.6250268009355544,12.168954672229082,12.248202164220146,12.192122944254477,53.47691522639989,54.67414408839249,55.568661032132155,804.8792766206293,778.7240224630604,761.4507129930342,68.68247308117148,70.73178315996526,70.92231761285171,0,0,17
M-03,PRESS,2026-05-18,Morning,66.79,534,92.86,0,RUNNING,301.6004170546373,0.1437565527090986,301.79659371955296,311.44585549581694,1.0631885550276166,314.4314905001742,2.479316682522963,0.6346959194777418,3.7538405282577,12.118638557450241,1.0135212980291637,14.126804931264536,55.595069185402,11.573449577962288,79.15449840748659,758.5011294736822,205.0097452947458,1563.0078435585406,69.18955071701089,15.150300504828774,100.0,0,9.92,0.0,0.0,66.75,98.78,96.12333333333333,96.78666666666668,65.35,63.373333333333335,65.13111111111112,0.0,0.0,0.0,301.6014739090527,301.56633126010576,301.3238421404556,311.63302606402516,311.56795656042,311.3308902915119,2.6244654661446782,2.594836940310123,2.612004147885903,12.03750995892052,12.213045737926292,12.146853892597205,52.48890896234171,54.17188525359814,55.18454492442437,803.4644287439078,782.7253341734818,769.7435367292906,67.58687361649889,69.9457641301682,70.44582827077448,0,0,18
M-03,PRESS,2026-05-18,Afternoon,63.07,505,97.88,0,RUNNING,301.4725200125155,0.05077218587176656,301.55053779065105,311.3972491949588,0.9863121908978248,313.3219927951358,2.506634775554009,0.47039227194877553,3.562990809604396,11.825514356400815,1.2738626035673803,14.160688088907785,55.58527223746163,12.655734551587301,83.4860226185983,757.5593002613093,172.93301631479324,1119.4381716365804,69.19203031999001,16.82410279038811,100.0,0,10.25,0.0,0.0,63.125,92.86,95.14333333333333,95.99333333333334,66.79,65.07000000000001,65.10888888888888,0.0,0.0,0.0,301.6004170546373,301.56125510944213,301.43601591453296,311.44585549581694,311.4939902225812,311.4208159229989,2.479316682522963,2.6266350109105523,2.5929568990225094,12.118638557450241,12.10836772953328,12.153958946877086,55.595069185402,53.85363112471453,55.139940618499054,758.5011294736822,788.9482782794065,770.5207233918002,69.18955071701089,68.48629913822708,70.30862071314125,0,0,18
M-03,PRESS,2026-05-18,Night,63.08,505,95.55,0,RUNNING,301.7351069230047,0.09548193451451517,301.88240500549824,311.51367948918704,1.0528335172679268,313.8649070487445,2.499306836472513,0.5523017849815582,3.735182495990894,11.797538904109434,1.3822924657612436,14.917730450197038,51.92830645074877,9.5561710770028,67.98102776975654,802.4591518181712,164.76187598519894,1226.95381550099,65.75207782638914,12.107075503347565,89.60740853204011,0,10.58,0.0,0.0,63.125,97.88,96.50666666666666,96.07666666666667,63.07,65.07000000000001,64.59444444444443,0.0,0.0,0.0,301.4725200125155,301.55813699206846,301.52243002710804,311.3972491949588,311.49204358493364,311.51309950864174,2.506634775554009,2.536805641407217,2.586153267511606,11.825514356400815,11.99388762425719,12.11391338037572,55.58527223746163,54.55641679506845,55.20827973124457,757.5593002613093,773.1749528262998,768.7390401610714,69.19203031999001,68.6561515511666,70.36416664758903,0,0,18
M-03,PRESS,2026-05-19,Morning,66.07,529,94.06,0,RUNNING,301.66343354878165,0.13080550523172774,301.87742472717645,311.6495037091237,1.1017514655880427,314.6269863395688,2.526426671893673,0.6349728377785748,4.201454599473683,11.904892945074458,1.2268670415143101,14.46449482488863,53.292657551406705,14.150393993730708,83.71983375106927,816.40745572033,293.77009473961385,2055.950024342526,67.81747579832977,18.397306474156988,100.0,0,10.92,0.0,0.0,66.125,95.55,95.43,95.83666666666666,63.08,64.31333333333333,64.25222222222222,0.0,0.0,0.0,301.7351069230047,301.6026813300525,301.5881274941514,311.51367948918704,311.45226139332095,311.5489945110801,2.499306836472513,2.4950860981831617,2.582469746900142,11.797538904109434,11.913897272653498,12.091380482738657,51.92830645074877,54.36954929120413,54.66079423023096,802.4591518181712,772.8398605177209,774.3397517520295,65.75207782638914,68.04455295446334,69.74443709765951,0,0,19
M-03,PRESS,2026-05-19,Afternoon,65.21,522,93.33,0,RUNNING,301.58374941690255,0.08744690693627244,301.7980364259456,311.5215253553551,0.9950943183812748,313.0316930027358,2.498573255785508,0.6001840581285249,3.5242673730098355,12.078405110032055,1.1513693591064336,14.748581548601576,56.434070508928706,10.486365726444243,77.11425613811885,730.6961440715982,164.9390498511039,1240.71146757244,70.87946130368499,14.41504341802679,99.7955641792684,0,11.25,0.0,0.0,65.25,94.06,95.83,95.55888888888889,66.07,64.07333333333332,64.20666666666665,0.0,0.0,0.0,301.66343354878165,301.6236868281006,301.61329255861966,311.6495037091237,311.52014413108986,311.5874233231184,2.526426671893673,2.510789427973398,2.5827141282882375,11.904892945074458,11.842648735194901,12.057236701673776,53.292657551406705,53.602078746539036,54.63637471995527,816.40745572033,792.1419692666035,777.9134386256416,67.81747579832977,67.58719464823632,69.6646046620692,0,0,19
M-03,PRESS,2026-05-19,Night,63.83,511,96.64,0,RUNNING,301.4915824992668,0.10158732273063058,301.6373299190112,311.34085747538984,0.8321997516509972,312.57437690156246,2.6177727983994497,0.5681219465377436,4.078541023076857,11.924935936796937,1.3518083440540607,14.652107379898696,56.61535345072538,10.72351035814161,82.85878832909785,735.5117895736394,126.95326550790791,1049.7558908346707,71.09739734955843,14.252719374786153,100.0,0,11.58,0.0,0.0,63.875,93.33,94.31333333333333,95.27666666666667,65.21,64.78666666666666,64.20777777777778,0.0,0.0,0.0,301.58374941690255,301.6607632962296,301.61926219102367,311.5215253553551,311.5615695178886,311.58116189004335,2.498573255785508,2.5081022547172314,2.55497968613629,12.078405110032055,11.926945653071982,12.056345147183105,56.434070508928706,53.88501150369473,54.371857462385215,730.6961440715982,783.1875838700331,778.3621863864644,70.87946130368499,68.14967164280131,69.17920211797772,0,0,19
M-03,PRESS,2026-05-20,Morning,61.89,495,96.88,0,RUNNING,301.7418453070382,0.16090017939923731,302.0624738406592,311.8842556616546,0.9525279963936544,314.1571338914374,2.582252924334878,0.6335242623701781,3.990951027402629,12.15965420567029,1.1575795432342453,14.455141762840624,50.01856292770203,13.423946755133077,79.52543071213614,892.9412599755277,361.1014884864727,2529.424275537287,63.57210328888585,18.30722630867685,100.0,0,11.92,0.0,0.0,61.875,96.64,94.67666666666666,95.41,63.83,65.03666666666665,64.24111111111111,0.0,0.0,0.0,301.4915824992668,301.57958848831703,301.58286702615845,311.34085747538984,311.5039621799562,311.5080600445657,2.6177727983994497,2.5475909086928765,2.5458379823953874,11.924935936796937,11.969411330634484,12.03211811373809,56.61535345072538,55.44736050368692,54.662931682829736,735.5117895736394,760.8717964551892,772.1456637154639,71.09739734955843,69.93144481719106,69.3072539672742,0,0,20
M-03,PRESS,2026-05-20,Afternoon,64.96,520,97.1,0,RUNNING,302.1344188184103,0.07143659496409908,302.27493049434366,312.07515379346324,0.9419424608223524,314.2696381146155,2.5287203821116973,0.5487546799811465,3.482818698896234,11.91698924485298,0.9991737354348073,13.961590062030014,54.811253290400295,13.77476021337718,81.82503906628925,791.0951259541882,252.6698595554551,1615.1447055778465,68.59834720855385,19.445328699757933,100.0,0,12.25,0.0,0.0,65.0,96.88,95.61666666666666,95.53,61.89,63.643333333333324,64.26222222222222,0.0,0.0,0.0,301.7418453070382,301.6057257410692,301.596889226204,311.8842556616546,311.58221283079985,311.53211572815695,2.582252924334878,2.5661996595066117,2.567874699463521,12.15965420567029,12.054331750833095,12.001782738520426,50.01856292770203,54.3559956291187,53.937235166790764,892.9412599755277,786.3830645402551,789.1577706954217,63.57210328888585,68.51632064737642,68.19660481127994,0,0,20
M-03,PRESS,2026-05-20,Night,65.44,523,98.73,0,RUNNING,302.00996340988587,0.10383411154486127,302.197986293798,311.9666281096094,1.1173707388887504,314.3718688976617,2.640122444448688,0.6205401860280029,4.308850129650983,12.171343818357759,1.3522484579025387,15.013567096812032,54.646989228023244,11.261714496983279,71.47598935629537,771.7652459364471,194.2894734143557,1338.6607440585656,69.79455256611446,14.620428324112675,94.67157148518932,0,12.58,0.0,0.0,65.375,97.1,96.87333333333333,95.89777777777778,64.96,63.559999999999995,64.47222222222223,0.0,0.0,0.0,302.1344188184103,301.7892822082385,301.6693941655122,312.07515379346324,311.76675564350256,311.60678958210826,2.5287203821116973,2.576248701615342,2.54038553257993,11.91698924485298,12.00052646244007,11.973786579923079,54.811253290400295,53.8150565562759,54.08549495167969,791.0951259541882,806.5160585011184,787.6261983991503,68.59834720855385,67.75594928233271,68.18725749210019,0,0,20
M-03,PRESS,2026-05-21,Morning,65.24,522,95.14,0,RUNNING,301.95885887662683,0.1104198727972508,302.1242922324235,311.9080301967376,1.132189644193728,314.2526289663354,2.768019908691147,0.5622218921172882,3.741539648098184,12.061654723719656,1.5930676625357512,14.90336156389123,54.57001272981817,11.582247043883559,87.13298639671893,767.8811743862361,179.53403126518083,1464.3897672159117,70.00555980301613,14.43592121647198,100.0,0,12.92,0.0,0.0,65.25,98.73,97.57000000000001,95.89222222222222,65.44,64.09666666666665,64.48222222222222,0.0,0.0,0.0,302.00996340988587,301.9620758451115,301.714781887827,311.9666281096094,311.9753458549091,311.64385647606207,2.640122444448688,2.5836985836317545,2.542125196835931,12.171343818357759,12.082662422960341,11.988657008749442,54.646989228023244,53.15893514870853,54.325281647866525,771.7652459364471,818.6005439553877,784.1040669760993,69.79455256611446,67.32166768785139,68.43255515316861,0,0,21
M-03,PRESS,2026-05-21,Afternoon,65.24,522,97.09,0,RUNNING,301.79811548917445,0.08239657712244433,301.9696264484204,312.132365697472,1.229169541611497,314.7511987301555,2.5238294019021703,0.7131269902266586,3.782215832774993,11.992579956947035,1.2204479165083633,13.893640001934008,53.206007127773205,12.796046599366768,80.62423261502738,795.5756735389017,191.98032305159123,1338.9175811889509,67.31889698946942,17.197834452391792,100.0,0,13.25,0.0,0.0,65.25,95.14,96.99000000000001,96.14555555555556,65.24,65.21333333333332,64.31,0.0,0.0,0.0,301.95885887662683,302.034413701641,301.75460875693693,311.9080301967376,311.9832706999368,311.69520922060883,2.768019908691147,2.6456209117505107,2.57420333307684,12.061654723719656,12.049995928976799,11.982325471668265,54.57001272981817,54.67608508274724,54.21138648613499,767.8811743862361,776.9138487589571,785.1462941886052,70.00555980301613,69.46615319256148,68.5232228293914,0,0,21
M-03,PRESS,2026-05-21,Night,65.1,521,96.08,0,RUNNING,302.039918944851,0.19436109458653086,302.3763230162149,312.2122169125809,1.1178697055230649,314.4612872491149,2.646555381439544,0.5658821182952892,3.776872201139165,12.53112417543201,1.0904428486577298,14.23180503726112,54.78804087673628,12.928681789098231,81.94148180261482,784.8567411213468,255.3548058296905,1736.4591411897584,70.50035239060752,15.915553503364407,100.0,0,13.58,0.0,0.0,65.125,97.09,96.98666666666666,96.05777777777779,65.24,65.30666666666666,64.55111111111111,0.0,0.0,0.0,301.79811548917445,301.9223125918957,301.7907860321213,312.132365697472,312.00234133460634,311.77688883199914,2.5238294019021703,2.6439905850140017,2.5761138471155247,11.992579956947035,12.07519283300815,12.0008883161734,53.206007127773205,54.1410030285382,53.947023696169616,795.5756735389017,778.4073646205284,789.3703356638932,67.31889698946942,69.03966978620001,68.315096903778,0,0,21
M-03,PRESS,2026-05-22,Morning,63.63,509,94.67,0,RUNNING,302.32266473652953,0.14589220554248797,302.5538480332254,312.1763498872823,1.096863761954053,314.2217406509416,2.630791585565758,0.42502885394338963,3.4012628553115687,12.191263466596627,1.105023462802517,14.29922156027968,55.623324442374276,11.316169795927946,77.99672303120683,755.5483364993622,168.20261099547,1195.8460947775077,71.09210463652582,16.14422861736187,100.0,0,13.92,0.0,0.0,63.625,96.08,96.10333333333334,96.11666666666666,65.1,65.19333333333333,64.77555555555556,0.0,0.0,0.0,302.039918944851,301.9322977702174,301.82465403454864,312.2122169125809,312.08420426893014,311.85450410126515,2.646555381439544,2.6461348973442873,2.5924747965563064,12.53112417543201,12.195119618699566,12.082397790764796,54.78804087673628,54.188020244775885,54.26477196572378,784.8567411213468,782.7711963488282,787.414512253135,70.50035239060752,69.27493639436436,68.84268296646893,0,0,22
M-03,PRESS,2026-05-22,Afternoon,62.26,498,99.5,0,RUNNING,302.3624515522845,0.13628251745874884,302.64260329463417,312.2663451839094,1.1267099459137904,315.18836399060484,2.5899745040239317,0.6658279709728611,3.782208705490692,12.24511633223869,1.142842850615978,14.442993853667064,54.679548104906104,13.417705525263413,80.08729818944448,805.8573382260837,342.7427406007238,2454.022185736697,69.16431939746812,17.31842978622067,100.0,0,14.25,0.0,0.0,62.25,94.67,95.94666666666667,96.18444444444445,63.63,64.65666666666665,64.50444444444446,0.0,0.0,0.0,302.32266473652953,302.05356639018504,301.8979019442984,312.1763498872823,312.1736441657784,311.91304256550507,2.630791585565758,2.6003921229691573,2.6040708980754266,12.191263466596627,12.238322532991889,12.114216737600593,55.623324442374276,54.53912414896126,54.523734953609065,755.5483364993622,778.660250386537,780.6523878952498,71.09210463652582,69.63711800553425,69.20653061515739,0,0,22
M-03,PRESS,2026-05-22,Night,62.57,501,94.61,0,RUNNING,302.39101959650094,0.17775358611837977,302.61280792674694,312.2679107991818,1.014139549500254,313.9744712566924,2.7486610121031783,0.5693809813120314,4.003254125969694,12.12370068844694,1.2456880647241315,14.776535923639084,53.43056260887385,11.169254034490077,74.945464468714,797.5625828767078,212.23718130820757,1412.645123702721,68.82885510738994,14.219974391308108,100.0,0,14.58,0.0,0.0,62.625,99.5,96.75,96.87,62.26,63.66333333333333,64.17666666666668,0.0,0.0,0.0,302.3624515522845,302.2416784112217,301.9844244037852,312.2663451839094,312.2183039945908,311.9958003242333,2.5899745040239317,2.622440490343078,2.6142265923241403,12.24511633223869,12.322501324755777,12.132740206734665,54.679548104906104,55.03030447467222,54.32878801982878,805.8573382260837,782.0874719489308,789.0036316901926,69.16431939746812,70.2522588082005,69.0159592922444,0,0,22
M-03,PRESS,2026-05-23,Morning,63.6,509,97.79,0,RUNNING,302.2152780054383,0.15333354046545603,302.4796114036832,312.13201816559564,0.9046063534651896,313.7696095793727,2.818661998900747,0.49193187598969806,3.950198048825974,11.800872052114714,1.5371043909570976,14.87475171262879,54.47650439478167,9.594444736199074,72.69417686972875,760.8887633136331,156.69523791231023,1226.769987729421,68.80957110049886,14.561253784373438,98.6826048790619,0,14.92,0.0,0.0,63.625,94.61,96.25999999999999,96.64444444444445,62.57,62.81999999999999,64.03666666666666,0.0,0.0,0.0,302.39101959650094,302.35871196177163,302.0843618590335,312.2679107991818,312.23686862345784,312.098806249099,2.7486610121031783,2.6564757005642896,2.62876972718011,12.12370068844694,12.186693495760752,12.154825179140222,53.43056260887385,54.577811718718074,53.97492237073416,797.5625828767078,786.3227525340512,795.8981642794224,68.82885510738994,69.69509304712795,68.76389904311458,0,0,23
M-03,PRESS,2026-05-23,Afternoon,64.42,515,98.5,0,RUNNING,302.3484902681152,0.06727249718358248,302.50489552657484,312.1513253681468,0.7410258301162699,313.92784282000304,2.481071433178093,0.5370274688550531,3.402273990148636,11.967691526559252,1.0847110128521873,13.845889088525375,55.57551276098962,12.37878920763307,87.71266507995819,761.462458271849,198.0725030748302,1272.9396048069557,68.92359616886452,16.184570833965694,100.0,0,15.25,0.0,0.0,64.375,97.79,97.3,96.74555555555555,63.6,62.81,64.22666666666666,0.0,0.0,0.0,302.2152780054383,302.32291638474123,302.13696549218906,312.13201816559564,312.2220913828956,312.1263354162036,2.818661998900747,2.719099171675952,2.6550374021318732,11.800872052114714,12.056563024266781,12.114960495411824,54.47650439478167,54.19553836952054,54.470249200409675,760.8887633136331,788.1028948054749,781.225664650323,68.80957110049886,68.93424853511898,69.34583991107156,0,0,23
M-03,PRESS,2026-05-23,Night,63.69,509,96.56,0,RUNNING,302.26447657345966,0.07534753255843081,302.4629613529957,312.34413255239485,1.352568197544535,314.5482442352807,2.6611996732316174,0.6100348438050756,4.137284423848413,11.753340178333914,1.1746387389284545,14.060429000571672,54.132462807792315,13.528759168103441,74.89962334218694,834.767656142295,298.9143077370477,1850.0369379900255,66.45471579136048,18.351838916286162,92.23709090220378,0,15.58,0.0,0.0,63.625,98.5,96.96666666666665,96.9011111111111,64.42,63.529999999999994,64.16666666666666,0.0,0.0,0.0,302.3484902681152,302.3182626233515,302.16075120882294,312.1513253681468,312.1837514443081,312.13479892450175,2.481071433178093,2.682798148060673,2.649743074472584,11.967691526559252,11.964088089040303,12.120594082268077,55.57551276098962,54.494193254881715,54.55516691936405,761.462458271849,773.3046014873966,777.9331460189519,68.92359616886452,68.85400745891778,69.38197868443942,0,0,23
M-03,PRESS,2026-05-24,Morning,59.41,475,96.54,0,RUNNING,302.85098831591506,0.17255484404921853,303.1300465611796,312.95376740895875,0.9911314605363868,314.6735157944221,3.060803048665182,0.6460901296248838,4.115202263174152,12.502429188438265,1.2085521811640059,14.644970809394689,53.072024304735436,13.79019940563276,76.47788419323166,832.7195614902723,336.7593674963588,2210.079659305319,67.97890481162815,19.67573753933328,100.0,0,15.92,0.0,0.0,59.375,96.56,97.61666666666667,96.66,63.69,63.90333333333333,63.97222222222222,0.0,0.0,0.0,302.26447657345966,302.27608161567105,302.18903044922,312.34413255239485,312.20915869537913,312.17674386258903,2.6611996732316174,2.653644368436819,2.6520849887817985,11.753340178333914,11.840634585669294,12.074149233376538,54.132462807792315,54.72815998785453,54.497997317116166,834.767656142295,785.7062925759257,784.9334138196017,66.45471579136048,68.06262768690796,69.01088570946676,0,0,24
M-03,PRESS,2026-05-24,Afternoon,58.77,470,92.87,0,RUNNING,303.4392785136913,0.18046601336465523,303.79225987704115,313.36676210722834,0.9004892778269684,314.8611724977637,3.233654256507161,0.5202372155452292,4.16341985839421,12.1517022592743,0.9883266735633663,13.89883038237911,56.02581548123101,10.792134528528539,71.97291197936242,743.7954508327817,168.61164776461112,1154.438157669796,70.75653259215531,14.855879570968506,96.9488313499467,0,16.25,0.0,0.0,58.75,96.54,97.2,96.81555555555556,59.41,62.50666666666666,63.32444444444444,0.0,0.0,0.0,302.85098831591506,302.48798505249664,302.2881559424743,312.95376740895875,312.48307510983346,312.2929368861691,3.060803048665182,2.734358051691631,2.6846164487789137,12.502429188438265,12.074486964443812,12.123124173900827,53.072024304735436,54.25999995783912,54.331554158773635,832.7195614902723,809.6498919681386,792.1376790533835,67.97890481162815,67.78573892395106,68.78570182153476,0,0,24
M-03,PRESS,2026-05-24,Night,62.1,497,93.08,0,RUNNING,304.24317342069656,0.23994949083379125,304.4977400649691,314.22276663198215,0.9755073697645709,316.05532101973995,3.675110282026562,0.6449974006916094,4.8115552484575685,12.284341923011475,1.3123840313903772,14.198346619524838,59.62024320635325,10.663548759697658,87.15891936090698,693.6749436190192,130.12131800776913,998.878741132506,74.336595187574,13.275206167839027,99.35914203700072,0,16.58,0.0,0.0,62.125,92.87,95.32333333333334,96.34666666666666,58.77,60.62333333333333,62.60555555555555,0.0,0.0,0.0,303.4392785136913,302.8515811343553,302.4705073896428,313.36676210722834,312.8882206895273,312.4300920428088,3.233654256507161,2.9852189928013204,2.763485877068357,12.1517022592743,12.135823875348827,12.140804429714969,56.02581548123101,54.41010086458625,54.64486619804673,743.7954508327817,803.7608894884497,786.3843209749258,70.75653259215531,68.39671773171465,69.1676613329443,0,0,24
M-03,PRESS,2026-05-25,Morning,56.56,452,88.24,0,RUNNING,304.5802301072346,0.1850728338380285,305.01625690396673,314.5912862357025,0.5894905217890797,316.03280218977574,3.782641391188689,0.7007755002862748,5.160259675644597,12.484555588344596,1.1678455640154084,15.770567707522716,56.85286903283719,12.979782867946795,84.38194571893878,755.0906289446158,210.44703507963453,1429.2215275733429,73.45239231595968,17.550070049036307,100.0,0,16.92,0.0,0.0,56.5,93.08,94.16333333333334,96.01333333333334,62.1,60.09333333333333,62.272222222222226,0.0,0.0,0.0,304.24317342069656,303.511146750101,302.71531344251457,314.22276663198215,313.51443204938977,312.6534864560756,3.675110282026562,3.3231891957329687,2.8777697549113586,12.284341923011475,12.312824456908013,12.11338417944602,59.62024320635325,56.239360997439896,55.18177756800417,693.6749436190192,756.7299853140245,776.2530101413338,74.336595187574,71.02401086378582,69.59391053260725,0,0,25
M-03,PRESS,2026-05-25,Afternoon,56.95,456,88.21,0,RUNNING,305.0029538591052,0.09369277996308924,305.201728138098,314.57579678941863,0.9520001416416689,316.4818800205195,4.236185375452384,0.5922927472963743,5.380233064803565,12.382645623574197,1.143659726403436,14.86730490445972,56.14528114849305,11.772860781185633,80.73491676060797,740.0575308364897,160.01215275933816,1061.3675397164748,71.33515090313965,15.600602005241958,100.0,0,17.25,0.0,0.0,57.0,88.24,91.39666666666666,95.29888888888888,56.56,59.14333333333334,61.486666666666665,0.0,0.0,0.0,304.5802301072346,304.0875606805409,302.96615403925955,314.5912862357025,314.0602716583043,312.9218127170111,3.782641391188689,3.5638019765741373,3.00575306664724,12.484555588344596,12.306866590210126,12.145972192973572,56.85286903283719,57.499642573473814,55.318393633611166,755.0906289446158,730.8536744654722,776.202153746362,73.45239231595968,72.848506698563,69.85616471921101,0,0,25
M-03,PRESS,2026-05-25,Night,58.52,468,92.92,0,RUNNING,305.43979688359934,0.16000756698670285,305.699647146986,315.53839642394496,1.121947646775901,317.68358166491805,4.158976953876345,0.5338552826161294,5.399311844870367,12.769074500444022,1.2243006796372093,15.379518039579024,52.61915529279465,12.739931124246723,83.04069536140696,808.4626469952286,224.80918909243758,1524.579487908593,66.72233669858065,16.594911063726965,100.0,0,17.58,0.0,0.0,58.5,88.21,89.84333333333332,94.04444444444444,56.95,58.53666666666666,60.896666666666675,0.0,0.0,0.0,305.0029538591052,304.60878579567884,303.25954318446185,314.57579678941863,314.4632832190344,313.1784184509566,4.236185375452384,3.897979016222545,3.188665385694846,12.382645623574197,12.383847711643421,12.161253225344185,56.14528114849305,57.53946446256116,55.48125286067638,740.0575308364897,729.6077011333749,768.891064036407,71.33515090313965,73.04137946889112,70.09736821984117,0,0,25
M-03,PRESS,2026-05-26,Morning,51.93,415,82.01,0,RUNNING,305.55367369526056,0.08918749601167944,305.7062423294953,315.3218405372387,0.9492162749253914,317.12591002945493,4.8558129720901,0.5506308387106293,5.845658679374999,12.754763771790058,1.3589609457299137,15.467589401313573,56.35952806599924,10.806582949707588,77.84391656786546,736.8146854198576,156.04432222023073,1144.9313360560514,71.17968736613898,13.647302754190306,100.0,0,17.92,0.0,0.0,51.875,92.92,89.79,93.85666666666665,58.52,57.343333333333334,60.446666666666665,0.0,0.0,0.0,305.43979688359934,305.00766028331304,303.59829621636175,315.53839642394496,314.90182648302203,313.541805742597,4.158976953876345,4.059267906839139,3.345367157002976,12.769074500444022,12.545425237454273,12.232961426677193,52.61915529279465,55.20576849137496,55.39109649222313,808.4626469952286,767.8702689254447,770.1021822717984,66.72233669858065,70.50329330589334,69.86331061886237,0,0,26
M-03,PRESS,2026-05-26,Afternoon,52.67,421,89.91,0,RUNNING,305.6777283191138,0.08553390194350463,305.86303871287,315.46485209834015,0.972690925295174,317.5914416760097,5.112855068378537,0.7087746497686449,6.536732773369808,12.991445840487923,1.1621214477440323,15.060608120345927,52.34511367928616,13.137329108889336,77.63079194326966,820.4678707182551,236.9933468635409,1401.5684735446275,67.57210628083044,15.440037037666007,98.55056282600708,0,18.25,0.0,0.0,52.625,82.01,87.71333333333332,92.10333333333332,51.93,55.79999999999999,59.150000000000006,0.0,0.0,0.0,305.55367369526056,305.3321414793217,303.9692290707864,315.3218405372387,315.1453445835341,313.8962304505573,4.8558129720901,4.41699176713961,3.571717265135126,12.754763771790058,12.635494631936092,12.338949395530008,56.35952806599924,55.04132150242898,55.600321344580635,736.8146854198576,761.7782877505255,767.4272847280455,71.17968736613898,69.74572498928643,70.12665687060016,0,0,26
M-03,PRESS,2026-05-26,Night,51.54,412,88.03,0,RUNNING,306.16639685896797,0.21243287436006417,306.48503790908234,316.0532151338667,1.093941337059878,318.5945340480268,5.094528321038538,0.4593420706948882,5.806991779817983,12.982618129132856,1.2109242414079717,15.321924126966527,54.330559568162826,12.189166603225573,79.25181686944227,783.5132558701306,196.07210602982548,1377.3827235793533,69.05447985445899,17.066007344782697,100.0,0,18.58,0.0,0.0,51.5,89.91,88.28000000000002,91.14888888888889,52.67,54.373333333333335,57.84444444444445,0.0,0.0,0.0,305.6777283191138,305.55706629932456,304.33914440978623,315.46485209834015,315.44169635317456,314.2644000872454,5.112855068378537,4.7092149981149936,3.8641376690462863,12.991445840487923,12.838428037574,12.452699874855417,52.34511367928616,53.77459901269335,55.24138811328025,820.4678707182551,788.5817343777804,773.983441666535,67.57210628083044,68.49137678185002,69.97649132748526,0,0,26
M-03,PRESS,2026-05-27,Morning,68.27,0,94.89,480,DOWN,306.74209007281286,0.13769522225754688,307.0268272115409,316.8273601129314,0.9896267353671129,319.5533484028748,5.404448284695823,0.6358836518744155,6.834572138267751,13.341332120879912,1.1189363167206317,16.246997111193497,56.081137643120805,11.582354527863705,83.8808750817357,746.7373365835153,150.83509246036806,1088.9212226754858,71.47511619548729,14.315565605009311,100.0,0,18.92,0.0,1.0,0.0,88.03,86.64999999999999,90.20111111111112,51.54,52.04666666666666,56.49444444444444,0.0,0.0,0.0,306.16639685896797,305.7992662911141,304.7726911081761,316.0532151338667,315.6133025898152,314.67652037407566,5.094528321038538,5.021065453835725,4.134507518802611,12.982618129132856,12.909609247136947,12.589286313833078,54.330559568162826,54.345067104482744,55.26339886443253,783.5132558701306,780.2652706694143,768.2885083029612,69.05447985445899,69.26875783380946,70.26535400116288,0,0,27
M-03,PRESS,2026-05-27,Afternoon,66.11,0,99.26,480,DOWN,307.2779113200341,0.11722794719486279,307.4829387144293,317.1204033996997,0.9456837554958493,319.3909607328076,5.817918429204587,0.4749030542127382,6.579944940196669,13.600587685308794,1.2813716983161336,15.98310526572778,54.673246589328116,12.990186986158157,73.9233701491367,785.1326056038142,216.96097473471366,1323.769229539862,70.3144813750287,17.59242295767854,100.0,0,0.25,1.0,1.0,0.0,94.89,90.94333333333334,90.01777777777778,68.27,57.49333333333332,57.478888888888896,480.0,160.0,53.333333333333336,306.74209007281286,306.19540508363156,305.20503574783135,316.8273601129314,316.1151424483794,315.106919563406,5.404448284695823,5.203943891370966,4.394912545028237,13.341332120879912,13.105132030166898,12.682497750771038,56.081137643120805,54.2522702968566,55.5977447909198,746.7373365835153,783.5728210573003,758.7349277577661,71.47511619548729,69.3672341102589,70.65382193270278,1,1,27
M-03,PRESS,2026-05-27,Night,64.26,0,95.59,480,DOWN,307.48465678181816,0.08377478557494786,307.5604814047962,318.0380265739586,1.218172283576501,319.8541225627028,6.439241050291794,0.6559161971007536,7.116870429488994,12.491917132737095,1.92393810606828,15.759566586159398,57.42553882875497,13.11584093671374,76.70066294953266,757.5165700721782,192.22644336519258,1133.7413932870954,71.48500330767186,17.572778937499077,90.96142314768096,1,0.58,1.0,1.0,0.0,99.26,94.06,90.72777777777777,66.11,61.97333333333332,58.294444444444444,480.0,320.0,106.66666666666667,307.2779113200341,306.7287994172716,305.6315505040917,317.1204033996997,316.6669928821659,315.52399081812496,5.817918429204587,5.438965011646315,4.682053008661286,13.600587685308794,13.308179311773856,12.843485020330426,54.673246589328116,55.02831460020391,55.44745935848615,785.1326056038142,771.7943993524867,763.3279449545474,70.3144813750287,70.28135914165834,70.60470513079981,1,0,27
M-03,PRESS,2026-05-28,Morning,63.87,511,93.97,0,RUNNING,302.97627783243706,0.046465529588052036,303.07661438274664,312.7199548934191,0.8586225216765236,313.3231405744522,2.8223937723079464,0.6540895309262957,3.212010775702833,11.47108700440335,0.7873667882742749,13.341563461030324,52.38783109027116,7.901670872118195,67.51718286106279,797.51236510816,111.33918787601976,875.1825945590432,74.26279328207245,4.424592188469281,84.25513792217323,0,0.92,1.0,0.0,63.875,95.59,96.58,91.00666666666667,64.26,66.21333333333332,58.53444444444445,480.0,480.0,160.0,307.48465678181816,307.16821939155506,305.9917153219941,318.0380265739586,317.32859669552994,315.9479085894557,6.439241050291794,5.887202588064067,4.989178649579644,12.491917132737095,13.144612312975267,12.86654893252216,57.42553882875497,56.05997435373464,55.203603316530774,757.5165700721782,763.128837419836,770.4214590048983,71.48500330767186,71.09153362606263,70.28786158858847,1,0,28
M-03,PRESS,2026-05-28,Afternoon,63.73,510,93.55,0,RUNNING,303.45489682254805,0.14322260633943104,303.63175984723654,313.5600682670875,1.0318644216121124,316.5464567561926,2.582986371317528,0.6493974031563132,3.808355767899712,11.885143628081,1.2961025288752182,13.869732977263716,55.381605475332464,13.284806715392765,74.19729932730868,769.9643278197558,248.46589271299817,1774.61551865122,70.7644188569797,16.591735087999446,93.4891989375304,0,1.25,1.0,0.0,63.75,93.97,96.27333333333333,91.64333333333335,63.87,64.74666666666666,59.346666666666664,0.0,320.0,160.0,302.97627783243706,305.9129486447631,305.8134984025721,312.7199548934191,315.95946162235913,315.7399828847576,2.8223937723079464,5.0265177506014425,4.882484469704006,11.47108700440335,12.521197274149747,12.753941312084246,52.38783109027116,54.828872169451415,54.70748798957899,797.51236510816,780.0538469280508,775.1349852452921,74.26279328207245,72.020759321591,70.37790614037878,1,0,28
M-03,PRESS,2026-05-28,Night,65.07,521,94.46,0,RUNNING,303.38234649809425,0.07703052912670852,303.5324950391769,313.436593851798,0.9396166387486637,315.5903967259435,2.489508898344094,0.6719070802768101,3.943557453633328,11.964843143984774,1.0339160109591015,13.73617538496118,53.50656320623834,12.018097768289135,79.71588186448251,783.230841888895,184.55669628673226,1360.6198518205722,68.76527645616765,16.200528264790123,100.0,0,1.58,1.0,0.0,65.125,93.55,94.37,92.23666666666666,63.73,63.953333333333326,60.099999999999994,0.0,160.0,160.0,303.45489682254805,304.6386104789344,305.6414920651769,313.5600682670875,314.77268324482174,315.6271241600541,2.582986371317528,3.9482070646390888,4.6987956914668,11.885143628081,11.949382588407147,12.698663312585001,55.381605475332464,55.064991798119536,54.622635137005595,769.9643278197558,774.9977543333647,778.4579626878773,70.7644188569797,72.17073848224135,70.31449146858323,1,0,28
M-03,PRESS,2026-05-29,Morning,65.46,524,92.89,0,RUNNING,303.4045288076724,0.0878251239878307,303.612001613317,313.2543636862362,1.1495682864873011,315.9175572717168,2.4191153719536254,0.7037674178566177,3.782407677748714,12.011613959387702,1.1776809892073548,13.785730368852104,54.00747176493662,10.242165774906232,69.67450887863703,781.8887408015435,179.75053731921204,1329.908268798889,67.39684396579698,14.49909658585175,91.79272248835348,0,1.92,1.0,0.0,65.5,94.46,93.99333333333333,92.40777777777778,65.07,64.22333333333331,60.82777777777778,0.0,0.0,160.0,303.38234649809425,303.2711737176931,305.4128864667874,313.436593851798,313.2388723374349,315.39359054092665,2.489508898344094,2.6316296806565225,4.513299240852105,11.964843143984774,11.773691258823042,12.609304272978417,53.50656320623834,53.758666590613984,54.72123601627712,783.230841888895,783.5691782722703,775.6544287871734,68.76527645616765,71.26416286507326,70.54148477498178,1,0,29
M-03,PRESS,2026-05-29,Afternoon,65.65,525,95.78,0,RUNNING,303.56819378521516,0.08782723653100191,303.7023014784092,313.7117349383161,1.0933315044414331,316.7079164450418,2.5521077728178545,0.8124564586021121,3.789553182251408,12.07455507591111,1.0927361025522841,14.561231423731922,59.059319359547644,8.206419928216604,77.54187447178526,693.4349833682863,100.00669232446174,928.9024266192704,77.13769209508075,11.950962245177918,100.0,0,2.25,1.0,0.0,65.625,92.89,93.63333333333333,93.61666666666667,65.46,64.75333333333332,62.33111111111111,0.0,0.0,160.0,303.4045288076724,303.4139240427716,305.17409259038874,313.2543636862362,313.4170086017072,315.16387089081525,2.4191153719536254,2.497203547205082,4.2425550630591635,12.011613959387702,11.953866910484493,12.526732071600378,54.00747176493662,54.298546815502476,54.45989642727016,781.8887408015435,778.3613035033982,780.6626571629163,67.39684396579698,68.97551309298144,70.12116884161044,1,0,29
M-03,PRESS,2026-05-29,Night,61.11,489,96.75,0,RUNNING,303.5570266298417,0.10726933001094688,303.7425738494731,313.6707939444012,1.0567208472638143,315.32866994413223,2.453050449555725,0.5580378589652305,3.352818184242305,12.137880080778553,1.2226727248382991,15.906183836821334,53.40647111886881,13.643599661338174,83.57765289995187,810.3991157679574,223.08352166140804,1345.5895068650102,66.35851522320712,17.614353019760994,100.0,0,2.58,1.0,0.0,61.125,95.78,94.37666666666667,94.26888888888888,65.65,65.39333333333332,63.77333333333334,0.0,0.0,160.0,303.56819378521516,303.4516896969939,304.9396998644,313.7117349383161,313.46756415878343,314.969080095257,2.5521077728178545,2.4869106810385246,3.9580275857746434,12.07455507591111,12.017004059761197,12.424855319980733,59.059319359547644,55.5244514435742,55.20591928063255,693.4349833682863,752.851522019575,766.5478919018087,77.13769209508075,71.0999375056818,71.18401170986048,1,0,29
M-03,PRESS,2026-05-30,Morning,67.39,539,93.58,0,RUNNING,303.75500779443723,0.06045645120877762,303.8719354753574,313.5754291653954,0.959090538673948,315.4713979148481,2.5210637338787767,0.8148808327861004,4.2736456599221615,11.858681685756375,1.050338797214526,13.267090022626537,55.01562090324004,9.856940946528574,71.41972626339637,759.6703351905443,165.26200078447022,1186.376682851718,70.07996692994452,14.524257603944662,97.30109925200765,0,2.92,1.0,0.0,67.375,96.75,95.14,95.23777777777778,61.11,64.07333333333332,64.83666666666666,0.0,0.0,160.0,303.5570266298417,303.50991640757644,304.6497698389415,313.6707939444012,313.54563085631787,314.7043666297609,2.453050449555725,2.4747578647757345,3.6645300444987754,12.137880080778553,12.074683038692456,12.330995536830253,53.40647111886881,55.49108741445102,55.10324278626655,810.3991157679574,761.9076133125958,769.535209668234,66.35851522320712,70.29768376136161,70.88446008416584,1,0,30
M-03,PRESS,2026-05-30,Afternoon,68.26,546,96.84,0,RUNNING,303.7165444315252,0.09741297976206191,303.8665034217049,314.00123611159574,0.9159503980681399,315.65977362738727,2.550307408873937,0.6663051302035571,4.180708005440994,11.96262925986118,1.4563761489531293,15.365635835286785,57.397246999947455,11.636880218433124,90.24853002957056,725.7000704300817,161.12449489974546,1210.705649448808,74.0610210267081,14.34898147832453,100.0,0,3.25,1.0,0.0,68.25,93.58,95.37,95.09222222222223,67.39,64.71666666666665,64.73888888888888,0.0,0.0,106.66666666666667,303.75500779443723,303.62674273649804,304.31787180801086,313.5754291653954,313.65265268270423,314.3430409689235,2.5210637338787767,2.5087406520841182,3.344153983296881,11.858681685756375,12.02370561414868,12.166256599594305,55.01562090324004,55.82713712721883,54.98485203739091,759.6703351905443,754.5014781089293,770.9722095134593,70.07996692994452,71.19205808274414,70.72944349910553,1,0,30
M-03,PRESS,2026-05-30,Night,63.63,509,95.89,0,RUNNING,304.1662212550788,0.3530769074556347,304.721667421255,314.10359687765043,1.1107926846256397,315.95863756210497,2.6393247487699827,0.497692122888251,3.811661490723695,12.176003573398935,1.118702294877135,13.834987167524863,52.06593925891803,10.127960758745774,79.56831242290988,800.0118050129423,156.55253822152952,1226.8840592530366,66.85388406507138,13.015609743071746,95.43471725236108,0,3.58,1.0,0.0,63.625,96.84,95.72333333333334,94.82333333333332,68.26,65.58666666666666,64.97777777777777,0.0,0.0,53.333333333333336,303.7165444315252,303.6761929519347,303.92216437595437,314.00123611159574,313.74915307379746,313.9964668258009,2.550307408873937,2.508140530769479,2.9810860921490314,11.96262925986118,11.986397008798702,11.984261218989014,57.397246999947455,55.273113007352094,55.287518749681944,725.7000704300817,765.2565071295277,764.3685944941558,74.0610210267081,70.16650105995325,71.14572568262545,1,0,30
M-03,PRESS,2026-05-31,Morning,66.09,529,96.15,0,RUNNING,304.74956159347204,0.08889400897914994,304.8776061080905,314.89100899451034,0.924766321172408,316.702374101159,2.6143804303079445,0.5213899945210839,3.823422531665552,12.214204579471529,1.0056416146009863,15.232533248952226,56.57936782383411,11.193195237449402,78.51723443464465,737.750230340321,182.10887138294697,1457.08134743691,72.7753867455519,15.237603787868501,100.0,0,3.92,1.0,0.0,66.125,95.89,95.43666666666667,94.85666666666667,63.63,66.42666666666666,64.90777777777777,0.0,0.0,0.0,304.1662212550788,303.87925782701376,303.55344931742775,314.10359687765043,313.89342071821386,313.55930797065554,2.6393247487699827,2.5702319638408984,2.558873169757719,12.176003573398935,11.999104839672164,11.949159712395888,52.06593925891803,54.82626905403517,54.69200768636673,800.0118050129423,761.7940702111895,769.0902872653519,66.85388406507138,70.33162400724133,70.63115687789207,1,0,31
M-03,PRESS,2026-05-31,Afternoon,66.05,528,94.16,0,RUNNING,304.81774694336826,0.09022586762038995,305.02392519643706,314.70819511403204,0.7814700237808035,316.96255958165835,2.6320899881658724,0.5493972072908079,3.890785610702747,12.032223895266473,1.21174515198331,14.730432839662848,58.07784037873434,11.44103787557898,77.93012179705804,719.0080485802471,154.75587085559766,1157.7070324201034,75.44881922125366,13.388993772145554,99.49471326079404,0,4.25,1.0,0.0,66.0,96.15,96.29333333333334,95.0988888888889,66.09,65.99333333333333,65.15444444444444,0.0,0.0,0.0,304.74956159347204,304.21077576002534,303.7504808464316,314.89100899451034,314.33194732791884,313.80053620411013,2.6143804303079445,2.601337529317288,2.535760576202163,12.214204579471529,12.117612470910549,12.031728331847907,56.57936782383411,55.34751802756654,55.15773399009595,737.750230340321,754.4873685944482,762.4500500689252,72.7753867455519,71.23009727911047,70.46588948494534,1,0,31
M-03,PRESS,2026-05-31,Night,65.33,523,93.17,0,RUNNING,304.683191074335,0.05756530265869198,304.8229650759293,314.46055761768076,0.8424130989065137,316.72232599377406,2.452002321973234,0.6007158818984554,3.535603163381116,12.021041092547287,1.016995949627221,14.068062439702343,55.77649292699422,12.131844707250153,92.16975866931637,750.534869746336,179.0691714075195,1401.3357369552386,71.43890185557473,12.813266772976782,100.0,0,4.58,1.0,0.0,65.375,94.16,95.39999999999999,95.16666666666667,66.05,65.25666666666666,65.41222222222223,0.0,0.0,0.0,304.81774694336826,304.5778432639731,303.9019086376339,314.70819511403204,314.5676003287309,313.9281058537706,2.6320899881658724,2.6285983890812665,2.5412165336297567,12.032223895266473,12.140810682712313,12.048070583757402,58.07784037873434,55.574382487162154,55.45731564602949,719.0080485802471,752.2566946445035,756.7882412645354,75.44881922125366,71.6926966772923,70.98637841430912,1,0,31
M-03,PRESS,2026-06-01,Morning,64.78,518,94.19,0,RUNNING,304.72929410240585,0.0689003300918331,304.8370657866138,314.71253153992427,1.0629206440985965,317.05809457209386,2.5671664151899036,0.657387819138263,4.244325302988646,12.131371714515929,1.0802412395705954,14.773411459131427,54.23435863612261,13.135809702194383,75.5464537633544,813.9601689026892,389.53365979033094,2720.5023475385483,68.49522348146914,16.26113329696954,95.86783281705664,0,4.92,1.0,0.0,64.75,93.17,94.49333333333334,95.02333333333333,65.33,65.82333333333332,65.44111111111111,0.0,0.0,0.0,304.683191074335,304.7501665370584,304.04644692388285,314.46055761768076,314.6865872420744,314.0418796055353,2.452002321973234,2.566157580149017,2.537049136255217,12.021041092547287,12.08915652242843,12.05431480026435,55.77649292699422,56.81123370985423,55.709530059446806,750.534869746336,735.764382888968,753.1553554709177,71.43890185557473,73.22103594079341,71.28344790313213,1,0,32
M-03,PRESS,2026-06-01,Afternoon,63.57,509,98.47,0,RUNNING,304.6515420838636,0.10230201518013775,304.8276170258616,314.6003219544173,1.1109661602617145,317.3282354565613,2.6679011857118566,0.6536193771655542,4.245944653052087,11.833076042871292,1.3315036508177873,14.865439674610474,52.360247126204,11.619548062365551,75.5149262981363,804.9260517067779,191.73491463513113,1446.4881015043422,65.96953343285502,14.852728684068445,100.0,0,5.25,1.0,0.0,63.625,94.19,93.83999999999999,95.16777777777777,64.78,65.38666666666666,65.36555555555555,0.0,0.0,0.0,304.72929410240585,304.74341070670306,304.1936430677422,314.71253153992427,314.6270947572123,314.20389825594515,2.5671664151899036,2.5504195751096694,2.5534992521703592,12.131371714515929,12.06154556744323,12.06762121750082,54.23435863612261,56.02956398061705,55.73473971180081,813.9601689026892,761.1676957430908,756.7188474821562,68.49522348146914,71.79431485276585,71.40549007154014,1,0,32
M-03,PRESS,2026-06-01,Night,67.13,537,97.22,0,RUNNING,304.6667809659923,0.10661826715920224,304.87463037444024,314.93036910803096,1.146749077668856,317.020704125566,2.65823020921875,0.7141764072616725,4.438562941178059,12.013666185846557,1.3056733492423251,14.735631225447744,55.144760100695834,10.93964424861681,77.87691710546136,757.0996110571913,179.5394878804051,1233.620498019215,70.45544630868078,15.973126644994267,100.0,0,5.58,1.0,0.0,67.125,98.47,95.27666666666666,95.46666666666667,63.57,64.55999999999999,65.13444444444445,0.0,0.0,0.0,304.6515420838636,304.68800908686814,304.31401510092536,314.6003219544173,314.5911370373408,314.3026301466231,2.6679011857118566,2.562356640958331,2.566365186936359,11.833076042871292,11.995162949978171,12.040790213829728,52.360247126204,54.123699563106946,54.9903983525404,804.9260517067779,789.8070301186011,769.1067439642108,65.96953343285502,68.63455292329964,70.16458355351507,1,0,32
M-03,PRESS,2026-06-02,Morning,62.87,503,95.37,0,RUNNING,304.71336058797135,0.19425107207761266,304.9971089823219,314.5906383283249,1.0541896393875414,316.2900504135538,2.722914288876918,0.7922728545561616,4.657091981430285,11.635268686514323,1.1416119137115206,14.004644803207777,55.33698138471662,11.195147921195012,83.90595339949331,756.9020415815836,153.1308970641338,1081.4420096341248,70.50182001252936,14.37773648514079,100.0,0,5.92,1.0,0.0,62.875,97.22,96.62666666666667,95.51888888888888,67.13,65.15999999999998,65.80333333333334,0.0,0.0,0.0,304.6667809659923,304.682539050754,304.43732113827537,314.93036910803096,314.74774086745754,314.4425829425819,2.65823020921875,2.6310992700401696,2.5891629380100287,12.013666185846557,11.992704647744594,12.026988669948395,55.144760100695834,53.913121954340816,55.1835415727434,757.0996110571913,791.9952772222196,763.1845767741256,70.45544630868078,68.30673440766832,70.61979811856769,1,0,33
M-03,PRESS,2026-06-02,Afternoon,67.37,539,96.28,0,RUNNING,304.6557906920992,0.0755409334825091,304.8120369591618,314.7873298332706,1.135858784697353,316.9386523962436,2.706157747068873,0.7293794174078255,4.59708507484188,12.095779414150376,1.0882176005085518,14.073235900624958,53.538861957527644,12.805488353798493,85.92900480288273,788.7940657252803,225.8387341294518,1580.4613980981824,68.17168992625284,16.380771811062278,100.0,0,6.25,1.0,0.0,67.375,95.37,97.02,95.71777777777777,62.87,64.52333333333333,65.3011111111111,0.0,0.0,0.0,304.71336058797135,304.67722787927573,304.5438047820014,314.5906383283249,314.70710979692444,314.5553839606852,2.722914288876918,2.6830152279358415,2.6115907774542664,11.635268686514323,11.827336971744058,12.002165003365945,55.33698138471662,54.28066287053881,55.219248292907466,756.9020415815836,772.9759014485176,762.8769885953523,70.50182001252936,68.97559991802173,70.66667068329934,1,0,33
M-03,PRESS,2026-06-02,Night,69.52,556,96.79,0,RUNNING,304.53968298677415,0.1080573647453151,304.749288465667,314.3000247399304,1.1675635940539997,315.8668261458204,2.764065523576507,0.6768348919384215,4.217008225593049,11.589589308294217,1.0437345482016753,13.202023264888494,59.27872872426979,13.24949291953427,77.25639734869591,715.2641601191983,189.90864241318357,1163.8616835735218,74.28958842479757,19.37812459541421,100.0,0,6.58,1.0,0.0,69.5,96.28,96.29,95.65555555555557,67.37,65.78999999999999,65.20222222222222,0.0,0.0,0.0,304.6557906920992,304.6786440820209,304.6481654776207,314.7873298332706,314.76944575654215,314.6427277075379,2.706157747068873,2.695767415054847,2.628907481698148,12.095779414150376,11.914904762170417,12.016959464953635,53.538861957527644,54.67353448098004,54.790538843749715,788.7940657252803,767.5985727880185,769.887432517041,68.17168992625284,69.70965208248766,70.01230056102654,1,0,33
M-03,PRESS,2026-06-03,Morning,65.37,523,95.38,0,RUNNING,304.50718613156863,0.09925116173762229,304.68628601757854,314.401214793688,0.9902358297602535,315.95852755303224,2.4914241387942893,0.6987408674594732,4.100411620388834,12.174373391393019,1.164481542228418,14.253685053048851,55.26012206415801,10.651971808186168,78.65363097053861,754.8432856135988,153.20922425643184,1256.210477207893,68.54770761064478,15.459088122929977,100.0,0,6.92,1.0,0.0,65.375,96.79,96.14666666666666,95.75555555555555,69.52,66.58666666666666,65.85666666666667,0.0,0.0,0.0,304.53968298677415,304.63627808894825,304.68966122558686,314.3000247399304,314.5593309671753,314.66455302556903,2.764065523576507,2.731045853174099,2.6427675677877622,11.589589308294217,11.773545802986305,11.951802324386442,59.27872872426979,56.05152402217135,55.59195989545546,715.2641601191983,753.6534224753541,760.4710275288472,74.28958842479757,70.98769945452659,70.83848993432944,1,0,34
M-03,PRESS,2026-06-03,Afternoon,65.26,522,95.7,0,RUNNING,304.6465851126601,0.06950319280505521,304.76912530912733,314.9244593909114,1.092749913078881,317.7764976723583,2.6371318714763397,0.47916740861085283,3.619690638833209,12.019905991993104,1.196202244569599,14.245790741139457,51.813025168136406,9.98022843869731,72.30390763964961,811.8061384326585,207.83145540961442,1626.1930617612436,65.75701099892203,14.091047182911739,100.0,0,7.25,0.0,0.0,65.25,95.38,96.14999999999999,95.67,65.37,67.42,65.77666666666667,0.0,0.0,0.0,304.50718613156863,304.5675532701473,304.6627306187087,314.401214793688,314.49618978896297,314.61013144769987,2.4914241387942893,2.653882469813223,2.6291057576195787,12.174373391393019,11.953247371279204,11.947376636822163,55.26012206415801,56.02590424865181,55.44537703326924,754.8432856135988,752.9671704860258,762.3702558925447,68.54770761064478,70.3363286538984,70.36874780822865,0,0,34
M-03,PRESS,2026-06-03,Night,66.38,531,97.91,0,RUNNING,304.95319841826824,0.1988630490152964,305.2333170340742,314.9810680705587,0.9115530314961641,316.86396936413485,2.677551506808107,0.5780540028803379,3.923092785759632,11.984880961485398,1.190144405685003,14.164530226766772,55.297811647670386,12.435203812783596,78.07659834533698,775.4062335307635,249.20631689079488,1824.9860311572463,70.96255946702249,15.553199146567255,91.20509409970742,0,7.58,0.0,0.0,66.375,95.7,95.95666666666666,95.84111111111112,65.26,66.71666666666665,65.6888888888889,0.0,0.0,0.0,304.6465851126601,304.5644847436676,304.6437126375189,314.9244593909114,314.54189964150993,314.6341608117976,2.6371318714763397,2.6308738446157114,2.629665966876297,12.019905991993104,11.927956230560113,11.9460079809029,51.813025168136406,55.45062531885474,54.7492864543139,811.8061384326585,760.6378613884852,772.6811547650349,65.75701099892203,69.53143567812145,69.29188022796959,0,0,34
M-03,PRESS,2026-06-04,Morning,63.47,508,93.34,0,RUNNING,304.85567232287076,0.11048644691534015,305.0038930519668,314.9540736497398,1.121271605235279,317.57202918694554,2.4654279316555914,0.48338458879753915,3.4723774442013786,12.128321280329725,1.2853706033104548,14.553018667194753,56.07379851216478,14.301075855630208,87.96035977619974,768.9547821094512,226.95407499914768,1642.1112241882354,72.17522427013839,18.798333118735417,100.0,0,7.92,0.0,0.0,63.5,97.91,96.33,96.36777777777779,66.38,65.67,65.80555555555556,0.0,0.0,0.0,304.95319841826824,304.7023232208323,304.6737134535115,314.9810680705587,314.7689140850527,314.69199530656186,2.677551506808107,2.6020358390262452,2.6547269874135053,11.984880961485398,12.059720114957173,11.941990188562691,55.297811647670386,54.12365295998827,54.69609964550014,775.4062335307635,780.6852191923402,775.4446396299713,70.96255946702249,68.42242602552977,69.23895329590822,0,0,35
M-03,PRESS,2026-06-04,Afternoon,61.42,491,97.02,0,RUNNING,304.78583320561347,0.10314133172555477,305.02781026987293,314.745265689868,0.9910889432526109,316.425000018482,2.427708441702123,0.5798398211852711,3.772119324696949,12.213978026906005,1.0927570898768533,14.042661030517806,54.252185671507675,9.514015903412801,71.03998863600987,762.1063643123554,136.22827267793372,1004.9761671874178,68.85211036960521,12.477200823636478,92.73818928508834,0,8.25,0.0,0.0,61.375,93.34,95.64999999999999,96.27333333333334,63.47,65.03666666666666,65.66000000000001,0.0,0.0,0.0,304.85567232287076,304.8184852845997,304.6877554780076,314.9540736497398,314.9532003704033,314.71883331876353,2.4654279316555914,2.5933704366466794,2.6434227114652478,12.128321280329725,12.04436941126941,11.94165125143089,56.07379851216478,54.394878442657195,54.90048185394927,768.9547821094512,785.3890513576245,770.4440410973892,72.17522427013839,69.63159824536096,69.64784227242703,0,0,35
M-03,PRESS,2026-06-04,Night,62.85,503,91.69,0,RUNNING,305.11413293126674,0.05654215080381845,305.2175140312642,314.8588627544837,0.8479903646090033,317.28116022259536,2.7411378534652115,0.5988431568295021,3.7997545213872495,11.888678652240388,1.1368525450322826,14.15516331420649,55.51274064836019,10.510392430410711,73.6558957127551,751.0796379599727,152.12210739295836,1128.0773003001634,71.365156724921,15.566824788689825,99.47371181925357,0,8.58,0.0,0.0,62.875,97.02,96.08999999999999,96.11222222222221,61.42,63.75666666666666,65.4211111111111,0.0,0.0,0.0,304.78583320561347,304.8649013155842,304.70267671375757,314.745265689868,314.8934691367222,314.73493817825806,2.427708441702123,2.52356262672194,2.6167346287975,12.213978026906005,12.10906008957371,11.983973694101413,54.252185671507675,55.20793194378094,55.110697247871904,762.1063643123554,768.82245998419,765.6862980535645,68.85211036960521,70.6632980355887,69.9681285987326,0,0,35
M-03,PRESS,2026-06-05,Morning,65.76,526,100.0,0,RUNNING,304.9571376395936,0.1312432867311171,305.2339516349544,314.9083807091815,0.9630194059178527,316.68586319687347,2.4884932785441554,0.6599764044008657,3.841214551724192,12.055136127243362,1.0550764063134748,13.862997788382687,57.30708715750754,9.235766598155355,73.83231064428365,715.333263403227,124.01885556424196,1012.9338635446755,73.21608232077833,12.196023888696697,94.20370341197882,0,8.92,0.0,0.0,65.75,91.69,94.01666666666665,95.49777777777778,62.85,62.57999999999999,64.94555555555557,0.0,0.0,0.0,305.11413293126674,304.91854615325036,304.7523824876769,314.8588627544837,314.8527340313638,314.72699302786395,2.7411378534652115,2.5447580756076413,2.625946589269329,11.888678652240388,12.076992653158706,11.970086190367397,55.51274064836019,55.27957494401088,55.15158397539017,751.0796379599727,760.7135947939264,765.0174121538736,71.365156724921,70.79749712155485,70.06920753387041,0,0,36
M-03,PRESS,2026-06-05,Afternoon,64.99,520,97.68,0,RUNNING,304.6415194277818,0.08357942046586839,304.799802127392,314.52376138493315,1.0139339745954117,316.9065203414032,2.709957135460171,0.5002214691752325,3.935726960847013,12.10320504821115,1.3037068168390091,14.723370559684826,56.1201909250753,13.232543302051333,85.0302983133136,756.4274400443963,196.78129558835548,1243.723770748842,70.86012766690799,17.687177232051635,100.0,0,0.29,1.0,0.0,65.0,100.0,96.23666666666668,96.01222222222222,65.76,63.34333333333333,65.26666666666668,0.0,0.0,0.0,304.9571376395936,304.9523679254913,304.7794688267461,314.9083807091815,314.83750305117775,314.76229773684804,2.4884932785441554,2.552446524570496,2.5998998103434663,12.055136127243362,12.052597602129916,12.016738128226176,57.30708715750754,55.69067115912514,55.37048461681138,715.333263403227,742.8397552251851,760.398659022945,73.21608232077833,71.14444980510152,70.37079223478696,1,0,36
M-03,PRESS,2026-06-05,Night,65.16,521,95.8,0,RUNNING,305.0831952113179,0.0843201852223415,305.22861580643445,314.9954205277521,1.0500757897935165,317.0036544361127,2.7297200302887834,0.6065001207055633,3.844702930551105,11.935438417178057,0.8446009734130077,14.143626296732618,56.25733179977167,12.001323924698557,83.93579251400011,750.579585440365,193.18653829516657,1504.995143049019,72.10206368982719,15.034888937435227,100.0,0,0.62,1.0,0.0,65.125,97.68,96.45666666666666,96.16777777777777,64.99,64.53333333333332,65.00222222222222,0.0,0.0,0.0,304.6415194277818,304.9042633328807,304.7778831307108,314.52376138493315,314.7636682828661,314.7330123536994,2.709957135460171,2.6465294224898455,2.6003219646091664,12.10320504821115,12.0156732758983,12.017563198677374,56.1201909250753,56.31333957698101,55.6572989465389,756.4274400443963,740.9467804691986,756.8023672806246,70.86012766690799,71.81378890420244,70.6695075393042,1,0,36
M-03,PRESS,2026-06-06,Morning,66.79,534,95.42,0,RUNNING,305.1042323805249,0.06251909846573825,305.19967203730755,315.24681820931534,0.9826300628977243,317.10352555505494,2.6694071500109198,0.576469727859739,4.107828538308337,11.608367289742507,1.190653595069561,13.611284290047635,50.55021628967236,14.242710523147492,92.90362296526712,870.4573260987688,290.0720669398155,1693.768218052746,63.102470118262445,17.483541231456165,100.0,0,0.96,1.0,0.0,66.75,95.8,97.82666666666667,96.05777777777777,65.16,65.30333333333333,64.51777777777778,0.0,0.0,0.0,305.0831952113179,304.8939507595644,304.8382733778824,314.9954205277521,314.8091875406223,314.8102785523463,2.7297200302887834,2.642723481431036,2.5965057986883076,11.935438417178057,12.031259864210858,12.055990877442246,56.25733179977167,56.561536627451495,55.321588177150225,750.579585440365,740.780096295996,760.7263034274209,72.10206368982719,72.05942455917118,70.4264492354186,1,0,37
M-03,PRESS,2026-06-06,Afternoon,65.52,524,96.64,0,RUNNING,305.15065765671676,0.05504195762064682,305.2350224290164,315.2772466262433,1.124612018788157,317.14237427077694,2.4687231810297874,0.666333541459644,3.808852935613155,11.71499382862602,1.0396898087644408,13.815722009418383,55.56841067999447,9.516299158544689,71.53444301851606,746.6646669406832,142.25265291332357,1064.2596480891066,71.26069642502948,13.33234267025362,100.0,0,1.29,1.0,0.0,65.5,95.42,96.3,96.06222222222222,66.79,65.64666666666666,64.67555555555555,0.0,0.0,0.0,305.1042323805249,304.94298233987485,304.9046118499886,315.24681820931534,314.9220000406669,314.904234487416,2.6694071500109198,2.7030281052532907,2.616281688823489,11.608367289742507,11.88233691837724,11.99310131059219,50.55021628967236,54.309246338173104,54.798265313318474,870.4573260987688,792.4881171945102,773.5723079257732,63.102470118262445,68.68822049166587,69.82142284737613,1,0,37
M-03,PRESS,2026-06-06,Night,63.7,510,97.98,0,RUNNING,305.1524907873804,0.07821071757497927,305.3173620026016,315.30495678072225,1.2573282676563766,318.4906986065543,2.653739042992057,0.5581949885751639,3.8126413677281192,11.996968966746334,0.9524683521641155,13.41860653696701,56.44763290860424,11.913495546331733,78.73370282662599,745.0124899070526,166.938959837281,1140.451362747028,70.01350823010014,15.899219008764442,97.82687227811476,0,1.62,1.0,0.0,63.75,96.64,95.95333333333333,96.16666666666667,65.52,65.82333333333332,64.70444444444443,0.0,0.0,0.0,305.15065765671676,305.1126950828532,304.9606199104394,315.2772466262433,315.1731617877703,314.94343306911946,2.4687231810297874,2.62261678710983,2.597569612107206,11.71499382862602,11.752933178515526,11.959222181329178,55.56841067999447,54.12531958981284,55.2155303701916,746.6646669406832,789.2338594932722,766.334366648887,71.26069642502948,68.82174341103972,70.43294345027694,1,0,37
M-03,PRESS,2026-06-07,Morning,64.66,517,94.49,0,RUNNING,305.1844631259807,0.056948384498439926,305.3134337300277,314.959490064364,0.8357920487697766,316.8371908218502,2.488133921086736,0.669041183000374,4.15102114905974,11.917906294542883,1.2761991020829424,15.370475867385876,56.23268866815118,8.916868486786486,70.94670378854073,733.214966216646,130.78927537584505,1020.6203641746314,70.56226520815272,11.314176739280015,92.9100564724159,0,1.96,1.0,0.0,64.625,97.98,96.67999999999999,96.17444444444443,63.7,65.33666666666666,64.40666666666667,0.0,0.0,0.0,305.1524907873804,305.1357936082074,304.98276350700735,315.30495678072225,315.2763405387603,314.97942070358215,2.653739042992057,2.5972897913442545,2.594923782794311,11.996968966746334,11.773443361704954,11.960565293024837,56.44763290860424,54.18875329275702,55.34328828807314,745.0124899070526,787.3781609821682,762.9572840240303,70.01350823010014,68.12555825779735,70.32749331284113,1,0,38
M-03,PRESS,2026-06-07,Afternoon,66.05,528,94.2,0,RUNNING,304.75502981173065,0.19909348831746873,305.0638436116701,314.8131454264671,1.021805662948749,316.5868786908643,2.5599368567184215,0.621247225327188,3.930232415203264,12.240926361559149,1.326768419571915,15.769469610457897,52.482014209026794,13.717532556892943,80.64775893251726,820.4806696190291,234.36243934706803,1486.074129668098,67.09031742473148,17.540925731794438,100.0,0,2.29,1.0,0.0,66.0,94.49,96.37,96.30222222222221,64.66,64.62666666666665,64.53888888888889,0.0,0.0,0.0,305.1844631259807,305.16253719002594,305.019295818464,314.959490064364,315.1805644904432,314.98002252742924,2.488133921086736,2.5368653817028597,2.597446670508883,11.917906294542883,11.876623029971745,11.937185850159635,56.23268866815118,56.082910752249965,55.3609427498494,733.214966216646,741.6307076881272,758.9861933692741,70.56226520815272,70.61215662109412,70.14827563928718,1,0,38
M-03,PRESS,2026-06-07,Night,65.05,520,95.98,0,RUNNING,304.49596732625594,0.11483334778668806,304.79910030227825,314.7619462646726,0.8534436577130967,316.92754956214765,2.4715926051235564,0.5419686262991353,3.758037400100061,11.984318392788207,1.300306998988905,15.034588682099042,57.2544461008782,11.374385019420766,79.22364902989186,732.6652143261997,178.71897778902067,1380.9943091682394,72.95919728180304,15.7092006022817,100.0,0,2.62,1.0,0.0,65.0,94.2,95.55666666666667,95.98888888888888,66.05,64.80333333333333,65.05333333333334,0.0,0.0,0.0,304.75502981173065,305.03066124169726,305.0158732191437,314.8131454264671,315.02586409051776,314.9875647203847,2.5599368567184215,2.5672699402657377,2.612138716621805,12.240926361559149,12.051933874282788,11.940180109565539,52.482014209026794,55.05411192859407,55.16425703179598,820.4806696190291,766.2360419142425,765.4722272922379,67.09031742473148,69.22203028766144,69.95252086763452,1,0,38
M-03,PRESS,2026-06-08,Morning,67.12,537,96.95,0,RUNNING,304.77478263255216,0.16462793636601059,304.95801924028973,315.0096274997727,0.8973204026068016,317.1695108490423,2.655403050415302,0.6173567725407356,3.978063244392358,11.855920946401609,1.1255807999824177,14.31971227159836,52.58894334618856,14.165910223496603,90.78158205087136,800.8456624432055,250.9279900991412,1715.71421889951,66.9972016664026,17.494456893635427,100.0,0,2.96,1.0,0.0,67.125,95.98,94.89,96.46555555555557,65.05,65.25333333333332,65.29777777777777,0.0,0.0,0.0,304.49596732625594,304.8118200879891,304.94718815192033,314.7619462646726,314.8448605851679,314.9767962215168,2.4715926051235564,2.5065544609762376,2.582189244583843,11.984318392788207,12.047717016296746,11.950806747404185,57.2544461008782,55.32304965935205,55.35777985985353,732.6652143261997,762.1202833872916,763.4261802218186,72.95919728180304,70.20392663822908,70.12963648506587,1,0,39
M-03,PRESS,2026-06-08,Afternoon,64.95,520,97.64,0,RUNNING,304.8357759710182,0.11467296194468198,305.00406652763354,315.1491152903306,0.7132441522768967,317.04044972894474,2.5792813577874973,0.6511468724262257,3.865407658485143,11.642700195194505,1.2001817984321574,13.955835860241809,52.06932438801689,11.073644699289577,80.04526164417786,806.2633002593741,195.80771685034122,1495.9931617551565,66.65197256262941,14.739471366840116,97.46057412796904,0,3.29,1.0,0.0,65.0,96.95,95.71,96.12666666666668,67.12,66.07333333333332,65.44888888888889,0.0,0.0,0.0,304.77478263255216,304.6752599235129,304.92692648447127,315.0096274997727,314.8615730636375,314.9880458649158,2.655403050415302,2.562310837419093,2.600734774791748,11.855920946401609,12.02705523358299,11.928671727310656,52.58894334618856,54.10846788536452,54.83354165859586,800.8456624432055,784.6638487961446,772.9275578929273,66.9972016664026,69.01557212431238,69.4386497456908,1,0,39
M-03,PRESS,2026-06-08,Night,67.71,542,97.12,0,RUNNING,304.7995141108482,0.10259656558687155,304.96440844424603,314.62273419859224,1.0543056579504861,316.66587997296926,2.5757212545512145,0.5565679575226923,3.466466080868322,11.995333309240772,1.1611098817962655,14.257263579639655,54.87147209816976,11.35123569452482,86.49648003194805,761.8614683379435,162.7591840060007,1112.4729755049027,70.3221648993976,16.41372665206889,100.0,0,3.62,1.0,0.0,67.75,97.64,96.85666666666667,96.12222222222222,64.95,65.70666666666665,65.44444444444444,0.0,0.0,0.0,304.8357759710182,304.7021753099421,304.94851054483087,315.1491152903306,314.97356301825863,315.05752963218225,2.5792813577874973,2.5687590044421182,2.586215243939229,11.642700195194505,11.82764651146144,11.877504521419917,52.06932438801689,53.97090461169455,54.383445376700486,806.2633002593741,779.9247256762598,778.4648756945916,66.65197256262941,68.86945717027835,68.9710769563265,1,0,39
M-03,PRESS,2026-06-09,Morning,65.02,520,93.38,0,RUNNING,305.0136139931244,0.11458678769300752,305.2071463595937,314.9385443531459,0.9145011181885165,316.83178183459194,2.558703634443745,0.733404910248179,4.227646481648689,11.866928501164683,1.4170128782804552,14.59014219719919,51.1998701436132,11.654333717118275,77.83279332728736,826.8044629410417,188.09723957975902,1307.8576459378976,64.69918939277937,16.18285332211728,100.0,0,3.96,1.0,0.0,65.0,97.12,97.23666666666666,96.2688888888889,67.71,66.59333333333332,65.72777777777777,0.0,0.0,0.0,304.7995141108482,304.8033575714729,304.9169904225564,314.62273419859224,314.92715899623187,315.01612004005335,2.5757212545512145,2.6034685542513376,2.569104268857277,11.995333309240772,11.83131815027896,11.884159509426887,54.87147209816976,53.17657994412506,54.22946096541139,761.8614683379435,789.6568103468411,779.7184182387668,70.3221648993976,67.99044637614321,68.77331042405655,1,0,40
M-03,PRESS,2026-06-09,Afternoon,62.92,503,95.39,0,RUNNING,304.83919549745923,0.1718056547170353,305.18598943613097,314.90472544891946,1.0057586092490551,316.7487167335075,2.5971621798191475,0.7444083980158501,3.8305019689603976,11.836293270896112,1.4210749944903236,14.459562985666215,54.98623147683091,12.426488618658635,80.32752759926936,791.273501165334,223.62545818887617,1542.0554462217465,66.82709894296363,16.80204791790422,100.0,0,4.29,1.0,0.0,62.875,93.38,96.04666666666667,96.04222222222222,65.02,65.89333333333332,65.5311111111111,0.0,0.0,0.0,305.0136139931244,304.88296802499696,304.90692171284525,314.9385443531459,314.9034646140229,314.98186738936784,2.558703634443745,2.571235415594152,2.5568038782387017,11.866928501164683,11.834987335199989,11.912888532918238,51.1998701436132,52.713555543266615,54.30164472696036,826.8044629410417,798.3097438461197,774.8681001101306,64.69918939277937,67.22444228493546,68.95072367678065,1,0,40
M-03,PRESS,2026-06-09,Night,63.81,510,95.63,0,RUNNING,304.65258001260946,0.10674542402313875,304.8154304313434,314.9644077106268,0.9306965581189816,317.1710634149236,2.5952739603766783,0.5119159754103798,3.607718575982641,12.176217448083241,1.0922600397096407,14.60086996456952,56.848159693574914,12.131788894933019,89.40140671175449,734.513938189814,137.7361323213649,1009.7448629872572,72.19306742276692,14.28217660291351,100.0,0,4.62,1.0,0.0,63.75,95.39,95.29666666666667,95.90333333333334,62.92,65.21666666666665,65.24222222222222,0.0,0.0,0.0,304.83919549745923,304.88410786714394,304.8723148062611,314.90472544891946,314.8220013335525,314.940476147443,2.5971621798191475,2.5771956896047024,2.571074878104186,11.836293270896112,11.899518360433854,11.92636624872603,54.98623147683091,53.685857906204625,54.23695814883108,791.273501165334,793.3131441481064,779.824637246203,66.82709894296363,67.28281774504687,68.45810173432889,1,0,40
M-03,PRESS,2026-06-10,Morning,65.11,521,97.06,0,RUNNING,304.6941559549822,0.18775003292112305,305.00884265591395,314.83935608409524,0.9501267056342925,316.81901113554414,2.4185388241041514,0.6523157084907188,3.78378334163372,11.990873974910226,1.0556874800399367,15.006950810244774,54.751625503355925,10.953334277334823,74.22093570721394,766.170206380463,166.07387075532995,1277.447672583742,70.66347072695399,15.282042555100336,100.0,0,4.96,1.0,0.0,65.125,95.63,94.8,95.64222222222223,63.81,63.91666666666666,65.25444444444445,0.0,0.0,0.0,304.65258001260946,304.8351298343977,304.81676916461987,314.9644077106268,314.9358925042307,314.9026373618768,2.5952739603766783,2.5837132582131903,2.564578757813589,12.176217448083241,11.959813073381346,11.94628274665235,56.848159693574914,54.344753771339676,54.28146112493893,734.513938189814,784.1973007653966,778.6581314998431,72.19306742276692,67.90645191950331,68.70027497795853,1,0,41
M-03,PRESS,2026-06-10,Afternoon,64.86,519,96.97,0,RUNNING,305.00918142555867,0.072355618368202,305.1717609095212,315.04201010136944,1.0322325305730815,317.1583588030984,2.59684584848083,0.6550012076791768,3.78549930301392,11.727709602955695,1.0289549791995731,14.642191902226852,56.05010564100866,9.461369493299319,84.04289108058853,737.9808369506381,131.9014332118061,1129.179455066827,70.60642746450374,13.103442268649811,100.0,0,5.29,1.0,0.0,64.875,97.06,96.02666666666669,95.92777777777778,65.11,63.94666666666666,65.30444444444444,0.0,0.0,0.0,304.6941559549822,304.72864382168365,304.76229059006454,314.83935608409524,314.9028297478805,314.889289141847,2.4185388241041514,2.536991654766659,2.5568459692599683,11.990873974910226,12.001128231296526,11.954390266693167,54.751625503355925,55.52867222458725,54.1168985510728,766.170206380463,763.9858819118704,782.3198248513783,70.66347072695399,69.89454569756151,68.71152003560312,1,0,41
M-03,PRESS,2026-06-10,Night,65.13,521,92.05,0,RUNNING,305.0904784155389,0.08884652446872493,305.3011164128083,315.0986984839021,1.2195252729214094,317.8822067343696,2.532136650429853,0.7103332121031044,4.091783918278589,11.93204027475372,1.2585449638582968,14.291458557209952,58.12923482531055,11.751554891164153,80.40984631424189,717.898877867718,163.7921535773536,1188.3098143036443,74.21438482367843,15.836935093722847,100.0,0,5.62,1.0,0.0,65.125,96.97,96.55333333333333,96.23555555555555,64.86,64.59333333333332,65.17222222222222,0.0,0.0,0.0,305.00918142555867,304.7853057977168,304.7905296582676,315.04201010136944,314.9485912986972,314.9147185501695,2.59684584848083,2.5368862109872197,2.5609469683446804,11.727709602955695,11.964933675316388,11.897366182403895,56.05010564100866,55.88329694597983,54.51335315462634,737.9808369506381,746.2216605069717,773.1531767771125,70.60642746450374,71.15432187140821,69.10219892891115,1,0,41
M-03,PRESS,2026-06-11,Morning,63.17,505,95.71,0,RUNNING,305.1371530666632,0.09896402745706226,305.30094530129406,314.683210045094,0.8878903875372874,316.3429283947967,2.781084239935562,0.6384727824207859,4.064752897267027,11.715692132771249,1.3221689831309111,15.28216300235432,55.14738560118082,13.385302608705238,78.9389741283336,776.032472814534,233.4567516889696,1427.1266635760169,70.77922412526058,16.861402313956752,100.0,0,5.96,1.0,0.0,63.125,92.05,95.36,95.79888888888888,65.13,65.03333333333332,65.18111111111111,0.0,0.0,0.0,305.0904784155389,304.9312719320266,304.8565864459657,315.0986984839021,314.9933548897889,314.9521354634172,2.532136650429853,2.515840441004945,2.5676740844898243,11.93204027475372,11.883541284206549,11.891557502622284,58.12923482531055,56.31032198989171,54.61055190178549,717.898877867718,740.683307066273,771.5124727261702,74.21438482367843,71.82809433837872,69.24166421134174,1,0,42
M-03,PRESS,2026-06-11,Afternoon,62.64,501,97.2,0,RUNNING,304.91802107479793,0.14224527083119598,305.16609263467353,315.0007952965196,1.3444589985001734,318.7162225137923,2.62617275585988,0.6388837744026885,4.085842623327121,12.086762955829355,1.247100545649844,14.73406216707732,52.267968855127776,10.12858439043044,74.0753340682673,801.943728205076,173.0761895676618,1376.8724931363524,67.19807761286167,13.1891247245188,98.80429700650396,0,6.29,1.0,0.0,62.625,95.71,94.91000000000001,95.66111111111111,63.17,64.38666666666666,64.74222222222221,0.0,0.0,0.0,305.1371530666632,305.0789376359202,304.89684982753363,314.683210045094,314.94130621012187,314.91586685734177,2.781084239935562,2.6366889129487476,2.5816386611031863,11.715692132771249,11.791814003493556,11.87597652333002,55.14738560118082,56.44224202250001,54.89482326345129,776.032472814534,743.9707292109633,768.7554516563179,70.77922412526058,71.86667880448091,69.66188892899262,1,0,42
M-03,PRESS,2026-06-11,Night,67.98,544,98.44,0,RUNNING,304.75107696269947,0.099786847992835,304.93062834776435,314.67596806097083,1.0822148582321651,317.1818205608114,2.523990805733624,0.5584703512357082,3.4465294147903944,11.850901852504396,1.5152045897999311,14.481951362442242,50.73316987899262,9.548759871417694,71.15530270964754,818.7911196165189,150.99537897827352,1139.5611856872636,65.36388478768889,15.802873351300743,100.0,0,6.62,1.0,0.0,68.0,97.2,94.98666666666666,95.61222222222221,62.64,63.64666666666665,64.48555555555555,0.0,0.0,0.0,304.91802107479793,305.04855085233334,304.90598817239805,315.0007952965196,314.92756794183856,314.8993868580294,2.62617275585988,2.646464548741765,2.5868488164445624,12.086762955829355,11.911498454451442,11.925316830067228,52.267968855127776,55.18152976053972,54.91689487090806,801.943728205076,765.2916929624427,768.2754992058403,67.19807761286167,70.7305621872669,69.72256726790732,1,0,42
M-03,PRESS,2026-06-12,Morning,64.58,517,98.98,0,RUNNING,304.3392177412426,0.2596573140961575,304.7399586178195,314.15540006323454,0.789081223511254,315.7373131900153,2.675945619073283,0.527038822788274,3.5122675367593805,11.71195071705991,1.2074507383073916,15.194127521588095,57.66698434942369,13.197162202285933,89.67532349312529,731.4107915439045,158.41570580316994,1055.4705722921442,72.80238653689463,16.459543792297204,100.0,0,6.96,1.0,0.0,64.625,98.44,97.11666666666666,95.75888888888888,67.98,64.59666666666665,64.51555555555555,0.0,0.0,0.0,304.75107696269947,304.93541703472016,304.9006062670482,314.67596806097083,314.78665780086146,314.90530173162705,2.523990805733624,2.643749267176355,2.5811009887981635,11.850901852504396,11.884452313701667,11.909268890429853,50.73316987899262,52.71617477843373,54.457083513221704,818.7911196165189,798.9224402120429,774.601016014571,65.36388478768889,67.78039550860372,69.17164725549524,1,0,43
M-03,PRESS,2026-06-12,Afternoon,65.29,522,95.33,0,RUNNING,304.09643820402437,0.0975997310930781,304.280821025308,314.1189619903649,0.9458085132105998,316.185853061486,2.5895976919191512,0.6949286419688167,3.7189291946561607,12.059421446463748,1.0343095513846763,14.47997212328594,49.147284873926935,13.815300598506976,79.83023602045719,922.515109921474,436.0963237533821,2884.269661268723,62.75153314559322,20.25748437999677,100.0,0,7.29,0.0,0.0,65.25,98.98,98.20666666666666,96.38111111111111,64.58,65.06666666666665,64.46666666666667,0.0,0.0,0.0,304.3392177412426,304.6694385929133,304.8256733501724,314.15540006323454,314.61072114024165,314.8182856994147,2.675945619073283,2.6087030602222625,2.5941278759792232,11.71195071705991,11.883205175131222,11.892049136640434,57.66698434942369,53.55604102784803,55.175651758311766,731.4107915439045,784.0485464551665,764.0017191926668,72.80238653689463,68.45478297914839,70.07200249373028,0,0,43
M-03,PRESS,2026-06-12,Night,63.8,510,95.4,0,RUNNING,303.900276408699,0.10308758458644164,304.12024911358884,313.89728928656376,0.868260085887278,315.5609233423141,2.735509409771755,0.4575860349761485,3.800682441710153,12.09799175201667,1.2629905184261199,14.506253579555546,55.19571522906329,10.994922034638055,76.00704675060703,754.8070166977619,164.29033812860024,1123.9273880719338,69.59370123544943,14.314550069495033,100.0,0,7.62,0.0,0.0,63.75,95.33,97.58333333333333,96.37444444444445,65.29,65.94999999999999,64.72999999999999,0.0,0.0,0.0,304.09643820402437,304.3955776359888,304.743144762013,314.1189619903649,314.31677670485675,314.73097864846414,2.5895976919191512,2.5965113722420194,2.593287377323668,12.059421446463748,11.874091338676017,11.916841156147948,49.147284873926935,52.515813034114416,54.526879913544654,922.515109921474,824.2390070272992,778.5841201655711,62.75153314559322,66.97260149005892,69.619161849578,0,0,43
M-03,PRESS,2026-06-13,Morning,64.24,514,96.34,0,RUNNING,303.52781833776913,0.2685368317169793,303.98756404322586,313.6727096144038,1.4239120735957422,316.0388439911362,2.53027366425803,0.6180463867996752,3.914191111521778,12.378505902402715,0.8868330799626788,14.511379522814703,52.64751881240696,11.763015307056639,75.78401615966033,801.7845579178975,201.23411678199335,1436.7918396574748,64.87528824493383,16.27342142785494,100.0,0,7.96,0.0,0.0,64.25,95.4,96.57000000000001,96.3488888888889,63.8,64.55666666666666,64.72888888888889,0.0,0.0,0.0,303.900276408699,304.111977451322,304.6595554726896,313.89728928656376,314.0572171133877,314.61240993467936,2.735509409771755,2.6670175735880624,2.608869093923121,12.09799175201667,11.956454638513444,11.908149412140553,55.19571522906329,54.00332815080464,54.343274973043364,754.8070166977619,802.9109727210467,780.8389066664544,69.59370123544943,68.38254030597909,69.33034338432051,0,0,44
M-03,PRESS,2026-06-13,Afternoon,65.31,523,96.01,0,RUNNING,302.88038038650666,0.12229844416323497,303.1419495690076,312.937377035501,0.9558213669951403,314.4958145274008,2.479317010492432,0.5036145701732379,3.288609685139693,12.26457230821777,1.3435099995633435,14.324941586495957,55.31851627389238,13.69445152260536,77.84432219941527,788.7714205035345,311.7470269148841,2239.651426998213,70.74841162955052,16.88116027059558,100.0,0,8.29,0.0,0.0,65.375,96.34,95.69,96.2688888888889,64.24,64.44333333333333,64.63222222222223,0.0,0.0,0.0,303.52781833776913,303.8415109834975,304.52996240411034,313.6727096144038,313.89632029711083,314.4827825491581,2.53027366425803,2.6184602553163123,2.621284076162441,12.378505902402715,12.178639700294378,11.951219626306385,52.64751881240696,52.330172971799065,54.1094853407157,801.7845579178975,826.3688948457111,784.7960568372804,64.87528824493383,65.74017420865881,68.68721199742937,0,0,44
M-03,PRESS,2026-06-13,Night,65.85,527,98.38,0,RUNNING,302.8275448981353,0.07633685472974372,302.9936294629811,313.0797465920253,0.7970199507133723,314.3564256513702,2.5925414957363864,0.6780884603397132,3.7856311541895376,11.80603156080338,1.1156162267779788,13.6069751865985,54.71473007772085,13.29429170520672,92.03894648106892,781.851466383527,211.47694016593363,1280.0513899251391,69.42519711968033,16.275548209877012,100.0,0,8.62,0.0,0.0,65.875,96.01,95.91666666666667,96.16222222222223,65.31,64.44999999999999,64.68222222222222,0.0,0.0,0.0,302.88038038650666,303.4361583776583,304.2934289553268,312.937377035501,313.5024586454895,314.2489344307283,2.479317010492432,2.581700028174072,2.6082253163859526,12.26457230821777,12.247023320879052,12.010871038002172,55.31851627389238,54.38725010512087,54.02819763325834,788.7714205035345,781.7876650397312,790.4394550098244,70.74841162955052,68.40580036997792,68.70298801576791,0,0,44
M-03,PRESS,2026-06-14,Morning,66.85,535,93.03,0,RUNNING,303.10470143455154,0.12167115556453925,303.3320860106021,313.3471319076352,0.9936758227582801,315.84892843798406,2.568683502511123,0.5634951002576255,4.224257032568729,11.96318229095706,1.1461997094902814,13.88359329939078,55.25887984686391,10.33564007506702,75.84414694267306,754.5519290555303,144.45752901568616,1035.0885713080716,69.91263065906438,13.314490685996095,97.49594565341606,0,8.96,0.0,0.0,66.875,98.38,96.91000000000001,96.86555555555556,65.85,65.13333333333333,64.76222222222222,0.0,0.0,0.0,302.8275448981353,303.07858120747034,304.04199189783753,313.0797465920253,313.2299444139767,314.02460644274197,2.5925414957363864,2.5340440568289493,2.614936965864456,11.80603156080338,12.149703257141288,11.996870069785466,54.71473007772085,54.22692172134006,53.64880821685948,781.851466383527,790.8024816016531,797.5452981782475,69.42519711968033,68.34963233138824,68.17085604865701,0,0,45
M-03,PRESS,2026-06-14,Afternoon,60.02,480,97.87,0,RUNNING,303.37613309480815,0.08917494317643361,303.56519155654627,313.43053707592696,1.0820791546139674,316.5731206238368,2.5742045471916133,0.6009439885060367,3.7300006515254314,11.787945370077727,1.3041871544442878,14.449070140061758,52.69466179487139,11.080869020010434,74.61277922944171,795.1682941135123,166.3048855741385,1118.4704002204162,64.83001475574835,15.385509919021931,96.3619359138374,0,9.29,0.0,0.0,60.0,93.03,95.80666666666667,96.56777777777778,66.85,66.00333333333332,65.17111111111112,0.0,0.0,0.0,303.10470143455154,302.93754223973116,303.81616393871394,313.3471319076352,313.1214185117205,313.87615331635766,2.568683502511123,2.5468473362466466,2.5913368839284074,11.96318229095706,12.011262053326071,12.024368976250555,55.25887984686391,55.097375399492385,53.66119646637982,754.5519290555303,775.058271980864,795.1585710939139,69.91263065906438,70.02874646943174,68.07456788574632,0,0,45
M-03,PRESS,2026-06-14,Night,62.33,499,95.55,0,RUNNING,303.5261203688068,0.11433377355411686,303.70426420332564,313.639330165846,1.070315929121999,317.14411342266635,2.8044806489395944,0.7050876924807363,4.240337681005772,11.927574963854873,0.9067629398131521,13.666343238902108,55.19678308902842,14.367092810667287,80.3163176783396,780.7432601151531,226.1913358329576,1349.8311939051275,69.66463838035102,18.458663268151803,100.0,0,9.62,0.0,0.0,62.375,97.87,96.42666666666666,96.64222222222222,60.02,64.23999999999998,64.88000000000001,0.0,0.0,0.0,303.37613309480815,303.10279314249834,303.64484305204843,313.43053707592696,313.2858051918625,313.7016801807363,2.5742045471916133,2.578476515146374,2.585562638520822,11.787945370077727,11.852386407279388,11.991167022278155,52.69466179487139,54.22275723981872,53.708606793018,795.1682941135123,777.19056318419,794.4057450837402,64.83001475574835,68.05594751149768,67.81144979051152,0,0,45
M-03,PRESS,2026-06-15,Morning,62.72,502,92.4,0,RUNNING,303.0852652136752,0.23261323316639088,303.55607195513727,312.8749084731266,1.0649348367692368,314.7463721519828,2.4336754541018624,0.5433761674007346,3.565202655329685,11.948418132923077,1.1316594351270617,14.798157812644424,56.790461419191395,12.39686951167622,79.85453695788867,741.6902999751937,195.61823712235682,1453.6331561805775,72.20284922320336,17.4009235131034,100.0,0,9.96,0.0,0.0,62.75,95.55,95.48333333333333,96.32111111111111,62.33,63.066666666666656,64.25222222222222,0.0,0.0,0.0,303.5261203688068,303.33565163272215,303.5087367638382,313.639330165846,313.47233304980267,313.586498192389,2.8044806489395944,2.6491228995474434,2.616728176654819,11.927574963854873,11.892900874963223,11.99968625687265,55.19678308902842,54.383441576921236,54.20456381635532,780.7432601151531,776.8211610947319,790.1782051391439,69.66463838035102,68.1357612650546,68.2893113008073,0,0,46
M-03,PRESS,2026-06-15,Afternoon,66.06,528,97.52,0,RUNNING,302.82908105063126,0.09695823491194934,303.0900828599527,312.393846588116,0.9219050281760331,314.0650635827172,2.38170428940324,0.5181375420190291,3.396096346592605,12.085331228221444,0.9994459544565694,14.260308448446942,51.908410176163045,16.007166863668537,79.19694139602835,870.3911305476527,347.9495156187538,2148.550978842665,67.40075800686863,21.948748893331892,100.0,0,10.29,0.0,0.0,66.0,92.4,95.27333333333333,95.59,62.72,61.68999999999999,64.04555555555555,0.0,0.0,0.0,303.0852652136752,303.32917289243005,303.36940870521954,312.8749084731266,313.31492523829985,313.4442213490437,2.4336754541018624,2.6041202167443562,2.589809269435772,11.948418132923077,11.887979488951892,12.02596041419078,56.790461419191395,54.89396876769707,54.10717237966284,741.6902999751937,772.5339514012863,791.3203727426204,72.20284922320336,68.8991674531009,68.2226960437305,0,0,46
M-03,PRESS,2026-06-15,Night,63.88,511,90.82,0,RUNNING,302.93715828623766,0.1504730995252097,303.169763607644,312.77488839191307,0.8067105791344605,314.25723390932984,2.691932880693214,0.5577086653080242,3.8430929249555534,11.821141489478746,0.999552046959712,15.090624892097711,56.03828771394917,10.80767696155581,75.6359626819161,750.5016783537052,206.5509108763769,1669.2902535235005,71.80136888517104,14.93814372580943,98.12292326356716,0,10.62,0.0,0.0,63.875,97.52,95.15666666666668,95.83333333333333,66.06,63.70333333333332,64.13111111111111,0.0,0.0,0.0,302.82908105063126,303.1468222110377,303.22859124373144,312.393846588116,312.9693617423629,313.25254185990497,2.38170428940324,2.539953464148232,2.5667100024895593,12.085331228221444,11.987108108333132,12.028839278830525,51.908410176163045,54.63188489479429,54.413964079911295,870.3911305476527,797.6082302126665,785.5288194788626,67.40075800686863,69.75608187014099,68.73927658387221,0,0,46
M-03,PRESS,2026-06-16,Morning,63.93,511,96.78,0,RUNNING,302.52399584961,0.17131005829046528,302.81168191496846,312.86395934118366,0.9632402092695156,314.67540693275936,2.4785478410166633,0.6727588292964772,4.035589547248686,11.27540078157216,1.5009219520150634,13.694039241134458,54.662906604667384,12.180311514601836,79.01311372384836,768.6934764652666,193.70132686496362,1214.969071655476,69.25304394023355,15.050114373865402,95.63455300820698,0,10.96,0.0,0.0,63.875,90.82,93.58,95.32444444444444,63.88,64.21999999999998,64.14,0.0,0.0,0.0,302.93715828623766,302.9505015168481,303.1215781190135,312.77488839191307,312.68121448438524,313.1278306493882,2.691932880693214,2.502437541399438,2.5618681659252776,11.821141489478746,11.951630283541087,11.998078138548532,56.03828771394917,54.91238643643453,54.50758324489861,750.5016783537052,787.5277029588506,785.0504485517451,71.80136888517104,70.46832537174768,68.98457298939682,0,0,47
M-03,PRESS,2026-06-16,Afternoon,62.12,497,96.37,0,RUNNING,302.73526785270167,0.15079496267580544,302.90971258394904,312.90544038605515,0.8998959552255321,315.4192877776956,2.6028132808776787,0.5289498336309326,3.491120591983101,11.665646821764074,1.1831747762854763,14.247543276757025,59.22246927222117,10.955476041480079,80.54325411298633,708.3430043137203,148.83460466593064,1248.5681597604778,75.07566171956314,13.980492643471184,100.0,0,11.29,0.0,0.0,62.125,96.78,95.04,95.37333333333332,63.93,64.62333333333332,64.10555555555555,0.0,0.0,0.0,302.52399584961,302.76341172882627,303.0100422869958,312.86395934118366,312.6775647737375,313.0379695079193,2.4785478410166633,2.517395003704372,2.556120852231792,11.27540078157216,11.727291166424116,11.875510902900693,54.662906604667384,54.203201498259865,54.73151522181644,768.6934764652666,796.5287617888748,781.373661723675,69.25304394023355,69.48505694409107,69.47099028887459,0,0,47
M-03,PRESS,2026-06-16,Night,64.97,520,97.16,0,RUNNING,303.12838234110916,0.12569329863419132,303.32428805858217,313.379409072837,1.0535798968987036,316.1865017674353,2.6791188021600965,0.5668709906703767,4.024228416436635,11.75181707683697,1.288511033495832,14.312267674790302,56.07156347773883,10.998620895233197,76.54550066920332,753.7156695988414,236.54336423423052,1900.256446874326,69.58456826680415,15.599287284126767,98.06715712931675,0,11.62,0.0,0.0,65.0,96.37,94.65666666666668,95.41333333333334,62.12,63.309999999999995,63.75111111111111,0.0,0.0,0.0,302.73526785270167,302.7321406628498,302.99391867212864,312.90544038605515,312.8480960397173,313.0344209913142,2.6028132808776787,2.591098000862518,2.569842660052375,11.665646821764074,11.58739636427166,11.808963626628062,59.22246927222117,56.64122119694591,55.1652877771863,708.3430043137203,742.5127197108974,772.4371710359179,75.07566171956314,72.04335818165592,69.95179585443152,0,0,47
M-03,PRESS,2026-06-17,Morning,65.23,522,94.05,0,RUNNING,303.217775539587,0.0713819608789991,303.3398995390868,312.8221429639432,1.077325098971866,315.4533570854374,2.582051502751409,0.5538639842864967,3.5684009180414247,12.071873676395361,1.1933830134358816,14.76286344108254,56.15036409698104,12.154217340570039,80.3605955504771,756.0326242105693,188.66508922671082,1259.213044006813,70.23544822569501,15.07547027550783,100.0,0,11.96,0.0,0.0,65.25,97.16,96.77,95.27777777777777,64.97,63.673333333333325,63.653333333333336,0.0,0.0,0.0,303.12838234110916,302.7958820144736,303.0273450546813,313.379409072837,313.0496029333586,313.06771682251554,2.6791188021600965,2.586826641351479,2.5794623607661205,11.75181707683697,11.5642882267244,11.802939795076236,56.07156347773883,56.65231311820912,55.316047043854965,753.7156695988414,743.5840501259427,769.310971393175,69.58456826680415,71.30442464220029,69.9695037596675,0,0,48
M-03,PRESS,2026-06-17,Afternoon,67.33,539,95.68,0,RUNNING,303.2354347805966,0.0523293769300539,303.3493252126621,313.19627845015015,0.9022645666675442,314.4970620149496,2.5637893011586863,0.5018174718634643,3.563014803349507,12.144416862861906,1.4375547377083318,14.944786480064636,56.45879155612016,9.843575131868162,75.30037405987439,727.6249809330285,137.89264520503318,1146.027331660923,70.79959933487167,13.538986132623448,98.51235726347755,0,12.29,0.0,0.0,67.375,94.05,95.86,95.39111111111112,65.23,64.10666666666667,63.47333333333333,0.0,0.0,0.0,303.217775539587,303.0271419111327,303.0399088441297,312.8221429639432,313.0356641409451,313.00938471766085,2.582051502751409,2.6213278619297276,2.580947694126152,12.071873676395361,11.829779191665468,11.815016615680493,56.15036409698104,57.148132282313675,55.41510084942353,756.0326242105693,739.3637660410436,769.4754930770682,70.23544822569501,71.63189273735411,70.00537237818203,0,0,48
M-03,PRESS,2026-06-17,Night,64.95,520,94.13,0,RUNNING,303.54167806346,0.17361797713020635,303.827038960567,313.6031252888568,1.0764370017300267,315.3200082267566,2.6823338112195514,0.5921724252698927,3.800931909296785,12.066786292632688,1.1142686771480814,14.261402467920846,55.49097639297179,13.376176091968526,82.40001041519322,764.7705440354717,198.9274352314085,1172.4083514860488,70.41988331600349,16.98269521750839,100.0,0,12.62,0.0,0.0,65.0,95.68,95.63,95.14777777777778,67.33,65.84333333333332,64.28555555555555,0.0,0.0,0.0,303.2354347805966,303.1938642204309,303.0242756981062,313.19627845015015,313.13261016231013,312.98335598146343,2.5637893011586863,2.6083198686900633,2.579790444566938,12.144416862861906,11.989369205364746,11.854624559323177,56.45879155612016,56.22690637694668,55.83333748956229,727.6249809330285,745.791091580813,761.9706805014589,70.79959933487167,70.20653860912361,70.66865955364018,0,0,48
M-03,PRESS,2026-06-18,Morning,64.14,513,94.23,0,RUNNING,303.64064221816545,0.08047371950697793,303.7698748411645,313.56744935395375,1.0006534431051066,315.66773723247087,2.463516669520401,0.44007854887881126,3.294828916972292,12.2434936007327,1.1562138726815627,14.526822358039476,58.17902575727552,12.587780216014066,86.83114043290124,728.2419692032925,190.71860861305242,1316.089987517751,74.285698301806,16.74009842936591,100.0,0,12.96,0.0,0.0,64.125,94.13,94.62,94.99000000000001,64.95,65.83666666666666,64.57666666666667,0.0,0.0,0.0,303.54167806346,303.33162946121456,303.0260043308454,313.6031252888568,313.2071822343167,312.97933321735354,2.6823338112195514,2.6093915383765487,2.566218573709156,12.066786292632688,12.09435894396332,11.870092484742935,55.49097639297179,56.033377348691,55.86602563444488,764.7705440354717,749.4760497263565,760.1959342703833,70.41988331600349,70.48497695885673,70.75257565760155,0,0,49
M-03,PRESS,2026-06-18,Afternoon,64.66,517,99.42,0,RUNNING,303.78378720804784,0.10688295626967131,304.0114572208801,313.8919487446417,1.1258817991563799,316.01476787705616,2.2929182059522457,0.5947160532210204,3.379403024983721,12.001533332386265,1.3461627297108523,14.877013476579366,53.135972545138614,9.362589313837749,68.48550863052299,779.1285748663684,165.04157510440737,1315.8061141314631,67.83949763004624,13.766297110991067,90.90787926417956,0,13.29,0.0,0.0,64.625,94.23,94.67999999999999,95.19333333333333,64.14,65.47333333333331,64.73444444444445,0.0,0.0,0.0,303.64064221816545,303.47258502074067,303.0877128868999,313.56744935395375,313.4556176976536,313.0562822041121,2.463516669520401,2.569879927299546,2.5695342643112156,12.2434936007327,12.151565585409097,11.902878647832894,58.17902575727552,56.70959790212249,56.02031056089868,728.2419692032925,740.2124980572643,758.7016752957276,74.285698301806,71.83506031756039,70.98400333300185,0,0,49
M-03,PRESS,2026-06-18,Night,62.32,499,92.77,0,RUNNING,303.74543451156035,0.15504378607203514,303.98996074678223,313.82968769896115,1.1677848230539085,316.28727457091,2.4144142965042628,0.6765635090146722,3.5593563072277608,12.180987762478338,0.9067596675123507,14.13944950967149,53.64315452143231,13.287678224251973,78.93358332380664,796.8887916790903,217.53857603218609,1446.4704392571498,67.71526082889042,18.025627511604867,99.91744156069026,0,13.62,0.0,0.0,62.375,99.42,95.92666666666666,95.40444444444444,64.66,64.58333333333333,64.5788888888889,0.0,0.0,0.0,303.78378720804784,303.6553691632244,303.1937913488351,313.8919487446417,313.68750779581745,313.2227379992816,2.2929182059522457,2.4795895622307325,2.559669143927772,12.001533332386265,12.103937741917216,11.893567770517874,53.135972545138614,55.60199156512865,56.15670637967374,779.1285748663684,757.3803627017109,748.5613913311404,67.83949763004624,70.84835974928524,71.03275218002159,0,0,49
M-03,PRESS,2026-06-19,Morning,67.87,543,95.58,0,RUNNING,303.8408004231053,0.14254828537518097,304.0385606236434,313.6541914349576,1.0686913261516178,315.5580772928616,2.657754111305459,0.5544516879166939,3.636448117437874,12.075341362961598,1.3580003528501103,14.240169053027138,53.97550069525919,11.179448211877776,76.97656513870986,774.9844340963614,178.09002466598093,1364.8639584167477,69.26818486486621,14.111659667619293,97.38705073689218,0,13.96,0.0,0.0,67.875,92.77,95.47333333333331,95.62111111111112,62.32,63.70666666666665,64.40555555555555,0.0,0.0,0.0,303.74543451156035,303.7232879792579,303.28359981831534,313.82968769896115,313.7630285991856,313.33993792228694,2.4144142965042628,2.390283057325636,2.5288337456845547,12.180987762478338,12.142004898532434,11.933550689740052,53.64315452143231,54.986050941282144,55.890580469394095,796.8887916790903,768.0864452495838,753.715515033961,67.71526082889042,69.94681892024755,70.57874017376818,0,0,50
M-03,PRESS,2026-06-19,Afternoon,63.7,510,98.08,0,RUNNING,304.32539940234665,0.22275958513952535,304.6216058597211,314.36317048893426,0.9688230428557875,316.4581796623885,2.6251659244099925,0.6032435709949304,4.066440698264521,12.122665137303743,1.3936440326987336,14.746946096067267,56.83429235508995,12.352979845539144,75.49807525013725,750.555104968593,237.26839738365805,1698.883542248185,72.4309706043293,15.435176376849608,98.21864144618937,0,14.29,0.0,0.0,63.75,95.58,95.92333333333333,95.48777777777778,67.87,64.94999999999999,64.84333333333333,0.0,0.0,0.0,303.8408004231053,303.79000738090446,303.4299114375926,313.6541914349576,313.79194262618677,313.42774148826186,2.657754111305459,2.455028871253989,2.5487455534944212,12.075341362961598,12.085954152608736,12.022432976561099,53.97550069525919,53.58487592061004,55.8142020350154,774.9844340963614,783.6672668806067,754.4145103263048,69.26818486486621,68.27431444126762,70.58042249872737,0,0,50
M-03,PRESS,2026-06-19,Night,63.82,511,99.65,0,RUNNING,304.80476479767145,0.15215430663018026,305.0737892982144,314.9643936401059,1.0608292215382813,317.2169428908828,2.636917698545276,0.6714065934074636,3.905436779863363,12.303602229650057,1.3737109577946618,16.902055039190856,52.504245994758165,10.166081537721315,78.45475581690722,790.9312199497051,159.93603203879104,1117.4725513859653,67.18473935109613,13.284498415093033,98.6072891079196,0,14.62,0.0,0.0,63.875,98.08,95.47666666666665,95.67777777777776,63.7,64.63,65.0188888888889,0.0,0.0,0.0,304.32539940234665,303.97054477900406,303.60659272088645,314.36317048893426,313.949016540951,313.58971149969284,2.6251659244099925,2.5657781107399047,2.5512291805535674,12.122665137303743,12.12633142091456,12.073212789398841,56.83429235508995,54.81764919059382,55.54884904422305,750.555104968593,774.1427769146816,759.1047437324019,72.4309706043293,69.80480543269532,70.28656793036807,0,0,50
M-04,PRESS,2026-05-01,Morning,65.22,522,93.12,0,RUNNING,306.6219083616724,0.11819629162697914,306.8571044448657,316.75861027543317,1.0176230344237653,318.3651486045137,2.6025138672392463,0.7513262815105769,4.064442261747556,11.882110077469012,1.318550662241972,13.964425582968587,57.038051247508015,12.384324342588686,79.69673206208256,743.7143208222544,171.61428712638332,1177.8565288076409,73.12143365471945,16.878002760900273,99.35872862729654,0,,0.0,0.0,65.25,,,,,,,,,,,,,,,,,,,,,,,,,,,,,,,0,0,1
M-04,PRESS,2026-05-01,Afternoon,66.79,534,94.66,0,RUNNING,306.63375640213667,0.06730346797803703,306.7616030207239,316.5210615738585,0.9871095172213552,318.393922371042,2.6290050687671016,0.43132061991188564,3.4321124092554216,11.97026302815641,1.1219303290890967,13.943975364517662,57.095662779718694,10.650503460462005,77.95330627437231,739.3935346189132,149.71673141576957,1063.185843600411,72.53410789695918,14.388563369464366,100.0,0,,0.0,0.0,66.75,93.12,93.12,93.12,65.22,65.22,65.22,0.0,0.0,0.0,306.6219083616724,306.6219083616724,306.6219083616724,316.75861027543317,316.75861027543317,316.75861027543317,2.6025138672392463,2.6025138672392463,2.6025138672392463,11.882110077469012,11.882110077469012,11.882110077469012,57.038051247508015,57.038051247508015,57.038051247508015,743.7143208222544,743.7143208222544,743.7143208222544,73.12143365471945,73.12143365471945,73.12143365471945,0,0,1
M-04,PRESS,2026-05-01,Night,68.65,549,98.16,0,RUNNING,306.28692634985487,0.15053435417906733,306.4927699712055,316.034478899449,0.9094432574104238,318.3571527569505,2.7313279404658726,0.4358580634614404,3.5474676475412767,12.061479285130037,1.23149272208239,14.149348520762729,52.99831927925758,12.366915169379169,81.9067154335752,807.4842459396945,238.64548938523595,1724.1309333783595,67.39056241079452,15.235458264844537,100.0,0,,0.0,0.0,68.625,94.66,93.89,93.89,66.79,66.005,66.005,0.0,0.0,0.0,306.63375640213667,306.62783238190457,306.62783238190457,316.5210615738585,316.6398359246458,316.6398359246458,2.6290050687671016,2.6157594680031737,2.6157594680031737,11.97026302815641,11.92618655281271,11.92618655281271,57.095662779718694,57.06685701361336,57.06685701361336,739.3935346189132,741.5539277205838,741.5539277205838,72.53410789695918,72.82777077583933,72.82777077583933,0,0,1
M-04,PRESS,2026-05-02,Morning,64.13,513,98.56,0,RUNNING,306.5940137510534,0.14330461547876497,306.7982212525086,316.547666017783,1.1616449682669745,318.5897586333311,2.611579626644287,0.6959539048536312,4.085823624429263,11.975859561528072,1.099056688532476,14.174266596158756,57.1006800845073,14.256501901824166,92.17827911824708,764.0633795009832,291.07328074021126,1885.1483541040304,71.260316263134,18.2798123065384,100.0,0,,0.0,0.0,64.125,98.16,95.31333333333333,95.31333333333333,68.65,66.88666666666667,66.88666666666667,0.0,0.0,0.0,306.28692634985487,306.514197037888,306.514197037888,316.034478899449,316.4380502495803,316.4380502495803,2.7313279404658726,2.6542822921574065,2.6542822921574065,12.061479285130037,11.971284130251819,11.971284130251819,52.99831927925758,55.7106777688281,55.7106777688281,807.4842459396945,763.5307004602873,763.5307004602873,67.39056241079452,71.01536798749105,71.01536798749105,0,0,2
M-04,PRESS,2026-05-02,Afternoon,65.13,521,97.71,0,RUNNING,306.51530423531284,0.11620922991019608,306.7107592966139,316.5678062830735,0.8994262244470637,318.871067501015,2.616936793751581,0.5945137656038476,3.7609530056826737,11.943696200620067,1.1483568854616095,14.195165205339665,55.888545530280396,12.945330095353233,91.86033879720183,750.0985572836275,183.22391455500775,1344.7418901311817,69.96885113745145,16.476967259481796,100.0,0,,0.0,0.0,65.125,98.56,97.12666666666667,96.125,64.13,66.52333333333333,66.1975,0.0,0.0,0.0,306.5940137510534,306.5048988343483,306.53415121617934,316.547666017783,316.3677354970302,316.4654541916309,2.611579626644287,2.657304211959087,2.643606625779127,11.975859561528072,12.002533958271506,11.972427988070883,57.1006800845073,55.73155404782786,56.0581783477479,764.0633795009832,770.3137200198636,763.6638702204614,71.260316263134,70.39499552362923,71.07660505640179,0,0,2
M-04,PRESS,2026-05-02,Night,65.95,528,94.31,0,RUNNING,306.8161716155618,0.0663815281060199,306.919141545745,316.76029953942225,1.0825154270681252,318.713753195054,2.411482105274687,0.5320565553039136,3.7896643369151226,11.940888095274067,1.0336096042146166,13.820238745654752,55.6806333997015,8.716699442046766,69.32566501377765,734.4006527971043,126.34549304731854,1052.6952377750897,71.8296312208669,11.586799724638844,92.87403673982767,0,,0.0,0.0,66.0,97.71,98.14333333333333,96.442,65.13,65.96999999999998,65.98400000000001,0.0,0.0,0.0,306.51530423531284,306.46541477874035,306.530381820006,316.5678062830735,316.3833170667685,316.48592460991944,2.616936793751581,2.6532814536205804,2.6382726593736177,11.943696200620067,11.993678349092725,11.96668163058072,55.888545530280396,55.329181631348426,56.024251784254396,750.0985572836275,773.8820609081017,760.9508076330945,69.96885113745145,69.53990993712665,70.85505427261172,0,0,2
M-04,PRESS,2026-05-03,Morning,63.75,510,98.06,0,RUNNING,307.03619711206676,0.09427633363768534,307.17065554820203,317.3952990591821,0.9007849987188828,319.2619747237406,2.641703396697159,0.5669656143887504,3.716569568696008,11.802509841887408,1.3240705260987282,15.73169143879094,54.33516582435745,11.519680148705413,71.74619209914687,778.4805240836986,207.08561534810508,1419.0838460779505,69.23183998569328,14.36662427425123,89.472201252115,0,,0.0,0.0,63.75,94.31,96.86,96.08666666666666,65.95,65.07000000000001,65.97833333333334,0.0,0.0,0.0,306.8161716155618,306.64182986730935,306.57801345259867,316.76029953942225,316.6252572800929,316.53165376483656,2.411482105274687,2.5466661752235185,2.6004742336904627,11.940888095274067,11.9534812858074,11.96238270802961,55.6806333997015,56.223286338163064,55.96698205349558,734.4006527971043,749.5208631939049,756.5257818270961,71.8296312208669,71.01959954048412,71.01748376398758,0,0,3
M-04,PRESS,2026-05-03,Afternoon,64.35,515,95.19,0,RUNNING,307.00880798536593,0.12331096689091771,307.1995968738373,317.01102600232446,0.922226008475035,318.92097797224585,2.5394630130212787,0.5468426121397811,3.597308700225031,12.085114240881364,1.3157464564676027,15.798051682467996,54.201883528711576,12.671842853659559,71.40600107395788,780.8950730517669,229.686329131481,1578.7464736557583,69.00796752677667,15.672698539857818,91.83344767586154,0,,0.0,0.0,64.375,98.06,96.69333333333333,96.36857142857143,63.75,64.94333333333333,65.66,0.0,0.0,0.0,307.03619711206676,306.7892243209805,306.64346826109414,317.3952990591821,316.907801627226,316.6550316640288,2.641703396697159,2.556707431907809,2.6063641141199905,11.802509841887408,11.895698045927181,11.939543727152154,54.33516582435745,55.30144825144645,55.73386544933299,778.4805240836986,754.32657805481,759.6621735780393,69.23183998569328,70.34344078133721,70.76239179565982,0,0,3
M-04,PRESS,2026-05-03,Night,63.14,505,96.85,0,RUNNING,306.9032866534783,0.11579803034728943,307.05549872932846,317.01940290670893,0.7742115640930615,318.7498282730902,2.681377028665368,0.4807238677917256,3.4904669257399465,11.748755908358454,1.2255369211766156,13.970340138204662,51.82702303672916,12.494671776935798,75.46977550413969,836.5600747927372,256.3440141659486,1656.1415964134324,65.95879143927758,15.103768491764031,93.60861010818084,0,,0.0,0.0,63.125,95.19,95.85333333333334,96.22125,64.35,64.68333333333332,65.49625,0.0,0.0,0.0,307.00880798536593,306.95372557099813,306.6891357266281,317.01102600232446,317.05554153364295,316.69953095631575,2.5394630130212787,2.5308828383310416,2.5980014764826516,12.085114240881364,11.942837392680948,11.957740041368304,54.201883528711576,54.739227584256845,55.542367709255316,780.8950730517669,764.5920833108567,762.3162860122553,69.00796752677667,70.02314624444561,70.54308876204944,0,0,3
M-04,PRESS,2026-05-04,Morning,69.02,552,93.86,0,RUNNING,306.5580136224619,0.25689694424910714,306.9874387251844,316.50568681452256,1.063858264389156,318.425560752604,2.6005729299232847,0.4687279673446528,3.750284665392609,12.024024137804846,1.161869205451717,14.47181528827874,57.5665285592049,15.29214953800218,96.25467899647492,750.2794467935753,224.44814938934388,1364.706463423455,73.73344120303095,19.117066398696856,100.0,0,,0.0,0.0,69.0,96.85,96.7,96.2911111111111,63.14,63.74666666666667,65.23444444444445,0.0,0.0,0.0,306.9032866534783,306.9827639169703,306.7129302740559,317.01940290670893,317.1419093227385,316.73507228413723,2.681377028665368,2.620847812794602,2.607265426725176,11.748755908358454,11.878793330375743,11.934519582144988,51.82702303672916,53.4546907965994,55.12955163453019,836.5600747927372,798.6452239760675,770.5655958767534,65.95879143927758,68.0661996505825,70.03372239285255,0,0,4
M-04,PRESS,2026-05-04,Afternoon,65.05,520,98.82,0,RUNNING,306.51760281932366,0.192746463743239,306.89804240465367,316.8405141308474,1.0648483288204194,319.0187090024731,2.3260115231105822,0.65814974951767,3.688293770860554,11.902206058499221,1.2609926260800972,14.59450650364473,55.00761998438367,10.455001047154962,86.73369171812871,751.9131574112032,136.34198976683405,1054.548964727357,69.88240310672548,13.563155377275287,100.0,0,,0.0,0.0,65.0,93.86,95.3,96.37333333333333,69.02,65.50333333333333,65.65666666666667,0.0,0.0,0.0,306.5580136224619,306.8233694204354,306.70583085858806,316.50568681452256,316.845371907852,316.7069696773694,2.6005729299232847,2.6071376572033107,2.6070497670234025,12.024024137804846,11.952631429014888,11.950287811071192,57.5665285592049,54.53181170821521,55.188271335829846,750.2794467935753,789.2448648793597,771.2950543180112,73.73344120303095,69.56673338969506,70.10172323155383,0,0,4
M-04,PRESS,2026-05-04,Night,64.84,519,96.9,0,RUNNING,306.95491134766235,0.32183961062513117,307.42603628023807,317.1338669661558,0.960711888691779,318.73117648590693,2.689313104586758,0.5714609117972884,4.084386596795947,11.80260612686906,1.3165055342272467,14.646883745778227,56.02677780475056,12.161033774942917,78.40785840615051,758.9265515697808,197.62556149381504,1358.5952047973155,71.55685914122215,15.294232579909623,100.0,0,,0.0,0.0,64.875,98.82,96.50999999999999,96.83555555555556,65.05,65.73666666666666,65.46333333333332,0.0,0.0,0.0,306.51760281932366,306.6596343650879,306.6929249049422,316.8405141308474,316.78853461735963,316.74246440592367,2.3260115231105822,2.5359871605664117,2.573383817506011,11.902206058499221,11.891662034887508,11.942725925553725,55.00761998438367,54.80039052677258,54.95626658079262,751.9131574112032,779.5842263325052,772.6861235171544,69.88240310672548,69.85821191634467,69.80708936597232,0,0,4
M-04,PRESS,2026-05-05,Morning,57.68,461,91.86,0,RUNNING,307.89956075483815,0.29181740107499454,308.3841384355404,317.8041031765434,0.9189847857179028,319.2548989568172,3.0642084331550956,0.5563163032552286,4.000930025933722,11.993986527982539,1.4418283097035072,14.229762087444302,55.53609481780047,11.199257359314387,83.64147660464155,753.3638107798722,171.9505317508976,1160.6587432822337,70.60478013721789,15.985165815213904,100.0,0,,0.0,0.0,57.625,96.9,96.52666666666666,96.69555555555556,64.84,66.30333333333334,65.04,0.0,0.0,0.0,306.95491134766235,306.67684259648263,306.7671454602541,317.1338669661558,316.8266893038419,316.86461863555775,2.689313104586758,2.538632519206875,2.568715502408332,11.80260612686906,11.909612107724376,11.913962241302507,56.02677780475056,56.20030878277971,55.29276197251406,758.9265515697808,753.7063852581864,767.2908241427197,71.55685914122215,71.72423448365953,70.27001122490873,0,0,5
M-04,PRESS,2026-05-05,Afternoon,59.25,474,92.97,0,RUNNING,308.5273180155954,0.0817056390872621,308.7285533513378,318.3008015462579,1.1235913869319696,320.0213943808496,3.646884296836306,0.5764238272506368,5.2420074206811575,12.18049415813567,1.4444745836834356,14.640923513841306,50.62864289946501,13.013389006871458,75.15784144575493,842.8508937108813,315.9092602486397,1969.117218151299,65.18774337728674,15.268412530502387,92.4923144990295,0,,0.0,0.0,59.25,91.86,95.86,95.9511111111111,57.68,62.52333333333333,64.32333333333334,0.0,0.0,0.0,307.89956075483815,307.1240249739414,306.9122062384524,317.8041031765434,317.25949475784887,317.00422276430896,3.0642084331550956,2.6931776869508126,2.619007592020644,11.993986527982539,11.899599571116942,11.915976348686335,55.53609481780047,55.5234975356449,55.11891916510219,753.3638107798722,754.7345065869521,766.1019831737073,70.60478013721789,70.68134746172183,70.1971738775847,0,0,5
M-04,PRESS,2026-05-05,Night,61.71,494,96.18,0,RUNNING,308.92734565626057,0.2508539975209923,309.26602296925967,318.8309412822155,1.1002784063487507,320.8229889685604,3.6640273084191817,0.5672200351479744,5.384372097437339,12.294220705840214,1.1590835219522295,14.426188174074298,54.37202612464834,11.525035436930505,75.38016878223873,774.3383017169847,191.13444020994177,1257.3264274153348,70.24847301375999,14.457032696951401,94.28199197392756,0,,0.0,0.0,61.75,92.97,93.91000000000001,95.42444444444443,59.25,60.59,63.67000000000001,0.0,0.0,0.0,308.5273180155954,307.7939300393653,307.1357633251505,318.3008015462579,317.7462572296524,317.1967777935517,3.646884296836306,3.1334686115260535,2.733446203474502,12.18049415813567,11.992362270995756,11.942287232854735,50.62864289946501,54.06383850733868,54.53448553945603,842.8508937108813,785.0470853535115,776.4077983322911,65.18774337728674,69.11646088524226,69.66593968201086,0,0,5
M-04,PRESS,2026-05-06,Morning,55.11,441,86.65,0,RUNNING,309.24001468297087,0.10383743425061662,309.4538660119969,319.2353753045753,0.7649266368665426,320.9561040860961,4.310384283015357,0.6014117991748781,5.553791402594044,12.967925400606706,1.0369866691162861,14.867383990864983,52.38120316590818,12.826013722231412,78.62820200807158,813.8203625307866,220.3665759627422,1617.5697392927182,65.6525534965215,16.957281626556814,100.0,0,,0.0,0.0,55.125,96.18,93.67,95.63222222222223,61.71,59.54666666666666,63.19888888888889,0.0,0.0,0.0,308.92734565626057,308.4514081422314,307.37033821856147,318.8309412822155,318.31194866833897,317.4268490983065,3.6640273084191817,3.4583733461368613,2.8726178927127792,12.294220705840214,12.156233797319473,11.98154641180653,54.37202612464834,53.51225461397127,54.389084731116796,774.3383017169847,790.1843354025794,780.8453148789445,70.24847301375999,68.68033217608821,69.49025543677675,0,0,6
M-04,PRESS,2026-05-06,Afternoon,54.48,436,85.29,0,RUNNING,308.790162129889,0.23022038856298946,309.2524370900006,318.9160942394587,0.8361727420264756,321.05200898897624,4.7666017779106635,0.5374442162218526,5.9662467560117545,13.082208314561862,1.3841490813302872,16.597645341199037,54.540615469239185,10.715351429395708,82.86139991879882,759.6669431946062,169.62117017941583,1253.4620372823117,69.9982347063129,13.531233918347029,100.0,0,,0.0,0.0,54.5,86.65,91.93333333333334,94.36444444444444,55.11,58.69,62.23888888888889,0.0,0.0,0.0,309.24001468297087,308.89822611827566,307.6152068375508,319.2353753045753,318.7890393776829,317.63130201446126,4.310384283015357,3.8737652960902813,3.0580268800814685,12.967925400606706,12.480880088194198,12.11103702944201,52.38120316590818,52.46062406334051,54.17197776906688,813.8203625307866,810.3365193195508,784.7719635952876,65.6525534965215,67.02958996252275,69.09255693797988,0,0,6
M-04,PRESS,2026-05-06,Night,54.72,438,85.41,0,RUNNING,308.7747200364431,0.13149502610193886,308.9919534987205,318.5523432518915,1.1639108210366125,320.51402619229015,5.150949741475111,0.7177633231090924,6.552668084321859,13.011767494030838,1.21700668671911,15.257409177620708,54.92879325500936,11.7610712783574,75.5323095651099,769.3256326326447,204.3504467855481,1388.3784779304656,68.85961756020654,14.987141946376349,94.10073966889436,0,,0.0,0.0,54.75,85.29,89.37333333333333,93.26444444444445,54.48,57.099999999999994,61.142222222222216,0.0,0.0,0.0,308.790162129889,308.9858408230402,307.8131350758311,318.9160942394587,318.9941369420832,317.84297626303174,4.7666017779106635,4.2470044564484,3.305486742846955,13.082208314561862,12.781451473669593,12.221825259850952,54.540615469239185,53.76461491993191,54.20961465134772,759.6669431946062,782.6085358141258,782.4132825000474,69.9982347063129,68.63308707219814,69.20258662459501,0,0,6
M-04,PRESS,2026-05-07,Morning,65.33,131,98.64,360,MAINTENANCE,308.8867424632497,0.15786470326437727,309.23972995088974,318.9760011057724,1.0032281008313924,320.87652452530904,5.764501186677139,0.6176746451857508,6.638190793258781,12.966730076427273,1.2334939492821135,15.797769915753918,57.33117816143875,11.74027753121252,80.05056100449687,727.3069941061366,163.49048744703143,1098.7915244582352,74.18537625289036,15.290031698526068,100.0,0,,0.0,0.75,65.5,85.41,85.78333333333335,91.99333333333334,54.72,54.77,60.20666666666667,0.0,0.0,0.0,308.7747200364431,308.93496561643434,308.0210721183828,318.5523432518915,318.90127093197515,318.013302968052,5.150949741475111,4.742645267467044,3.579883710936927,13.011767494030838,13.020633736399802,12.362159880481217,54.92879325500936,53.950203963385576,54.55425578671218,769.3256326326447,780.9376461193459,774.9427889267039,68.85961756020654,68.17013525434699,69.52490063803157,0,0,7
M-04,PRESS,2026-05-07,Afternoon,63.04,126,98.28,360,MAINTENANCE,309.6128695037825,0.34467041336895937,310.2828367716443,319.70188550759025,1.1412058881336575,321.90462642263907,6.00865780722558,0.6787484594016923,7.093939801169777,13.138799316081721,1.3612957863502493,16.492874672144374,56.280712557257644,12.102176665534818,88.98497233090879,747.1924225358974,165.59938307129195,1220.8515517655449,70.743952562599,15.358071070000854,100.0,0,,0.0,0.75,63.0,98.64,89.77999999999999,92.52444444444444,65.33,58.176666666666655,59.79666666666666,360.0,120.0,40.0,308.8867424632497,308.8172082098606,308.2798197673592,318.9760011057724,318.81481286570755,318.28778233374646,5.764501186677139,5.22735090202097,3.9314312950206887,12.966730076427273,13.020235295006657,12.466904984772599,57.33117816143875,55.60019562856243,54.52810574251594,727.3069941061366,752.0998566444624,772.3902941836552,74.18537625289036,71.01440950646993,69.57511564357151,0,1,7
M-04,PRESS,2026-05-07,Night,67.57,135,95.76,360,MAINTENANCE,309.01065453630383,1.8724620548199342,310.3198351858276,318.00726766154645,2.6401758146671046,321.83686758715555,4.606886153964705,1.6753768277800554,6.406655607041477,13.153241235674304,1.8374256816062886,15.340470616781332,46.97011671738953,8.014611228865528,62.21918650988758,893.2864411387126,156.0044974273929,1087.9212655599465,62.49646667076023,8.596207521182482,79.64148875331101,1,0.29,1.0,0.75,67.5,98.28,94.11,92.46444444444445,63.04,61.03,59.57333333333333,360.0,240.0,80.0,309.6128695037825,309.09144400115844,308.6237382878546,319.70188550759025,319.0767432884181,318.60571248671783,6.00865780722558,5.641369578459276,4.34061421547791,13.138799316081721,13.039098962179944,12.604304235615098,56.280712557257644,56.180227991235256,54.66956047283528,747.1924225358974,747.9416830915596,771.865768086399,70.743952562599,71.26298212523197,69.67084336089079,1,0,7
M-04,PRESS,2026-05-08,Morning,60.86,487,94.78,0,RUNNING,305.90626838309987,0.09252095862361881,306.08322867862034,315.6349053271676,1.0301138240006729,317.86092878967287,2.5840123189579405,0.4779239647370216,3.377573911749346,12.000836903025675,1.313280408001157,14.681496118244414,54.00927969363407,10.642021604024425,75.00089381352008,772.8704189573334,160.0283440180334,1114.6781441873943,69.70020598745185,14.011689638598408,100.0,0,0.62,1.0,0.0,60.875,95.76,97.56,92.33777777777777,67.57,65.31333333333333,59.876666666666665,360.0,360.0,120.0,309.01065453630383,309.1700888344454,308.85215419770367,318.00726766154645,318.8950514249697,318.7027570084279,4.606886153964705,5.460015049289141,4.553677887631015,13.153241235674304,13.0862568760611,12.754374803260125,46.97011671738953,53.52733581202864,53.66326479646183,893.2864411387126,789.2619525935821,786.7946447051692,62.49646667076023,69.14193182874986,68.66413308639501,1,0,8
M-04,PRESS,2026-05-08,Afternoon,67.53,540,95.95,0,RUNNING,305.7384188447527,0.17897686447251665,306.0226157508856,315.8037151444033,1.0434289445379024,317.6918170394723,2.4917885036107226,0.5028816261955734,3.5955823834869163,11.667413067314344,1.1388089861807644,13.437683383690604,57.612911790516684,10.171143735068148,80.36995934017042,717.6081995402116,136.1943860224396,1103.543112625888,74.42229626090183,12.812798374157587,100.0,0,0.96,1.0,0.0,67.5,94.78,96.27333333333335,92.66222222222223,60.86,63.82333333333332,60.22999999999999,0.0,240.0,120.0,305.90626838309987,308.17659747439535,308.6306772675105,315.6349053271676,317.78135283210145,318.461735025164,2.5840123189579405,4.399852093382742,4.500322763831331,12.000836903025675,12.764292484927234,12.755135956042697,54.00927969363407,52.42003632276042,53.49361867155445,772.8704189573334,804.4497608773145,788.9620456137759,69.70020598745185,67.6468750736037,68.56362484753214,1,0,8
M-04,PRESS,2026-05-08,Night,63.05,504,94.99,0,RUNNING,305.5670766249636,0.10684226796244033,305.8082770232318,315.5303871427375,0.9002432350205131,317.6866750941836,2.6045914833104296,0.5480410554227322,3.854768314279132,11.958335008274128,1.4072805099146757,15.305701664789606,54.916468654456345,12.860742195970632,74.52713621491684,789.6399282448257,290.6396481466343,1909.2796486082889,68.05682114292395,16.949915945384973,94.07568083971054,0,1.29,1.0,0.0,63.0,95.95,95.49666666666667,92.99333333333334,67.53,65.32,61.150000000000006,0.0,120.0,120.0,305.7384188447527,306.8851139213855,308.32079958186137,315.8037151444033,316.4819627110391,318.18428098051345,2.4917885036107226,3.2275623255111228,4.371978786806267,11.667413067314344,12.273830402004775,12.698126945951437,57.612911790516684,52.86410273384676,54.269648548337976,717.6081995402116,794.5883532120857,775.0461907059238,74.42229626090183,68.87298963970464,69.58968627904491,1,0,8
M-04,PRESS,2026-05-09,Morning,66.64,533,97.09,0,RUNNING,305.4918381720711,0.07058938497652634,305.60204806353374,315.38450520703134,0.9717656913373921,317.7657022224504,2.442303611178548,0.6207792314085455,3.935127514722613,11.574637297678807,0.9676919737337363,13.679597426261733,58.47567503300037,11.438072733434417,78.97337973204122,715.3644731965974,162.99360605955516,1209.13582607412,73.80116384292063,15.655721677277418,100.0,0,1.62,1.0,0.0,66.625,94.99,95.24000000000001,92.86111111111111,63.05,63.81333333333333,61.29888888888888,0.0,0.0,120.0,305.5670766249636,305.7372546176054,307.9474363561617,315.5303871427375,315.6563358714361,317.8175527427936,2.6045914833104296,2.560130768626364,4.254263695127516,11.958335008274128,11.875528326204716,12.660806312888539,54.916468654456345,55.51288671286903,54.330142162761085,789.6399282448257,760.0395155807902,776.7463714312394,68.05682114292395,70.72644113042588,69.34616940450758,1,0,9
M-04,PRESS,2026-05-09,Afternoon,64.53,516,95.27,0,RUNNING,305.6494901262044,0.09351227415881021,305.821040201422,315.85278309003166,0.932922160583823,317.7185314296266,2.5883083469699915,0.6622686649871378,3.701274953680904,11.958058780348924,1.0544029792036829,14.152250094005185,53.86335127306799,13.60436620587396,77.68116622439373,801.9793872184631,238.74668199747555,1705.6046088241756,67.29476080303503,17.982995398401336,98.47023330095116,0,1.96,1.0,0.0,64.5,97.09,96.00999999999999,94.02111111111111,66.64,65.74,62.580000000000005,0.0,0.0,120.0,305.4918381720711,305.5991112139291,307.530972299395,315.38450520703134,315.57286916472407,317.389678287511,2.442303611178548,2.5128945326999,4.046699176034538,11.574637297678807,11.733461791089093,12.505996523674327,58.47567503300037,57.00168515932447,55.00730570354911,715.3644731965974,740.8708669938783,765.806828171885,73.80116384292063,72.09342708224881,70.25157055410747,1,0,9
M-04,PRESS,2026-05-09,Night,64.24,514,94.16,0,RUNNING,304.96693781634485,0.20377297317641296,305.52927299590783,315.17843382548523,1.169682214538499,317.53978180837635,2.7209561967207874,0.7286122348222797,4.791165515470038,11.618281076797105,1.2317072788217656,14.048624505787592,54.09662479979516,10.494870791961764,69.75202714620994,775.0979798338144,198.72918473403564,1520.1268111072789,68.76663493436793,13.802618799186327,91.69218242033968,0,2.29,1.0,0.0,64.25,95.27,95.78333333333335,95.13000000000001,64.53,64.74000000000001,63.696666666666665,0.0,0.0,120.0,305.6494901262044,305.5694683077464,307.18200874343006,315.85278309003166,315.5892251466002,317.0493103820191,2.5883083469699915,2.545067813819656,3.8046665725966853,11.958058780348924,11.830343695433953,12.38109101987289,53.86335127306799,55.75183165350824,54.932054126196746,801.9793872184631,768.9945962199621,770.5082108412025,67.29476080303503,69.71758192962655,69.95118456485437,1,0,9
M-04,PRESS,2026-05-10,Morning,68.15,545,95.36,0,RUNNING,305.1586240019359,0.1103661526672188,305.3886210878176,315.06391151006653,0.9384099377190055,317.0411802689054,2.4671672653947248,0.5377945909144644,3.710333579308141,12.027747756991918,1.2302696646217375,13.95941993770352,58.53569264932006,13.423306052950464,93.90171307584149,730.2341051647754,155.83887910470136,1071.905731746832,73.83262770342253,15.643477607038308,100.0,0,2.62,1.0,0.0,68.125,94.16,95.50666666666666,96.10222222222222,64.24,65.13666666666667,64.75444444444445,0.0,0.0,120.0,304.96693781634485,305.3694220382068,306.7589218300858,315.17843382548523,315.47190737418276,316.6744315568628,2.7209561967207874,2.583856051623109,3.534667289846205,11.618281076797105,11.716992384941612,12.22625919573581,54.09662479979516,55.47855036862117,54.839590964506286,775.0979798338144,764.1472800829583,771.1495827524436,68.76663493436793,69.95418652677454,69.94085316198343,1,0,10
M-04,PRESS,2026-05-10,Afternoon,67.37,539,99.04,0,RUNNING,305.4860382377529,0.13986539000273993,305.6870912983968,315.27143215036676,0.9444077258868782,317.09349859572194,2.5533672043512308,0.5150812178912396,3.643606598050795,12.011465772551214,1.1978252156270175,14.66262308238487,57.32188480075065,11.602446415427801,76.1183531051318,732.5627036690282,162.730894389695,1080.686550907042,73.18032268199228,16.472061270218717,100.0,0,2.96,1.0,0.0,67.375,95.36,94.92999999999999,95.73777777777778,68.15,65.64,65.06777777777778,0.0,0.0,80.0,305.1586240019359,305.2583506481617,306.3446864454954,315.06391151006653,315.3650428085278,316.2397549351178,2.4671672653947248,2.5921439363618344,3.1682968541481586,12.027747756991918,11.868029204712649,12.121927826909658,58.53569264932006,55.49855624072774,54.9734259076042,730.2341051647754,769.103824072351,771.4748173145146,73.83262770342253,69.96467448027516,69.90165887870923,1,0,10
M-04,PRESS,2026-05-10,Night,66.95,536,95.14,0,RUNNING,305.73630960271674,0.13116753679152524,305.9363911886772,315.67435296080316,1.0437760452443317,318.16688739720496,2.507936458392625,0.6039869345444309,3.5141166359079907,12.190521326629321,1.1306925836642925,15.402198683642446,57.69681281250589,12.016536737543657,85.18163385867422,729.5420416861033,170.23856531462715,1188.6875612435,73.2052675503466,15.889406824606851,100.0,0,3.29,1.0,0.0,67.0,99.04,96.18666666666667,95.82222222222222,67.37,66.58666666666666,65.54888888888888,0.0,0.0,40.0,305.4860382377529,305.2038666853445,305.88614963815877,315.27143215036676,315.17125916197284,315.7474823398707,2.5533672043512308,2.5804968888222475,2.784375676051009,12.011465772551214,11.885831535446746,11.996668544295158,57.32188480075065,56.65140074995529,55.08911171243676,732.5627036690282,745.9649295558726,769.8492929959735,73.18032268199228,71.92652843992758,70.17236666975292,1,0,10
M-04,PRESS,2026-05-11,Morning,65.79,526,95.95,0,RUNNING,305.57441254898316,0.19428030449297842,305.78456879614373,315.4501453711216,1.0032658576822577,317.4083711907109,2.5457940902044607,0.6366338058509161,4.11538615273092,11.93719592680836,1.1413062523489028,14.310442907496126,53.04743600831054,11.5565486037268,70.74201795064897,796.3774066476205,200.72531413521648,1362.0109547330767,67.81641222247555,14.930077642570431,93.91808358122404,0,3.62,1.0,0.0,65.75,95.14,96.51333333333332,95.75333333333333,66.95,67.49000000000001,65.48,0.0,0.0,0.0,305.73630960271674,305.46032394746857,305.52233353442693,315.67435296080316,315.33656554041215,315.4882695953437,2.507936458392625,2.5094903093795264,2.5511590432096667,12.190521326629321,12.076578285390818,11.889699665512383,57.69681281250589,57.85146342085886,56.280966834116356,729.5420416861033,730.779616839969,751.6554708345725,73.2052675503466,73.4060726452538,71.36223343415139,1,0,11
M-04,PRESS,2026-05-11,Afternoon,63.24,506,96.65,0,RUNNING,305.0059697848839,0.1293341449640058,305.2901920117137,315.35409795225496,1.2124488780552862,318.1498520667198,2.6416322846771743,0.6400245354826978,4.154289056284107,11.95838732336687,1.1431320728195098,14.179041037265986,54.88770141915566,11.92565610042267,74.85188319796785,767.0446754091879,182.9393894280315,1160.7893332104563,68.76554082403936,15.83914926215449,100.0,0,3.96,1.0,0.0,63.25,95.95,96.71,95.88333333333334,65.79,66.70333333333333,66.02777777777777,0.0,0.0,0.0,305.57441254898316,305.5989201298176,305.4854606639695,315.4501453711216,315.46531016076386,315.46774071133854,2.5457940902044607,2.535699250982772,2.546912573348169,11.93719592680836,12.046394341996297,11.88262844593268,53.04743600831054,56.02204454052236,56.17409531352486,796.3774066476205,752.8273840009174,754.2673583557156,67.81641222247555,71.40066748493814,71.1529230158207,1,0,11
M-04,PRESS,2026-05-11,Night,62.7,502,98.38,0,RUNNING,304.89295681620155,0.1576437462767704,305.0682645608486,314.66765774513175,1.0334643531789698,316.5409849537997,2.6266224075006748,0.5216797451643386,3.648580428955128,11.92545195802991,1.0666019742456165,13.704953659365422,52.031195628390755,11.522096773244762,70.54157915111918,810.352570336881,195.66219316377095,1351.6146048423686,68.04853073762939,16.22491930820122,98.909932877383,0,4.29,1.0,0.0,62.75,96.65,95.91333333333334,95.96111111111111,63.24,65.32666666666667,65.55111111111111,0.0,0.0,0.0,305.0059697848839,305.43889731219457,305.4040774350952,315.35409795225496,315.49286542805993,315.4177832455443,2.6416322846771743,2.5651209444247534,2.563561882355552,11.95838732336687,12.028701525601518,11.914958918827404,54.88770141915566,55.2106500799907,55.871294161151404,767.0446754091879,764.3213745809707,759.760300118935,68.76554082403936,69.92907353228718,70.5243946339471,1,0,11
M-04,PRESS,2026-05-12,Morning,64.09,513,96.4,0,RUNNING,304.2165447195538,0.19488594284311356,304.5600649745608,314.0917574566958,0.955103825597625,316.10307943708614,2.6638813169476996,0.5152641548895459,3.916666234079965,12.091313809384442,1.2386072541905386,14.524038299848044,53.57959376215096,12.988282381517172,84.70448696490081,784.4448814016349,200.4735907815534,1292.5246716259612,67.51502407893823,16.53451688377222,100.0,0,4.62,1.0,0.0,64.125,98.38,96.99333333333334,96.33777777777777,62.7,63.910000000000004,65.51222222222223,0.0,0.0,0.0,304.89295681620155,305.1577797166895,305.32917523412164,314.66765774513175,315.1573003561694,315.32192442358814,2.6266224075006748,2.6046829274607695,2.566009762821135,11.92545195802991,11.940345069401713,11.911305246578047,52.031195628390755,53.32211101861898,55.55070826936634,810.352570336881,791.2582174645631,762.0617047958301,68.04853073762939,68.21016126138143,70.52347347780326,1,0,12
M-04,PRESS,2026-05-12,Afternoon,65.55,524,95.48,0,RUNNING,303.60406434401705,0.17227549859490388,303.8481482042981,313.42727773807604,1.0069912203830422,315.81647774000936,2.578251799561906,0.6955412980842983,3.982900554071872,12.132418799841231,1.4078716968427456,15.724388093483828,53.93168085130144,10.860457208966091,75.16034461713235,772.2540635393178,163.84196439072133,1165.9052597647694,68.84023768669803,14.579267789434667,96.00114762967137,0,4.96,1.0,0.0,65.5,96.4,97.14333333333333,96.26111111111112,64.09,63.343333333333334,65.22888888888889,0.0,0.0,0.0,304.2165447195538,304.70515710687977,305.18747596161967,314.0917574566958,314.7045043846942,315.17828578466197,2.6638813169476996,2.6440453363751826,2.5906295079065966,12.091313809384442,11.991717696927074,11.968713747878674,53.57959376215096,53.499496936565784,55.00669923927197,784.4448814016349,787.2807090492346,769.737305707501,67.51502407893823,68.10969854686898,69.82501350402744,1,0,12
M-04,PRESS,2026-05-12,Night,66.14,529,95.05,0,RUNNING,303.9111857480264,0.09140696864663476,304.11641582359607,313.96773266456273,0.8468499808929206,315.6758742041476,2.77436316101415,0.5578041216111678,4.395835058891036,12.147219290017436,1.156601458138865,15.126257064583548,56.746900419438454,10.180014968500181,80.31370704598234,728.9566394835615,144.18252915350345,1063.3035910076978,72.36675519547529,14.053679457076573,100.0,0,5.29,1.0,0.0,66.125,95.48,96.75333333333333,96.28444444444443,65.55,64.11333333333333,65.34222222222223,0.0,0.0,0.0,303.60406434401705,304.23785529325744,304.96020643026554,313.42727773807604,314.06223097996786,314.9087851900002,2.578251799561906,2.6229185080034263,2.5895121137501427,12.132418799841231,12.049728189085194,11.988087083377819,53.93168085130144,53.180823413947714,55.01429141463123,772.2540635393178,789.0171717592779,766.4344919653737,68.84023768669803,68.13459750108855,69.99673315776778,1,0,12
M-04,PRESS,2026-05-13,Morning,66.7,534,93.31,0,RUNNING,304.1971109435463,0.19302796632341027,304.5237741656248,314.27974054847294,1.0130758384256318,315.9345783869209,2.5564009269642582,0.5965008065826298,4.053086149088817,12.109696510550595,0.8920670351824767,14.043808898314996,60.33993653901133,14.922751310064795,91.5382956135904,704.5306020732634,174.08788884533038,1153.6070665598857,76.01056922468695,16.37381586245877,100.0,0,5.62,1.0,0.0,66.75,95.05,95.64333333333333,96.38333333333334,66.14,65.26,65.55333333333334,0.0,0.0,0.0,303.9111857480264,303.9105982705324,304.8429006448968,313.96773266456273,313.8289226197782,314.7742628387866,2.77436316101415,2.6721654258412517,2.59544622089385,12.147219290017436,12.123650633081036,12.046857995957856,56.746900419438454,54.752725010963616,55.30876648348049,728.9566394835615,761.8851948081714,761.3076763709012,72.36675519547529,69.57400565370385,70.39674652011303,1,0,13
M-04,PRESS,2026-05-13,Afternoon,65.25,522,99.88,0,RUNNING,304.16109681804505,0.11049916886329915,304.3771415407809,314.1375023537237,0.9375903301178301,315.3600836580372,2.49072620224158,0.550364432067725,4.048191595795559,11.982810208588303,1.1498270319336619,13.890365948751487,54.80313580176402,13.587869513812286,77.12065980551444,782.4000957331285,226.57194645014013,1252.5346343973097,69.65470229091876,18.993134783582608,99.51831588431187,0,5.96,1.0,0.0,65.25,93.31,94.61333333333334,96.15555555555555,66.7,66.13,65.39222222222222,0.0,0.0,0.0,304.1971109435463,303.9041203451966,304.73606586063136,314.27974054847294,313.8915836503706,314.6871327319429,2.5564009269642582,2.6363386291801043,2.6053610721793534,12.109696510550595,12.129778200136421,12.055963413019931,60.33993653901133,57.00617260325041,55.509238026779514,704.5306020732634,735.2471016987142,758.4517315829554,76.01056922468695,72.4058540356201,70.63874002247574,1,0,13
M-04,PRESS,2026-05-13,Night,63.05,504,94.64,0,RUNNING,303.8865386578774,0.1453201883789649,304.04826593226335,314.1569860939089,1.1390086040295184,316.2026154442951,2.661914420501812,0.6044338683818884,3.951554645869439,11.835643072794712,1.2914824632340585,14.561910091800176,62.80707330398639,10.273848159095712,80.3454410214838,655.0249293523053,119.15045546480528,1032.8413505656122,79.69348399722136,13.563015969120856,100.0,0,6.29,1.0,0.0,63.0,99.88,96.08,96.24888888888889,65.25,66.02999999999999,65.15666666666667,0.0,0.0,0.0,304.16109681804505,304.0897978365393,304.58885014733045,314.1375023537237,314.12832518891975,314.56114053231585,2.49072620224158,2.6071634300733293,2.5984009608338363,11.982810208588303,12.079908669718776,12.052779461468496,54.80313580176402,57.29665758673793,55.22937702689212,782.4000957331285,738.6291124299845,763.9892195900777,69.65470229091876,72.67734223702699,70.24700442346757,1,0,13
M-04,PRESS,2026-05-14,Morning,66.0,528,96.36,0,RUNNING,303.6748921573484,0.08046930485863331,303.81569389798733,313.5933811693188,1.0305277018908032,315.229538605984,2.7530213466220177,0.5785195233321266,3.9367034230247695,12.0905423816526,1.362926565720561,14.548049402069092,58.404345223272884,14.420389727847068,80.50899630407213,746.6946955929645,269.692370790786,1747.1451530373863,73.79362436387368,18.157896461153776,100.0,0,6.62,1.0,0.0,66.0,94.64,95.94333333333333,96.19333333333333,63.05,65.0,64.72333333333333,0.0,0.0,0.0,303.8865386578774,304.0815821398229,304.38332004234826,314.1569860939089,314.19140966536855,314.39254421377206,2.661914420501812,2.5696805165692163,2.6155096232904125,11.835643072794712,11.976049930644537,12.013348544375761,62.80707330398639,59.31671521492058,55.797183748167726,655.0249293523053,713.985209052899,755.7095404418778,79.69348399722136,75.11958517094236,70.96791736200923,1,0,14
M-04,PRESS,2026-05-14,Afternoon,65.68,525,96.98,0,RUNNING,303.1767751381191,0.1298390273852249,303.48175808000246,313.39061407276284,1.0664842365522225,315.7066760892793,2.537922301571156,0.5847452245907373,3.244780460219544,12.193979554197817,0.9076035555026125,13.802993313994678,52.583242539284015,10.53742408986438,73.86968481372021,791.9205847264103,181.07909229682969,1399.9033886024745,66.46413746339987,14.925036813653183,94.43280412210171,0,6.96,1.0,0.0,65.625,96.36,96.96,96.23888888888888,66.0,64.76666666666667,64.74666666666667,0.0,0.0,0.0,303.6748921573484,303.90750921109026,304.1722622210555,313.5933811693188,313.96262320565046,314.1862370802384,2.7530213466220177,2.6352206564551364,2.638534874003475,12.0905423816526,11.969665221011871,12.030387039358455,58.404345223272884,58.67151810967443,56.392395883163545,746.6946955929645,728.0399068927994,750.1892392135827,73.79362436387368,74.38060355067127,71.63205204438678,1,0,14
M-04,PRESS,2026-05-14,Night,66.24,530,98.22,0,RUNNING,302.6254726859578,0.14515175074142195,302.8910473619568,312.54408456523004,0.9345401187872929,313.8903518818041,2.6966991351020777,0.6755222256897611,4.195570213779409,12.426953097483699,1.4297707898840621,15.815471046376128,55.50986884469229,11.25204292370682,80.51228034354146,751.4278910941518,146.4763046189371,1053.3933262199096,70.47168514003698,15.2304138036362,100.0,0,7.29,0.0,0.0,66.25,96.98,95.99333333333334,96.27555555555556,65.68,64.91000000000001,65.01777777777778,0.0,0.0,0.0,303.1767751381191,303.57940198444834,303.96901837141496,313.39061407276284,313.71366044533016,313.96807220473926,2.537922301571156,2.650952689564995,2.6270115425472502,12.193979554197817,12.04005500288171,12.056563953895228,52.583242539284015,57.931553688847764,56.13634489651114,791.9205847264103,731.2134032238934,752.9532291377186,66.46413746339987,73.3170819414983,71.37634055987128,0,0,14
M-04,PRESS,2026-05-15,Morning,65.8,526,95.52,0,RUNNING,302.22607460870375,0.11274911601691812,302.4140397306288,312.0227045134064,0.9963742779397012,313.96459616837376,2.6474904915673765,0.5869315410330936,4.164536195493412,11.696977957833658,1.3018856182816287,15.834961831037786,53.69750863325401,14.245832252532932,90.66670234819966,798.4842523532269,251.777692521666,1843.852080487052,69.51170671990637,16.072229078442746,100.0,0,7.62,0.0,0.0,65.75,98.22,97.18666666666667,96.25777777777779,66.24,65.97333333333334,65.4111111111111,0.0,0.0,0.0,302.6254726859578,303.1590466604751,303.7170756902768,312.54408456523004,313.1760266024372,313.73211962919464,2.6966991351020777,2.66254759443175,2.6347978456140733,12.426953097483699,12.237158344444707,12.112286302723426,55.50986884469229,55.499152202416404,56.52286414276686,751.4278910941518,763.3477238045089,746.406042555193,70.47168514003698,70.24314898910352,71.64557993791657,0,0,15
M-04,PRESS,2026-05-15,Afternoon,66.31,530,99.8,0,RUNNING,302.06265314087784,0.19862044336696066,302.3200110391496,311.9706584679275,1.0945346362638522,313.9093507974879,2.4152393429895302,0.5515243745536517,3.3933390253479905,12.387206050115921,0.9937034042776872,14.46545331947453,59.15500980958351,13.870108918327878,90.434767538245,714.2334951379415,182.0651621920812,1210.2749823670515,74.23655553781734,17.285938770531324,100.0,0,7.96,0.0,0.0,66.25,95.52,96.90666666666665,96.16000000000001,65.8,65.90666666666667,65.60111111111112,0.0,0.0,0.0,302.22607460870375,302.6761074775936,303.49591234462684,312.0227045134064,312.65246771713305,313.5022248577181,2.6474904915673765,2.62737064274687,2.632976642794037,11.696977957833658,12.105970203171724,12.068471208106672,53.69750863325401,53.9302066724101,56.53596579511165,798.4842523532269,780.6109093912631,747.9659726609256,69.51170671990637,68.81584310778108,71.86743356469081,0,0,15
M-04,PRESS,2026-05-15,Night,64.74,518,94.05,0,RUNNING,301.8135097598959,0.16524080556102377,302.06660062938766,311.5459190099695,1.0283256354040935,314.17396617199483,2.6870370559918775,0.47800672009678613,3.972369776723842,12.06044617832094,1.4206066851847856,14.52422196466298,56.74716114596006,12.336006527760679,76.84146559502786,744.4375659061765,208.5804771731255,1305.6455413141296,73.96740103430685,16.137872545079997,100.0,0,8.29,0.0,0.0,64.75,99.8,97.84666666666665,96.64,66.31,66.11666666666666,65.68555555555555,0.0,0.0,0.0,302.06265314087784,302.3047334785131,303.3246444331669,311.9706584679275,312.179149182188,313.340378272146,2.4152393429895302,2.5864763232196615,2.6148641476193286,12.387206050115921,12.170379035144427,12.096780902581637,59.15500980958351,56.12079576250994,57.11633567936522,714.2334951379415,754.7152128617735,741.5192428385503,74.23655553781734,71.4066491325869,72.46702443703741,0,0,15
M-04,PRESS,2026-05-16,Morning,67.16,537,95.76,0,RUNNING,301.9281795771347,0.06929502360298961,302.069920271333,311.85478785679743,0.9800921052446251,314.00370884573283,2.6636414783530706,0.5608843825634617,3.656560252144168,11.739449858569742,1.0203972539969233,14.189095298266942,53.570105825085456,11.18619492741122,77.4974573855592,794.6115006866537,209.39186455058825,1474.4412681949875,66.70045670011211,13.813933221619555,98.1310926974702,0,8.62,0.0,0.0,67.125,94.05,96.45666666666666,96.52888888888889,64.74,65.61666666666667,65.53,0.0,0.0,0.0,301.8135097598959,302.0340791698258,303.09156932337464,311.5459190099695,311.84642733043444,313.07128786608007,2.6870370559918775,2.583255630182928,2.6051612470612984,12.06044617832094,12.048210062090172,12.087139445726471,56.74716114596006,56.5332265295992,57.116364648978724,744.4375659061765,752.3851044657816,743.2393457743965,73.96740103430685,72.57188776401019,72.64487397468535,0,0,16
M-04,PRESS,2026-05-16,Afternoon,60.76,486,97.69,0,RUNNING,301.8223475155431,0.14398809999490417,302.083704427929,311.68234784879485,0.9151675435153926,312.975485620629,2.632230092702828,0.6952635975147028,3.75117056286084,12.374744566497517,1.2143383138922341,15.191257558369289,56.95741188194174,11.243076831285073,80.3290475726741,732.6973079576278,161.10110916673563,1304.096146950721,72.56500151302751,14.390445738660818,100.0,0,8.96,0.0,0.0,60.75,95.76,96.53666666666668,96.80111111111111,67.16,66.07,65.58111111111111,0.0,0.0,0.0,301.9281795771347,301.9347808259695,302.83946583821785,311.85478785679743,311.7904551115648,312.80184867811613,2.6636414783530706,2.588639292444826,2.6170768638822772,11.739449858569742,12.062367362335534,12.04600092883971,53.570105825085456,56.49075892687634,56.36416123632029,794.6115006866537,751.0941872435906,753.2483345092177,66.70045670011211,71.63480442407877,71.61041702751037,0,0,16
M-04,PRESS,2026-05-16,Night,63.96,512,95.82,0,RUNNING,301.90575497078595,0.15904649553270164,302.1274093586932,311.64389170327377,0.9702222748604921,314.1508762543995,2.514815816574241,0.6134357986051597,3.986125995727455,11.642203746970425,0.8904998664695848,13.132754412567849,52.27101843390837,9.23786508216793,79.49953748905415,790.3977764323313,135.201811821598,1088.8189899236745,66.46843969837042,12.285416018155084,97.00790358506907,0,9.29,0.0,0.0,64.0,97.69,95.83333333333333,96.55777777777777,60.76,64.22,65.08222222222223,0.0,0.0,0.0,301.8223475155431,301.85467895085793,302.57960480460645,311.68234784879485,311.69435157185393,312.5290537331241,2.632230092702828,2.6609695423492585,2.632799518377972,12.374744566497517,12.058213534462732,12.089549190829622,56.95741188194174,55.75822628432908,56.60352524522893,732.6973079576278,757.2487915168193,747.7258025341621,72.56500151302751,71.07761974914882,71.93378360774467,0,0,16
M-04,PRESS,2026-05-17,Morning,65.65,525,96.38,0,RUNNING,301.99540432580807,0.1719496695182349,302.2341204305681,311.8491709049179,1.0096746965135208,313.9959722862351,2.6202701172867897,0.5169968701581767,3.7430374743023327,12.06262777760197,0.9678269210467689,13.883035687095887,60.1845116448676,12.51029615998474,85.96384632599279,694.9575191801816,145.01629038024618,1048.940745117813,76.44936385523887,14.911984963164588,100.0,0,9.62,0.0,0.0,65.625,95.82,96.42333333333333,96.6888888888889,63.96,63.96,65.18333333333334,0.0,0.0,0.0,301.90575497078595,301.88542735448794,302.359517728263,311.64389170327377,311.7270091362887,312.2498210230535,2.514815816574241,2.6035624625433793,2.6164552290526863,11.642203746970425,11.918799390679228,12.068055932404702,52.27101843390837,54.26617871364518,55.432852481886925,790.3977764323313,772.5688616922043,762.7672299874982,66.46843969837042,68.57796597050334,70.46433424120568,0,0,17
M-04,PRESS,2026-05-17,Afternoon,66.38,531,95.13,0,RUNNING,301.90406672438917,0.21706016983108123,302.1987741941268,311.6649961221827,1.124325083837955,313.7748749415197,2.5903328336624867,0.6205537629347995,3.92969733092775,11.811915546345496,1.2611065468290552,13.773506115743622,56.91919740489768,10.658408493181915,75.86034774902141,725.0976937551679,140.99581229977466,991.4954475084832,74.52862279602157,15.800070542375293,100.0,0,9.96,0.0,0.0,66.375,96.38,96.63,96.69111111111111,65.65,63.45666666666667,65.14444444444445,0.0,0.0,0.0,301.99540432580807,301.9078356040457,302.1729079692029,311.8491709049179,311.7251368189955,312.05601988256444,2.6202701172867897,2.5891053421879526,2.6017050924598832,12.06262777760197,12.02652536368997,12.064954309732409,60.1845116448676,56.470980653572575,55.630648750953,694.9575191801816,739.3508678567135,757.0186548305223,76.44936385523887,71.82760168887893,70.75941640691292,0,0,17
M-04,PRESS,2026-05-17,Night,66.0,528,95.48,0,RUNNING,301.7690668067596,0.19514884482467967,302.18309116320296,311.51684300833085,0.9898988953418687,313.6501641350766,2.563244705238217,0.5506595978104957,3.351063254837785,12.545277047524173,1.260044266808834,15.841521051132714,54.8468590734118,11.020316517767368,85.11838339187763,760.5215130577329,165.77210709361356,1216.77520257098,71.0101464541793,14.64711407522489,98.37055568921942,0,10.29,0.0,0.0,66.0,95.13,95.77666666666666,96.48555555555555,66.38,65.33,65.22222222222223,0.0,0.0,0.0,301.90406672438917,301.9350753403277,302.03149592323297,311.6649961221827,311.71935291012477,311.86428455472225,2.5903328336624867,2.5751395891745053,2.6075284849144755,11.811915546345496,11.838915690305962,12.022502753304373,56.91919740489768,56.45824249455788,56.11242151379897,725.0976937551679,736.8176631225602,749.593889167051,74.52862279602157,72.48214211654361,71.65547033275978,0,0,17
M-04,PRESS,2026-05-18,Morning,66.44,532,97.23,0,RUNNING,301.55494359574334,0.15196347517983008,301.87557752896095,311.6522811637959,0.9666278137605747,313.320230398515,2.804982373131344,0.6448302697249746,4.017780797366749,11.977065864930871,1.2774927290325204,14.002115914648746,55.35598043686499,11.468806106753561,78.13751033615294,761.2419017537144,163.52893169635928,1141.485217383219,72.04420523651737,15.920801636424246,100.0,0,10.62,0.0,0.0,66.5,95.48,95.66333333333334,96.18111111111111,66.0,66.01,65.19555555555556,0.0,0.0,0.0,301.7690668067596,301.88951261898563,301.93633971443313,311.51684300833085,311.6770033451438,311.75014660395567,2.563244705238217,2.591282552062497,2.592700214929602,12.545277047524173,12.139940123823878,12.035649858864426,54.8468590734118,57.316856041059026,56.03875376143447,760.5215130577329,726.8589086643609,750.6042916074489,71.0101464541793,73.99604436847991,71.71529936766449,0,0,18
M-04,PRESS,2026-05-18,Afternoon,63.18,505,98.17,0,RUNNING,301.0077543834615,0.153961227977905,301.439758978558,310.9508030465631,1.0459691976231476,312.4659416878995,2.514330540172698,0.5960885285141098,4.007355467954715,12.121275192180127,1.0113997583160408,14.39667930443682,53.33114635529395,12.180660364686414,83.63096489376352,788.4388581850112,179.4600608560672,1184.677824752457,68.00781256889312,15.272527283103045,100.0,0,10.96,0.0,0.0,63.125,97.23,95.94666666666667,96.3711111111111,66.44,66.27333333333333,65.26666666666668,0.0,0.0,0.0,301.55494359574334,301.7426923756307,301.861769601882,311.6522811637959,311.61137343143645,311.7089884539989,2.804982373131344,2.6528533040106823,2.610199312881154,11.977065864930871,12.111419486266847,12.066770737430783,55.35598043686499,55.707345638391494,56.22302840628013,761.2419017537144,748.9537028555384,746.4662526519476,72.04420523651737,72.5276581622394,71.99668809173237,0,0,18
M-04,PRESS,2026-05-18,Night,63.95,512,97.62,0,RUNNING,301.23948711378074,0.13416066681393776,301.46456554245395,311.2784769135599,0.9657135184940504,312.826677843156,2.593950099304328,0.6438387900949605,3.969123240938648,11.698700871134333,1.1198310393376516,13.837619170523515,55.81200074870159,11.267609947923848,83.80452436116677,752.2984057746737,165.53555451097688,1165.4154768983133,70.65928020229242,15.185617927861646,94.60155973057005,0,11.29,0.0,0.0,64.0,98.17,96.96,96.19,63.18,65.20666666666666,64.91888888888889,0.0,0.0,0.0,301.0077543834615,301.44392159532146,301.7445586288357,310.9508030465631,311.37330907289663,311.5956711849584,2.514330540172698,2.6275192061807524,2.621209445901506,12.121275192180127,12.214539368211724,12.037222864326807,53.33114635529395,54.51132862185691,55.57593246691462,788.4388581850112,770.0674243321528,754.7112929905109,68.00781256889312,70.35405475319659,71.30460553962968,0,0,18
M-04,PRESS,2026-05-19,Morning,65.72,526,99.68,0,RUNNING,301.2805491425099,0.0797590174584864,301.43811318424025,311.2905115059391,0.878398782535468,313.086395866912,2.6213094510097403,0.5066158858384062,3.8820189876064815,11.887910318882902,0.9423351360735451,13.38344512776644,53.49870940055733,14.217829107989965,96.46207049272336,811.0277546371735,203.31205415798615,1227.9004283255167,69.17971255005583,17.432214366949967,100.0,0,11.62,0.0,0.0,65.75,97.62,97.67333333333333,96.58666666666666,63.95,64.52333333333333,64.83111111111111,0.0,0.0,0.0,301.23948711378074,301.2673950309952,301.6807783348229,311.2784769135599,311.293853707973,311.5659553964685,2.593950099304328,2.6377543375361228,2.610866450714,11.698700871134333,11.932347309415112,11.997028941306073,55.81200074870159,54.83304251362018,55.47202575610813,752.2984057746737,767.3263885711331,755.584719642566,70.65928020229242,70.23709933590096,70.93703655829475,0,0,19
M-04,PRESS,2026-05-19,Afternoon,64.56,517,95.3,0,RUNNING,300.8874959840662,0.18547487489779002,301.33927142017046,310.81015176279766,0.9586332106752901,312.846323677345,2.670381262897975,0.5753073155293743,3.809583932105795,12.127508153222138,1.167284111316289,14.005417088755408,53.861334745995144,10.344452961499599,71.94829990627882,781.5597135760371,177.41539719188108,1353.927503114773,68.76754933542087,13.464047618562525,90.90408193458536,0,11.96,0.0,0.0,64.625,99.68,98.49000000000001,97.02222222222221,65.72,64.28333333333333,64.6711111111111,0.0,0.0,0.0,301.2805491425099,301.1759302132507,301.6088193976423,311.2905115059391,311.1732638220207,311.5032580241509,2.6213094510097403,2.576530030162255,2.606162892120297,11.887910318882902,11.902628794065789,12.013524548007535,53.49870940055733,54.213952168184285,55.464092820049444,811.0277546371735,783.9216728656196,757.4087478592905,69.17971255005583,69.28226844041379,71.2125094305107,0,0,19
M-04,PRESS,2026-05-19,Night,64.96,520,95.39,0,RUNNING,300.8062465284544,0.1215387329389546,301.0511126158745,311.0163439501751,1.1309492573856337,313.21517353759714,2.453694822881765,0.6596457108859717,3.9866385766511367,12.181367104010592,1.179884926153056,14.537847040531677,53.1166045843982,11.405301230749451,75.85427018840653,790.8959914772952,177.07045289679706,1237.7526472336274,68.56175763931122,14.252543913531712,96.81267310203216,0,12.29,0.0,0.0,65.0,95.3,97.53333333333335,96.75666666666667,64.56,64.74333333333333,65.09333333333333,0.0,0.0,0.0,300.8874959840662,301.13584408011894,301.5049470052561,310.81015176279766,311.12638006076554,311.406347347929,2.670381262897975,2.6285469377373474,2.6104019110308685,12.127508153222138,11.904706447746458,11.986053835421382,53.861334745995144,54.390681631751356,55.12008424938872,781.5597135760371,781.6286246626281,762.8379040391137,68.76754933542087,69.53551402925638,70.79057029966553,0,0,19
M-04,PRESS,2026-05-20,Morning,66.56,532,92.77,0,RUNNING,300.5764352331962,0.12331748144225944,300.81306500394663,310.63203109246905,1.0899520513143133,313.1591625403772,2.575786869554845,0.5723534871570787,4.303342472063633,11.766176147073157,1.063372548047428,13.602721738351256,56.31323709397489,13.442913802647553,81.66705754436265,758.0923108811261,195.20660863086724,1127.139802876026,71.94056274294441,17.76769106311143,100.0,0,12.62,0.0,0.0,66.5,95.39,96.79,96.7088888888889,64.96,65.08,65.20444444444445,0.0,0.0,0.0,300.8062465284544,300.99143055167684,301.3827794005526,311.0163439501751,311.03900240630395,311.33661981980697,2.453694822881765,2.5817951789298266,2.603610689509482,12.181367104010592,12.065595192038543,12.045960875092511,53.1166045843982,53.492216243650226,55.21403826610981,790.8959914772952,794.4944865635019,762.8932612663319,68.56175763931122,68.83633984159597,71.0231611819923,0,0,20
M-04,PRESS,2026-05-20,Afternoon,62.95,504,93.86,0,RUNNING,300.7095599273214,0.1574636825557155,300.9252928569008,310.70766001882845,1.1235757863641374,312.83854562773047,2.8627759334575917,0.7134973457706698,3.932276033575984,12.287874946078304,1.3716389142886523,15.107724808776576,55.67751500120913,12.015030353467608,78.88585777703042,772.3930805682327,290.82034472092806,2179.682629551779,71.20281717117892,15.996114553850038,96.3539420422806,0,12.96,0.0,0.0,63.0,92.77,94.48666666666666,96.30777777777777,66.56,65.36,65.30555555555556,0.0,0.0,0.0,300.5764352331962,300.756725915239,301.22511616804013,310.63203109246905,310.81950893514727,311.20138206286816,2.575786869554845,2.5666209851115283,2.598668106428155,11.766176147073157,12.025017134768627,12.013021805033754,56.31323709397489,54.43039214145608,54.78389664934396,758.0923108811261,776.8493386448195,769.9082381219924,71.94056274294441,69.7566232392255,70.52218328062624,0,0,20
M-04,PRESS,2026-05-20,Night,66.85,535,99.42,0,RUNNING,300.55473401964827,0.1285219639205813,300.81042773002576,310.6018502628511,0.94433304185156,312.23144639751723,2.680765162430053,0.7006585843875823,4.16839234105163,12.543173110040538,1.2681522500279265,14.710305113689571,53.0735521906684,9.080927050285915,66.03970627299431,777.5362463782881,161.03053150929568,1211.9835293749252,66.91458457763332,12.827134778019818,86.64265726116075,0,13.29,0.0,0.0,66.875,93.86,94.00666666666666,96.16666666666667,62.95,64.82333333333334,64.92444444444445,0.0,0.0,0.0,300.7095599273214,300.697413896324,301.09239319058815,310.70766001882845,310.78534502049087,311.0950113847177,2.8627759334575917,2.6307525419647337,2.628939561960945,12.287874946078304,12.078472732387349,12.065906182781845,55.67751500120913,55.035785559860734,54.64593193782301,772.3930805682327,773.7937943088846,775.1632811012219,71.20281717117892,70.56837918447819,70.15264932231038,0,0,20
M-04,PRESS,2026-05-21,Morning,64.8,518,95.66,0,RUNNING,300.95659453539747,0.14011554761182243,301.20818949010936,310.7666603888901,0.9685371075523309,312.4862125924388,2.5268357291669896,0.7534935296271037,3.6989621165648527,11.81532933425676,1.1191348028042862,13.70208053400618,51.38970995897738,10.987871298558623,74.5019111337761,812.478666841747,173.2600533207595,1177.4636167517788,66.76387417787265,14.311616217322225,98.74984052416818,0,13.62,0.0,0.0,64.75,99.42,95.35000000000001,96.60444444444444,66.85,65.45333333333333,65.0188888888889,0.0,0.0,0.0,300.55473401964827,300.61357639338866,300.95746732535355,310.6018502628511,310.6471804580495,310.9933455241088,2.680765162430053,2.7064426551474963,2.6419973905378153,12.543173110040538,12.199074734397334,12.06567241195033,53.0735521906684,55.02143476195081,54.4488978397404,777.5362463782881,769.3405459425489,777.053807025728,66.91458457763332,70.01932149725222,69.69758689158306,0,0,21
M-04,PRESS,2026-05-21,Afternoon,65.14,521,98.32,0,RUNNING,300.8047556272619,0.09413299212740855,300.96703230484127,310.92505487799326,0.9416176203956539,312.9172387542969,2.6506504412516256,0.5555030228849003,4.374625208448555,11.77168621014704,1.2245933058538436,14.27537327792297,55.91144403096465,13.095264185980822,89.29890445440566,743.3043633140318,195.5175100614013,1283.2760177075727,72.20733056984443,16.575532748193034,100.0,0,13.96,0.0,0.0,65.125,95.66,96.31333333333333,96.43,64.8,64.86666666666667,64.83666666666666,0.0,0.0,0.0,300.95659453539747,300.74029616078906,300.8909840964263,310.7666603888901,310.69205689018986,310.89494321578593,2.5268357291669896,2.690125608351545,2.6110922078751093,11.81532933425676,12.215459130125202,12.047701686319874,51.38970995897738,53.38025905028497,54.00820111997511,812.478666841747,787.469331262756,782.7467809243984,66.76387417787265,68.2937586422283,69.11088344062253,0,0,21
M-04,PRESS,2026-05-21,Night,63.19,506,96.48,0,RUNNING,300.9201385276813,0.14530889913076628,301.1762559301905,310.93689073390374,0.9831093176452508,312.9093418727756,2.480315180735474,0.7328408027350883,3.839443972593245,12.10589693035385,1.052954177166451,14.103199170590925,54.3969263890715,12.66656527747033,83.45516022944904,773.0575898602873,172.70172311414782,1165.0144430154282,69.28363797927443,16.794835594899425,100.0,0,14.29,0.0,0.0,63.25,98.32,97.8,96.44666666666666,65.14,65.59666666666666,65.05444444444444,0.0,0.0,0.0,300.8047556272619,300.7720280607692,300.8684286790707,310.92505487799326,310.76452184324484,310.89208230816706,2.6506504412516256,2.619417110949556,2.6262388635505456,11.77168621014704,12.043396218148112,12.008858466093974,55.91144403096465,53.4582353935368,54.2949008617163,743.3043633140318,777.7730921780222,777.731837049845,72.20733056984443,68.62859644178347,69.57749655183935,0,0,21
M-04,PRESS,2026-05-22,Morning,66.9,535,97.0,0,RUNNING,301.0263876684108,0.06777983916727617,301.1747746964854,310.95287031314604,0.8057281967409757,312.33232732443355,2.478190794373546,0.5437315979493395,3.328812753147588,12.039800376443736,0.9741874412354982,13.90318579134543,53.5511557495399,9.781906869872852,68.43499143465779,777.7272856422578,165.28429746873553,1259.2334249719418,69.66465364801802,14.194284186401465,97.73854626816852,0,14.62,0.0,0.0,66.875,96.48,96.82,96.32,63.19,64.37666666666667,64.97,0.0,0.0,0.0,300.9201385276813,300.89382956344684,300.83294550283745,310.93689073390374,310.87620200026237,310.8541282882053,2.480315180735474,2.552600450384696,2.6136127614873397,12.10589693035385,11.897637491585883,12.05410247267392,54.3969263890715,53.89936012633785,54.13767037731296,773.0575898602873,776.280206672022,780.0384130593577,69.28363797927443,69.41828090899718,69.42464741594844,0,0,22
M-04,PRESS,2026-05-22,Afternoon,65.37,523,98.0,0,RUNNING,300.88747409742945,0.17026433931855417,301.14830254610536,310.69726728467214,0.8093193379774166,312.19055157557835,2.693849871964498,0.5531136038818968,3.5741517498790394,12.184907925190146,0.9936307223398572,14.048315635621748,53.48608409015601,14.33671123978475,74.30204879500403,870.6186414738287,507.48923642176476,3155.354193194813,69.07971192547738,19.101986458776523,99.94841488574798,0,14.96,0.0,0.0,65.375,97.0,97.26666666666667,96.02222222222223,66.9,65.07666666666667,65.10111111111111,0.0,0.0,0.0,301.0263876684108,300.91709394111797,300.80470533904867,310.95287031314604,310.93827197501435,310.8166126001172,2.478190794373546,2.5363854721202146,2.5977106885277625,12.039800376443736,11.972461172314874,12.070979145736235,53.5511557495399,54.61984205652536,54.14349774942213,777.7272856422578,764.6964129388589,776.3383609488114,69.66465364801802,70.38520739904563,69.47852976016647,0,0,22
M-04,PRESS,2026-05-22,Night,59.73,478,97.36,0,RUNNING,300.7126290515276,0.08676934491901409,300.8525323525816,310.85596727702745,0.7565650845222102,312.1203756886706,2.6603891611850985,0.5791037442613266,4.3068085087963714,12.100574919807494,0.9770160416100201,13.812781238472,55.89827110637794,13.932884798100142,85.3341980423647,768.0640905160557,229.8904958600843,1623.3370650883871,69.98988124858919,18.950002400246184,100.0,0,15.29,0.0,0.0,59.75,98.0,97.16000000000001,96.32222222222222,65.37,65.15333333333334,65.19111111111111,0.0,0.0,0.0,300.88747409742945,300.9446667645072,300.8047029072001,310.69726728467214,310.86234277724066,310.8040698803254,2.693849871964498,2.550785282357839,2.6003183117573765,12.184907925190146,12.11020174399591,12.077356898177124,53.48608409015601,53.811388742922475,54.101803232106676,870.6186414738287,807.1345056587912,786.2337973818994,69.07971192547738,69.34266785092329,69.51321449239498,0,0,22
M-04,PRESS,2026-05-23,Morning,63.72,510,92.34,0,RUNNING,300.5613783531195,0.1827441125804516,300.8369154633771,310.6626468230677,1.0584441264292017,313.372318555615,2.6557072911425346,0.7200274250227565,4.156888344448103,12.180697583134714,1.0094275152432848,14.501056112489724,53.13617556998038,11.027634232235686,72.31130760009341,794.5157395766963,212.29147096001748,1522.6593588740047,66.94524663144395,14.43842708131063,98.18875100722602,0,15.62,0.0,0.0,63.75,97.36,97.45333333333333,96.5411111111111,59.73,64.0,64.61,0.0,0.0,0.0,300.7126290515276,300.87549693912257,300.79430096531934,310.85596727702745,310.8353682916152,310.7862502499757,2.6603891611850985,2.6108099425077143,2.6232843493466356,12.100574919807494,12.10842774048046,12.068379988821224,55.89827110637794,54.31183698202462,54.41087729010442,768.0640905160557,805.4700058773807,783.6969194973173,69.98988124858919,69.5780822740282,69.67189489342587,0,0,23
M-04,PRESS,2026-05-23,Afternoon,66.0,528,98.75,0,RUNNING,300.86972803033774,0.07509889083933922,301.0182382572945,310.9328549325657,0.963845997605433,313.13445544144184,2.6475668960205136,0.7016639122361578,4.100418776797974,12.299947918676693,1.36651547901133,15.294286310372517,57.31484402248918,12.266806681069745,83.20598667287436,740.9005405086092,191.7926862254538,1470.830160808695,73.08465761522835,16.270951869924403,100.0,0,15.96,0.0,0.0,66.0,92.34,95.89999999999999,96.49333333333334,63.72,62.94,64.29444444444444,0.0,0.0,0.0,300.5613783531195,300.7204938340255,300.7926279786442,310.6626468230677,310.73862712825576,310.78965199782004,2.6557072911425346,2.669982108097377,2.6321643961897125,12.180697583134714,12.155393476044118,12.114437926161397,53.13617556998038,54.17351025550479,54.05787045410503,794.5157395766963,811.0661571888603,787.7439671301584,66.94524663144395,68.6716132685035,69.11685976992582,0,0,23
M-04,PRESS,2026-05-23,Night,64.73,518,97.91,0,RUNNING,300.9231261970949,0.16375530186398052,301.2324937170025,310.80891189519986,1.052083318352155,312.9444410978449,2.342218751535062,0.5240029805624462,3.180364745755157,11.753756441847424,1.2133062086013333,14.450583141237878,52.89349834182139,14.57866773699603,88.33720804525117,832.8645167313398,307.4589956600535,1897.769871316273,65.84569895930233,18.297449344254964,100.0,0,16.29,0.0,0.0,64.75,98.75,96.14999999999999,97.03666666666666,66.0,63.15,64.63333333333333,0.0,0.0,0.0,300.86972803033774,300.7145784783283,300.81042443453487,310.9328549325657,310.81715634422034,310.8146736549019,2.6475668960205136,2.654554449449382,2.6082522809189257,12.299947918676693,12.193740140539633,12.115779367561219,57.31484402248918,55.44976356628249,54.23979590091393,740.9005405086092,767.8267902004537,784.2447960124224,73.08465761522835,70.00659516508716,69.32595315259796,0,0,23
M-04,PRESS,2026-05-24,Morning,68.14,545,98.63,0,RUNNING,300.40366399421043,0.23772495778871355,300.7782566605226,310.49275735739985,1.1149621143094,312.8811259381376,2.4359554085914388,0.6756806305073391,3.721723531200878,12.124004082516368,1.3880180293111717,15.91777839436893,49.49444078559523,10.58120195849857,67.68952140185544,861.4356111824895,255.17403482312818,1727.5642039053662,63.253661290436796,14.414712206756572,93.73290960844471,0,16.62,0.0,0.0,68.125,97.91,96.33333333333333,96.86888888888889,64.73,64.81666666666666,64.39777777777778,0.0,0.0,0.0,300.9231261970949,300.7847441935174,300.85135689869566,310.80891189519986,310.80147121694444,310.83768050294066,2.342218751535062,2.5484976462327036,2.570636013041705,11.753756441847424,12.07813398121961,12.02806640442865,52.89349834182139,54.44817264476365,54.21978991770871,832.8645167313398,789.4269322722151,790.392381607206,65.84569895930233,68.62520106865821,69.20718808389452,0,0,24
M-04,PRESS,2026-05-24,Afternoon,68.2,546,97.48,0,RUNNING,300.31420158995115,0.1983789417542749,300.64211155945253,310.24365739948996,1.243681288569236,312.6693942404199,2.602834784455124,0.5744904284969473,4.283526452568111,11.883658893577113,1.0637537472287675,14.015759209321512,54.544017075330814,12.586045749972381,74.54451113962197,776.1631387718801,229.38209359644495,1609.910269507867,68.90895175052165,17.93841916561448,100.0,0,16.96,0.0,0.0,68.25,98.63,98.42999999999999,97.1988888888889,68.14,66.29,64.76888888888888,0.0,0.0,0.0,300.40366399421043,300.7321727405477,300.78992017189705,310.49275735739985,310.7448413950551,310.8072468327751,2.4359554085914388,2.4752470187156708,2.560538199644421,12.124004082516368,12.059236147680162,12.062363598679717,49.49444078559523,53.2342610499686,54.00920445399958,861.4356111824895,811.7335561408128,795.8320420895108,63.253661290436796,67.39467262165583,68.81716442973499,0,0,24
M-04,PRESS,2026-05-24,Night,65.15,521,92.8,0,RUNNING,300.14705473091504,0.17757920048923834,300.5558914751297,309.8237916216388,1.0050990793268304,311.7499232034079,2.7096147580457295,0.5508759086944577,3.988096192597513,11.665604023676428,1.2076568364521707,14.31358320909309,57.69165406093688,12.17551897958126,79.79250835918552,737.3384950509086,202.0407006738561,1309.8524985377585,74.09671708240043,15.802451891775066,100.0,0,0.29,1.0,0.0,65.125,97.48,98.00666666666666,97.10555555555555,68.2,67.02333333333333,65.10888888888888,0.0,0.0,0.0,300.31420158995115,300.5469972604189,300.7354141677514,310.24365739948996,310.51510888402987,310.73153600183025,2.602834784455124,2.4603363148605415,2.5552253488892545,11.883658893577113,11.920473139313634,12.074805007949728,54.544017075330814,52.31065206758248,53.857268125595816,776.1631387718801,823.4877555619032,799.4830171403827,68.90895175052165,66.00277066675359,68.45067789425468,1,0,24
M-04,PRESS,2026-05-25,Morning,64.52,516,94.31,0,RUNNING,299.88334506315806,0.0936360401987583,300.0608683136488,309.878741832816,1.239254813818974,312.5244160182751,2.552776484149813,0.6890286006719428,4.013710421344786,12.222609580043546,1.3283553187487183,15.804107041715346,53.61089926705083,12.17960786169888,80.15033885386444,793.4867627544074,219.78965926956326,1462.289462361039,68.25629949737454,15.968998276877358,100.0,0,0.62,1.0,0.0,64.5,92.8,96.30333333333333,96.69666666666666,65.15,67.16333333333334,65.32666666666665,0.0,0.0,0.0,300.14705473091504,300.28830677169225,300.6495159681107,309.8237916216388,310.1867354595095,310.6078583226897,2.7096147580457295,2.582801650364097,2.580703079701505,11.665604023676428,11.891088999923303,12.025883573874458,57.69165406093688,53.910037307287645,54.22334897802531,737.3384950509086,791.6457483350928,795.5142288282295,74.09671708240043,68.75311004111963,68.98546446126868,1,0,25
M-04,PRESS,2026-05-25,Afternoon,69.23,554,95.65,0,RUNNING,299.35083432189185,0.11356118278230384,299.64282494665935,309.3817844523202,0.9240259585780258,311.7184282655579,2.5876562311538747,0.5682348031566952,3.726779039591218,11.684076612832484,1.0521298755142017,13.860846117671072,54.050388809164204,12.097428234431861,76.2515655609037,793.0338018856893,269.171382107512,2023.6347927617735,67.4208155841044,16.16459415362718,98.17539446720218,0,0.96,1.0,0.0,69.25,94.31,94.86333333333334,96.39777777777778,64.52,65.95666666666666,65.06222222222222,0.0,0.0,0.0,299.88334506315806,300.11486712800803,300.52251123419376,309.878741832816,309.9820636179816,310.48851071376413,2.552776484149813,2.621742008883555,2.588990378565535,12.222609580043546,11.92395749909903,12.04619570760777,53.61089926705083,55.28219013443951,54.229987146637626,793.4867627544074,768.9961321923987,797.2652818406906,68.25629949737454,70.42065611009888,68.82898066675274,1,0,25
M-04,PRESS,2026-05-25,Night,65.24,522,97.1,0,RUNNING,299.42771864834657,0.11551484145250335,299.6017152883102,309.59459668047793,0.9130723290304542,312.1384176610373,2.6290593722117492,0.6779545072613616,4.149507348911011,12.0002343331389,1.184132811696452,14.012906907748103,56.09336151584871,10.186371061606442,73.59579383380115,735.6624783348665,153.3475529498024,1146.0462944340911,70.89586766104182,13.687528296269285,95.7196357757809,0,1.29,1.0,0.0,65.25,95.65,94.25333333333333,96.13666666666667,69.23,66.30000000000001,65.49111111111111,0.0,0.0,0.0,299.35083432189185,299.7937447053216,300.35177348135625,309.3817844523202,309.6947726355917,310.34234595461396,2.5876562311538747,2.6166824911164723,2.577191085142132,11.684076612832484,11.857430072184153,11.990547784012474,54.050388809164204,55.11764737905063,54.29268767097187,793.0338018856893,774.6196865636684,788.6447441086751,67.4208155841044,69.92461072129312,68.64465885104462,1,0,25
M-04,PRESS,2026-05-26,Morning,65.09,521,99.39,0,RUNNING,299.49962556381263,0.13101842548892098,299.7412241907343,309.22362303002757,1.0587983632263835,310.78478825513224,2.6273619742753107,0.5526160112647197,3.7457590342372544,11.729669796844439,1.3047400819814523,14.91716285006315,56.83131138605213,14.63612564051108,89.86080989729462,755.3949482834811,212.9044685052484,1347.0855877576755,70.43682508883337,16.560067150307034,100.0,0,1.62,1.0,0.0,65.125,97.1,95.68666666666667,96.10777777777778,65.24,66.33,66.10333333333332,0.0,0.0,0.0,299.42771864834657,299.55396601113216,300.2090056587806,309.59459668047793,309.6183743218714,310.2021936661084,2.6290593722117492,2.589830695838479,2.5737099974784265,12.0002343331389,11.968973508671644,11.979398829938186,56.09336151584871,54.58488319735458,54.31436438313529,735.6624783348665,774.0610143249878,785.0445649774318,70.89586766104182,68.8576609141736,68.74532400798381,1,0,26
M-04,PRESS,2026-05-26,Afternoon,63.79,510,96.39,0,RUNNING,299.77159559676363,0.10436738297219263,300.0229101456787,309.83172656404275,0.8826999720587186,311.76435404663147,2.6585837786095556,0.5647241881370396,3.951875816880195,12.292976139789156,0.8305418038099373,13.726443480424908,52.77697117051226,11.635169376456,73.00702890527432,805.3278374410369,221.71261379618804,1460.2176848356398,67.55454095578143,16.657640732229055,100.0,0,1.96,1.0,0.0,63.75,99.39,97.38,96.89111111111112,65.09,66.52,66.25555555555556,0.0,0.0,0.0,299.49962556381263,299.4260595113504,300.09103312663535,309.22362303002757,309.4000013876086,310.04230213354845,2.6273619742753107,2.614692525880311,2.5705605178265127,11.729669796844439,11.804660247605275,11.92928463146149,56.83131138605213,55.65835390368835,54.72493502936548,755.3949482834811,761.3637428346789,780.6978103892968,70.43682508883337,69.5845027779932,69.13327716991597,1,0,26
M-04,PRESS,2026-05-26,Night,63.55,508,93.36,0,RUNNING,299.9907154441897,0.061500523085478924,300.1253413593746,310.03394886561864,0.9600236898484766,312.066212894928,2.5551882866976796,0.7497124517780086,4.546216825305605,12.170322111765197,1.1055795397217063,14.29050788895004,59.481023097266274,9.896163366332019,85.5133650556831,693.0090626570544,117.67782034602845,930.917647302656,76.23608540664803,12.090728260796359,100.0,0,2.29,1.0,0.0,63.5,96.39,97.62666666666667,96.62888888888888,63.79,64.70666666666666,66.01,0.0,0.0,0.0,299.77159559676363,299.56631326964094,299.9690184117938,309.83172656404275,309.5499820915161,309.9199545370459,2.6585837786095556,2.6383350416988716,2.5717846158919624,12.292976139789156,12.007626756590831,11.928509989362873,52.77697117051226,55.233881357471034,54.22072693470139,805.3278374410369,765.4617546864615,787.8563989373444,67.55454095578143,69.62907790188554,68.51881976331076,1,0,26
M-04,PRESS,2026-05-27,Morning,63.81,510,95.93,0,RUNNING,300.3010816916287,0.11514585916245225,300.48728827504686,310.0649181020853,1.1632217281982649,312.3429112154622,2.500682473732923,0.5733483794109993,3.756485360610889,12.119637926495793,1.0385996878245276,14.786033669610909,51.41752750634655,14.649614983812974,79.62421888725382,858.9102666473832,340.75376188404306,1975.0384852302095,66.56372289637116,18.740666168030668,100.0,0,2.62,1.0,0.0,63.75,93.36,96.38,96.12333333333333,63.55,64.14333333333333,65.87888888888888,0.0,0.0,0.0,299.9907154441897,299.7539788682553,299.86541721702656,310.03394886561864,309.6964328198963,309.83384753375907,2.5551882866976796,2.613711346527515,2.595447897576697,12.170322111765197,12.064322682799597,11.974795063798181,59.481023097266274,56.363101884610224,54.95267412975082,693.0090626570544,751.2439494605242,772.3169040402015,76.23608540664803,71.40915048375427,69.67330714634916,1,0,27
M-04,PRESS,2026-05-27,Afternoon,64.16,513,94.62,0,RUNNING,300.4639136939693,0.08494267679755468,300.73415375624995,310.34824217662464,0.9988035897044726,311.86392702724373,2.5843577977022263,0.5765153559801587,3.870556439220984,11.726669593488507,0.9173238185440559,13.522247687084846,52.51105605188308,10.692625652972763,74.1008519143203,799.6722431600124,182.41856023970814,1325.4221986693196,67.65733925588428,14.903377224528644,98.56824188176608,0,2.96,1.0,0.0,64.125,95.93,95.22666666666667,95.82333333333332,63.81,63.71666666666667,65.39777777777778,0.0,0.0,0.0,300.3010816916287,300.0211309108607,299.8540191834064,310.0649181020853,309.9768645105823,309.7863098387241,2.500682473732923,2.571484846346719,2.6026397937035286,12.119637926495793,12.194312059350048,11.974309935351451,51.41752750634655,54.55850725804169,55.16635043205652,858.9102666473832,785.7490555818249,772.0363102029675,66.56372289637116,70.11811641960021,70.04109176923075,1,0,27
M-04,PRESS,2026-05-27,Night,62.26,498,95.83,0,RUNNING,300.90372418601913,0.10762011577928611,301.17785450775614,310.86432154835893,1.0228256668852918,313.4319064083415,2.648735172598959,0.6850116127104816,4.079424353214132,12.053310611682205,1.1147468245564445,13.930371592458217,55.957711467781856,13.612220824290537,95.85122396676084,755.8253779684121,183.36196640002876,1129.2853078376838,71.98664235568074,16.961349209755728,100.0,0,3.29,1.0,0.0,62.25,94.62,94.63666666666667,95.50555555555555,64.16,63.84,64.94888888888889,0.0,0.0,0.0,300.4639136939693,300.25190360992923,299.8706538616306,310.34824217662464,310.14903638144284,309.7979303695169,2.5843577977022263,2.5467428527109424,2.6005867951754293,11.726669593488507,12.005543210583165,11.95686667978605,52.51105605188308,54.469868885165305,54.94046587389566,799.6722431600124,783.8638574881501,774.64843291276,67.65733925588428,70.15238251963449,69.90202371427105,1,0,27
M-04,PRESS,2026-05-28,Morning,62.07,497,97.52,0,RUNNING,301.0564512650752,0.06810322746084879,301.15535560208787,311.1761461095342,1.1805461659899392,313.9669402086861,2.6170739471984583,0.5595307332850119,3.6195388191335818,11.980422226269468,1.1776915982320124,13.560829503538926,56.103523632569186,9.803929987348397,72.80080243960788,738.6342052347085,162.975748644682,1293.3230411504794,71.14697382731117,14.173213852257758,97.6151434404733,0,3.62,1.0,0.0,62.125,95.83,95.46,95.84222222222223,62.26,63.41,64.62777777777778,0.0,0.0,0.0,300.90372418601913,300.55623985720575,299.9547282455311,310.86432154835893,310.42582727568964,309.9135448058191,2.648735172598959,2.577925148011369,2.5938223967924547,12.053310611682205,11.966539377222169,11.99994518956447,55.957711467781856,53.29543167533716,54.747805585767324,755.8253779684121,804.8026292586025,776.7025310147047,71.98664235568074,68.7359015026454,69.66757096685777,1,0,28
M-04,PRESS,2026-05-28,Afternoon,65.16,521,93.08,0,RUNNING,300.65790819318244,0.1002703588741875,300.9128734557469,310.7720468104328,1.0768430426724371,312.455416057591,2.5022228987431467,0.4905953343758384,3.491654480101527,12.002643129108385,1.105590535807848,14.08277616714577,54.71589948503626,12.89986444995544,75.03002759988495,782.7943234142515,207.48947057180737,1296.501652817106,69.16280524950042,16.82675679978897,93.72385530094424,0,3.96,1.0,0.0,65.125,97.52,95.99,96.19888888888889,62.07,62.830000000000005,64.35555555555555,0.0,0.0,0.0,301.0564512650752,300.80802971502123,300.0850733790774,311.1761461095342,310.7962366115059,310.0577008365656,2.6170739471984583,2.6167223058332145,2.6009665593534153,11.980422226269468,11.920134143813394,11.973035483589571,56.103523632569186,54.85743038407804,55.0247638486027,738.6342052347085,764.710608787711,770.6078024014049,71.14697382731117,70.26365181295874,69.98875700351738,1,0,28
M-04,PRESS,2026-05-28,Night,64.4,515,94.5,0,RUNNING,300.30304663544575,0.20553924887429134,300.6894375921546,310.8806955193055,1.0225106030466546,312.7433421976121,2.6080162333839807,0.5757200080669242,3.823731817161545,12.376084001508332,1.1152908059214408,14.82520981889818,51.74706725728927,12.88217809598215,71.86159202626673,858.7326272561214,379.2185619103922,2630.632668896556,65.78633897769924,17.03759912548589,100.0,0,4.29,1.0,0.0,64.375,93.08,95.47666666666665,95.91333333333334,65.16,63.163333333333334,63.903333333333336,0.0,0.0,0.0,300.65790819318244,300.8726945480923,300.2303038092208,310.7720468104328,310.93750482277534,310.2121744319114,2.5022228987431467,2.5893440061801876,2.5914739668633344,12.002643129108385,12.01212532235335,12.008431763175784,54.71589948503626,55.5923781951291,55.09870947925514,782.7943234142515,759.0846355391241,769.4700825712451,69.16280524950042,70.76547381083078,70.1823114107836,1,0,28
M-04,PRESS,2026-05-29,Morning,65.62,525,98.68,0,RUNNING,300.2163148159125,0.0765774001657254,300.3221095100797,310.5247874711113,0.9555091083326461,312.070957376298,2.5412361135207453,0.529108529490878,3.571298898403996,11.61333106730665,1.0016401714419947,13.702726595943718,56.75818716511502,10.824581912616061,84.90399801907023,723.9263085711806,135.74687966810862,1031.3561628251482,71.43929090278881,13.588642103181536,100.0,0,4.62,1.0,0.0,65.625,94.5,95.03333333333335,95.62444444444446,64.4,63.876666666666665,63.809999999999995,0.0,0.0,0.0,300.30304663544575,300.67246869790114,300.32756247445406,310.8806955193055,310.94296281309084,310.35507430289226,2.6080162333839807,2.5757710264418616,2.589135840326916,12.376084001508332,12.119716452295394,12.050192837439054,51.74706725728927,54.18883012496491,54.61578789497076,858.7326272561214,793.3870519683605,783.1445435624958,65.78633897769924,68.69870601817028,69.61458600152332,1,0,29
M-04,PRESS,2026-05-29,Afternoon,61.34,491,96.23,0,RUNNING,300.17137909795264,0.09292959715165078,300.34761091207554,309.8287671486229,0.9376298224161794,311.2751531972031,2.431023198132147,0.6753578875745957,4.005248772474946,11.86537090864913,1.2267722185774164,14.333103223806509,50.936227177785455,14.054810694392804,70.15596401338064,883.0245574673272,431.5441371953267,2900.093380132904,62.98952908010487,17.719259815223054,95.60359155181972,0,4.96,1.0,0.0,61.375,98.68,95.42,95.54555555555555,65.62,65.06,63.86888888888888,0.0,0.0,0.0,300.2163148159125,300.39242321484693,300.4071946135762,310.5247874711113,310.7258432669499,310.4996481296793,2.5412361135207453,2.5504917485492906,2.579566300243075,11.61333106730665,11.997352732641124,12.037266311934854,56.75818716511502,54.40705130248018,54.60766298153331,723.9263085711806,788.4844197471845,779.6480280389068,71.43929090278881,68.79614504332949,69.7259710919628,1,0,29
M-04,PRESS,2026-05-29,Night,64.69,518,97.34,0,RUNNING,299.6773441035397,0.10811966450295246,299.97990512754524,309.6924468160307,0.8968245077951804,311.9302942392905,2.8416655730996414,0.5831537400197737,3.843968530293001,11.949193453655813,1.1255564651006844,14.00582586763085,54.86846227759164,11.872344358126723,76.9357666822889,770.6603355688928,186.8665787058104,1216.0422799421106,67.95799640651803,15.675914103970904,92.89955560747396,0,5.29,1.0,0.0,64.75,96.23,96.47000000000001,95.52777777777777,61.34,63.78666666666667,63.596666666666664,0.0,0.0,0.0,300.17137909795264,300.23024684977025,300.45161500259724,309.8287671486229,310.41141671301324,310.49931930574377,2.431023198132147,2.52675851501229,2.5542817913011406,11.86537090864913,11.951595325821371,11.989754619585963,50.936227177785455,53.14716053339657,54.40313587123032,883.0245574673272,821.8944977648765,788.2809969307168,62.98952908010487,66.73838632019765,69.21874755022097,1,0,29
M-04,PRESS,2026-05-30,Morning,65.42,523,94.5,0,RUNNING,300.1304704410573,0.17958846996024827,300.32536381849985,310.358341802346,0.8740366498352512,312.0837424732183,2.684087633701516,0.5413990167003018,3.5427196260911886,12.361228132843832,1.044699425478452,14.479262206574347,57.94655952337344,12.628830607832121,86.70962466645955,731.776940386588,201.44428349240172,1325.3364242770533,73.71720558578602,17.4837597169237,100.0,0,5.62,1.0,0.0,65.375,97.34,97.41666666666667,95.97,64.69,63.88333333333333,63.72333333333333,0.0,0.0,0.0,299.6773441035397,300.021679339135,300.4167959647473,309.6924468160307,310.01533381192166,310.4613746335674,2.8416655730996414,2.604641628250844,2.586112600901359,11.949193453655813,11.809298476537199,11.965184768684919,54.86846227759164,54.18762554016404,53.8906291134887,770.6603355688928,792.5370672024669,796.9089161431434,67.95799640651803,67.4622721298039,68.29895988353987,1,0,30
M-04,PRESS,2026-05-30,Afternoon,64.38,515,94.41,0,RUNNING,300.29717714879934,0.0943121345816203,300.514370306796,310.33539349797707,1.1772935978948615,313.0138593366377,2.4925712366826085,0.5918840047652981,3.6284857067383935,12.127802775862186,1.3325344966189048,14.60248587419989,53.44376034715599,10.441300105133603,70.50507393938486,784.1210772120843,181.44997110742028,1382.6400460630932,67.56872191037279,14.485420213897648,93.12103683562674,0,5.96,1.0,0.0,64.375,94.5,96.02333333333333,95.81111111111112,65.42,63.81666666666666,63.90222222222222,0.0,0.0,0.0,300.1304704410573,299.99306454751655,300.39783915912824,310.358341802346,309.9598519223332,310.4939772669297,2.684087633701516,2.652258801644434,2.6064909520089805,12.361228132843832,12.058597498382925,11.992028124945813,57.94655952337344,54.58374965958351,54.61607711538058,731.776940386588,795.1539444742693,782.7829910030549,73.71720558578602,68.22157702413631,69.09379129347485,1,0,30
M-04,PRESS,2026-05-30,Night,67.1,537,96.04,0,RUNNING,300.1594302403668,0.09637626489242605,300.34731350413097,309.8181759536902,1.1630949694343407,312.1040689092465,2.6079683497087203,0.667047701265457,3.7928912472436567,12.420475696770337,1.3154474114830998,14.824470444429643,52.68616581198439,11.651118303789282,76.37650920241961,808.4565276424585,198.32072044777482,1358.14334421231,67.44977921005997,16.014421898184462,95.17351030324282,0,6.29,1.0,0.0,67.125,94.41,95.41666666666667,95.78777777777778,64.38,64.83,63.92666666666667,0.0,0.0,0.0,300.29717714879934,300.03499723113214,300.3793128763316,310.33539349797707,310.1287273721179,310.4925496359689,2.4925712366826085,2.672774814494588,2.5962924452290226,12.127802775862186,12.146074787453943,12.03659847854289,53.44376034715599,55.41959404937369,54.71971092596645,784.1210772120843,762.1861177225218,781.0550836755074,67.56872191037279,69.74797463422561,69.08394492175134,1,0,30
M-04,PRESS,2026-05-31,Morning,68.71,550,95.88,0,RUNNING,300.15888444438264,0.30063025245307,300.7390171360935,310.25968016008517,1.0099054849346658,312.0007922672987,2.6839690660635216,0.5235085943791994,3.7276754063957394,12.384891928149875,1.116489686444991,14.661467872632343,52.66937669385696,13.758636214465616,89.17069381161335,815.3945165356866,217.00524526674334,1380.939192209411,65.59263727380251,16.313352043695055,100.0,0,6.62,1.0,0.0,68.75,96.04,94.98333333333335,95.8111111111111,67.1,65.63333333333333,64.46444444444445,0.0,0.0,0.0,300.1594302403668,300.19569261007445,300.29661354903686,309.8181759536902,310.17063708467106,310.37631123656115,2.6079683497087203,2.594875740030948,2.591762798241218,12.420475696770337,12.303168868492117,12.077394599108239,52.68616581198439,54.69216189417127,54.35620585310007,808.4565276424585,774.7848484137103,786.9029891948459,67.44977921005997,69.57856890207293,68.57984901668237,1,0,31
M-04,PRESS,2026-05-31,Afternoon,63.62,509,92.97,0,RUNNING,301.1353480138317,0.12898345219742843,301.3789741498992,311.3735734334754,1.1068461566107313,314.00733651762795,2.492535065174857,0.6400615191772546,3.972071653608016,12.172889207575984,1.0666042655177117,14.936594078337022,55.736349472567156,10.07781461835873,78.21638102803318,742.9187913953294,145.4820122661972,1197.3808789279155,68.79728473108077,13.112386927836146,95.1025204982838,0,6.96,1.0,0.0,63.625,95.88,95.44333333333334,95.62888888888888,68.71,66.72999999999999,65.20222222222222,0.0,0.0,0.0,300.15888444438264,300.20516394451624,300.1968839022932,310.25968016008517,310.1377498705841,310.2744816866224,2.6839690660635216,2.5948362174849495,2.599195589226225,12.384891928149875,12.311056800260799,12.122335677094949,52.66937669385696,52.93310095099912,53.974633971020936,815.3945165356866,802.6573737967432,795.4319126727323,65.59263727380251,66.87037946474508,67.96270051073697,1,0,31
M-04,PRESS,2026-05-31,Night,61.48,492,92.83,0,RUNNING,301.17418969300803,0.13212634680221302,301.3951020016513,311.1545602449302,0.9026717686140809,312.7495499497944,2.5577727189375783,0.6373266134503792,4.111749065927486,11.698102781846597,1.3332648218841683,14.475170428460649,55.62652057409769,14.197338261096883,83.75308020820042,773.3256556156928,230.29007713833298,1419.5444796217887,70.96860365008367,17.966102948221494,100.0,0,7.29,0.0,0.0,61.5,92.97,94.96333333333332,95.61666666666666,63.62,66.47666666666667,65.0311111111111,0.0,0.0,0.0,301.1353480138317,300.4845542328604,300.24993277125424,311.3735734334754,310.4838098490836,310.3413179780716,2.492535065174857,2.594824160315699,2.598119163274193,12.172889207575984,12.326085610832065,12.141251908035793,55.736349472567156,53.69729732613617,54.088017302968815,742.9187913953294,788.9232785244916,791.0012980039633,68.79728473108077,67.27990040498109,67.92208711980146,0,0,31
M-04,PRESS,2026-06-01,Morning,65.52,524,97.02,0,RUNNING,301.1052508017819,0.09803680705153232,301.27851442486644,311.2709223572708,0.9528686493470772,312.90081212715046,2.571365403036361,0.6388635151776932,3.97193561844205,12.12244966914153,1.249240890898409,14.583424380735911,56.50147873196456,10.131256383625741,83.6789327506753,730.7510202754198,130.92205891289828,1043.261924505352,71.49720558748312,12.778705359198968,100.0,0,7.62,0.0,0.0,65.5,92.83,93.89333333333333,95.43111111111111,61.48,64.60333333333332,64.70666666666666,0.0,0.0,0.0,301.17418969300803,300.8228073837408,300.34672644431674,311.1545602449302,310.92927127949696,310.3717473920299,2.5577727189375783,2.5780922833919853,2.592536550557926,11.698102781846597,12.085294639190819,12.065920661406711,55.62652057409769,54.677415580173935,54.51906767150309,773.3256556156928,777.212987848903,781.5116344883601,70.96860365008367,68.45284188498898,68.49789430562194,0,0,32
M-04,PRESS,2026-06-01,Afternoon,61.92,495,97.79,0,RUNNING,300.93070496436025,0.0925381230194445,301.13552748034385,310.8950129148259,1.0037894996887295,313.5345176578201,2.6141769898416425,0.6204853971051743,3.5302359150673617,11.733056408243364,1.068829667531748,13.819013683414257,55.1571351002105,10.028890195944895,75.54915606137331,757.3220502612854,170.77523126556372,1363.4934444764583,69.2745580035732,12.522455529083622,95.78630178597732,0,7.96,0.0,0.0,61.875,97.02,94.27333333333333,95.24666666666667,65.52,63.54,64.69555555555556,0.0,0.0,0.0,301.1052508017819,301.13826283620716,300.44549710941334,311.2709223572708,311.26635201189214,310.4546512682698,2.571365403036361,2.5405577290495986,2.595884249392994,12.12244966914153,11.997813886188036,12.12248939494392,56.50147873196456,55.954782926209795,54.490544512264144,730.7510202754198,748.9984890954806,782.269935788831,71.49720558748312,70.42103132288251,68.50432927058797,0,0,32
M-04,PRESS,2026-06-01,Night,64.06,512,96.29,0,RUNNING,301.1267389477463,0.14145130037955012,301.50375642768955,311.10090660561707,0.9495722888617909,312.7973648100961,2.6527640472386063,0.6381085468311922,3.968664947415414,11.790671989806945,1.2329505281853725,14.919262832438456,56.79113572519052,11.392466471598608,79.18392206405468,737.6691232092159,163.9489795394317,1093.5088293496246,72.4240179300082,14.578360032656287,100.0,0,8.29,0.0,0.0,64.0,97.79,95.88,95.42,61.92,62.97333333333333,64.76,0.0,0.0,0.0,300.93070496436025,301.0700484863834,300.52986665012526,310.8950129148259,311.106831839009,310.57312302007017,2.6141769898416425,2.5811050372718602,2.61623467069405,11.733056408243364,11.851202953077163,12.107787783787725,55.1571351002105,55.76171146875759,54.95953428142248,757.3220502612854,753.7995753841327,768.3029905437153,69.2745580035732,70.58012241371333,69.20266581764001,0,0,32
M-04,PRESS,2026-06-02,Morning,68.14,520,97.79,0,RUNNING,301.6379907927872,0.1351454528727046,301.89246594861675,311.46115373157426,0.9555325190543859,313.3781216708529,2.646675755236127,0.5632789216318395,4.07939504142116,12.083946599652196,1.1658257849160225,14.692738239114153,54.25933861359706,12.653501297657307,77.5459415598831,786.3552175701897,225.1188845708749,1475.3556935290378,69.9475681307381,17.569649091275476,100.0,0,8.62,0.0,0.0,65.0,96.29,97.03333333333335,95.30333333333334,64.06,63.833333333333336,64.69,0.0,0.0,0.0,301.1267389477463,301.05423157129616,300.6909105217038,311.10090660561707,311.0889472925713,310.7296185522464,2.6527640472386063,2.612768813372203,2.5952456122650456,11.790671989806945,11.882059355730613,12.090174287804516,56.79113572519052,56.14991651912186,55.17316466448902,737.6691232092159,741.9140645819738,764.637300281529,72.4240179300082,71.0652605070215,69.69889043136114,0,0,33
M-04,PRESS,2026-06-02,Afternoon,64.48,516,94.22,0,RUNNING,301.8830370242605,0.05619586160525313,302.0378486981017,311.80747066368014,0.8514727579761533,313.9054766333589,2.6926568598674585,0.5329719138904915,3.502377762657624,11.776517916538053,1.5139413093445409,14.834732482087103,56.791883561641804,13.487768470352695,86.65953608246232,738.8505788797786,168.60172818445292,1082.1821814969196,70.66538215347735,17.662961517497454,100.0,0,8.96,0.0,0.0,64.5,97.79,97.29,95.66888888888889,68.14,64.70666666666666,64.99222222222221,0.0,0.0,0.0,301.6379907927872,301.2318115682979,300.8584127830071,311.46115373157426,311.15235775067237,310.8521532110496,2.646675755236127,2.637872264105458,2.5910887368800024,12.083946599652196,11.869224999234168,12.059365228561001,54.25933861359706,55.402536479666026,54.76347345229165,786.3552175701897,760.4487970135636,770.7015533019292,69.9475681307381,70.5487146881065,69.28004182524471,0,0,33
M-04,PRESS,2026-06-02,Night,60.8,486,94.56,0,RUNNING,301.9702270169406,0.1535698332709876,302.21063532799644,312.00457338898843,1.0236585826088136,314.7606249089376,2.5735431803966575,0.48651727213047524,3.790224456151175,11.74939841874144,1.228121610582386,14.541199068647185,55.47374167006886,12.525764274134666,84.58597189631082,765.9927143726177,214.80728073489632,1545.980616877359,69.67542963111413,15.610604134408469,100.0,0,9.29,0.0,0.0,60.75,94.22,96.10000000000001,95.64777777777778,64.48,65.56,65.00333333333333,0.0,0.0,0.0,301.8830370242605,301.54925558826466,301.03461943583613,311.80747066368014,311.45651033362384,311.0157173405721,2.6926568598674585,2.6640322207807303,2.61332047278943,11.776517916538053,11.883712168665731,12.020333577524987,56.791883561641804,55.947452633476466,55.135487142790076,738.8505788797786,754.2916398863948,765.671497931673,70.66538215347735,71.01232273807456,69.62411518558966,0,0,33
M-04,PRESS,2026-06-03,Morning,64.59,517,94.03,0,RUNNING,301.883230012569,0.13309176593674665,302.08168885330883,311.76616028678956,0.9078973762000712,313.6796252580438,2.7992984974086443,0.5008920529983227,3.728547984678056,11.778616703712025,1.0691632231633263,13.798893383110196,55.96144065904686,9.404877926664767,73.4073409438113,741.7446393557888,147.16038652643795,1214.7517328442775,72.03681526840384,13.002454455740978,93.13846973635398,0,9.62,0.0,0.0,64.625,94.56,95.52333333333333,95.48333333333333,60.8,64.47333333333333,64.30333333333334,0.0,0.0,0.0,301.9702270169406,301.8304182779961,301.23581907767766,312.00457338898843,311.7577325947476,311.2586503889386,2.5735431803966575,2.6376252651667476,2.6094954539769786,11.74939841874144,11.869954311643896,11.945769435521775,55.47374167006886,55.50832128176924,55.44521779368834,765.9927143726177,763.732836940862,760.9532964572462,69.67542963111413,70.0961266384432,69.87140967681789,0,0,34
M-04,PRESS,2026-06-03,Afternoon,64.74,518,96.15,0,RUNNING,301.649533146417,0.0983450278875977,301.8125113670717,311.70186754129827,0.9003944277842572,313.9258151886149,2.4657207202163316,0.6279074612036305,3.963309718835695,11.76024518579502,1.2549010853624205,14.367675092391432,52.72113459482986,12.684737545666719,81.43392615317313,804.4607470905912,224.64043575587633,1483.3934126304532,65.81690617735649,19.61384831754395,100.0,0,9.96,0.0,0.0,64.75,94.03,94.27,95.27777777777777,64.59,63.29,63.845555555555556,0.0,0.0,0.0,301.883230012569,301.91216468459004,301.42741302969836,311.76616028678956,311.85940144648606,311.42603706968356,2.7992984974086443,2.6884995125575863,2.622309835237548,11.778616703712025,11.768177679663841,11.878405521695349,55.96144065904686,56.0756886302525,55.81100267870944,741.7446393557888,748.8626442027283,752.7699767705909,72.03681526840384,70.79254235099845,70.58742945399582,0,0,34
M-04,PRESS,2026-06-03,Night,64.56,516,94.7,0,RUNNING,301.6070204582409,0.10174877780548362,301.8546914452028,311.77705428231894,0.7844172411427541,313.8133702313634,2.6144355374681507,0.5053766137405858,3.717309845700276,11.899726246530744,1.063488893042542,13.96872200461168,57.33078612647306,11.368337884685367,74.35469336272408,733.1083528284364,186.8464012246031,1428.727202231817,72.9499116701372,16.162186796373074,98.9576539786747,0,10.29,0.0,0.0,64.5,96.15,94.91333333333334,95.63111111111112,64.74,63.376666666666665,63.97,0.0,0.0,0.0,301.649533146417,301.83433005864225,301.48454471109676,311.70186754129827,311.8242004056921,311.46251419277496,2.4657207202163316,2.6128541326738777,2.6193304635754897,11.76024518579502,11.762753436082827,11.832556185941908,52.72113459482986,54.71877230798186,55.4759788034053,804.4607470905912,770.7327002729993,759.6079718478422,65.81690617735649,69.17638369229148,70.25627628135979,0,0,34
M-04,PRESS,2026-06-04,Morning,65.33,523,96.88,0,RUNNING,301.8520526894941,0.09637554501012764,302.05039541478976,311.84741023807,1.0586657938121686,313.91414172607494,2.6299636709971463,0.5321118790549297,3.52568423434532,11.885978269851755,1.2045385405213982,14.90871264133047,58.629480352530756,12.709951533647716,78.41379707184137,711.6339262058375,188.458756413698,1413.0219673312668,74.21576159722989,16.18686842228647,100.0,0,10.62,0.0,0.0,65.375,94.7,94.96,95.83888888888889,64.56,64.63,64.31222222222222,0.0,0.0,0.0,301.6070204582409,301.7132612057423,301.5326370183449,311.77705428231894,311.7483607034689,311.53168019692924,2.6144355374681507,2.6264849183643753,2.625626332301109,11.899726246530744,11.812862712012596,11.854958793129036,57.33078612647306,55.33778712678326,55.66534164255812,733.1083528284364,759.7712464249389,755.1393826492581,72.9499116701372,70.26787770529917,70.4764216169213,0,0,35
M-04,PRESS,2026-06-04,Afternoon,62.87,503,98.82,0,RUNNING,301.9222431964535,0.11809906565086611,302.1307162586858,312.2150433355182,0.944594046820736,314.6357217907888,2.66616205706277,0.6210028850180568,4.570790866975174,12.036313104093036,0.925486536326365,14.071451548442647,51.66189557396409,11.489076910838227,75.72387879430865,823.0499842962605,225.6794109922855,1540.2575418435913,64.80305868640008,14.230687643147233,95.33119284017798,0,10.96,0.0,0.0,62.875,96.88,95.91000000000001,95.82333333333332,65.33,64.87666666666667,64.2911111111111,0.0,0.0,0.0,301.8520526894941,301.7028687647173,301.61561500586845,311.84741023807,311.77544402056236,311.59573440590697,2.6299636709971463,2.5700399762272093,2.6321372509634187,11.885978269851755,11.848649900725839,11.82868419320795,58.629480352530756,56.22713369127789,55.901786267065475,711.6339262058375,749.7343420416217,753.0152610859711,74.21576159722989,70.9941931482412,70.77848339578205,0,0,35
M-04,PRESS,2026-06-04,Night,64.81,518,96.04,0,RUNNING,301.80351731773817,0.0836699392603716,301.9390729566862,311.553170214677,0.7229354095050016,313.3802217896288,2.6922238737057183,0.6069175385476768,3.7075328315007368,12.152019547629012,1.0124863304942402,14.587231146681194,54.58149315244009,11.722050599570482,77.38530334934369,770.9800844980285,191.32006632965022,1239.0273059303304,69.7242831521547,16.523446128592916,100.0,0,11.29,0.0,0.0,64.75,98.82,96.8,95.93777777777778,62.87,64.25333333333333,64.39666666666668,0.0,0.0,0.0,301.9222431964535,301.7937721147295,301.72578592054543,312.2150433355182,311.94650261863575,311.74240445265053,2.66616205706277,2.636853755176022,2.637913369543544,12.036313104093036,11.940672540158511,11.86237938163569,51.66189557396409,55.874054017655965,55.51342631970476,823.0499842962605,755.9307544435114,760.3183648676352,64.80305868640008,70.65624398458905,70.28165013831837,0,0,35
M-04,PRESS,2026-06-05,Morning,66.38,531,96.47,0,RUNNING,301.89535349450847,0.06352998757494792,302.0063272524302,311.78456610814516,1.169386623330724,314.13668030058915,2.712152393242928,0.5957629153802977,4.181064234463377,11.962357438734957,1.3979481985882378,15.02280052747375,55.071969807950055,13.603804311458775,77.10560202892432,775.5535919093462,240.85116401137202,1333.038708226347,69.20129361222561,17.155861550665165,100.0,0,11.62,0.0,0.0,66.375,96.04,97.24666666666667,95.91000000000001,64.81,64.33666666666666,64.47999999999999,0.0,0.0,0.0,301.80351731773817,301.85927106789524,301.80098351721125,311.553170214677,311.8718745960884,311.7926559647683,2.6922238737057183,2.6627832005885446,2.642297794706556,12.152019547629012,12.024770307191268,11.902529110282588,54.58149315244009,54.957623026311644,55.267910478288044,770.9800844980285,768.5546650000421,764.0195827886142,69.7242831521547,69.58103447859489,69.98167960744576,0,0,36
M-04,PRESS,2026-06-05,Afternoon,66.86,535,96.57,0,RUNNING,302.0199903556863,0.1573558902564954,302.23689237387964,311.88166165758565,0.8689486438714652,314.13904347076004,2.555166218760255,0.5552659363199401,3.3217900488883623,11.705153156186084,1.2106147102618507,13.715885705779376,54.90445980284368,15.378509199301593,92.06674603831507,799.9294136320534,264.8882136454668,1735.761204197663,68.37451180730217,19.28975002233917,100.0,0,11.96,0.0,0.0,66.875,96.47,97.11,95.76333333333334,66.38,64.68666666666667,64.28444444444443,0.0,0.0,0.0,301.89535349450847,301.87370466956673,301.829579372958,311.78456610814516,311.8509265527801,311.82859067327615,2.712152393242928,2.6901794413371385,2.649572976707312,11.962357438734957,12.050230030152335,11.889019203514005,55.071969807950055,53.77178617811808,55.358202833216154,775.5535919093462,789.8612202345452,762.8194021596316,69.20129361222561,67.90954515026013,69.89876021649992,0,0,36
M-04,PRESS,2026-06-05,Night,63.81,510,95.89,0,RUNNING,302.1351526766704,0.10584762655751458,302.3444339232374,312.13226183571504,0.9855364161123393,314.21266202112145,2.4782360583402134,0.6075843153688132,3.899943814240301,11.782874587267859,1.0517483435833996,14.680118730753197,57.23754903192602,12.826265857141227,81.34876109932678,747.1104336576357,228.49054178685535,1584.5506774247815,73.05654031543172,16.42637913740463,100.0,0,12.29,0.0,0.0,63.75,96.57,96.36,96.02444444444444,66.86,66.01666666666667,64.54888888888888,0.0,0.0,0.0,302.0199903556863,301.90628705597766,301.8447964097831,311.88166165758565,311.7397993268026,311.8368341170435,2.555166218760255,2.6531808285696337,2.6342962388065114,11.705153156186084,11.939843380850016,11.881089785697121,54.90445980284368,54.85264092107794,55.148489082238584,799.9294136320534,782.1543633464761,769.6059393543288,68.37451180730217,69.10002952389415,69.6442190669249,0,0,36
M-04,PRESS,2026-06-06,Morning,62.77,502,96.22,0,RUNNING,301.78221263325173,0.2568032711737349,302.06269001584747,311.58703335340107,0.9743539090458553,314.5569950002011,2.6057869493127175,0.5951047172909287,3.8071371117824,11.80937518676501,1.2484895504714644,14.625110478674287,55.07180678086041,11.037342163197252,71.56312259684796,768.9940921619094,209.22666999979742,1533.7281685799742,69.25585830449484,14.482827484991587,97.90199720836172,0,12.62,0.0,0.0,62.75,95.89,96.30999999999999,96.17222222222222,63.81,65.68333333333332,64.88333333333334,0.0,0.0,0.0,302.1351526766704,302.0168321756217,301.8631214830864,312.13226183571504,311.9328298671486,311.8510217222353,2.4782360583402134,2.5818515567811318,2.6237065585780175,11.782874587267859,11.816795060729634,11.884809359977831,57.23754903192602,55.73799288090658,55.3444676780005,747.1104336576357,774.1978130663451,767.5079081637755,73.05654031543172,70.21078191165317,70.01989803184908,0,0,37
M-04,PRESS,2026-06-06,Afternoon,64.94,519,95.58,0,RUNNING,300.98010381018116,0.17574239844221515,301.37498730642585,311.05848439792135,0.9046939858819182,312.88862759102057,2.598251956448671,0.5783144573880247,3.6852224616446674,11.652331272531171,0.9987654121408103,13.977599657358066,54.52141178392663,9.264848479718339,75.2209113976312,759.5274013131527,134.83492947600124,1064.8739665925157,69.03891100672301,13.916520573672033,97.80939110612402,0,12.96,0.0,0.0,64.875,96.22,96.22666666666667,96.41555555555556,62.77,64.48,64.68111111111111,0.0,0.0,0.0,301.78221263325173,301.9791185552028,301.85189732982894,311.58703335340107,311.8669856155673,311.8311187296366,2.6057869493127175,2.546396408804395,2.6022052754562477,11.80937518676501,11.76580097673965,11.888226969205942,55.07180678086041,55.737938538543375,55.24561946931311,768.9940921619094,772.0113131505328,770.5356251422331,69.25585830449484,70.22897014240958,69.71090281363696,0,0,37
M-04,PRESS,2026-06-06,Night,64.75,518,92.24,0,RUNNING,301.049467088343,0.16776376440378238,301.3002533070691,310.70848318250984,1.2422264013995858,313.1649594775652,2.7304141579788292,0.4394194481491828,3.6449599796692103,11.642289824692503,1.4922341544977742,14.533520244961212,50.88588525373644,12.869282837563258,76.6069830363763,862.5404805969622,264.26056320359186,1579.858323151424,64.49471662284093,17.21244722651672,100.0,0,13.29,0.0,0.0,64.75,95.58,95.89666666666666,96.35222222222222,64.94,63.839999999999996,64.70333333333332,0.0,0.0,0.0,300.98010381018116,301.6324897067011,301.7775162924694,311.05848439792135,311.59259319567917,311.75963171370586,2.598251956448671,2.5607583213672003,2.6169309683709523,11.652331272531171,11.748193682188012,11.876236534398847,54.52141178392663,55.61025586557102,55.445650268101645,759.5274013131527,758.5439757108993,765.5430311669622,69.03891100672301,70.45043654221654,70.06890335023326,0,0,37
M-04,PRESS,2026-06-07,Morning,63.93,511,96.19,0,RUNNING,300.71750758608704,0.09913447680777335,300.899614383092,310.4465605643517,0.9525281040787288,312.4923645136444,2.5608800943275902,0.4418609740208644,3.451280927615008,12.110552126248129,1.1261741631856066,14.31696262950586,53.88264126997195,12.401221145556077,79.27873790074088,806.6453102963255,315.04669415895097,2357.801152308288,69.34807516037795,14.535327005708892,100.0,0,13.62,0.0,0.0,63.875,92.24,94.67999999999999,96.0788888888889,64.75,64.15333333333332,64.72444444444444,0.0,0.0,0.0,301.049467088343,301.270594510592,301.71556591803636,310.70848318250984,311.1180003112774,311.6409015915048,2.7304141579788292,2.6448176879134055,2.6298174817610276,11.642289824692503,11.701332094662895,11.847632487527932,50.88588525373644,53.49303460617449,54.72955017113091,862.5404805969622,797.020658024008,779.9243786967985,64.49471662284093,67.59649531135292,69.129437233867,0,0,38
M-04,PRESS,2026-06-07,Afternoon,65.31,522,93.94,0,RUNNING,300.5448588698824,0.21176959577976692,300.85710231761817,310.7255104437105,1.274069131564511,313.2207511750691,2.4984026592125725,0.5415432364229997,3.916987721615814,12.364744901060272,0.9543183008147074,14.135325984349898,61.34213033034456,12.197331937907006,78.38893662630016,697.5220700232398,227.43999278073852,1738.5350555650912,79.1411650759828,13.86846141495142,98.12335789648036,0,13.96,0.0,0.0,65.25,96.19,94.67,96.00222222222222,63.93,64.53999999999999,64.56888888888889,0.0,0.0,0.0,300.71750758608704,300.91569282820376,301.5895053509911,310.4465605643517,310.73784271492764,311.4852516277583,2.5608800943275902,2.6298487362516965,2.6221415287977434,12.110552126248129,11.801724407823935,11.872585138238641,53.88264126997195,53.09664610254501,54.202123606402154,806.6453102963255,809.5710640688135,790.4811991512971,69.34807516037795,67.62723426331395,68.58858318532788,0,0,38
M-04,PRESS,2026-06-07,Night,67.47,540,94.27,0,RUNNING,300.4625396702721,0.20954932478892815,300.851945637374,310.51648958361676,1.1614936362304065,312.11995001074,2.6477448728041906,0.5328915071475053,4.029909841735088,11.874827832867256,1.0769264161024072,14.258851468021431,50.970744203904125,9.861080234038864,71.10575370754624,828.6602252612561,219.08874265071606,1694.7588123293822,64.86169488371654,13.960914159059186,96.67698245701956,0,14.29,0.0,0.0,67.5,93.94,94.12333333333333,95.46,65.31,64.66333333333333,64.83999999999999,0.0,0.0,0.0,300.5448588698824,300.77061118143746,301.43646264803874,310.7255104437105,310.6268513968573,311.319747973113,2.4984026592125725,2.596565637172997,2.603501595703277,12.364744901060272,12.039195617333634,11.909077560123887,61.34213033034456,55.370218951350985,55.27770524599998,697.5220700232398,788.9026203055091,776.5336531209615,79.1411650759828,70.99465228640055,70.18170611750375,0,0,38
M-04,PRESS,2026-06-08,Morning,66.89,535,96.85,0,RUNNING,300.40118249164937,0.11684872907008285,300.63098363166284,310.35966051181987,0.8964980171920959,311.733937191305,2.781768690687078,0.715454315425076,4.489265793012218,12.04116165014298,1.039279952975975,14.022745484327078,51.28607254279242,12.706827702250038,83.86479084596182,841.0293024324176,283.58361277740016,1934.8511139449383,66.40835526428688,16.445217064954978,100.0,0,14.62,0.0,0.0,66.875,94.27,94.8,95.26333333333334,67.47,65.57,65.13555555555556,0.0,0.0,0.0,300.4625396702721,300.57496870874724,301.2874651316536,310.51648958361676,310.56285353055966,311.2045612363286,2.6477448728041906,2.5690092087814507,2.598559484491996,11.874827832867256,12.116708286725219,11.878278480705914,50.970744203904125,55.39850526807354,54.876510918384874,828.6602252612561,777.6092018602739,782.942557650209,64.86169488371654,71.11697837335909,69.64141853212173,0,0,39
M-04,PRESS,2026-06-08,Afternoon,63.74,510,99.55,0,RUNNING,300.63647908871815,0.19356109103936237,301.0004977524908,310.62213590073344,0.9667837030031108,312.7354344326536,2.860942469363753,0.5028364097369346,3.640883101106125,11.970639682603137,1.0111082656040131,14.602228489916648,57.24661621926643,12.430424664919357,77.10272733257624,736.4978868913398,172.84620395796327,1147.2790301060954,72.22703602938496,17.500647121190777,100.0,0,14.96,0.0,0.0,63.75,96.85,95.02,95.30555555555556,66.89,66.55666666666666,65.19222222222223,0.0,0.0,0.0,300.40118249164937,300.46952701060127,301.1214461313359,310.35966051181987,310.53388684638236,311.0462383922925,2.781768690687078,2.64263874090128,2.6062946286524578,12.04116165014298,12.093578128023502,11.887034504195695,51.28607254279242,54.53298235901371,54.45585566670069,841.0293024324176,789.0705325723044,790.2176365972169,66.40835526428688,70.13707174132874,69.33109204901741,0,0,39
M-04,PRESS,2026-06-08,Night,62.67,501,97.84,0,RUNNING,301.53432155268376,0.2416995443407007,302.0048051405864,311.52073227601227,1.1930562377631522,313.6992730363028,2.5430465652788747,0.5542971135824842,3.2868731022122217,11.799809230687437,1.038542618465811,14.429656934949524,54.29565834032971,11.184934939752427,71.11064703682482,782.9488883297399,223.1062163848888,1686.6981363907626,68.07869025966878,15.639769057579274,97.0456891902793,0,15.29,0.0,0.0,62.625,99.55,96.88999999999999,95.63666666666667,63.74,66.03333333333332,64.84555555555556,0.0,0.0,0.0,300.63647908871815,300.5000670835466,300.96772265722836,310.62213590073344,310.49942866539,310.90629108597545,2.860942469363753,2.763485344285007,2.6402697676084017,11.970639682603137,11.962209721871124,11.916533007130923,57.24661621926643,53.16781098865433,54.71609526852544,736.4978868913398,802.0624715283378,783.1696891815822,72.22703602938496,67.83236205912947,69.7591502959155,0,0,39
M-04,PRESS,2026-06-09,Morning,66.95,536,94.66,0,RUNNING,302.1475521209601,0.1859159103861159,302.5692310859173,312.00677654540976,0.8653778069317768,313.5226277750738,2.7561307911395,0.5379570320051809,3.636743957347095,11.703783542967233,1.1494443886952663,14.438965591710588,50.94242234223316,11.760823032999555,91.410640510236,825.5321867895527,182.1137690125598,1306.9679929322651,65.2954157071634,15.314370188167638,100.0,0,15.62,0.0,0.0,67.0,97.84,98.08,95.85333333333332,62.67,64.43333333333332,64.71888888888888,0.0,0.0,0.0,301.53432155268376,300.85732771101704,300.9009636434521,311.52073227601227,310.83417622952186,310.83834335711964,2.5430465652788747,2.7285859084432347,2.647470935046031,11.799809230687437,11.937203521144518,11.918414634177545,54.29565834032971,54.27611570079619,54.38921852501474,782.9488883297399,786.8253592178324,787.1517397007048,68.07869025966878,68.90469385111355,69.20605584527519,0,0,40
M-04,PRESS,2026-06-09,Afternoon,67.72,542,95.5,0,RUNNING,302.6702941718918,0.10618038147558498,302.8219102543424,312.5691948265182,1.1278190651488844,314.3405509540479,2.591523052916136,0.6554290776846895,3.78666268799508,12.257360456159981,1.368605514743594,15.604662202678504,53.28191116543254,11.403836206242508,75.12893841619692,792.868921090226,206.98312546707248,1469.9642202738212,67.52786211887626,15.489961298139942,100.0,0,15.96,0.0,0.0,67.75,94.66,97.34999999999998,95.68,66.95,64.45333333333332,65.18333333333334,0.0,0.0,0.0,302.1475521209601,301.43945092078735,300.9415569198641,312.00677654540976,311.38321490738514,310.884981489565,2.7561307911395,2.7200399419273755,2.6641758063601175,11.703783542967233,11.824744152085936,11.906682229311123,50.94242234223316,54.1615656339431,53.93039803183393,825.5321867895527,781.6596540035442,793.4337502148874,65.2954157071634,68.53371399873905,68.76600666779392,0,0,40
M-04,PRESS,2026-06-09,Night,65.56,525,96.52,0,RUNNING,302.39053387720656,0.10849152200466307,302.5774199762402,312.1413984836542,0.9175555861495001,313.9495404853978,2.629430229888417,0.6706854180002707,3.599050731437358,11.612753462918343,1.089318796130218,13.728941947136695,54.97192494430523,10.198608566637605,74.14149194138366,752.5891103880642,153.48560730663306,1189.6132505944108,71.42836486165845,14.561300786977355,96.33450938395188,0,16.29,0.0,0.0,65.625,95.5,96.0,95.6711111111111,67.72,65.77999999999999,65.49222222222222,0.0,0.0,0.0,302.6702941718918,302.1173892818452,301.1293558489431,312.5691948265182,312.0322345493134,311.0528382038535,2.591523052916136,2.63023346977817,2.663428150412058,12.257360456159981,11.920317743271552,11.97390769415877,53.28191116543254,52.83999728266514,53.79267574089015,792.868921090226,800.4499987365061,797.1383635234511,67.52786211887626,66.96732269523615,68.59811234692205,0,0,40
M-04,PRESS,2026-06-10,Morning,64.74,518,97.62,0,RUNNING,302.0974696152149,0.19476495088908374,302.3306113457901,311.954126437339,0.9081756209382589,313.74553397614983,2.6106127305382234,0.4596511670711802,3.574430347455794,11.902471308217143,0.983257849186144,14.308317802764565,57.33782233967158,11.59004239521183,78.81309375473363,733.9353036677384,167.58139598173562,1195.244285087549,73.195352911952,14.812553094317373,99.65995293303033,0,16.62,0.0,0.0,64.75,96.52,95.56,96.14666666666666,65.56,66.74333333333333,65.58222222222223,0.0,0.0,0.0,302.39053387720656,302.4027933900195,301.27836326992787,312.1413984836542,312.239123285194,311.2120510150919,2.629430229888417,2.6590280246480176,2.652207713957568,11.612753462918343,11.857965820681853,11.970625876183863,54.97192494430523,53.065419483990304,54.246680150953345,752.5891103880642,790.3300727559476,784.9215446113514,71.42836486165845,68.08388089589937,69.36851770679067,0,0,41
M-04,PRESS,2026-06-10,Afternoon,66.55,532,92.5,0,RUNNING,301.73446531636887,0.08031557050848655,301.922788094906,311.6910413519474,1.1141198172833406,314.0748501282891,2.624582114398275,0.5179601085128073,3.5914011851583094,12.114222875718921,0.8930688848244089,14.086019450238275,55.10107431480718,13.67283502265045,88.11945894413822,766.6354656260703,176.63006457042061,1100.4889290456406,70.19331981554245,15.962510193231495,100.0,0,16.96,0.0,0.0,66.5,97.62,96.54666666666667,96.30555555555556,64.74,66.00666666666665,65.67222222222222,0.0,0.0,0.0,302.0974696152149,302.38609922143775,301.4316923842755,311.954126437339,312.22157324917043,311.37955833431266,2.6106127305382234,2.610522004447592,2.657733562425416,11.902471308217143,11.924195075765155,11.947505785291531,57.33782233967158,55.19721948313645,54.630589158697745,733.9353036677384,759.7977783820094,776.8426549859528,73.195352911952,70.71719329749557,69.79599301252112,0,0,41
M-04,PRESS,2026-06-10,Night,67.54,540,92.68,0,RUNNING,302.0362280549561,0.07427750388322792,302.14163289259767,311.99878608080365,0.9689954200481784,313.9586073954796,2.641561559634584,0.6207948999955005,3.739110630615374,12.57931530929611,0.925092658546822,13.933869665465403,55.35429854295128,10.825600190780586,71.93325845566869,757.0552010410611,180.5372084804255,1390.108552349307,71.04325017000659,13.66063836299558,94.18780066232615,0,17.29,0.0,0.0,67.5,92.5,95.54666666666667,96.14555555555555,66.55,65.61666666666666,65.81,0.0,0.0,0.0,301.73446531636887,302.0741562695968,301.5638708783295,311.6910413519474,311.92885542431355,311.486839546339,2.624582114398275,2.621541691608305,2.6717535018904943,12.114222875718921,11.87648254895147,11.919670004698048,55.10107431480718,55.803607199594666,53.937138490304704,766.6354656260703,751.053293227291,784.521921164045,70.19331981554245,71.6056791963843,68.80178798358331,0,0,41
M-04,PRESS,2026-06-11,Morning,67.01,536,98.25,0,RUNNING,302.09914134950327,0.13212409169391437,302.49612438677195,311.8755848939203,1.124078139520539,314.2816744315753,2.483552760280847,0.7071138755673518,3.873610286588494,11.585491822592799,1.3003754730476311,13.700079794260018,56.76944174207552,9.938078167085747,76.6796358116656,728.7730888280937,131.0458283990649,1118.681238669179,72.9639131021857,14.075779931538385,100.0,0,17.62,0.0,0.0,67.0,92.68,94.26666666666667,95.9688888888889,67.54,66.27666666666666,65.81777777777778,0.0,0.0,0.0,302.0362280549561,301.9560543288466,301.7387251432944,311.99878608080365,311.8813179566967,311.65153915713756,2.641561559634584,2.6255854681903608,2.6710664670938713,12.57931530929611,12.19866983107739,11.99794639096792,55.35429854295128,55.93106506581001,54.42420008353216,757.0552010410611,752.5419901116232,776.565807361801,71.04325017000659,71.47730763250034,69.48862745983774,0,0,42
M-04,PRESS,2026-06-11,Afternoon,62.87,503,95.18,0,RUNNING,302.8233347098177,0.20971593692031762,303.1071892721267,313.05569672593674,0.7625853093200298,314.5996070733738,2.630174368837352,0.5136517248279401,3.7060364639151513,11.82364434610283,1.3803955335478182,14.596094309183036,53.81028002962709,12.089594546467138,76.07331760628941,792.8377001354498,245.38618761639776,1748.2860634420877,67.87424914247384,13.24555528779315,88.91932444437433,0,17.96,0.0,0.0,62.875,98.25,94.47666666666667,96.12444444444445,67.01,67.03333333333332,65.83111111111111,0.0,0.0,0.0,302.09914134950327,301.95661157360945,301.9273872386115,311.8755848939203,311.8551374422238,311.8199751995931,2.483552760280847,2.583232144771235,2.637931363715401,11.585491822592799,12.093010002535943,11.947316410129012,56.76944174207552,55.74160486661132,55.03346332789696,728.7730888280937,750.8212518317417,764.0928947390985,72.9639131021857,71.4001610292449,70.21702277515985,0,0,42
M-04,PRESS,2026-06-11,Night,62.84,503,95.57,0,RUNNING,303.32337859460387,0.28669185000657454,303.6841800464041,313.18236392965593,0.9593237797346571,315.61443299718707,2.48187877962515,0.7315800999277644,3.8281553794542713,11.767880763900296,1.0872329771362028,14.394534427035367,56.544313624755254,11.568607467433633,82.02748131827263,741.7537560040957,177.55146350694804,1281.2679305869483,70.19048400873658,15.530300897590603,100.0,0,18.29,0.0,0.0,62.875,95.18,95.37,95.63888888888889,62.87,65.80666666666666,65.73444444444445,0.0,0.0,0.0,302.8233347098177,302.3195680380923,302.17037119651144,313.05569672593674,312.31002256688686,312.0903708468379,2.630174368837352,2.585096229584261,2.612290463656912,11.82364434610283,11.996150492663913,11.930983594962312,53.81028002962709,55.31134010488463,54.651648195714806,792.8377001354498,759.5553300015349,770.352873988444,67.87424914247384,70.62713747155537,69.73337978772527,0,0,42
M-04,PRESS,2026-06-12,Morning,64.4,515,97.56,0,RUNNING,303.471874376749,0.06526414563286428,303.6170014427543,313.54048004864933,0.63472165732785,314.701728186247,2.6394562635425958,0.54309144630173,3.688415146750467,11.876599706193026,1.100050169249794,13.909544834741274,54.719230868064685,13.910895955220658,76.76831166800014,788.142031161682,216.96832392703024,1198.6424510697177,70.62569305495927,18.6557615747749,97.4245803090171,0,18.62,0.0,0.0,64.375,95.57,96.33333333333333,95.38666666666667,62.84,64.23999999999998,65.75333333333334,0.0,0.0,0.0,303.32337859460387,302.7486182179749,302.3691553122804,313.18236392965593,312.7045485165043,312.2749965861317,2.48187877962515,2.5318686362477827,2.6054940430287203,11.767880763900296,11.725672310865308,11.927435987541518,56.544313624755254,55.708011798819285,54.901498782873205,741.7537560040957,754.4548483225464,765.7756370633724,70.19048400873658,70.34288208446537,69.9680235376217,0,0,43
M-04,PRESS,2026-06-12,Afternoon,67.56,540,98.79,0,RUNNING,303.95118542262435,0.2528735863517771,304.23693964604206,314.1459192480636,0.9349425935374717,315.70861842723883,2.499054966500874,0.5290727480720735,3.4970153297477413,11.941186998738537,1.0987307286461772,14.6146994748684,57.3819805581022,13.602504933236112,85.22855378969882,745.0037577428235,205.25908293066436,1299.5280240049387,70.24952124942061,17.42177776908798,100.0,0,18.96,0.0,0.0,67.5,97.56,96.10333333333334,95.7088888888889,64.4,63.36999999999998,65.47,0.0,0.0,0.0,303.471874376749,303.20619589372353,302.5163022295903,313.54048004864933,313.25951356808065,312.4454080864916,2.6394562635425958,2.5838364706683654,2.5925302066290645,11.876599706193026,11.822708272065384,11.946637783455493,54.719230868064685,55.024608174149016,55.321144174632266,788.142031161682,774.2444957670759,761.6211753269423,70.62569305495927,69.56347540205657,70.56027657626568,0,0,43
M-04,PRESS,2026-06-12,Night,63.9,511,95.58,0,RUNNING,304.5007054976714,0.1575995526431331,304.73165715426205,314.28929213965085,1.2135114517024055,317.87096590768726,2.656545411376369,0.49567267336143706,3.7218893070659016,12.135491089135485,1.2718274715120748,14.956739090269714,55.228136527229395,8.649762303132894,76.53068174506652,745.1513813763963,120.72814281588919,1073.085088016015,70.8908586315961,11.367344084633501,97.87953805680968,0,19.29,0.0,0.0,63.875,98.79,97.30666666666667,96.07444444444445,67.56,64.93333333333332,65.45222222222222,0.0,0.0,0.0,303.95118542262435,303.5821461313257,302.65862347967163,314.1459192480636,313.6229210754563,312.62059968888553,2.499054966500874,2.540130003222873,2.5822559748051463,11.941186998738537,11.861889156277286,11.911507399297555,57.3819805581022,56.21517501697405,55.776707440484444,745.0037577428235,758.2998483028672,756.3028238438977,70.24952124942061,70.35523277103881,70.86268314632618,0,0,43
M-04,PRESS,2026-06-13,Morning,61.72,494,94.39,0,RUNNING,304.7340660069535,0.15439945947240377,305.03659608234244,314.76170129231417,1.0812642764409897,316.7327743431228,2.418222064114034,0.49880015464209476,3.435952280811424,12.21208191238339,1.3173262412093625,14.666486301734228,55.15068667606818,12.311184429896722,83.35792034198904,777.1215287659928,260.57027739540735,1935.2821742098247,69.31145881396543,16.59376330473938,100.0,0,19.62,0.0,0.0,61.75,95.58,97.31,95.97,63.9,65.28666666666665,65.26777777777778,0.0,0.0,0.0,304.5007054976714,303.97458843234824,302.8930869930566,314.28929213965085,313.9918971454546,312.85925453955184,2.656545411376369,2.5983522138066126,2.585268772748252,12.135491089135485,11.984425931355682,11.969589357766129,55.228136527229395,55.77644931779876,55.80517539414269,745.1513813763963,759.4323900936339,755.4764095092678,70.8908586315961,70.58869097865868,70.8029602318748,0,0,44
M-04,PRESS,2026-06-13,Afternoon,66.88,535,99.23,0,RUNNING,304.6400556691246,0.11479738895298991,304.8177039139023,314.739997296748,0.8306831392745431,316.33166521953626,2.414993436346873,0.6388928591616478,3.582758732598082,12.568121046960815,1.103833877146692,15.347273584779938,54.824333525537064,7.936051342297488,73.88449492593644,747.565225866119,112.83677296409745,987.9771738421754,68.95018303905907,11.519550544247874,87.56123289281814,0,19.96,0.0,0.0,66.875,94.39,96.25333333333333,95.61111111111111,61.72,64.39333333333332,64.93222222222222,0.0,0.0,0.0,304.7340660069535,304.3953189757497,303.18604214769425,314.76170129231417,314.3989708933429,313.17120730121576,2.418222064114034,2.5246074806637586,2.563892032034454,12.21208191238339,12.096253333419137,12.003990536006821,55.15068667606818,55.92026792046659,55.56216032040898,777.1215287659928,755.7588892950708,760.2748789646296,69.31145881396543,70.15061289832738,70.37141644320963,0,0,44
M-04,PRESS,2026-06-13,Night,62.59,501,94.82,0,RUNNING,304.47901670268527,0.08863542940466006,304.662385535595,314.0270557384813,0.9328385511779117,315.9700810961558,2.71469476396028,0.719074206254186,4.15211190348935,12.034434553696931,1.1356555532241843,14.362105233844089,58.056555654441894,12.976736876069031,90.4182688829841,729.9901467191656,172.58632253786243,1171.0515889498072,73.15962441779848,17.74455246702078,100.0,0,20.29,0.0,0.0,62.625,99.23,96.39999999999999,96.35888888888888,66.88,64.16666666666664,64.9688888888889,0.0,0.0,0.0,304.6400556691246,304.6249423912498,303.5088855202227,314.739997296748,314.59699690957103,313.5099801839714,2.414993436346873,2.496586970612425,2.5406044011398534,12.568121046960815,12.305231349493232,12.054423666144809,54.824333525537064,55.06771890961155,55.53141134382341,747.565225866119,756.612712002836,758.1559634357459,68.95018303905907,69.7175001615402,70.23329013471147,0,0,44
M-04,PRESS,2026-06-14,Morning,64.95,520,96.56,0,RUNNING,304.47723759770724,0.14083992504430862,304.75762922867256,314.52125668033227,0.741881245041714,315.83157848148574,2.6522455095218618,0.6783577146135988,4.19855283584598,11.841525601567922,1.1512427474708502,14.41623175993565,54.25873462428182,8.12235881395151,70.18332559457248,758.3611651498114,129.98759396104174,1151.6436755910934,69.43998909627602,11.70415368751219,89.28107920124158,0,20.62,0.0,0.0,65.0,94.82,96.14666666666666,96.59666666666666,62.59,63.72999999999998,64.41888888888889,0.0,0.0,0.0,304.47901670268527,304.6177127929211,303.7803064810814,314.0270557384813,314.5095847758478,313.73534347926886,2.71469476396028,2.5159700881403952,2.5487303127315974,12.034434553696931,12.271545837680378,11.993881359967125,58.056555654441894,56.01052528534905,55.83166213398903,729.9901467191656,751.5589671170925,755.1487351777575,73.15962441779848,70.47375542360767,70.46844282891055,0,0,45
M-04,PRESS,2026-06-14,Afternoon,63.42,507,96.85,0,RUNNING,304.4947266931013,0.19134782687922877,304.8088470456144,314.4432220575341,1.2308726084305404,317.103394210728,2.604669696831508,0.5565611270380096,3.58517283190378,11.774860812820794,1.4433823640987138,14.382107669507503,55.66692123681232,11.056975642356944,76.52987264141285,753.5797644315594,184.46809130511065,1353.884618256228,70.22112192504011,13.428600332649687,95.82800124498316,0,20.96,0.0,0.0,63.375,96.56,96.87,96.40888888888888,64.95,64.80666666666666,64.19,0.0,0.0,0.0,304.47723759770724,304.53210332317235,304.04453939754853,314.52125668033227,314.42943657185384,314.0293070110925,2.6522455095218618,2.593977903276338,2.567473951536154,11.841525601567922,12.148027067408556,12.022329557631027,54.25873462428182,55.7132079347536,55.5526946764564,758.3611651498114,745.3055125783653,758.4362992135041,69.43998909627602,70.51659885104452,70.07689571714282,0,0,45
M-04,PRESS,2026-06-14,Night,64.08,513,95.97,0,RUNNING,304.91214796377346,0.18517438975802342,305.2258157961376,315.17500575684323,0.8169590067488829,317.0692116618222,2.6622207016852624,0.5617856440396758,3.758055054821984,11.663115950592847,0.8216800712635445,13.249234349872305,56.258996794124926,11.049227064011388,77.97528949453665,738.5441342469949,147.5089376566423,1121.882182932584,71.11618703244037,13.085300402644744,100.0,0,21.29,0.0,0.0,64.125,96.85,96.07666666666665,96.59444444444445,63.42,63.653333333333315,64.25111111111111,0.0,0.0,0.0,304.4947266931013,304.4836603311646,304.2302496179134,314.4432220575341,314.3305114921159,314.1834764923811,2.604669696831508,2.657203323437883,2.5646400990910605,11.774860812820794,11.883606989361882,12.016909165044133,55.66692123681232,55.99407050517868,55.75898814392142,753.5797644315594,747.3103587668455,754.0743063575162,70.22112192504011,70.94024514637154,70.33765935965019,0,0,45
M-04,PRESS,2026-06-15,Morning,66.07,529,96.01,0,RUNNING,305.2091442642022,0.09561297477178782,305.3484869554683,315.16730578218204,0.8359789612396732,316.95138121487355,2.531149624834633,0.5595737398379382,3.775191766646637,12.064110514670546,1.1360522630652214,13.97221771705206,54.715112559297076,11.706939235895355,80.48282630682857,761.6404050700695,202.71027571698332,1367.800257155957,70.93390401637723,14.555980630893375,95.9549550012456,0,21.62,0.0,0.0,66.125,95.97,96.46,96.63888888888889,64.08,64.14999999999998,64.38888888888889,0.0,0.0,0.0,304.91214796377346,304.62803741819397,304.4067795478211,315.17500575684323,314.7131614982365,314.40488113984634,2.6622207016852624,2.6397119693462106,2.584678090431073,11.663115950592847,11.75983412166052,12.005268630232194,56.258996794124926,55.394884218406354,55.727286273851384,738.5441342469949,750.1616879427885,753.7176817178383,71.11618703244037,70.25909935125217,70.44051525117283,0,0,46
M-04,PRESS,2026-06-15,Afternoon,64.15,513,95.78,0,RUNNING,305.5382077198033,0.11088337505280607,305.6998625626604,315.65713044153966,1.0070179616361903,317.3887056413615,2.496165432503974,0.6741810327277394,4.038111477362134,12.316745476656536,1.4136531722401142,15.487293424873576,55.4079119006207,13.86696922600341,78.17803411648394,774.6454658014567,223.13002872337017,1353.295207565748,70.41682292205579,17.420564181692313,100.0,0,21.96,0.0,0.0,64.125,96.01,96.27666666666666,96.46666666666667,66.07,64.52333333333331,64.57444444444444,0.0,0.0,0.0,305.2091442642022,304.8720063070257,304.5998095353159,315.16730578218204,314.92851119885313,314.58563955468327,2.531149624834633,2.5993466744504676,2.572644019463522,12.064110514670546,11.83402909269473,12.026103164507475,54.715112559297076,55.54701019674477,55.726828683988316,761.6404050700695,751.254767916208,750.773056596548,70.93390401637723,70.7570709912859,70.47476091355261,0,0,46
M-04,PRESS,2026-06-15,Night,64.83,519,95.26,0,RUNNING,305.63430787071616,0.13683209597727547,305.84500207508444,315.614044084724,0.999325191975421,318.461225139074,2.764595812514418,0.5867458349833318,3.8024642502719783,12.308582713531854,1.4001313077069522,14.568175698184238,57.33882209677484,11.782676540582388,92.81914748047078,727.0940018235742,145.47301689675714,1098.8592657482593,71.63887419503091,12.800261546216383,100.0,0,22.29,0.0,0.0,64.875,95.78,95.92,96.13222222222223,64.15,64.76666666666664,64.19555555555556,0.0,0.0,0.0,305.5382077198033,305.21983331592634,304.7761453461136,315.65713044153966,315.333147326855,314.75355190951393,2.496165432503974,2.5631785863412895,2.572322960130533,12.316745476656536,12.01465731397331,12.06783188427614,55.4079119006207,55.460673751347564,55.50748772204593,774.6454658014567,758.2766683728404,754.0665797141739,70.41682292205579,70.8223046569578,70.49334998828984,0,0,46
M-04,PRESS,2026-06-16,Morning,64.5,516,99.2,0,RUNNING,305.7658019136911,0.1318478962858224,306.0897470239441,315.46541927018745,0.9301723491483254,316.9915668396325,2.4677300490723066,0.614487445279335,3.6436650816864455,11.990886251394762,1.1593693576073163,14.000670911782098,56.172067913820385,9.526057439089694,79.86250744510308,731.3107188915806,126.15147788075974,1101.8644918399602,70.58610888367504,13.267589131792171,100.0,0,22.62,0.0,0.0,64.5,95.26,95.68333333333334,96.09666666666666,64.83,65.01666666666665,64.29888888888888,0.0,0.0,0.0,305.63430787071616,305.46055328490723,304.90210116534075,315.614044084724,315.4794934361486,314.9007465700776,2.764595812514418,2.5973036232843416,2.584328560256983,12.308582713531854,12.229812901619646,12.087064286986848,57.33882209677484,55.82061551889753,55.74200834088432,727.0940018235742,754.4599575650335,752.0602042083049,71.63887419503091,70.99653371115464,70.57646282867148,0,0,47
M-04,PRESS,2026-06-16,Afternoon,66.09,529,95.41,0,RUNNING,305.6946139684075,0.0877087692912073,305.996131572376,315.4407248162025,1.0937852449030516,317.2757298030136,2.628629732744897,0.48083494855912606,3.59361654887642,12.250746936998862,1.2440694344277383,14.874426362498465,54.36135719283562,12.251533146511717,76.91914352249937,773.4168075107287,171.68145871202051,1083.634651237472,68.21506016046926,16.94794901091542,97.9607261962328,0,22.96,0.0,0.0,66.125,99.2,96.74666666666667,96.63111111111112,64.5,64.49333333333333,64.60777777777778,0.0,0.0,0.0,305.7658019136911,305.64610583473683,305.0167384883116,315.46541927018745,315.578864598817,314.97893745650805,2.4677300490723066,2.5761637646968993,2.5898294474745684,11.990886251394762,12.205404813861051,12.062486991321444,56.172067913820385,56.30626730373864,55.855495145079004,731.3107188915806,744.3500621722038,746.970114222259,70.58610888367504,70.88060200025392,70.71809061419478,0,0,47
M-04,PRESS,2026-06-16,Night,66.36,531,95.33,0,RUNNING,306.09967181290995,0.1611108285976114,306.3657311915456,316.5120136624658,1.134816783110783,318.91384120115544,2.6618143417206275,0.4783635226952211,3.579105654393669,12.339738883523028,1.004894547355103,14.27543961620795,55.637388748451215,11.952471229549323,75.1123272530954,756.6889774049456,220.51170665982025,1614.4196705350596,71.54791961733923,15.571368184603207,100.0,0,23.29,0.0,0.0,66.375,95.41,96.62333333333333,96.20666666666666,66.09,65.13999999999999,64.52,0.0,0.0,0.0,305.6946139684075,305.6982412509383,305.1339116326764,315.4407248162025,315.5067293903713,315.0567960697807,2.628629732744897,2.6203185314438735,2.6135668137410155,12.250746936998862,12.183405300641825,12.027223201325674,54.36135719283562,55.957415734476946,55.8040533303344,773.4168075107287,743.9405094086278,749.8425121827713,68.21506016046926,70.14668107972507,70.63641029435148,0,0,47
M-04,PRESS,2026-06-17,Morning,67.29,538,96.74,0,RUNNING,306.41890303959985,0.1057505513432378,306.6014741677964,316.2105531896122,0.921624053162904,318.92465553429133,2.6188593822833686,0.45596982202542674,3.5421354516189005,12.087422761505888,1.1315925968375637,14.015299190390705,52.42650639564842,14.582589754744511,81.14979264665011,848.3443952640013,330.8862165106722,1931.1576170698984,69.12695869236889,18.388168073574544,100.0,0,23.62,0.0,0.0,67.25,95.33,96.64666666666666,96.26333333333334,66.36,65.64999999999999,64.9388888888889,0.0,0.0,0.0,306.09967181290995,305.8533625650029,305.3139844227014,316.5120136624658,315.8060525829519,315.332902505779,2.6618143417206275,2.5860580411792764,2.607691211269943,12.339738883523028,12.193790690638883,12.061145904639682,55.637388748451215,55.39027128503574,55.535257007446546,756.6889774049456,753.8055012690849,752.8090489256357,71.54791961733923,70.11636288716117,70.45733198318933,0,0,48
M-04,PRESS,2026-06-17,Afternoon,64.79,518,96.9,0,RUNNING,306.58010229352556,0.09917788223526625,306.74042237353547,316.5942714023054,1.031456042409445,318.2627336179162,2.4511807862089103,0.5622289171922008,4.155043562572648,11.59747458374359,1.21739811357368,13.922031690945538,55.229918717896574,11.991646403689822,80.67676833746638,771.3676366365512,218.1117143246254,1588.208700144267,70.96069182249288,14.584728120564492,100.0,0,23.96,0.0,0.0,64.75,96.74,95.82666666666667,96.28333333333333,67.29,66.57999999999998,65.19888888888889,0.0,0.0,0.0,306.41890303959985,306.0710629403058,305.5297250273561,316.2105531896122,316.05443055609345,315.5206021179212,2.6188593822833686,2.636434485582964,2.603981641576777,12.087422761505888,12.225969527342592,12.088467811299457,52.42650639564842,54.14175077897841,55.331676093153945,848.3443952640013,792.8167267265585,762.8071856049901,69.12695869236889,69.62997949005911,70.42255082719964,0,0,48
M-04,PRESS,2026-06-17,Night,61.94,495,93.75,0,RUNNING,306.15203132729306,0.17113050556450873,306.5140523532239,316.43301147954537,1.011881293932028,317.8413155394939,2.602814185761721,0.6195044267181958,4.364878574612803,12.04236053803278,1.3232585356855637,15.437964258875386,53.479071437170525,10.758663979864536,74.38190231557155,784.1867446026872,170.06100745981547,1338.3448088948126,68.59720328876003,15.053761251412991,93.98884302266625,0,24.29,0.0,0.0,61.875,96.9,96.32333333333334,96.28888888888889,64.79,66.14666666666666,65.35111111111112,0.0,0.0,0.0,306.58010229352556,306.36622571534514,305.7614334274033,316.5942714023054,316.4389460847945,315.75960760067363,2.4511807862089103,2.577284836737635,2.5869273181742662,11.59747458374359,12.008212076257502,12.068758230290879,55.229918717896574,54.43127128733207,55.28312025771886,771.3676366365512,792.1336697684993,764.7836158499891,70.96069182249288,70.545190044067,70.50472526024996,0,0,48
M-04,PRESS,2026-06-18,Morning,62.67,501,96.29,0,RUNNING,305.7365267075259,0.15873316910282473,306.04894508451207,315.8442992531611,0.9491116832325244,317.55287961434084,2.638968964095317,0.6488224959243151,4.290144701763946,12.231148583148316,1.218952622575772,14.005197746660324,54.8173620306703,12.859042151636249,78.21499549843487,773.4893165451988,212.40603126482463,1372.8210752568998,69.73546969893226,17.55697462618496,100.0,0,24.62,0.0,0.0,62.625,93.75,95.79666666666667,96.04222222222222,61.94,64.67333333333332,65.11333333333333,0.0,0.0,0.0,306.15203132729306,306.38367888680614,305.89919824557205,316.43301147954537,316.412612023821,315.89938601430714,2.602814185761721,2.5576181180846667,2.580326594182762,12.04236053803278,11.909085961094085,12.110896517784205,53.479071437170525,53.711832183571836,54.97423966250171,784.1867446026872,801.2995921677466,769.8550170006216,68.59720328876003,69.56161793454059,70.22483817761879,0,0,49
M-04,PRESS,2026-06-18,Afternoon,68.38,547,100.0,0,RUNNING,306.12621877440523,0.1323913177664522,306.3162179237715,315.87409501454147,0.9220568979642956,317.9693917444986,2.608845953629936,0.5932830525578896,3.84197736958706,11.955954312372183,1.435462068225843,15.020220439792826,54.3283701759674,13.367422515217047,89.20594353038713,769.0934449783927,190.26961647159183,1271.2770316793046,70.13478535530835,15.862584288321239,100.0,0,24.96,0.0,0.0,68.375,96.29,95.64666666666666,96.07333333333332,62.67,63.13333333333332,64.73555555555556,0.0,0.0,0.0,305.7365267075259,306.15622010944816,305.9577962948303,315.8442992531611,316.29052737833734,315.97460751108264,2.638968964095317,2.5643213120219825,2.5923065207672824,12.231148583148316,11.956994568308227,12.129456303170622,54.8173620306703,54.50878406191247,54.985600714876504,773.4893165451988,776.3478992614791,771.1715627200805,69.73546969893226,69.76445493672838,70.0916788090138,0,0,49
M-04,PRESS,2026-06-18,Night,66.24,530,97.0,0,RUNNING,306.3604938914899,0.1175656237250924,306.56542922646383,316.39964868258073,0.9573821833308497,318.2278221498783,2.6296644830232823,0.5892134719378616,4.02296635672012,11.929957372901017,1.1611967700852894,14.996325575176028,54.95931173078764,11.55129382575432,72.67649741514268,814.0112403959532,474.572398297771,3335.6491282440943,69.40218203091716,16.198509858274523,97.91581781117036,0,25.29,0.0,0.0,66.25,100.0,96.68,96.54222222222222,68.38,64.32999999999998,65.20555555555555,0.0,0.0,0.0,306.12621877440523,306.00492560307475,306.0231308564527,315.87409501454147,316.050468582416,315.9987146858606,2.608845953629936,2.6168763678289912,2.6048265786701665,11.955954312372183,12.076487811184426,12.089368396027918,54.3283701759674,54.208267881269414,54.86565163435947,769.0934449783927,775.5898353754261,770.5546715175178,70.13478535530835,69.48915278100021,70.06034130159743,0,0,49
M-04,PRESS,2026-06-19,Morning,61.49,492,94.91,0,RUNNING,306.5739124686154,0.11995747863006344,306.766628459813,316.4563215181987,1.1981473297216085,319.16138629769523,2.6708669960287916,0.6351412200270271,3.737072840340379,11.636555852967394,1.1463456839100525,14.392869484807102,58.623608367540974,10.668044739420523,77.64045335721642,704.6051774902143,136.21494181399697,1027.4008644672313,74.35757122527228,14.222512867751922,99.05136599634432,0,25.62,0.0,0.0,61.5,97.0,97.76333333333334,96.73555555555555,66.24,65.7633333333333,65.36222222222221,0.0,0.0,0.0,306.3604938914899,306.07441312447366,306.10381819209425,316.39964868258073,316.03934765009444,316.08600408562245,2.6296644830232823,2.625826466916178,2.589834208726707,11.929957372901017,12.039020089473837,12.047298913735602,54.95931173078764,54.701681312475124,54.601261593694225,814.0112403959532,785.5313339731815,780.2121424700044,69.40218203091716,69.75747902838593,69.81181995002923,0,0,50
M-04,PRESS,2026-06-19,Afternoon,63.46,508,94.76,0,RUNNING,306.96659169595426,0.20881165561426368,307.4056089161782,317.27526556915694,1.21602994532478,320.1796179046891,2.5858708665539263,0.478545600311842,3.7754924951779487,11.893485475543825,1.1329863595315293,13.802270608311684,56.371652695760936,11.79045180911313,76.57462831210086,746.4770258648982,174.05200283925905,1157.1334302673988,72.58183601573471,16.25141537153377,100.0,0,25.96,0.0,0.0,63.5,94.91,97.30333333333333,96.25888888888888,61.49,65.36999999999999,65.02777777777777,0.0,0.0,0.0,306.5739124686154,306.3535417115035,306.1936082537525,316.4563215181987,316.24335507177364,316.1961043354015,2.6708669960287916,2.636459144227336,2.612404980610761,11.636555852967394,11.840822512746863,12.007928869465896,58.623608367540974,55.97043009143201,54.873654977440964,704.6051774902143,762.5699542881866,777.2448600920748,74.35757122527228,71.29817953716594,70.2308713213178,0,0,50
M-04,PRESS,2026-06-19,Night,64.67,517,95.89,0,RUNNING,307.4964789115566,0.10290803860666883,307.73966647232174,317.37893108111984,0.8407762252828513,319.04839961128505,2.5910145967177027,0.5421596577610693,4.0797613220064886,11.790486279011008,1.4146591256605974,14.555718749197627,54.971281346240175,13.064500094215033,81.39574636908046,774.5351330585338,213.2481086733234,1505.3109500713745,68.75121716357111,17.56846322495636,100.0,0,26.29,0.0,0.0,64.625,94.76,95.55666666666666,96.18666666666667,63.46,63.72999999999998,64.73555555555555,0.0,0.0,0.0,306.96659169595426,306.6336660186865,306.3349391123688,317.27526556915694,316.71041192331217,316.3999421968408,2.5858708665539263,2.6288007818686663,2.6076539954784312,11.893485475543825,11.81999956713741,11.968233151526446,56.371652695760936,56.65152426469652,55.09702114443266,746.4770258648982,755.0311479170219,774.2515510203159,72.58183601573471,72.11386309064139,70.71606863856954,0,0,50
M-05,INJECTION_MOLDER,2026-05-01,Morning,116.0,928,96.49,0,RUNNING,303.62325587774,0.32407492356042816,304.100478823576,313.7627441837078,0.8418062727792017,315.3104220699117,1.390270761439285,0.30710215253104994,2.1261432594492606,17.407329055879156,1.646801277686039,20.18630121348668,29.451812384619913,7.859566074393164,45.29905963879172,1230.6360767038025,395.6332526175789,2614.295830998531,69.62979428164778,18.721240252003874,100.0,0,,0.0,0.0,116.0,,,,,,,,,,,,,,,,,,,,,,,,,,,,,,,0,0,1
M-05,INJECTION_MOLDER,2026-05-01,Afternoon,121.79,974,98.28,0,RUNNING,303.36841983484794,0.3040040476927325,303.9118859217583,313.2286823204938,1.0971398556131922,315.2787646665216,1.4253587766179774,0.23908473543692754,1.8892652928877771,17.9144309327509,2.089355418784077,22.500500441846363,31.831341276602718,7.873184814812649,49.55274725492894,1112.2431990111893,277.9693801564682,1758.4840812256516,72.64951644044596,17.637909798624882,100.0,0,,0.0,0.0,121.75,96.49,96.49,96.49,116.0,116.0,116.0,0.0,0.0,0.0,303.62325587774,303.62325587774,303.62325587774,313.7627441837078,313.7627441837078,313.7627441837078,1.390270761439285,1.390270761439285,1.390270761439285,17.407329055879156,17.407329055879156,17.407329055879156,29.451812384619913,29.451812384619913,29.451812384619913,1230.6360767038025,1230.6360767038025,1230.6360767038025,69.62979428164778,69.62979428164778,69.62979428164778,0,0,1
M-05,INJECTION_MOLDER,2026-05-01,Night,125.69,1006,93.97,0,RUNNING,303.6896896108683,0.24835940485108696,304.0695088670689,313.78224826709175,1.0129789682090187,315.65671960365967,1.3853527873827038,0.3568259617057163,2.298142699570122,18.157692413003964,1.737702228131998,21.935021028269546,31.415857299201228,9.31790332496647,52.64841982904032,1163.200335248573,382.53612530720284,2271.493594664525,70.34428522772953,19.287606477923408,100.0,0,,0.0,0.0,125.75,98.28,97.38499999999999,97.38499999999999,121.79,118.89500000000001,118.89500000000001,0.0,0.0,0.0,303.36841983484794,303.495837856294,303.495837856294,313.2286823204938,313.4957132521008,313.4957132521008,1.4253587766179774,1.4078147690286311,1.4078147690286311,17.9144309327509,17.660879994315028,17.660879994315028,31.831341276602718,30.641576830611314,30.641576830611314,1112.2431990111893,1171.4396378574959,1171.4396378574959,72.64951644044596,71.13965536104686,71.13965536104686,0,0,1
M-05,INJECTION_MOLDER,2026-05-02,Morning,117.08,937,93.48,0,RUNNING,304.04020426081456,0.5678929051961052,305.05474363700296,314.21123171947767,1.511615500793524,317.1621330225352,1.3896522186481066,0.2668868030554919,1.890113758296548,18.543106903734685,2.138278691213327,21.872028214657767,30.683204308391296,8.448023788766823,46.65722621244289,1254.3976221510557,564.6316506394313,3945.6323653941695,69.82318882906857,19.59499972916842,100.0,0,,0.0,0.0,117.125,93.97,96.24666666666667,96.24666666666667,125.69,121.16000000000001,121.16000000000001,0.0,0.0,0.0,303.6896896108683,303.56045510781877,303.56045510781877,313.78224826709175,313.59122492376446,313.59122492376446,1.3853527873827038,1.400327441813322,1.400327441813322,18.157692413003964,17.826484133878008,17.826484133878008,31.415857299201228,30.899670320141286,30.899670320141286,1163.200335248573,1168.6932036545215,1168.6932036545215,70.34428522772953,70.87453198327442,70.87453198327442,0,0,2
M-05,INJECTION_MOLDER,2026-05-02,Afternoon,119.16,953,96.93,0,RUNNING,304.55628861343035,0.15440329925613483,305.01058493258137,314.52216369670737,0.9571031106351173,316.6911157956081,1.3256401391799877,0.3469354927663555,1.861251094514761,17.14660119323258,1.3509153663832811,20.75489958190344,30.256385942577932,9.291098566681514,48.90941987932301,1285.3068249941023,699.5361214037188,4088.441431003245,70.50613197521805,20.34733065788475,100.0,0,,0.0,0.0,119.125,93.48,95.24333333333334,95.555,117.08,121.52,120.14,0.0,0.0,0.0,304.04020426081456,303.69943790217695,303.6803923960677,314.21123171947767,313.74072076902104,313.74622662269275,1.3896522186481066,1.4001212608829292,1.3976586360220182,18.543106903734685,18.205076749829846,18.005639826342176,30.683204308391296,31.31013429473175,30.84555381720379,1254.3976221510557,1176.6137188036062,1190.1193082786551,69.82318882906857,70.93899683241469,70.61169619472295,0,0,2
M-05,INJECTION_MOLDER,2026-05-02,Night,123.55,988,95.85,0,RUNNING,303.69326287809577,0.37191939270514435,304.5258758221362,313.7636030213023,0.8317347946850087,316.034757214449,1.377727947184821,0.3232664299302364,2.131307568198265,18.19562515201892,2.017219016933795,21.567077563298028,29.445486287413598,7.701699704296086,40.49277089820047,1151.5301291864018,273.0362934354279,1744.9090443471018,67.60341241835928,17.061829943209293,91.0386294555685,0,,0.0,0.0,123.5,96.93,94.79333333333334,95.83,119.16,120.64333333333332,119.944,0.0,0.0,0.0,304.55628861343035,304.0953941617044,303.85557163954024,314.52216369670737,314.1718812277589,313.90141403749567,1.3256401391799877,1.3668817150702661,1.383254936653612,17.14660119323258,17.949133503323743,17.833832099720258,30.256385942577932,30.78514918339015,30.727720242278615,1285.3068249941023,1234.3015941312435,1209.1568116217445,70.50613197521805,70.22453534400539,70.59058335082197,0,0,2
M-05,INJECTION_MOLDER,2026-05-03,Morning,118.85,951,96.3,0,RUNNING,304.19174010176874,0.41230341189997743,304.71802623037007,313.99935637795795,1.1496586057322145,316.8584861386284,1.405288905046302,0.20880796686855457,1.884630392105296,18.11419931655516,1.8730594562845013,21.04010566112225,30.52780041560285,8.18811193037085,51.507150373859126,1170.06772977324,311.92094916577713,1980.2648001087664,69.77815984286843,18.192853322842964,100.0,0,,0.0,0.0,118.875,95.85,95.42,95.83333333333333,123.55,119.92999999999999,120.545,0.0,0.0,0.0,303.69326287809577,304.0965852507802,303.82852017929946,313.7636030213023,314.1656661458291,313.87844553479675,1.377727947184821,1.3643401016709717,1.3823337717421469,18.19562515201892,17.961777749662062,17.894130941770033,29.445486287413598,30.128358846127608,30.51401458313445,1151.5301291864018,1230.4115254438532,1199.5523645491874,67.60341241835928,69.3109110742153,70.09272152874486,0,0,3
M-05,INJECTION_MOLDER,2026-05-03,Afternoon,116.99,936,100.0,0,RUNNING,304.1711236107899,0.18343427073439078,304.57749895679643,313.89854026988115,1.0791729853685188,315.69046380616976,1.3731638663217032,0.3062255862877129,2.099119126124235,18.053350241380123,2.3100705136441366,24.64880011469401,28.305110327397408,7.741447439951755,42.89784802741856,1277.3093170350048,400.97066909111675,2576.7257874194797,67.79140466760074,18.8353644658209,100.0,0,,0.0,0.0,117.0,96.3,96.36,95.89999999999999,118.85,120.52,120.30285714285715,0.0,0.0,0.0,304.19174010176874,304.14709719776494,303.8804087396523,313.99935637795795,314.09504103198924,313.8957185123912,1.405288905046302,1.36955233047037,1.3856130764998833,18.11419931655516,17.818808553935554,17.92556928102505,30.52780041560285,30.076557548531458,30.51598398777279,1170.06772977324,1202.3015613179148,1195.340273866909,69.77815984286843,69.29590141214858,70.04778414504823,0,0,3
M-05,INJECTION_MOLDER,2026-05-03,Night,114.21,914,96.37,0,RUNNING,304.01822909568074,0.3082767952852423,304.5114994437535,314.09363060773984,1.110539954846291,317.6800963135396,1.4433621126458833,0.29782695434764117,2.179213822703564,17.920948086032933,1.6749938481208115,20.96189641996644,32.661279381984755,6.700355887468296,48.51565640841977,1058.6356368147221,259.8478435016087,2028.0935961238345,76.98241552407512,15.272234479498533,100.0,0,,0.0,0.0,114.25,100.0,97.38333333333333,96.4125,116.99,119.79666666666667,119.88875,0.0,0.0,0.0,304.1711236107899,304.01870886355147,303.9167480985444,313.89854026988115,313.88716655638046,313.8960712320775,1.3731638663217032,1.3853935728509421,1.384056925227611,18.053350241380123,18.1210582366514,17.941541901069435,28.305110327397408,29.426132343471284,30.239624780225867,1277.3093170350048,1199.6357253315489,1205.5864042629212,67.79140466760074,68.39099230960949,69.76573671036729,0,0,3
M-05,INJECTION_MOLDER,2026-05-04,Morning,127.28,1018,96.01,0,RUNNING,304.41604056909574,0.20750930634180215,304.745074158863,314.5611780673947,1.037964764166113,316.4789657053656,1.3755105541832424,0.25661881086574884,1.8531310972870256,17.609012974911163,1.8422011497326791,21.28538222512496,28.884754246072905,8.025557117731225,43.9092514744201,1278.2729697721868,531.5987312662432,3619.4395514866,65.85796533371158,18.730913968965332,100.0,0,,0.0,0.0,127.25,96.37,97.55666666666667,96.40777777777777,114.21,116.68333333333332,119.25777777777778,0.0,0.0,0.0,304.01822909568074,304.1270309360798,303.92802376489294,314.09363060773984,313.9971757518597,313.9180222738177,1.4433621126458833,1.4072716280046293,1.3906463904963078,17.920948086032933,18.02949921465607,17.939253699398716,32.661279381984755,30.498063374995002,30.50869751375463,1058.6356368147221,1168.670894540989,1189.2585412131214,76.98241552407512,71.51732667818145,70.56758991189038,0,0,4
M-05,INJECTION_MOLDER,2026-05-04,Afternoon,119.32,955,95.29,0,RUNNING,304.46589546990197,0.23263328049808413,304.8728810440385,314.39942227261383,0.8567727453078576,316.2166216232373,1.2690331919173412,0.30650241156001923,1.9515147154153143,17.39385401603568,1.7778170314335089,21.57390088580725,30.316605726709923,6.212020131771444,44.39298790216537,1169.1875937869152,337.10658082660933,2606.6459815358844,70.28957286516697,14.122921655926607,100.0,0,,0.0,0.0,119.375,96.01,97.46,96.35444444444445,127.28,119.49333333333334,120.5111111111111,0.0,0.0,0.0,304.41604056909574,304.2017977585221,304.01611095282135,314.5611780673947,314.18444964833856,314.0067371497829,1.3755105541832424,1.3973455110502764,1.3890063674678588,17.609012974911163,17.861103767441406,17.9616630237356,28.884754246072905,29.950381318485025,30.445691053916075,1278.2729697721868,1204.7393078739713,1194.5515293318306,65.85796533371158,70.21059517512914,70.14849780656415,0,0,4
M-05,INJECTION_MOLDER,2026-05-04,Night,119.35,955,98.75,0,RUNNING,304.17523261685096,0.46985601526607784,304.7485301548001,314.1494926757104,1.0259211340124508,316.18214895045674,1.3180091145328092,0.25919399685036115,1.9228306791923824,18.48685680807987,2.0648593035837464,24.908826679184543,29.92507229845674,7.606222363180244,45.99035277765214,1195.473618041675,344.71527748185116,2299.340544331485,71.22500010438452,17.221043494615902,100.0,0,,0.0,0.0,119.375,95.29,95.89,96.02222222222223,119.32,120.27,120.23666666666668,0.0,0.0,0.0,304.46589546990197,304.3000550448928,304.13805269004956,314.39942227261383,314.3514103159161,314.13681936668513,1.2690331919173412,1.3626352862488222,1.371636858056677,17.39385401603568,17.641271692326594,17.90382114410058,30.316605726709923,30.620879784922526,30.277387103927985,1169.1875937869152,1168.6987334579414,1200.8786843069113,70.28957286516697,71.04331790765121,69.88628185375536,0,0,4
M-05,INJECTION_MOLDER,2026-05-05,Morning,112.04,896,99.07,0,RUNNING,304.0183134529949,0.3382746726462063,304.68957801366804,314.0364815742315,1.1920477814500676,316.9083618730668,1.4735775164224276,0.3009632111154365,2.2209305037298104,18.278891811391514,1.419768433481043,21.018163780227223,29.949376412928185,8.400076992682799,43.399786866920856,1227.0684561261728,429.22943030787076,2782.40436070084,69.1214044968132,19.159607270103756,100.0,0,,0.0,0.0,112.0,98.75,96.68333333333334,96.55333333333334,119.35,121.98333333333333,119.53222222222222,0.0,0.0,0.0,304.17523261685096,304.35238955194956,304.1920019129365,314.1494926757104,314.3700310052397,314.1776243009761,1.3180091145328092,1.3208509535444644,1.3641542277400218,18.48685680807987,17.8299079330089,17.940394965775678,29.92507229845674,29.708810757079856,30.111744326067488,1195.473618041675,1214.3113938669258,1204.4646046172559,71.22500010438452,69.12417943442102,69.98413906227259,0,0,5
M-05,INJECTION_MOLDER,2026-05-05,Afternoon,114.87,919,95.47,0,RUNNING,304.56284189071994,0.2660174867641757,305.1229532414009,314.23777124964516,1.1499708555804042,316.1536621148362,1.4547136057525478,0.3559041586925611,2.2201925336041235,18.072260677872677,2.1121187491674402,22.54674418922606,29.52713095124899,8.308873333968073,45.78074569678129,1254.988668519705,484.2008120390874,2929.760875792619,69.67854197743203,19.398966951777098,100.0,0,,0.0,0.0,114.875,99.07,97.70333333333333,97.17444444444443,112.04,116.90333333333332,118.97222222222223,0.0,0.0,0.0,304.0183134529949,304.2198138465826,304.1895696009566,314.0364815742315,314.1951321741853,314.158207618171,1.4735775164224276,1.353539940957526,1.3734792608260575,18.278891811391514,18.053200878502356,17.911037733293103,29.949376412928185,30.063684812698284,30.030207893238256,1227.0684561261728,1197.2432226515875,1201.4280306144913,69.1214044968132,70.21199248878823,69.90616302535533,0,0,5
M-05,INJECTION_MOLDER,2026-05-05,Night,118.45,948,97.18,0,RUNNING,304.8810856083559,0.17081618532096515,305.27689352729067,314.7493857365901,1.0522066182928613,316.2560460706304,1.4852643075487473,0.315097620819039,2.036975599660324,18.374145454303633,1.6103521161835503,23.38459293805653,31.394019726098627,7.234381580747342,46.10022450250788,1104.5259191301786,263.39821041362075,1755.3343793865758,72.375754681631,16.82549349728784,100.0,0,0.29,1.0,0.0,118.5,95.47,97.76333333333332,97.01222222222222,114.87,115.42,118.49555555555555,0.0,0.0,0.0,304.56284189071994,304.2521293201886,304.1902977428776,314.23777124964516,314.14124849986234,314.12660845738634,1.4547136057525478,1.4154334122359282,1.3878207571118975,18.072260677872677,18.27933643244802,18.013888787142005,29.52713095124899,29.800526554211306,29.949179560868377,1254.988668519705,1225.843580895851,1198.0593465617806,69.67854197743203,70.00831552620993,69.81420858115688,1,0,5
M-05,INJECTION_MOLDER,2026-05-06,Morning,107.11,857,93.17,0,RUNNING,304.8228200829585,0.2554031206360508,305.21325814560646,314.9134967379427,0.8866254225967511,316.49973429566234,1.795927562702832,0.33071565765471067,2.4232553025844377,18.078770398135045,1.257667785315987,20.414054189812937,31.33268810251429,9.639113028862921,55.08068485432413,1219.5318465748212,589.0439745068503,3709.931482553139,71.46233007771409,19.59490028418683,100.0,0,0.62,1.0,0.0,107.125,97.18,97.24,97.16000000000001,118.45,115.12,117.92888888888888,0.0,0.0,0.0,304.8810856083559,304.48741365069026,304.3222780462399,314.7493857365901,314.3412128534889,314.23613987019604,1.4852643075487473,1.471185143241241,1.3997692415967782,18.374145454303633,18.241765981189275,18.033724376284752,31.394019726098627,30.2901756967586,30.165683276277818,1104.5259191301786,1195.5276812586853,1192.8366565555334,72.375754681631,70.39190038529209,70.3444688326315,1,0,6
M-05,INJECTION_MOLDER,2026-05-06,Afternoon,119.33,955,89.52,0,RUNNING,305.4721078123503,0.3721483141937402,305.9659723904649,315.1656035646234,1.0618196406844633,317.3665599368831,2.0145497889859727,0.32912271624725403,2.8221573375551623,18.563910769820122,1.5474770667034154,21.58628239816821,28.26710221516633,6.602818187382102,40.30244621584649,1271.9563086157182,432.00456053031746,2879.5298355231066,66.39060280990951,16.027289036900246,94.19833814402648,0,0.96,1.0,0.0,119.375,93.17,95.27333333333333,96.81222222222223,107.11,113.47666666666667,116.62444444444444,0.0,0.0,0.0,304.8228200829585,304.75558252734476,304.3923980441498,314.9134967379427,314.6335512413927,314.3377110213055,1.795927562702832,1.5786351586680425,1.4431735368919483,18.078770398135045,18.175058843437117,18.029787829793626,31.33268810251429,30.751279593287304,30.255115241490202,1219.5318465748212,1193.0154780749017,1198.332669533487,71.46233007771409,71.17220891225902,70.53159885872547,1,0,6
M-05,INJECTION_MOLDER,2026-05-06,Night,113.14,905,90.93,0,RUNNING,306.2321956712993,0.18589050290447556,306.54228041129943,316.19332204733365,1.060312289022837,318.1076187537193,2.425172708970192,0.3416250919645024,3.477929191396254,19.205729257152743,1.496265691158803,21.763654953609105,30.270247484389802,9.539097043224679,47.39803812973331,1235.1584545606322,448.53357831056456,2279.6441357745907,70.81463264072184,21.29287326506503,100.0,0,1.29,1.0,0.0,113.125,89.52,93.29,95.64777777777778,119.33,114.96333333333332,116.88444444444445,0.0,0.0,0.0,305.4721078123503,305.05867116788824,304.5369518443232,315.1656035646234,314.94282867971873,314.4784958318324,2.0145497889859727,1.7652472197458506,1.5144386394102003,18.563910769820122,18.338942207419603,18.086516777398074,28.26710221516633,30.331270014593077,30.250892117908975,1271.9563086157182,1198.671358106906,1197.7378908202327,66.39060280990951,70.07622918975153,70.37595420787089,1,0,6
M-05,INJECTION_MOLDER,2026-05-07,Morning,106.34,851,88.54,0,RUNNING,305.80219151648623,0.3325989861186766,306.4989802180731,315.8094979742142,0.893537066684651,317.460259320392,2.6407498644585528,0.3280698117819417,3.330031967514468,18.219695526903408,1.8023637291551842,22.107006316225853,30.3273540349997,8.675835598946694,44.942002947518056,1232.1842569830028,543.8599172203126,3548.45595898975,70.75782743062739,19.633071559426618,100.0,0,1.62,1.0,0.0,106.375,90.93,91.20666666666666,95.04333333333335,113.14,113.19333333333334,116.76555555555557,0.0,0.0,0.0,306.2321956712993,305.5090411888694,304.7829481305031,316.19332204733365,315.42414078329995,314.71179488067617,2.425172708970192,2.078550020219666,1.6235287056684569,19.205729257152743,18.616136808369305,18.229270240855826,30.270247484389802,29.956679267356808,29.985221907065085,1235.1584545606322,1242.2155365837236,1217.351537236445,70.81463264072184,69.55585517611514,69.69064499860941,1,0,7
M-05,INJECTION_MOLDER,2026-05-07,Afternoon,102.98,824,89.48,0,RUNNING,305.90767021758705,0.3909025011003505,306.80862950270904,315.7405672049616,1.0220755774796584,317.63118895375794,2.887300557483563,0.35343304665714026,3.5405700642558053,18.535709683683066,1.816965688147453,21.564699661044436,30.376390672955583,8.123288746923123,50.68438517844842,1204.4503264419914,370.8390883122708,2168.2749600731854,71.77385071244544,18.66649912130533,100.0,0,1.96,1.0,0.0,103.0,88.54,89.66333333333334,94.21333333333334,106.34,112.93666666666667,114.4388888888889,0.0,0.0,0.0,305.80219151648623,305.8354983333786,304.93696490243536,315.8094979742142,315.7228078620571,314.85049709254497,2.6407498644585528,2.360157454138239,1.7641108512546024,18.219695526903408,18.66311185129209,18.297123857743856,30.3273540349997,29.62156791151861,30.1455107725014,1232.1842569830028,1246.4330067197843,1212.230569148758,70.75782743062739,69.32102096041957,70.23507412048895,1,0,7
M-05,INJECTION_MOLDER,2026-05-07,Night,110.68,885,88.12,0,RUNNING,307.4064146285675,0.49703977508141545,308.10315762790754,317.6546840340292,0.9007464930891161,319.7503123043786,3.181339166448759,0.3270773234575518,3.8717479350426,18.520800148622946,1.7416131557991028,22.12487057674214,28.385786051664628,8.620212168689516,47.4932894889793,1238.352112427492,354.9293240015467,2171.941691548322,65.24239156047967,20.21032584879077,100.0,0,0.33,2.0,0.0,110.625,89.48,89.65000000000002,93.56777777777778,102.98,107.48666666666668,112.62333333333333,0.0,0.0,0.0,305.90767021758705,305.9806858017909,305.0971620966226,315.7405672049616,315.9144624088365,314.9995131961392,2.887300557483563,2.651074376970769,1.943918336317516,18.535709683683066,18.653711489246405,18.423996709704674,30.376390672955583,30.32466406411503,30.152153544306472,1204.4503264419914,1223.9310126618755,1216.1486505548773,71.77385071244544,71.11543692793155,70.39999388129768,1,0,7
M-05,INJECTION_MOLDER,2026-05-08,Morning,99.61,797,82.16,0,RUNNING,307.7616347390933,0.18489528660419627,308.1012848215358,317.66864623322505,1.1938340270507513,320.4583343786568,3.497637673666055,0.31234169165530545,4.015579205178567,18.733344027650098,1.9457601369369082,22.128171321530004,31.102189382960574,8.81924933892567,44.96764415125678,1197.8693741946622,480.1614741838089,2793.6102881866973,69.94523507071887,20.92480620228445,99.52853902825892,0,0.67,2.0,0.0,99.625,88.12,88.71333333333335,92.38666666666667,110.68,106.66666666666667,111.66000000000001,0.0,0.0,0.0,307.4064146285675,306.37209212088027,305.45618232014664,317.6546840340292,316.40158307106833,315.3889789026191,3.181339166448759,2.9031298627969577,2.1509550087526215,18.520800148622946,18.42540178640314,18.42776819198724,28.385786051664628,29.69651025320664,29.981121739107348,1238.352112427492,1224.995565284162,1220.912927708857,65.24239156047967,69.2580232345175,69.73525959864156,1,0,8
M-05,INJECTION_MOLDER,2026-05-08,Afternoon,94.7,758,85.69,0,RUNNING,307.6695818998803,0.4285602284577187,308.48718676686,317.47782393100067,0.9375849275577809,319.49767566765155,3.7885165453829592,0.31030517000102936,4.560063270402138,19.08827326773433,1.701704914885437,23.025718233627124,30.258237110639723,8.57331413786105,53.43659668470197,1187.979856373193,328.3296125429299,1914.326090245195,68.99381880912529,18.155069518700852,100.0,0,1.0,2.0,0.0,94.75,82.16,86.58666666666666,90.50777777777779,99.61,104.42333333333333,110.27888888888889,0.0,0.0,0.0,307.7616347390933,307.0252398617493,305.8721069074909,317.66864623322505,317.0212991574053,315.79255275361834,3.497637673666055,3.1887591325327924,2.3758505817796913,18.733344027650098,18.596617953318702,18.47826288268264,31.102189382960574,29.95478870252693,30.109212069110942,1197.8693741946622,1213.557271021382,1217.6685852720227,69.94523507071887,68.98715911454799,69.82679632907553,1,0,8
M-05,INJECTION_MOLDER,2026-05-08,Night,101.84,815,85.46,0,RUNNING,308.5494516222951,0.1900506666043293,308.90863071722515,318.54311633150485,1.0668870194353417,321.4233532505063,4.17022510412086,0.36018967408527325,4.853993712198588,19.347527173243275,1.9126139541743163,22.80214557227081,28.0144838215949,8.13773220306298,41.22356915925261,1347.0925386311278,571.2275264618893,3535.972954209533,66.14562966872396,20.185208181509783,99.96821524235052,0,1.33,2.0,0.0,101.875,85.69,85.32333333333332,89.42111111111112,94.7,101.66333333333334,108.03777777777778,0.0,0.0,0.0,307.6695818998803,307.61254375584707,306.21730024184205,317.47782393100067,317.6003847327516,316.15255860710226,3.7885165453829592,3.489164461832591,2.6351620195164034,19.08827326773433,18.780805814669126,18.591153170445043,30.258237110639723,29.915404181754976,30.19044608682103,1187.979856373193,1208.0671143317825,1210.223161700188,68.99381880912529,68.06048181344129,69.75071597704147,1,0,8
M-05,INJECTION_MOLDER,2026-05-09,Morning,118.87,0,96.0,480,DOWN,308.8824138283173,0.22758571110451054,309.3412653502818,318.98008849949997,0.6979006406268249,320.7942231223741,4.420168310875507,0.36692173801904976,5.135022159825213,19.80303000324994,1.7287868004294114,23.47519334205368,28.298989620862233,8.333818980040178,48.27025920882241,1306.4811030450646,478.4874110178192,2773.8960822879194,66.47340210318328,19.411569008903072,100.0,0,1.67,2.0,1.0,0.0,85.46,84.43666666666665,88.11888888888888,101.84,98.71666666666665,106.19222222222223,0.0,0.0,0.0,308.5494516222951,307.99355608708953,306.6248964656131,318.54311633150485,317.8965288319102,316.5740842287595,4.17022510412086,3.818793107723291,2.9334909969133047,19.347527173243275,19.05638148954257,18.699306694771668,28.0144838215949,29.79163677173173,29.81494209743173,1347.0925386311278,1244.3139230663276,1237.1750083114048,66.14562966872396,68.36156118285604,69.05847986449623,1,0,9
M-05,INJECTION_MOLDER,2026-05-09,Afternoon,115.5,0,97.21,480,DOWN,309.63872956500796,0.24094667264745515,309.9585005805629,319.65826899328175,1.12238045780122,321.47415272091155,4.719349725008034,0.30117320885484566,5.433026892883038,19.127710125023118,1.581442039874033,21.78178161781185,29.108099497839785,6.657975906972264,40.39162168866798,1226.3926012629347,383.59233135222206,2623.3205742226583,68.52693753193596,16.497862901689974,98.034294142581,0,2.0,2.0,1.0,0.0,96.0,89.05,88.43333333333334,118.87,105.13666666666667,107.49888888888889,480.0,160.0,53.333333333333336,308.8824138283173,308.3671491168309,307.0759624373196,318.98008849949997,318.33367625400183,317.02592775782136,4.420168310875507,4.126303320126442,3.2250733022658244,19.80303000324994,19.412943481409183,18.890891095339992,28.298989620862233,28.857236851032287,29.477864488359273,1306.4811030450646,1280.5178326831283,1246.8360368080982,66.47340210318328,67.20428352701084,68.5041545339928,1,1,9
M-05,INJECTION_MOLDER,2026-05-09,Night,123.18,0,95.1,480,DOWN,309.0812829672609,0.17776667748931954,309.42167783726194,319.353816689458,0.8076351647591842,320.24832334414475,4.733414349998696,0.2656537000978188,5.377899875747972,18.361840218607657,1.5223269099344463,22.17634580548512,31.224061717027748,7.51015694488695,45.469211993962,1128.0603148230537,279.4268306624052,1725.0242527651912,69.50351457462199,16.65253679864779,100.0,1,0.33,3.0,1.0,0.0,97.21,92.88999999999999,89.28777777777778,115.5,112.07000000000001,107.07333333333334,480.0,320.0,106.66666666666667,309.63872956500796,309.0235316718734,307.53892040983715,319.65826899328175,319.06049127476217,317.52511280545014,4.719349725008034,4.436581046668134,3.525606628490498,19.127710125023118,19.426089100505447,18.953535468140323,29.108099497839785,28.47385764676564,29.571308630878548,1226.3926012629347,1293.322080979709,1241.773402657789,68.52693753193596,67.04865643461439,68.7415250586624,1,0,9
M-05,INJECTION_MOLDER,2026-05-10,Morning,118.31,946,96.53,0,RUNNING,,,,,,,,,,,,,,,,,,,,,,0,0.67,3.0,0.0,118.25,95.1,96.10333333333334,89.75111111111111,123.18,119.18333333333334,108.18888888888888,480.0,480.0,160.0,309.0812829672609,309.20080878686207,307.85548566494396,319.353816689458,319.33072472741327,317.87627887679724,4.733414349998696,4.624310795294079,3.782077921938109,18.361840218607657,19.09752678229357,18.85977001941309,31.224061717027748,29.543716945243258,29.677287990060545,1128.0603148230537,1220.311339710351,1229.8736093536136,69.50351457462199,68.16795140324707,68.5958452735402,1,0,10
M-05,INJECTION_MOLDER,2026-05-10,Afternoon,118.43,947,95.87,0,RUNNING,303.2382354684616,0.40050990584394036,303.71174367291,313.4680572700587,1.0559939753216119,315.29852356267986,1.288821571326913,0.29705869784558503,1.9208234437640517,18.19172931145252,1.8239306192273619,20.90610129300208,29.80055809863481,8.421308483654979,50.78946094244524,1206.7241483237074,357.2514428403635,2183.707311550931,67.74149844564113,16.116542721155085,100.0,0,1.0,3.0,0.0,118.375,96.53,96.27999999999999,90.63888888888889,118.31,118.99666666666667,109.5188888888889,0.0,320.0,160.0,,309.3600062661344,308.11214743350115,,319.5060428413699,318.13462648962013,,4.726382037503365,3.924743929123054,,18.744775171815387,18.939779330976805,,30.16608060743377,29.59602973444315,,1177.2264580429942,1229.58477839994,,69.01522605327898,68.3255975039043,1,0,10
M-05,INJECTION_MOLDER,2026-05-10,Night,127.56,1020,95.51,0,RUNNING,302.7321255629544,0.1701803852943224,303.0134139618881,312.7873842227849,0.8619091625262824,314.65852326804827,1.4101576201785924,0.3031881489467464,1.9782882498555616,18.293311194375153,1.4941646445682863,21.201028437607476,33.77902340922666,9.367803102341869,52.21508346974052,1070.052048812862,325.93398297562794,1854.257669647436,76.25908226589559,19.308276742865143,100.0,0,1.33,3.0,0.0,127.5,95.87,95.83333333333333,91.3488888888889,118.43,119.97333333333334,111.23555555555555,0.0,160.0,160.0,303.2382354684616,306.1597592178613,307.77846808986055,313.4680572700587,316.41093697975833,317.8505627477573,1.288821571326913,3.0111179606628045,3.7249340558534727,18.19172931145252,18.276784765030087,18.896781784447985,29.80055809863481,30.51230990783128,29.52405066265305,1206.7241483237074,1167.3922315733805,1229.8690061351545,67.74149844564113,68.62250651013156,67.82155347055377,1,0,10
M-05,INJECTION_MOLDER,2026-05-11,Morning,118.71,950,94.7,0,RUNNING,303.4859661362789,0.7686295529863083,304.54594297462904,313.2565887374139,1.523737436023982,317.0376453223996,1.4055378013772968,0.28745423404570053,1.9821895575730168,17.65930288645827,1.4435928071223367,19.794524960396814,28.60081176749075,8.303161417820856,46.37314715569176,1282.0936223510175,418.0793298275391,2251.6782077865846,66.02241353937985,18.773421765601526,100.0,0,1.67,3.0,0.0,118.75,95.51,95.96999999999998,92.17,127.56,121.43333333333334,113.11111111111111,0.0,0.0,160.0,302.7321255629544,302.985180515708,307.19418195665884,312.7873842227849,313.1277207464218,317.2421502713517,1.4101576201785924,1.3494895957527526,3.5035363625697022,18.293311194375153,18.242520252913835,18.86834566516701,33.77902340922666,31.78979075393073,30.1982053323483,1070.052048812862,1138.3880985682847,1208.8314981833257,76.25908226589559,72.00029035576836,69.19863980873076,1,0,11
M-05,INJECTION_MOLDER,2026-05-11,Afternoon,122.68,981,95.64,0,RUNNING,305.12695545059336,0.233891080810303,305.5097812099102,315.3789785681878,1.1861560189238127,317.98304689408235,1.3552705286055169,0.318924868711174,2.298233260563572,17.761138161634204,1.6055646380812827,21.50511005522591,29.538902757354045,7.303708746135447,42.18777006460365,1217.8677247787914,366.18149303370666,2205.5848169447904,67.20145899489884,18.123395932290997,97.04271383916992,0,2.0,3.0,0.0,122.625,94.7,95.36000000000001,93.56333333333333,118.71,121.56666666666666,115.23333333333335,0.0,0.0,160.0,303.4859661362789,303.1521090558983,306.65972338130706,313.2565887374139,313.17067674341916,316.6906430843753,1.4055378013772968,1.368172330960934,3.2420238785336073,17.65930288645827,18.048114464095317,18.734090522518034,28.60081176749075,30.72679775845074,29.885533130414576,1282.0936223510175,1186.2899398291956,1219.3595292028701,66.02241353937985,70.00766475030552,68.70828711731338,1,0,11
M-05,INJECTION_MOLDER,2026-05-11,Night,117.66,941,98.64,0,RUNNING,305.2420119099284,0.35815507174996203,305.7649389627296,315.003548308985,1.0859238807402143,317.4499833729016,1.5203077115801347,0.3485670938139861,2.0696572748657083,17.842500626260254,1.650247744821625,21.55379343609791,28.155128329628578,9.456620263741451,43.76337896542315,1372.882303254495,626.1640174233139,3634.127984632763,64.87410458269882,21.876371296882024,100.0,0,2.33,3.0,0.0,117.625,95.64,95.28333333333335,94.66888888888889,122.68,122.98333333333333,118.34222222222222,0.0,0.0,160.0,305.12695545059336,303.7816823832756,306.34189507514617,315.3789785681878,313.80765050946223,316.4282874140237,1.3552705286055169,1.3903219833871354,2.937868126436427,17.761138161634204,17.90458408082254,18.568198634255516,29.538902757354045,30.63957931135715,29.795616336253865,1217.8677247787914,1190.0044653142236,1223.09551275357,67.20145899489884,69.8276516000581,68.48424214053507,1,0,11
M-05,INJECTION_MOLDER,2026-05-12,Morning,125.11,1001,94.8,0,RUNNING,306.1365747654948,0.467171857363052,306.7262590689026,315.80060244519484,1.0991684776168502,317.9415977250588,1.4121025330785,0.25148434495148164,1.9505470563684804,18.679794173657715,2.034359393678189,21.770305889215404,30.258878760368482,7.485897933456076,44.64610714639115,1171.4424747820508,357.24516372015074,2283.483666184167,71.19121737761914,18.606603031114687,100.0,0,2.67,3.0,0.0,125.125,98.64,96.32666666666667,96.13333333333334,117.66,119.68333333333332,120.10000000000001,0.0,0.0,160.0,305.2420119099284,304.61831116560023,305.9284651111003,315.003548308985,314.5463718715289,315.98584141120875,1.5203077115801347,1.427038680520983,2.6066284523688363,17.842500626260254,17.75431389145091,18.38007031588264,28.155128329628578,28.764947618157787,29.813196899758076,1372.882303254495,1290.9478834614347,1226.3192333314908,64.87410458269882,66.0326590389925,68.32530150478193,1,0,12
M-05,INJECTION_MOLDER,2026-05-12,Afternoon,113.28,906,98.02,0,RUNNING,304.674556429966,0.4376750984573164,305.7419989993275,314.7334917424664,0.9893106319981735,316.74040626746523,1.3744877585054542,0.29755573875859936,1.9612710023646704,18.27444215822651,2.097811115115542,22.832179794719973,29.260779518281595,9.334991043899391,46.33202809351104,1341.4514044575085,768.8641284429419,4731.767133025177,66.85147787620753,22.385559358373225,100.0,0,3.0,3.0,0.0,113.25,94.8,96.36000000000001,96.0,125.11,121.81666666666666,120.79333333333335,0.0,0.0,106.66666666666667,306.1365747654948,305.50184737533885,305.58523522824754,315.80060244519484,315.3943764407892,315.5884056544206,1.4121025330785,1.4292269244213838,2.2306202301442104,18.679794173657715,18.09447765385072,18.239665837183612,30.258878760368482,29.317636615783698,30.058183042196355,1171.4424747820508,1254.0641676051125,1209.439404798614,71.19121737761914,67.75559365173893,68.91502841408642,1,0,12
M-05,INJECTION_MOLDER,2026-05-12,Night,117.54,940,97.58,0,RUNNING,304.49562272041635,0.18042563077356905,304.79830029559616,314.2620122009823,0.825866872143102,315.8062805096105,1.353986399579665,0.3105197317756251,2.0458453557590888,17.841740730308956,1.563630155621774,20.75333259025997,29.746061287773255,7.256125747499531,44.939163452550936,1202.7823463966643,348.70710987259156,2129.3105833440663,68.79413447723944,16.76849348821401,100.0,0,3.33,2.0,0.0,117.5,98.02,97.15333333333332,96.08999999999999,113.28,118.68333333333334,120.54666666666668,0.0,0.0,53.333333333333336,304.674556429966,305.3510477017964,304.9647135863673,314.7334917424664,315.17921416554873,314.9728084980687,1.3744877585054542,1.4356326677213629,1.812512484331388,18.27444215822651,18.26557898604816,18.133007341334036,29.260779518281595,29.22492886942622,30.077268044751584,1341.4514044575085,1295.258727498018,1223.8217551979358,66.85147787620753,67.63893327884182,68.70559595712037,1,0,12
M-05,INJECTION_MOLDER,2026-05-13,Morning,112.91,903,97.79,0,RUNNING,304.6315114920742,0.3960324618134264,305.2972159791589,314.5191072818905,1.3507893241292999,317.26565276489555,1.4786035340638792,0.25035131324571086,2.057097452288324,17.874498203553387,1.8218078485299247,21.340036158820688,28.204837435624164,8.397297260318673,43.08078634697048,1344.6227029632691,498.76081863042674,2967.098239168441,63.756204194951955,17.44705032433438,95.56687267029557,0,3.67,2.0,0.0,112.875,97.58,96.8,96.36555555555555,117.54,118.64333333333333,119.92,0.0,0.0,0.0,304.49562272041635,305.1022513052924,304.39150605551174,314.2620122009823,314.9320354628812,314.3363329370093,1.353986399579665,1.380192230387873,1.3900839905290092,17.841740730308956,18.265325687397727,18.067994905296697,29.746061287773255,29.755239855474443,29.892517991094774,1202.7823463966643,1238.558741878741,1233.162009144637,68.79413447723944,68.94560991035537,68.61692344494755,1,0,13
M-05,INJECTION_MOLDER,2026-05-13,Afternoon,115.64,925,97.46,0,RUNNING,305.5308145754531,0.2557668539288543,305.86758149823766,315.43807129650446,1.00660410128817,316.8757028620059,1.4275935089988205,0.2450642892294018,1.963819988407233,18.334743277143357,1.85448145153128,22.15401539088632,30.61372281047396,7.3757073448013495,46.84557249859755,1162.8557123248536,302.58561782132335,1914.2461107892811,70.49139434394748,18.317863575209945,100.0,0,4.0,2.0,0.0,115.625,97.79,97.79666666666667,96.50555555555555,112.91,114.57666666666667,119.32000000000001,0.0,0.0,0.0,304.6315114920742,304.60056354748554,304.4181733262409,314.5191072818905,314.5048704084464,314.3566411975516,1.4786035340638792,1.4023592307163328,1.399919495366217,17.874498203553387,17.99689369736295,18.046495271769665,28.204837435624164,29.070559413893005,29.704997929375818,1344.6227029632691,1296.2854846058142,1245.5465306800406,63.756204194951955,66.46727218279963,68.07684352828136,1,0,13
M-05,INJECTION_MOLDER,2026-05-13,Night,120.05,960,94.09,0,RUNNING,305.98099957151305,0.2270795777258592,306.48389657803875,315.9798684431768,1.2467771404276156,318.2204342593648,1.5692848412408005,0.291719287300156,2.17019901082635,18.124946909006436,1.3526103469735014,20.75053906814998,28.85732577955261,8.317859326215032,46.84649307386145,1285.6355474968025,512.9167981011672,2679.0051920036767,69.15164415265906,18.686867546706978,100.0,0,4.33,2.0,0.0,120.0,97.46,97.61000000000001,96.68222222222222,115.64,115.36333333333334,119.01000000000002,0.0,0.0,0.0,305.5308145754531,304.8859829293146,304.67290433812883,315.43807129650446,314.73973025979245,314.5755316449345,1.4275935089988205,1.420061147547455,1.4153385995519845,18.334743277143357,18.016994070335233,18.06238571240198,30.61372281047396,29.521540511290457,29.79534956402461,1162.8557123248536,1236.7535872282622,1240.6722600135013,70.49139434394748,67.6805776720463,68.38238751698208,1,0,13
M-05,INJECTION_MOLDER,2026-05-14,Morning,118.53,948,97.37,0,RUNNING,306.88856388071224,0.20281166096163328,307.3157866533001,316.8423113473241,1.104659292504614,319.3115142978223,1.3270354356820073,0.3134387862579966,2.1002132692099877,17.47637468285959,1.7209793210584752,21.500048969931964,30.863034489765173,7.047423093862251,46.34244316305233,1144.659366762789,287.5046255073854,1849.779866457026,72.83238134580562,15.899883802372484,100.0,0,4.67,2.0,0.0,118.5,94.09,96.44666666666667,96.52444444444444,120.05,116.2,118.17555555555555,0.0,0.0,0.0,305.98099957151305,305.38110854634675,305.03389033907985,315.9798684431768,315.31234900719056,314.9302521138669,1.5692848412408005,1.4918272947678333,1.4330194018922298,18.124946909006436,18.11139612990106,18.043678569583236,28.85732577955261,29.225295341883577,29.2484942718386,1285.6355474968025,1264.3713209283085,1264.6259820894948,69.15164415265906,67.79974756385283,67.59267217106691,1,0,14
M-05,INJECTION_MOLDER,2026-05-14,Afternoon,120.38,963,97.17,0,RUNNING,307.0423874309603,0.35367358745288646,307.70743301449073,317.0799856843923,1.0353521396299865,319.56425556979605,1.4558197980922565,0.30130249095540435,2.3559703168514163,18.361523362031832,1.9378941585093654,22.07921940692818,30.740018483713975,7.6415830426208835,48.38664201125569,1162.2958722565284,317.82466620379915,2070.155176097752,71.30975191428782,18.28049371734208,100.0,0,5.0,2.0,0.0,120.375,97.37,96.30666666666666,96.82111111111111,118.53,118.07333333333334,118.15555555555554,0.0,0.0,0.0,306.88856388071224,306.1334593425595,305.41195675512796,316.8423113473241,316.0867503623351,315.32866573719025,1.3270354356820073,1.4413045953072094,1.4242969168149753,17.47637468285959,17.978688289669794,18.023353213627825,30.863034489765173,30.111361026597248,29.499852352091313,1144.659366762789,1197.7168755281484,1249.3555092463582,72.83238134580562,70.82513994747073,68.34933526066976,1,0,14
M-05,INJECTION_MOLDER,2026-05-14,Night,127.12,1017,92.87,0,RUNNING,308.02231959357346,0.13395595393643553,308.26271639756965,317.93692893329563,0.8351251311629094,319.78372542242795,1.3286298636000209,0.33153609360533787,1.9702264403339764,17.647544311407426,1.8602266798797997,22.89178693081733,31.003932907508116,8.267660822421098,51.695113413824416,1159.9002464611792,330.8788974723349,2171.18008620454,71.3761925916618,16.24539059271167,100.0,0,5.33,1.0,0.0,127.125,97.17,96.21,96.99111111111111,120.38,119.65333333333335,117.89999999999999,0.0,0.0,0.0,307.0423874309603,306.6373169610618,305.6247825307243,317.0799856843923,316.6340551582977,315.51766652787967,1.4558197980922565,1.4507133583383547,1.4354690578690574,18.361523362031832,17.987614984632618,18.090062680338672,30.740018483713975,30.15345958434392,29.6333096550202,1162.2958722565284,1197.53026217204,1243.1808589661068,71.30975191428782,71.09792580425083,68.80581225171298,1,0,14
M-05,INJECTION_MOLDER,2026-05-15,Morning,125.82,1007,96.21,0,RUNNING,307.2377572645084,0.5036176911315926,307.938222540577,317.137147803031,1.0808538386551476,319.5140381525407,1.4572686249667983,0.28884308928639235,2.0644327655947885,18.107229141089643,2.0383718571460174,21.84686086003809,30.140302887824696,8.46650768084224,49.3073934618194,1200.8314912232113,353.98159289217296,1958.6656440083584,69.22344082748411,18.604072956987626,100.0,0,5.67,1.0,0.0,125.875,92.87,95.80333333333334,96.35,127.12,122.00999999999999,118.9511111111111,0.0,0.0,0.0,308.02231959357346,307.3177569684153,305.9337056066849,317.93692893329563,317.286408655004,315.8435977083586,1.3286298636000209,1.370495032458095,1.4141715192046003,17.647544311407426,17.828480785432948,18.068400867577243,31.003932907508116,30.86899529366242,29.949843497006814,1159.9002464611792,1155.6184951601656,1219.5161859890716,71.3761925916618,71.83944195058508,69.52826647493109,1,0,15
M-05,INJECTION_MOLDER,2026-05-15,Afternoon,116.76,934,93.34,0,RUNNING,306.5860186160627,0.1826298683570604,306.98924126157607,316.4592566476465,0.8783055541850102,317.93592775614434,1.3725734813902764,0.31371109376792455,2.068263129020053,17.749404216949213,2.0255398809985206,22.160319966233804,31.83671633866037,6.93486533464184,45.39468823826301,1103.8367188631478,281.9674243914688,2105.14283788634,74.42436287267095,16.233451254942914,100.0,0,6.0,1.0,0.0,116.75,96.21,95.41666666666667,96.50666666666667,125.82,124.44,119.03,0.0,0.0,0.0,307.2377572645084,307.434154763014,306.05605921768637,317.137147803031,317.38468747357297,315.99210274811816,1.4572686249667983,1.4139060955530252,1.4191899738588558,18.107229141089643,18.03876560484297,18.004782530625235,30.140302887824696,30.628084759682263,29.936668400057506,1200.8314912232113,1174.3425366469728,1222.7816322603117,69.22344082748411,70.63646177781125,69.3096246360272,1,0,15
M-05,INJECTION_MOLDER,2026-05-15,Night,119.32,955,97.84,0,RUNNING,306.42037328855156,0.1806055180180082,306.7851506012174,316.26288904029553,1.0156081762339142,318.18993639624875,1.360907292327593,0.24148310873366227,1.9710537393404413,17.994120898722503,1.830630115806558,22.294805231180185,31.734987330836496,7.532810185929319,43.10013466345821,1133.472549068674,381.2783209972002,2819.8233269949037,73.20159833840172,18.818672386998898,100.0,0,6.33,1.0,0.0,119.375,93.34,94.13999999999999,95.98666666666668,116.76,123.23333333333333,119.41666666666667,0.0,0.0,0.0,306.5860186160627,307.28203182471486,306.26844390503044,316.4592566476465,317.1777777946577,316.1838544042493,1.3725734813902764,1.3861573233190319,1.4189772764016138,17.749404216949213,17.834725889815427,17.946444981594425,31.83671633866037,30.993650711331057,30.222883602321815,1103.8367188631478,1154.856152182513,1196.380000527605,74.42436287267095,71.67466543060563,70.15105630230092,1,0,15
M-05,INJECTION_MOLDER,2026-05-16,Morning,119.54,956,99.02,0,RUNNING,306.0032260452591,0.25364467649380007,306.3921985786638,316.0738031833878,0.9260414612103519,317.96905586581,1.358443245694125,0.2668691487345098,1.8611928615903528,17.29284077297212,1.6757841301413754,20.374308781988866,29.26137860279643,8.228802777207445,52.91005126111556,1250.6402382969434,425.9015203464187,2600.5180430887685,68.12331719704572,16.99517680888833,100.0,0,6.67,1.0,0.0,119.5,97.84,95.79666666666667,96.01555555555555,119.32,120.63333333333333,119.61444444444444,0.0,0.0,0.0,306.42037328855156,306.7480497230409,306.4823050792677,316.26288904029553,316.619764496991,316.4061740530618,1.360907292327593,1.3969164662282225,1.419746264484717,17.994120898722503,17.950251418920455,17.963376111418157,31.734987330836496,31.237335519107187,30.443875384884393,1133.472549068674,1146.0469197183443,1188.678911935606,73.20159833840172,72.28313401285226,70.64077450909673,1,0,16
M-05,INJECTION_MOLDER,2026-05-16,Afternoon,114.78,918,95.98,0,RUNNING,307.1570541001608,0.4037475361888526,307.7375014828759,317.11495242561153,1.214404480704575,320.39660293566,1.5184265348321528,0.26660788109241523,2.067805273503405,18.230144229891728,1.5955318160877443,21.1712261096957,27.78112393564875,7.0029371060978525,42.53243117791288,1287.2646692702529,363.45342557892866,2242.222148169533,65.90756873330353,15.783120474379674,94.66485621841449,0,7.0,1.0,0.0,114.75,99.02,96.73333333333333,96.15222222222222,119.54,118.54,120.35111111111112,0.0,0.0,0.0,306.0032260452591,306.33653931662445,306.63471780739934,316.0738031833878,316.26531629044325,316.57891804211715,1.358443245694125,1.3639746731373315,1.406395121332522,17.29284077297212,17.67878862954794,17.898747508020236,29.26137860279643,30.9443607574311,30.561268847903534,1250.6402382969434,1162.6498354095884,1178.23641586157,68.12331719704572,71.91642613603946,71.12600928710714,1,0,16
M-05,INJECTION_MOLDER,2026-05-16,Night,115.49,924,96.73,0,RUNNING,306.45285641574736,0.2629843374535213,306.96273806648736,316.5825923691026,0.8621733000499173,318.6777203308713,1.3975985335156007,0.2927712138429561,1.986401410788158,18.290204181435985,2.016587575248579,22.48900240421,28.21335614300606,8.869097539394138,55.07365434676987,1323.8365681132193,522.5166377455945,3169.350302860828,65.32378672658486,20.414934995831022,100.0,0,7.33,0.0,0.0,115.5,95.98,97.61333333333334,95.98777777777778,114.78,117.88,120.25555555555555,0.0,0.0,0.0,307.1570541001608,306.5268844779905,306.81541108792237,317.11495242561153,316.48388154976493,316.7652381675735,1.5184265348321528,1.4125923576179569,1.4164876797584478,18.230144229891728,17.83903530052878,17.88712539165894,27.78112393564875,29.592496623093894,30.246535639589624,1287.2646692702529,1223.7924855452902,1192.0596332999476,65.90756873330353,69.07749475625032,70.61669533036893,0,0,16
M-05,INJECTION_MOLDER,2026-05-17,Morning,123.19,986,95.16,0,RUNNING,306.27706292704977,0.2533356543108126,306.672464142586,316.21380074400554,1.0191782166745589,317.84219564309353,1.400461753407396,0.26958486501584183,1.97424342820529,18.080818507017735,2.003249005167383,22.886035535952225,30.547087767735764,7.259781732847217,42.90165708760424,1165.632213827424,325.3646989010894,2024.7048880535904,70.19639949106677,18.290078115613607,98.59216638654864,0,7.67,0.0,0.0,123.25,96.73,97.24333333333334,96.2811111111111,115.49,116.60333333333334,119.74888888888889,0.0,0.0,0.0,306.45285641574736,306.5377121870558,306.8678396261706,316.5825923691026,316.59044932603393,316.8322074926763,1.3975985335156007,1.4248227713472927,1.397411423344537,18.290204181435985,17.937729728099946,17.905487310817783,28.21335614300606,28.418619560483744,30.174983457751118,1323.8365681132193,1287.2471585601386,1196.304191146216,65.32378672658486,66.45155755231137,70.19137783858291,0,0,17
M-05,INJECTION_MOLDER,2026-05-17,Afternoon,110.62,885,96.4,0,RUNNING,307.6262278584113,0.508406127602764,308.2714603272383,317.7715261879039,1.3962657043367304,320.35859905692735,1.350863884697784,0.2917492331339517,1.915347088650472,18.015835423770206,1.3638594522916503,21.09024750276116,33.7903675618161,5.961708724962019,48.21265395980534,1025.50036424762,195.3778083250136,1470.9234042094297,80.05584765086361,14.380179597075614,100.0,0,8.0,0.0,0.0,110.625,95.16,95.95666666666666,96.03555555555555,123.19,117.82,120.26666666666665,0.0,0.0,0.0,306.27706292704977,306.62899114765264,306.79989507576374,316.21380074400554,316.6371151795732,316.76237298119645,1.400461753407396,1.4388289405850498,1.405569903091802,18.080818507017735,18.20038897278182,17.97264773572424,30.547087767735764,28.847189282130188,30.139878266414517,1165.632213827424,1258.911150403632,1198.634507486731,70.19639949106677,67.14258498365172,69.89849096583414,0,0,17
M-05,INJECTION_MOLDER,2026-05-17,Night,121.57,973,96.81,0,RUNNING,307.4536930421954,0.29648060377314,308.0297255567877,317.4875210606431,1.0248802236822574,319.25398139077214,1.4489192478145914,0.3032387835020235,2.0451337231299287,17.66573622658123,2.429774635883186,23.742448783557357,30.524220580942462,6.269665138545714,41.07238458233391,1149.0980382959403,277.6409737494365,1963.8143394786769,71.53165788120889,15.307905054101468,90.88691567915072,0,8.33,0.0,0.0,121.625,96.4,96.09666666666668,95.95,110.62,116.43333333333334,119.18222222222221,0.0,0.0,0.0,307.6262278584113,306.7853824004028,306.8647662343694,317.7715261879039,316.8559731003373,316.83921081491997,1.350863884697784,1.3829747238735937,1.3939081349368607,18.015835423770206,18.12895270407464,17.934237964806286,33.7903675618161,30.850270490852637,30.478805941759195,1025.50036424762,1171.6563820627546,1183.4350065968524,80.05584765086361,71.85867795617175,70.87027938100924,0,0,17
M-05,INJECTION_MOLDER,2026-05-18,Morning,124.45,996,93.86,0,RUNNING,307.27753511108085,0.11690720301047847,307.47114720269724,317.1850744219773,1.213955464049172,319.4254753218013,1.3569230557261505,0.30698538200589837,2.076172411217708,18.404289658717854,1.841327440616119,22.10643693317271,29.74208190402141,9.607359275553959,59.22349617846113,1242.4361912690072,470.5689694522907,2994.6115168946158,68.74810520221095,19.79995824293869,100.0,0,8.67,0.0,0.0,124.5,96.81,96.12333333333333,96.38777777777779,121.57,118.46,118.56555555555555,0.0,0.0,0.0,307.4536930421954,307.1189946092188,306.8015855064385,317.4875210606431,317.1576159975175,316.78927660684747,1.4489192478145914,1.4000816286399236,1.4072736220718132,17.66573622658123,17.920796719123057,17.936259288714485,30.524220580942462,31.620558636831436,30.42550457214079,1149.0980382959403,1113.4102054569948,1182.2347612451592,71.53165788120889,73.92796834104642,70.88755330207002,0,0,18
M-05,INJECTION_MOLDER,2026-05-18,Afternoon,122.45,980,98.39,0,RUNNING,306.38772183853365,0.5186041770137529,307.3959542456694,316.13903952120086,0.7664721673638057,317.3323542575867,1.4450789358236547,0.2671767374494814,1.897901849522812,18.025156211175855,1.7016484950188158,21.76515156761478,28.296926336559675,6.675466233514522,42.70415453373221,1247.8895209823095,304.3120278249617,2124.4393859998004,68.77755176727267,15.629363675005186,99.29313435707212,0,9.0,0.0,0.0,122.5,93.86,95.69000000000001,96.12666666666667,124.45,118.88,118.41333333333334,0.0,0.0,0.0,307.27753511108085,307.45248533722923,306.80600526716876,317.1850744219773,317.4813738901748,316.7946017867304,1.3569230557261505,1.385568729412842,1.3961241143784078,18.404289658717854,18.02862043635643,17.9692660128954,29.74208190402141,31.352223348926653,30.381257796162647,1242.4361912690072,1139.0115312708558,1186.8575056946922,68.74810520221095,73.44520357809449,70.83473823259521,0,0,18
M-05,INJECTION_MOLDER,2026-05-18,Night,113.6,909,96.64,0,RUNNING,306.386837232609,0.35203951216071727,307.141429391038,316.4366564269357,0.8843583958382629,318.06220652033795,1.452009523515718,0.2540163887972933,2.0211934652347785,18.25487739974196,2.0108798830070747,21.70733605413748,30.10967569208982,8.176917521412218,44.92407210609432,1234.0215544509385,541.4539147961503,3723.338413634351,69.77133663765619,19.66478562455576,100.0,0,9.33,0.0,0.0,113.625,98.39,96.35333333333334,96.68777777777777,122.45,122.82333333333332,119.04555555555557,0.0,0.0,0.0,306.38772183853365,307.03964999727,306.7839722918877,316.13903952120086,316.9372116679404,316.75902210601424,1.4450789358236547,1.416973746454799,1.4041802759821165,18.025156211175855,18.031727365491648,17.999905123365025,28.296926336559675,29.521076273841178,29.987947795929237,1247.8895209823095,1213.141250182419,1202.8633725968211,68.77755176727267,69.6857716168975,70.20731477643986,0,0,18
M-05,INJECTION_MOLDER,2026-05-19,Morning,118.18,945,95.84,0,RUNNING,307.3807386601689,0.7940853032040799,308.53761126663966,317.55417946501524,0.9551851986884661,319.6596885250928,1.483359561371585,0.2625987582270685,2.0376322696740474,18.192597447252105,1.7961304311609192,21.206354109088178,30.58291366358127,8.178054453150905,44.383519209304296,1178.4394778264175,343.24914756757806,2185.2338104926034,71.67733020264964,19.33782476750827,100.0,0,9.67,0.0,0.0,118.125,96.64,96.29666666666667,96.55444444444444,113.6,120.16666666666667,118.41000000000001,0.0,0.0,0.0,306.386837232609,306.6840313940745,306.7802460634497,316.4366564269357,316.58692345670465,316.77832959341873,1.452009523515718,1.4180038383551743,1.4143027461141304,18.25487739974196,18.228107756545224,18.028878067922744,30.10967569208982,29.38289464422363,29.807357613846275,1234.0215544509385,1241.4490889007518,1214.0354843059617,69.77133663765619,69.09899786904661,69.82617458746813,0,0,19
M-05,INJECTION_MOLDER,2026-05-19,Afternoon,121.25,970,95.03,0,RUNNING,308.5941106632472,0.2795066295856565,308.9958545823039,318.82965318443627,1.1139494079399959,321.5944882191281,1.4177190536189153,0.30914644944013453,1.970196690085417,17.951183076486895,2.057108601940935,21.75210427752691,28.4369600136345,7.192701918844866,41.673633158574,1255.2586571598363,340.18965480137666,2130.264633911286,66.35700734730925,16.909449057419145,96.98943108527588,0,10.0,0.0,0.0,121.25,95.84,96.95666666666666,96.20111111111112,118.18,118.07666666666667,118.25888888888888,0.0,0.0,0.0,307.3807386601689,306.7184325771039,306.9333030206619,317.55417946501524,316.7099584710506,316.94281584693283,1.483359561371585,1.4601493402369858,1.4281823367449593,18.192597447252105,18.15754368605664,18.128851031731628,30.58291366358127,29.66317189741025,29.954194842822364,1178.4394778264175,1220.1168510865552,1206.0131775870143,71.67733020264964,70.07540620252617,70.22106492142412,0,0,19
M-05,INJECTION_MOLDER,2026-05-19,Night,117.57,941,96.07,0,RUNNING,309.05645893059943,0.26487886772257757,309.5284843329608,319.4220064734817,1.1334935947953484,322.1337513214064,1.4051793832515653,0.2887451700345149,2.055202630048793,18.067837660462946,1.5968786470943603,21.57620139407216,29.2769986225086,7.883284470879564,54.284279338097406,1214.0145188740648,351.9928063152603,2241.3645299831546,68.08551137806452,17.25793197068727,100.0,0,10.33,0.0,0.0,117.625,95.03,95.83666666666666,96.09555555555556,121.25,117.67666666666668,118.97777777777777,0.0,0.0,0.0,308.5941106632472,307.45389551867504,307.09297597211594,318.82965318443627,317.6068296921291,317.1333381534689,1.4177190536189153,1.4510293795020728,1.4169926166101552,17.951183076486895,18.132885974493654,18.097855348019984,28.4369600136345,29.709849789768526,30.027065518154117,1255.2586571598363,1222.5732298123974,1202.4569540191903,66.35700734730925,69.26855806253836,70.27100254520253,0,0,19
M-05,INJECTION_MOLDER,2026-05-20,Morning,116.09,929,93.83,0,RUNNING,309.04142992793516,0.2768809371953906,309.44867526440447,319.07923673199963,1.0707028664093166,321.02347571747936,1.417278047987099,0.3181174438086881,2.1672499480083065,17.98219844736316,1.960069031658183,21.75132298028605,29.389296948297797,6.557573622217298,47.04886876095489,1200.8317235862642,312.9496189893387,2137.5550336002425,67.23366362128192,13.909667498532707,100.0,0,10.67,0.0,0.0,116.125,96.07,95.64666666666666,96.02222222222223,117.57,119.0,119.20888888888891,0.0,0.0,0.0,309.05645893059943,308.34376941800514,307.3822651404328,319.4220064734817,318.601946374311,317.44882860951105,1.4051793832515653,1.4354193327473552,1.4178349332474844,18.067837660462946,18.07053939473398,18.073147956800753,29.2769986225086,29.432290766574784,30.145248015876618,1214.0145188740648,1215.9042179534395,1190.2545041037288,68.08551137806452,68.70661630934114,70.5778608398114,0,0,20
M-05,INJECTION_MOLDER,2026-05-20,Afternoon,122.45,980,93.7,0,RUNNING,309.274104539442,0.4628288360917528,309.9669811397033,319.2751496160146,1.0436385566835402,321.42918480604266,1.456634598691957,0.3554621218550627,2.0678140063175934,17.71685768206082,2.058237414603214,21.851698073699456,27.611956253413087,5.844019368388695,38.54104475754737,1269.7789429957443,279.3118382105082,1825.7992437729215,64.48174610538929,15.983529702128537,93.5378074625662,0,11.0,0.0,0.0,122.5,93.83,94.97666666666667,95.87444444444445,116.09,118.30333333333333,118.42,0.0,0.0,0.0,309.04142992793516,308.8973331739273,307.6894170294201,319.07923673199963,319.1102987966392,317.76721038595485,1.417278047987099,1.4133921616191933,1.419703410423007,17.98219844736316,18.000406394771,18.06219017239469,29.389296948297797,29.03441852814696,30.016604591494627,1200.8317235862642,1223.3682998733884,1194.1655607435998,67.23366362128192,67.22539411555191,70.24866796539085,0,0,20
M-05,INJECTION_MOLDER,2026-05-20,Night,122.4,979,96.93,0,RUNNING,309.3810119541561,0.19811212400335626,309.9840015298698,319.1491407807843,1.0816220243913217,320.8656761561277,1.357429091884476,0.2411693184165788,2.074568572072096,17.57216261039122,1.796100531411492,22.063172963058697,27.499103970065747,8.86508886611369,46.84960459687417,1341.8138844024654,696.5471645335683,4777.075209013355,66.10753254901557,18.369985282678936,100.0,0,11.33,0.0,0.0,122.375,93.7,94.53333333333335,95.57444444444444,122.45,118.70333333333333,119.73444444444443,0.0,0.0,0.0,309.274104539442,309.12399779932554,307.87251443842354,319.2751496160146,319.2587976071653,317.93427965574494,1.456634598691957,1.4263640099768737,1.4314557119779152,17.71685768206082,17.92229792996231,18.02897042331587,27.611956253413087,28.75941727473982,29.33011444611651,1269.7789429957443,1228.2083951520244,1221.3076250489469,64.48174610538929,66.6003070349119,68.51821223811592,0,0,20
M-05,INJECTION_MOLDER,2026-05-21,Morning,113.79,910,94.64,0,RUNNING,309.0859108452227,0.22895008123607088,309.6085404550528,318.9617830974079,1.1590211985868613,321.3013121790446,1.394167950507219,0.2801516497363548,1.9352362885018608,17.774387686883586,1.5605854745453822,21.92598112572249,32.69148891876442,8.36367894461981,51.31808402399271,1097.4522413324983,329.14194420451423,1945.957589889204,71.80736731582356,18.347601151442714,100.0,0,11.67,0.0,0.0,113.75,96.93,94.82000000000001,95.58777777777777,122.4,120.31333333333333,119.82666666666667,0.0,0.0,0.0,309.3810119541561,309.2321821405111,308.0866609841969,319.1491407807843,319.1678423762662,318.118904069094,1.357429091884476,1.4104472461878441,1.4212901390967911,17.57216261039122,17.757072913271735,18.018573354850314,27.499103970065747,28.16678572392554,28.99399037824132,1341.8138844024654,1270.8081836614913,1242.7204968385606,66.10753254901557,65.94098075856226,67.91553164564999,0,0,21
M-05,INJECTION_MOLDER,2026-05-21,Afternoon,124.3,994,94.04,0,RUNNING,309.6238307232664,0.15903575869813874,309.8834349231801,319.94341959138154,1.1895011343120017,322.5387644299183,1.37687715730102,0.27077563813147565,2.0996133388287403,17.625702298618123,1.8604660133504531,22.26722304510014,30.041556272497225,8.823808104149734,47.37022648845748,1206.5142237565105,432.88000313374783,2680.0633127635656,69.30945997408463,20.678902927880067,100.0,0,12.0,0.0,0.0,124.25,94.64,95.09000000000002,95.67444444444445,113.79,119.54666666666668,118.64222222222222,0.0,0.0,0.0,309.0859108452227,309.2470091129403,308.2875916213238,318.9617830974079,319.1286911647356,318.3163161441418,1.394167950507219,1.402743880361217,1.425428460739132,17.774387686883586,17.68780265977854,17.948584246868727,32.69148891876442,29.267516380747747,29.321702268768327,1097.4522413324983,1236.3483562435692,1226.6111690678376,71.80736731582356,67.4655486567428,68.25544965827363,0,0,21
M-05,INJECTION_MOLDER,2026-05-21,Night,118.33,947,96.92,0,RUNNING,310.4622921118317,0.43404170954928284,311.1836730660208,320.42435394231546,1.276841056431477,323.7051141246534,1.3588878547637524,0.31179429843711,1.9109874284010453,17.926294640235348,1.9773773489451905,21.366946545839006,30.16751709627739,8.726706538013067,46.145336309412045,1210.0454909760556,359.3945886345423,1902.3267185802763,69.82839783921894,19.368716755989443,100.0,0,12.33,0.0,0.0,118.375,94.04,95.20333333333333,95.19111111111111,124.3,120.16333333333334,118.84777777777776,0.0,0.0,0.0,309.6238307232664,309.3635845075484,308.647159275183,319.94341959138154,319.3514478231912,318.73902504082855,1.37687715730102,1.3761580665642386,1.4178504853477285,17.625702298618123,17.65741753196431,17.90420047880676,30.041556272497225,30.077383053775794,29.515550039428053,1206.5142237565105,1215.2601164971582,1222.0139138205266,69.30945997408463,69.07478661297459,68.31455057014162,0,0,21
M-05,INJECTION_MOLDER,2026-05-22,Morning,122.82,983,95.5,0,RUNNING,310.2106075681738,0.38963722652243754,311.0530091968215,320.18668905116095,1.1065460574988846,323.0848392230738,1.4447130840373041,0.30428135501239967,2.037587123381051,18.51148907331186,1.875900200192719,22.45573619577457,30.148187768478316,7.000849534506286,48.641868672715255,1195.1655792201686,434.73802454464504,3182.26955593999,70.46493055160305,14.58059088556602,100.0,0,12.67,0.0,0.0,122.875,96.92,95.2,95.22222222222223,118.33,118.80666666666667,119.37333333333335,0.0,0.0,0.0,310.4622921118317,309.7240112267736,309.09998759509665,320.42435394231546,319.77651887703496,319.1821025425374,1.3588878547637524,1.3766443208573305,1.4075036332641766,17.926294640235348,17.775461541912353,17.867691283306023,30.16751709627739,30.96685409584634,29.52197686211556,1210.0454909760556,1171.3373186883548,1219.349906767762,69.82839783921894,70.31507504304238,68.32089070364859,0,0,22
M-05,INJECTION_MOLDER,2026-05-22,Afternoon,117.85,943,98.84,0,RUNNING,309.68493080121766,0.47464251014429326,310.6683272549038,319.6726345136955,1.1057600364205868,321.6978179544345,1.3661548469266933,0.2572835136949078,1.7752020156412625,18.038683744642736,1.6969246755838774,22.61148658946656,31.576827938293192,7.59867361287807,50.1125995647891,1129.5318891776342,315.5529118791063,2011.6185116329743,72.90897526707069,17.994288973211987,100.0,0,13.0,0.0,0.0,117.875,95.5,95.48666666666668,95.18444444444444,122.82,121.81666666666666,119.88888888888889,0.0,0.0,0.0,310.2106075681738,310.09891013442393,309.4144174737638,320.18668905116095,320.18482086161936,319.4746036076647,1.4447130840373041,1.3934926987006921,1.4032095802270341,18.51148907331186,18.02116200405511,17.90312368620155,30.148187768478316,30.119087045750973,29.4736739848819,1195.1655792201686,1203.9084313175783,1221.2083624781787,70.46493055160305,69.86759612163554,68.18617963131008,0,0,22
M-05,INJECTION_MOLDER,2026-05-22,Night,126.26,1010,97.96,0,RUNNING,310.2061314391596,0.21663130695676439,310.5673359502131,320.1196604223475,0.9917959998697434,322.04588034667984,1.3169824987699255,0.24203873030598153,1.85586261594,18.36751879229283,1.6386170662999395,21.709971880616123,30.235024186696418,7.864084439356972,46.79427285651464,1186.3655656295846,360.82436083816765,2286.7831893239345,68.98349516892542,17.784552377357734,100.0,0,13.33,0.0,0.0,126.25,98.84,97.08666666666666,95.60777777777778,117.85,119.66666666666667,119.5111111111111,0.0,0.0,0.0,309.68493080121766,310.1192768270744,309.53561971131614,319.6726345136955,320.0945591690573,319.5682681998046,1.3661548469266933,1.3899185952425832,1.3974802239278985,18.038683744642736,18.158822486063315,17.91284598266331,31.576827938293192,30.63084426768296,29.82254819873286,1129.5318891776342,1178.2476531246195,1207.2387215912672,72.90897526707069,71.0674345526309,68.91417606683913,0,0,22
M-05,INJECTION_MOLDER,2026-05-23,Morning,120.31,962,94.38,0,RUNNING,310.18965841451217,0.22922253945408316,310.7226031324448,320.23960455874175,1.0453758919237994,322.33071021760105,1.4841603461629127,0.29637006748212935,2.0092129244188053,18.40294477747421,1.8294054227164152,22.405432154152287,30.978482559989406,7.574001045118419,47.73966525429374,1167.0050546987939,390.4024018516851,2627.728652626477,72.06893615790685,16.50723451660658,100.0,0,13.67,0.0,0.0,120.25,97.96,97.43333333333332,95.81777777777778,126.26,122.31,120.47666666666666,0.0,0.0,0.0,310.2061314391596,310.0338899361837,309.6633611011561,320.1196604223475,319.9929946624013,319.64578530523414,1.3169824987699255,1.3759501432446413,1.387680570096605,18.36751879229283,18.30589720341581,17.946143886199966,30.235024186696418,30.65334663115597,29.928995483642623,1186.3655656295846,1170.3543446757958,1204.166615675214,68.98349516892542,70.78580032919972,69.01395204360145,0,0,23
M-05,INJECTION_MOLDER,2026-05-23,Afternoon,117.01,936,97.05,0,RUNNING,310.232315590765,0.26957347662441933,310.68381011937265,320.4070333175111,0.9858360655401887,322.93982853304175,1.3421624754598172,0.3103488421101684,1.9709666694556849,18.295902247010037,1.600723409010983,21.75521485336504,29.67248718358449,7.630731729797174,45.142466015235456,1206.5059521973708,339.12169677830605,1988.6159812805251,69.66795728854362,18.188458442652596,98.86683860505734,0,14.0,0.0,0.0,117.0,94.38,97.05999999999999,95.8788888888889,120.31,121.47333333333334,120.94555555555556,0.0,0.0,0.0,310.18965841451217,310.0269068849632,309.7909420441091,320.23960455874175,320.01063316492827,319.7747150637611,1.4841603461629127,1.3890992306198438,1.3951119365605844,18.40294477747421,18.269715771469922,17.992893478434528,30.978482559989406,30.93011156165967,30.10557166271947,1167.0050546987939,1160.9675031686709,1200.4080969099393,72.06893615790685,71.32046886463432,69.55120454767088,0,0,23
M-05,INJECTION_MOLDER,2026-05-23,Night,121.51,972,98.8,0,RUNNING,310.8241094540524,0.2319350064881523,311.3213477961402,320.44755620084277,1.0446848024747213,322.80481912484584,1.3818809827098955,0.26632305884361956,2.0553888637755127,18.0034532066278,1.936117540376061,23.14522732864311,30.77913697831166,8.551695694039172,49.19005134978916,1196.5254911203383,452.8539722480681,2625.0696700651984,71.77951962807478,20.257008115847434,100.0,0,14.33,0.0,0.0,121.5,97.05,96.46333333333332,96.25111111111111,117.01,121.19333333333333,120.3411111111111,0.0,0.0,0.0,310.232315590765,310.209368481479,309.89740993870055,320.4070333175111,320.2554327662001,319.9004799194829,1.3421624754598172,1.3811017734642184,1.3823928117570135,18.295902247010037,18.355455272259025,18.05723176342888,29.67248718358449,30.295331310090102,30.334519543849623,1206.5059521973708,1186.6255241752497,1193.3777645990092,69.66795728854362,70.24012953845863,70.12745023468804,0,0,23
M-05,INJECTION_MOLDER,2026-05-24,Morning,122.34,979,92.99,0,RUNNING,310.3841853496032,0.4147731314190324,311.124981113022,320.1171362439788,1.224160084189583,322.4309756079725,1.4423913622950855,0.26157328729481605,2.081454566365219,18.14479638102194,1.9208610336850662,22.967111167472275,29.107048398472774,9.312029291070997,47.43256804400259,1348.437361089797,754.0466814024369,4219.20032322252,67.49007702728213,20.15664990209832,100.0,0,14.67,0.0,0.0,122.375,98.8,96.74333333333334,96.45888888888888,121.51,119.61000000000001,120.24222222222222,0.0,0.0,0.0,310.8241094540524,310.41536115310987,310.05775410535574,320.44755620084277,320.36473135903185,320.04474829948936,1.3818809827098955,1.4027346014442086,1.3851096885153933,18.0034532066278,18.23410007703735,18.105152940788503,30.77913697831166,30.476702240628512,30.698967655876945,1196.5254911203383,1190.012166005501,1177.2346097898837,71.77951962807478,71.17213769150841,70.75767102125018,0,0,24
M-05,INJECTION_MOLDER,2026-05-24,Afternoon,123.79,990,94.0,0,RUNNING,309.48582886382087,0.25147917753372057,309.9472583136345,319.6112361533307,1.0236254105670037,321.9606900185655,1.387656363199828,0.3663616489640807,2.4342220657554505,17.975709161157308,1.9888967508226294,21.60855009360528,30.819793807565798,7.655072328443936,44.614214927242536,1151.4912804679882,298.5952302249709,1750.343080046979,71.7884501835117,16.92230935462089,100.0,0,15.0,0.0,0.0,123.75,92.99,96.27999999999999,96.27555555555554,122.34,120.28666666666668,121.19222222222223,0.0,0.0,0.0,310.3841853496032,310.48020346480683,310.20200682806467,320.1171362439788,320.32390858744424,320.17312087133064,1.4423913622950855,1.3888116068215994,1.3904678453807118,18.14479638102194,18.14805061155326,18.146309462359433,29.107048398472774,29.8528908534563,30.30069648695565,1348.437361089797,1250.4896014691685,1205.1218453184727,67.49007702728213,69.6458513146335,70.27797210030111,0,0,24
M-05,INJECTION_MOLDER,2026-05-24,Night,118.62,949,96.5,0,RUNNING,308.6703255635895,0.2797368311632189,309.19070745832,318.69426351434095,1.1572944041122595,320.7362214962989,1.359293028454389,0.24122501354055634,1.9717574267973337,17.901937944902294,1.6450216912576316,21.137423712800665,30.11267345936033,7.68634669648913,45.50744687719238,1208.6380350513268,442.0849364887335,2890.4875057432646,71.31342349002627,18.721925231315286,100.0,0,15.33,0.0,0.0,118.625,94.0,95.26333333333332,96.27111111111111,123.79,122.54666666666668,121.13555555555556,0.0,0.0,0.0,309.48582886382087,310.2313745558254,310.18667328812626,319.6112361533307,320.0586428660508,320.13621160043607,1.387656363199828,1.4039762360682697,1.3916655349250238,17.975709161157308,18.04131958293568,18.185199113752677,30.819793807565798,30.235326394783403,30.38716732418549,1151.4912804679882,1232.1513775593744,1199.0081849530811,71.7884501835117,70.35268227962287,70.55341545690413,0,0,24
M-05,INJECTION_MOLDER,2026-05-25,Morning,127.18,1017,100.0,0,RUNNING,308.6635192612885,0.25699408917896566,309.1681206289981,318.5825164030903,1.06945519938639,320.97101625902906,1.3878158981115432,0.33884142862315453,2.200863403112547,18.09921286483604,1.9213693337116642,21.9999157114956,29.617705892866255,8.59575340493616,48.31435749660383,1262.8389768261582,522.5513010383139,2765.14826520837,68.20242925766425,21.314548679424234,100.0,0,15.67,0.0,0.0,127.125,96.5,94.49666666666667,96.22444444444444,118.62,121.58333333333333,121.16777777777777,0.0,0.0,0.0,308.6703255635895,309.51344659233786,309.9875658938771,318.69426351434095,319.47421197055013,319.94397933066114,1.359293028454389,1.396446917983101,1.3917105542239834,17.901937944902294,18.007481162360513,18.182492814271225,30.11267345936033,30.0131718884663,30.381073586750265,1208.6380350513268,1236.1888922030373,1198.8518009614445,71.31342349002627,70.19731690027336,70.71841830699383,0,0,25
M-05,INJECTION_MOLDER,2026-05-25,Afternoon,122.18,977,95.63,0,RUNNING,308.91826271339534,0.15087441370592541,309.1976296580643,319.0566120716021,1.0782872377221044,321.95081499186466,1.4277293629152588,0.274264212988268,2.155356698138816,17.452277433362596,1.7729228055531239,22.092668403296944,27.594331784908125,8.215351990066985,46.2521460628884,1331.9827591928718,524.6335481948595,3443.2165095723994,61.918866593324125,19.5439308738259,100.0,0,16.0,0.0,0.0,122.125,100.0,96.83333333333333,96.72444444444444,127.18,123.19666666666667,121.65222222222224,0.0,0.0,0.0,308.6635192612885,308.9398912295663,309.8156671931121,318.5825164030903,318.96267202358734,319.7657379253199,1.3878158981115432,1.3782550965885865,1.3853886446766766,18.09921286483604,17.992286656965213,18.1366843466628,29.617705892866255,30.18339105326412,30.3221311561267,1262.8389768261582,1207.6560974484912,1206.3710673621101,68.20242925766425,70.43476764373408,70.46702927433397,0,0,25
M-05,INJECTION_MOLDER,2026-05-25,Night,121.92,975,97.78,0,RUNNING,308.814164177713,0.22180749669705954,309.213998169178,318.83416299165174,0.9472499010480802,320.39469401196646,1.3848694445608554,0.2521989299614329,1.7827072660680123,17.88031010250822,1.539818493416094,21.63023380686784,28.93213142785384,9.246933374111846,47.56200137022348,1301.305925502615,525.2071938676617,3112.2335549008258,64.92471058918758,23.692135362486454,100.0,0,16.33,0.0,0.0,121.875,95.63,97.37666666666667,96.36777777777777,122.18,122.66000000000001,122.13333333333334,0.0,0.0,0.0,308.91826271339534,308.75070251275775,309.73048185002074,319.0566120716021,318.77779732967775,319.69729098730954,1.4277293629152588,1.3916127631603967,1.3922302575642949,17.452277433362596,17.817809414366977,18.071528089853892,27.594331784908125,29.108237045711565,29.879631583528365,1331.9827591928718,1267.819923690119,1228.8656084749143,61.918866593324125,67.14490644700489,69.24590608836212,0,0,25
M-05,INJECTION_MOLDER,2026-05-26,Morning,118.85,951,99.59,0,RUNNING,309.1725370134968,0.16270094845632113,309.5688232920588,319.0610613631784,1.0684036504483994,321.45138528560545,1.3916977426841413,0.26231877851476354,1.8255774990666385,17.61335029757652,1.911932269629155,21.38162683087579,27.72569694604992,8.214939211768307,43.89442656852652,1342.9197315870767,591.819596124096,3327.042535720341,63.783870584575304,18.43751492537654,97.82528897843108,0,16.67,0.0,0.0,118.875,97.78,97.80333333333333,96.34777777777778,121.92,123.75999999999999,121.65111111111112,0.0,0.0,0.0,308.814164177713,308.7986487174656,309.5758188209711,318.83416299165174,318.8244304887814,319.5544579394545,1.3848694445608554,1.4001382351958858,1.399773251541065,17.88031010250822,17.81060013356895,18.017393790988937,28.93213142785384,28.714723035209403,29.734865721434744,1301.305925502615,1298.709220507215,1241.6367595719178,64.92471058918758,65.01533548005865,68.79493002394682,0,0,26
M-05,INJECTION_MOLDER,2026-05-26,Afternoon,120.83,967,97.0,0,RUNNING,309.18319624867104,0.1319585788010842,309.4186882116372,319.34767023548756,1.1396016694144477,321.48824323549275,1.4752814283998568,0.2877751668391388,2.013359799964584,17.784467434031807,1.939049617549027,23.068497089830057,27.30152457371604,7.821811209495268,40.57784717796621,1362.2598741598747,568.6693006275867,3803.785037912774,63.69382532240914,19.81312335893787,100.0,0,17.0,0.0,0.0,120.875,99.59,97.66666666666667,96.92666666666666,118.85,120.98333333333333,121.4888888888889,0.0,0.0,0.0,309.1725370134968,308.96832130153507,309.4628053319694,319.0610613631784,318.9839454754774,319.42350869550296,1.3916977426841413,1.4014321833867518,1.3894996289323127,17.61335029757652,17.648645944482443,17.929661071000304,27.72569694604992,28.084053386270625,29.373445097663687,1342.9197315870767,1325.4028054275211,1261.182834781727,63.783870584575304,63.542482589029,67.87436718246553,0,0,26
M-05,INJECTION_MOLDER,2026-05-26,Night,122.4,979,96.84,0,RUNNING,309.29414684789987,0.2557552684632821,309.7250800047871,318.98740553702595,0.8089362056820669,320.2859893224873,1.4571880306468017,0.36775175464349075,1.9827118818233376,17.621693725065974,1.825631599421527,22.238042504652103,30.632946856261757,6.76466245051413,41.02504185958284,1148.838523515398,283.7815213377535,2056.808936844241,71.74879478543727,15.775209697653375,100.0,0,17.33,0.0,0.0,122.375,97.0,98.12333333333333,96.9211111111111,120.83,120.53333333333332,121.91333333333334,0.0,0.0,0.0,309.18319624867104,309.05663247996034,309.3462365161812,319.34767023548756,319.08096486343925,319.30580168638926,1.4752814283998568,1.4172828718816177,1.404290623703428,17.784467434031807,17.759375944705514,17.872834980669392,27.30152457371604,27.986450982539925,29.1100048076783,1362.2598741598747,1335.4951770831888,1278.4888261108943,63.69382532240914,64.134135498724,67.21057474178392,0,0,26
M-05,INJECTION_MOLDER,2026-05-27,Morning,123.02,984,94.77,0,RUNNING,308.95634846055884,0.4307576935613542,309.77480793649835,318.84203121821383,1.091591273987892,321.05577852933726,1.3328174972272304,0.3467362150359988,1.9460869487891543,17.747962511434686,1.8459186770324605,20.586672269631794,32.515501087399684,7.27966805843801,47.03821033440357,1084.7645373392147,254.7827574063761,1749.6908848492844,74.09004146892133,17.349193338663646,100.0,0,17.67,0.0,0.0,123.0,96.84,97.81,96.70333333333333,122.4,120.69333333333333,122.01222222222223,0.0,0.0,0.0,309.29414684789987,309.21662670335587,309.1762406710531,318.98740553702595,319.1320457118973,319.14356272374295,1.4571880306468017,1.4413890672436,1.4126580734741954,17.621693725065974,17.6731704855581,17.830417260495853,30.632946856261757,28.5533894586759,29.093761460783874,1148.838523515398,1284.6727097541166,1273.1902741547897,71.74879478543727,66.40883023080723,67.20716087037974,0,0,27
M-05,INJECTION_MOLDER,2026-05-27,Afternoon,117.99,944,93.8,0,RUNNING,310.26351147076196,0.4862708146474481,310.9870602134273,320.59453679205217,1.0072318998861776,322.7133158070343,1.3371118784541831,0.31526643854076025,2.07302982431141,18.13418576014272,1.4509435748807127,22.087971191633397,30.86148008870509,8.374764445011632,49.28085795210661,1166.9129028906798,328.3480533465611,1992.156351276393,71.23305977333759,19.365133170092857,100.0,0,18.0,0.0,0.0,118.0,94.77,96.20333333333333,96.9011111111111,123.02,122.08333333333333,122.08777777777777,0.0,0.0,0.0,308.95634846055884,309.14456385237656,309.017592127826,318.84203121821383,319.0590356635758,319.00188438754685,1.3328174972272304,1.421762318757963,1.4004831995777671,17.747962511434686,17.71804122351082,17.786324608319493,32.515501087399684,30.14999083912582,29.47247842622019,1084.7645373392147,1198.6209783381626,1243.8932937380582,74.09004146892133,69.84422052558925,67.94049025278412,0,0,27
M-05,INJECTION_MOLDER,2026-05-27,Night,121.58,973,97.56,0,RUNNING,309.4721043070218,0.2913051166427288,310.1024959129378,319.452273356788,0.84040781288736,321.3185644673433,1.3370819202709059,0.3147136295494842,2.0053526288622834,18.01701175785262,1.7354557667689936,21.85519467333437,28.903866056004684,7.8034808099862305,44.6806563715017,1241.7748108742408,362.0788283570699,2083.3126629339886,68.67722882498448,17.984942070724145,100.0,0,18.33,0.0,0.0,121.625,93.8,95.13666666666666,96.8788888888889,117.99,121.13666666666667,121.44333333333333,0.0,0.0,0.0,310.26351147076196,309.5046689264069,309.104001306375,320.59453679205217,319.47465784909735,319.11114001407145,1.3371118784541831,1.3757058021094053,1.39486714571714,18.13418576014272,17.834613998881128,17.803933119317872,30.86148008870509,31.336642677455504,29.47711023523567,1166.9129028906798,1133.5053212484308,1245.6068073405795,71.23305977333759,72.35729867589872,67.87878020720922,0,0,27
M-05,INJECTION_MOLDER,2026-05-28,Morning,121.65,973,99.35,0,RUNNING,307.9644891450549,0.48091250763699567,309.17207684558707,317.87396398870163,0.9202779889114683,319.5499857036801,1.3533561897716813,0.28836405225821576,1.9984993032940543,18.379076179713067,1.5272504452859645,21.68002403238341,30.426084183369177,6.864824649161059,44.863527315429,1169.816331857869,365.95105289950004,2784.5410810445987,71.31059160719678,17.085002188998757,100.0,0,18.67,0.0,0.0,121.625,97.56,95.37666666666667,96.99666666666667,121.58,120.86333333333333,121.77222222222223,0.0,0.0,0.0,309.4721043070218,309.56398807944754,309.193087833423,319.452273356788,319.629613789018,319.19536332989884,1.3370819202709059,1.3356704319841064,1.392399244807864,18.01701175785262,17.966386676476677,17.816719098534577,28.903866056004684,30.760282410703145,29.342798301529488,1241.7748108742408,1164.4840837013783,1249.2886713209034,68.67722882498448,71.3334433557478,67.58586968887123,0,0,28
M-05,INJECTION_MOLDER,2026-05-28,Afternoon,119.98,960,97.34,0,RUNNING,307.7371177501548,0.37330956367996776,308.4195743484975,317.51842422157813,0.9921775655023987,319.9371669552024,1.3671740636652652,0.24599644127346118,1.7822997065929302,17.838142820778213,1.7050867596116672,21.76924140959216,31.26433624530498,9.463573175225575,50.8299778531705,1185.4785600049295,447.3192580285809,2774.941064486421,70.89958682383407,21.862599439573696,100.0,0,19.0,0.0,0.0,120.0,99.35,96.90333333333332,96.92444444444445,121.65,120.40666666666668,121.15777777777778,0.0,0.0,0.0,307.9644891450549,309.2333683076129,309.1154178205082,317.87396398870163,319.306924712514,319.11663528385566,1.3533561897716813,1.3425166628322567,1.388570388325657,18.379076179713067,18.176757899236136,17.8478150224098,30.426084183369177,30.063810109359647,29.43261811158537,1169.816331857869,1192.8346818742632,1238.9528218799824,71.31059160719678,70.40696006850628,67.93122106104151,0,0,28
M-05,INJECTION_MOLDER,2026-05-28,Night,116.07,929,95.23,0,RUNNING,308.13888568613027,0.45522758553921133,308.9869174754276,317.96217435346676,1.0659065448093783,319.7126787097062,1.4740231994818753,0.22023948927717413,1.8437029607685969,17.657314861793537,2.0970820881265464,23.05868868869581,33.05786852754964,8.708875283668174,47.07635919034948,1102.1116843937014,382.073378770967,2445.880227863129,76.71183333802468,20.66360158477031,100.0,0,19.33,0.0,0.0,116.125,97.34,98.08333333333333,97.11444444444446,119.98,121.07,120.91333333333334,0.0,0.0,0.0,307.7371177501548,308.3912370674105,308.9841794912592,317.51842422157813,318.28155385568925,318.9457255227419,1.3671740636652652,1.3525373912359508,1.3818420217423246,17.838142820778213,18.078076919447966,17.89068895434487,31.26433624530498,30.19809549489294,29.8403963849628,1185.4785600049295,1199.0232342456795,1222.6745775257666,70.89958682383407,70.29580241867178,68.9290788644315,0,0,28
M-05,INJECTION_MOLDER,2026-05-29,Morning,122.5,980,97.7,0,RUNNING,306.5474489525336,0.33237656400071214,307.3799622875287,316.7102577743131,0.7472933050403571,318.51409871409544,1.4384826990959303,0.3945576793677243,2.449063093778559,17.954078884443753,1.3089899267435108,21.012184003941226,31.243798656015485,7.014615648302507,46.18990251715936,1142.4814196731388,280.9813568376184,1950.300574755243,71.9468755978115,16.45119029603631,100.0,0,19.67,0.0,0.0,122.5,95.23,97.30666666666666,96.83111111111111,116.07,119.23333333333333,120.26333333333332,0.0,0.0,0.0,308.13888568613027,307.94683086044665,308.90914854775,317.96217435346676,317.7848541879155,318.8488378962769,1.4740231994818753,1.3981844843062738,1.3917479945113267,17.657314861793537,17.95817795409494,17.865911705376575,33.05786852754964,31.582762985407925,30.298811618262327,1102.1116843937014,1152.4688587521666,1200.5418840692207,76.71183333802468,72.97400392301851,70.23875916985784,0,0,29
M-05,INJECTION_MOLDER,2026-05-29,Afternoon,118.94,952,95.86,0,RUNNING,307.5753362436777,0.7374467801433715,308.96175209828897,317.5751953895233,1.0590313432733582,320.0811162393754,1.393372934141458,0.22419060373086655,1.8661833450967111,17.923469589366675,1.9224002506995375,22.23660422134329,31.320633055897662,6.244940907901943,45.30565792285339,1116.3134278532614,267.84302241721036,1964.781752069067,74.57352407663734,14.55207778015447,100.0,0,20.0,0.0,0.0,119.0,97.7,96.75666666666667,96.62111111111112,122.5,119.51666666666667,120.66888888888889,0.0,0.0,0.0,306.5474489525336,307.47448412960625,308.6174720965319,316.7102577743131,317.39695211645267,318.5876374975141,1.4384826990959303,1.4265599874143569,1.3969463230015255,17.954078884443753,17.816512189005167,17.90377043725071,31.243798656015485,31.85533447629003,30.689711808258508,1142.4814196731388,1143.3572213572563,1178.2709605232276,71.9468755978115,73.18609858655674,71.1457597268841,0,0,29
M-05,INJECTION_MOLDER,2026-05-29,Night,114.54,916,95.29,0,RUNNING,309.10916143485895,0.20606283666406974,309.58272237468685,319.398208620607,1.1947902409134272,322.30546685845854,1.3248458011645345,0.33460506160438613,2.014207412039586,17.876240512308517,1.3394779835349713,20.55646781862728,27.96695297736199,7.485114858760331,46.447235661108,1274.7617993397382,336.94789720034487,1899.5358240212252,65.54442110121553,16.41832327216589,100.0,0,20.33,0.0,0.0,114.5,95.86,96.26333333333332,96.49444444444445,118.94,119.17,120.45888888888891,0.0,0.0,0.0,307.5753362436777,307.4205569607805,308.43882098486597,317.5751953895233,317.41587583910103,318.39069584796255,1.393372934141458,1.4352929442397546,1.3878453791950367,17.923469589366675,17.84495444520132,17.919215121176805,31.320633055897662,31.874100079820924,31.136279417389794,1116.3134278532614,1120.3021773067005,1150.9435776002704,74.57352407663734,74.41074433749117,72.35461514402056,0,0,29
M-05,INJECTION_MOLDER,2026-05-30,Morning,123.21,986,97.15,0,RUNNING,309.0196367822495,0.31717769719842276,309.53208792377626,318.67308185783463,1.052459141523736,320.5944270622988,1.405852956283913,0.27552478788760204,1.9437097993645855,17.966398046208244,1.8058134584288,21.48204826694765,30.606953791945735,8.554369967791246,49.821764683874704,1173.1398056343442,321.37634721986524,1823.7198594215668,70.98388352353807,18.674655887499753,100.0,0,20.67,0.0,0.0,123.25,95.29,96.28333333333335,96.32222222222222,114.54,118.66000000000001,119.58555555555556,0.0,0.0,0.0,309.10916143485895,307.74398221035676,308.41826705008367,319.398208620607,317.8945539281478,318.4363406350271,1.3248458011645345,1.3855671448006408,1.3731406870303404,17.876240512308517,17.917929662039647,17.94749809753709,27.96695297736199,30.177128229758377,30.84005787528982,1274.7617993397382,1177.852215622046,1164.9350526918636,65.54442110121553,70.68827359188812,71.66524029021814,0,0,30
M-05,INJECTION_MOLDER,2026-05-30,Afternoon,121.8,974,96.1,0,RUNNING,308.69087177345017,0.6317313076328499,309.6992353904606,318.5368680872931,0.9925753461211099,320.68405585326843,1.4008203234437469,0.30528818691845644,2.109009273844871,18.2158753509219,1.7752992449866987,20.74678476836804,30.935114586182788,7.765479598334039,48.27639258652544,1147.2909327341401,275.2839528267778,1808.924223972484,72.05970151721044,16.913937688622,100.0,0,21.0,0.0,0.0,121.75,97.15,96.10000000000001,96.58666666666667,123.21,118.89666666666666,119.60666666666667,0.0,0.0,0.0,309.0196367822495,308.56804482026206,308.425299085827,318.67308185783463,318.548828622655,318.4175684838739,1.405852956283913,1.374690563863302,1.3812557380366384,17.966398046208244,17.922036049294476,17.971768712511928,30.606953791945735,29.964846608401796,30.627997064683825,1173.1398056343442,1188.0716776091147,1174.7545269468783,70.98388352353807,70.36727623379697,71.32011162962,0,0,30
M-05,INJECTION_MOLDER,2026-05-30,Night,120.03,960,94.68,0,RUNNING,308.2757647759217,0.29838103254987247,308.79446326781243,318.2429649602034,1.2131992519027435,320.08220922060605,1.3926899632933387,0.26475434675891807,1.995871367059134,18.529348529177533,1.516370329146662,21.12926533372112,28.278385734121308,9.355809864040141,52.64598970958974,1345.764191812112,544.5104481008797,2870.2045032891306,66.30279059744291,19.750538106327383,100.0,0,21.33,0.0,0.0,120.0,96.1,96.18,96.84222222222222,121.8,119.84999999999998,120.03,0.0,0.0,0.0,308.69087177345017,308.93988999685286,308.2505613416813,318.5368680872931,318.86938618857823,318.1889386277895,1.4008203234437469,1.3771730269640647,1.38833445414659,18.2158753509219,18.019504636479553,17.980845333709613,30.935114586182788,29.83634045183017,30.63617867551468,1147.2909327341401,1198.3975125694076,1172.574308040596,72.05970151721044,69.52933538065467,71.41196071227255,0,0,30
M-05,INJECTION_MOLDER,2026-05-31,Morning,122.52,980,96.84,0,RUNNING,307.2242100572355,0.20433390955702865,307.5560489024404,317.03774822570097,0.8498822216464775,318.7237138418513,1.3409277788902085,0.3031058149646474,1.8418191634324,18.201633897449337,1.6908314434792473,21.04340933649977,30.675890750683557,9.396999987474143,58.53245487990688,1188.406899820883,351.60234448865185,2076.0927687076405,69.67762767336127,17.657290955554465,100.0,0,21.67,0.0,0.0,122.5,94.68,95.97666666666667,96.52222222222223,120.03,121.67999999999999,119.85777777777778,0.0,0.0,0.0,308.2757647759217,308.6620911105405,308.11763472711465,318.2429649602034,318.4843049684437,318.05457102816905,1.3926899632933387,1.3997877476736662,1.394513125593527,18.529348529177533,18.237207308769225,18.037771641634606,28.278385734121308,29.94015137074994,30.56668086197208,1345.764191812112,1222.0649767268653,1184.1286837003595,66.30279059744291,69.78212521273046,71.14813424254571,0,0,31
M-05,INJECTION_MOLDER,2026-05-31,Afternoon,121.77,974,94.95,0,RUNNING,307.6400230327809,0.4551885141741882,308.5986532027556,317.76436182121745,0.9770003940625425,320.69254392241,1.353373211050371,0.24360963643688274,1.7755362801844945,17.762715460537418,1.478091314914103,20.119419207698144,28.18179124123707,9.323242435335857,45.7890654863606,1259.1718065571702,381.99026953609325,2190.1087937868283,65.03674022035882,22.23202444495536,100.0,0,22.0,0.0,0.0,121.75,96.84,95.87333333333333,96.24333333333334,122.52,121.45,119.95444444444443,0.0,0.0,0.0,307.2242100572355,308.0636155355358,308.0353814951347,317.03774822570097,317.9391937577325,317.9616581656134,1.3409277788902085,1.3781460218757646,1.3931321910511414,18.201633897449337,18.315619259182924,18.018055832494188,30.675890750683557,29.96313035699588,30.59443714722924,1188.406899820883,1227.1540081223784,1186.1943023629165,69.67762767336127,69.34670659600486,70.96669380545286,0,0,31
M-05,INJECTION_MOLDER,2026-05-31,Night,112.25,898,98.19,0,RUNNING,307.03565067829925,0.24987259375517537,307.4383998354719,316.98117180296174,1.1783563919611904,319.06491408361995,1.4988760000466346,0.2529363369452638,2.055069360328602,17.67667821447402,1.9107336894670561,21.65762927334199,31.080256887898848,8.36360367273846,48.12894494586601,1162.9605722119136,352.53611886047696,2342.9270010235077,71.32165568070332,19.267709794131125,100.0,0,22.33,0.0,0.0,112.25,94.95,95.49000000000001,95.97777777777777,121.77,121.44,120.15333333333335,0.0,0.0,0.0,307.6400230327809,307.71333262197936,308.0245931932043,317.76436182121745,317.6816916690406,317.9889845655733,1.353373211050371,1.3623303177446395,1.3915987629828195,17.762715460537418,18.164565962388096,18.009675014689655,28.18179124123707,29.045355908680644,30.251932146777246,1259.1718065571702,1264.4476327300551,1194.382440868721,65.03674022035882,67.00571949705433,70.31526640506674,0,0,31
M-05,INJECTION_MOLDER,2026-06-01,Morning,118.28,946,94.27,0,RUNNING,307.9996484339475,0.4802008836748106,308.4937165349129,317.9643155896676,0.8939505555511217,320.253707040494,1.3667884847035068,0.3459609899478766,1.9895501653630867,18.66274280963052,2.0754186992027464,23.028804021774757,29.510143349799606,5.921280520213052,39.19492174328465,1178.6110318914482,243.4993394610289,1708.2508348561607,68.45683489700977,14.012164133292156,97.9450275326787,0,22.67,0.0,0.0,118.25,98.19,96.66000000000001,96.30666666666667,112.25,118.84666666666665,119.72888888888889,0.0,0.0,0.0,307.03565067829925,307.29996125610523,307.90201152566743,316.98117180296174,317.26109394996007,317.87998428218384,1.4988760000466346,1.397725663329071,1.394360185267793,17.67667821447402,17.880342524153594,18.01182649832082,31.080256887898848,29.979312959939822,30.03219752014938,1162.9605722119136,1203.5130928633223,1201.143428404078,71.32165568070332,68.67867452480779,69.71635777647548,0,0,32
M-05,INJECTION_MOLDER,2026-06-01,Afternoon,122.5,980,95.22,0,RUNNING,309.09427672728117,0.26039703395103797,309.6001950183901,319.0555742006354,1.3539984462151475,321.1988621713115,1.2977568075228432,0.283483640992499,1.8339002056512297,18.47361493430715,1.7944676533908006,21.968007211285613,27.39070861082754,9.279456283771909,45.2554325224819,1325.7522743445293,480.2086462637293,3111.494772990808,64.84314377804368,21.130783624244536,100.0,0,23.0,0.0,0.0,122.5,94.27,95.80333333333334,95.92555555555556,118.28,117.43333333333334,119.25999999999999,0.0,0.0,0.0,307.9996484339475,307.5584407150092,308.0633670236023,317.9643155896676,317.56994973794895,318.01932403944545,1.3667884847035068,1.406345898600171,1.3863941614464126,18.66274280963052,18.034045494880655,18.090566934452685,29.510143349799606,29.59073049297851,29.839569152792063,1178.6110318914482,1200.2478035535107,1205.157829761668,68.45683489700977,68.2717435993573,69.32857547638638,0,0,32
M-05,INJECTION_MOLDER,2026-06-01,Night,123.82,991,95.63499999999999,0,RUNNING,309.28546992169515,0.18287400374938098,309.6827743275461,319.2853539677806,1.1033990981597468,321.41454776732684,1.3588319325211802,0.24721734149674557,1.8012188042453383,17.41704110196892,1.7097127027227716,20.271966198198303,29.68974691237429,5.929033482139688,40.21486310182912,1185.906591173133,342.17915282189296,2689.8645084271807,70.0817729555039,14.570633691765655,95.70198033531813,0,23.33,0.0,0.0,123.875,95.22,95.89333333333333,95.85444444444445,122.5,117.67666666666666,119.65555555555557,0.0,0.0,0.0,309.09427672728117,308.04319194650935,308.2321381884472,319.0555742006354,318.0003538644216,318.1838105740135,1.2977568075228432,1.387807097424328,1.3757701473776776,18.47361493430715,18.27101198613723,18.151694195001628,27.39070861082754,29.327036282842,29.402910881117602,1325.7522743445293,1222.4412928159638,1228.428812705142,64.84314377804368,68.20721145191891,68.24742210987597,0,0,32
M-05,INJECTION_MOLDER,2026-06-02,Morning,122.46,980,93.27,0,RUNNING,309.7248919668339,0.3242236579193624,310.2381797986216,319.80182759490754,0.9116799239383593,321.3337942753452,1.5088263626791218,0.25411167449272326,2.078407453296645,17.13245536232067,1.7536598966792607,20.561393876388458,30.067303458891,7.770580848671968,43.93358238725179,1220.0199626265983,440.93398847737717,3048.194105522402,69.66364613532252,19.03471217928507,100.0,0,23.67,0.0,0.0,122.5,95.63499999999999,95.04166666666667,95.89277777777778,123.82,121.53333333333335,120.68666666666665,0.0,0.0,0.0,309.28546992169515,308.793131694308,308.2517280203179,319.2853539677806,318.76841458602786,318.1712711681439,1.3588319325211802,1.34112574158251,1.3795463841950824,17.41704110196892,18.184466281968863,18.100672038297226,29.68974691237429,28.863532957667143,29.594332429452304,1185.906591173133,1230.0899658030369,1218.5560117977413,70.0817729555039,67.79391721018577,68.75157231590804,0,0,33
M-05,INJECTION_MOLDER,2026-06-02,Afternoon,124.36,995,96.52,0,RUNNING,309.80422360637544,0.2090741282545638,310.1993817631154,319.7875812486238,1.297239776745403,322.42567273012696,1.3969687146677447,0.3108209853108733,2.2051858517489022,18.232317409400103,1.6763716623382716,21.416648800951837,29.675317834316328,7.153362082818923,43.45750377975746,1199.5041998648353,326.3041879062045,2146.3300341483787,68.99161033093132,17.06310913442805,100.0,0,24.0,0.0,0.0,124.375,93.27,94.70833333333333,95.46166666666666,122.46,122.92666666666666,120.60333333333334,0.0,0.0,0.0,309.7248919668339,309.36821287193675,308.3300897074939,319.80182759490754,319.3809185877745,318.29668736115195,1.5088263626791218,1.388471700907715,1.3909878737945502,17.13245536232067,17.674370466198912,18.008011740087497,30.067303458891,29.04925299403094,29.534371281335112,1220.0199626265983,1243.8929427147534,1223.764918130214,69.66364613532252,68.19618762295669,68.60487927277296,0,0,33
M-05,INJECTION_MOLDER,2026-06-02,Night,118.67,949,96.29,0,RUNNING,309.1334139673473,0.3332915566819728,309.67628524023854,319.2709502299167,1.206329838648887,321.41424262910823,1.4419654682190157,0.2970416900133628,1.9839520278197136,17.675095177865725,1.8110874006949966,22.451737607136653,28.58722243003907,7.32920504607844,43.70784165928151,1264.4611438684046,384.71304912388496,2258.999892105465,67.33031378151836,17.41948440935274,100.0,0,24.33,0.0,0.0,118.625,96.52,95.14166666666665,95.50833333333334,124.36,123.54666666666667,120.88777777777779,0.0,0.0,0.0,309.80422360637544,309.6048618316349,308.4537954667078,319.7875812486238,319.624920937104,318.4356554901887,1.3969687146677447,1.4215423366226823,1.3905599172638832,18.232317409400103,17.593937957896568,18.009838635473965,29.675317834316328,29.810789401860536,29.394393864461065,1199.5041998648353,1201.810251221522,1229.566392255847,68.99161033093132,69.57900980725258,68.26398025207529,0,0,33
M-05,INJECTION_MOLDER,2026-06-03,Morning,113.61,909,96.82,0,RUNNING,308.59973938588945,0.2657523158881725,309.0858658242465,318.3799070245743,1.1988693409240558,320.6876611830349,1.413501289097377,0.3307991149145776,2.262388627073856,18.404927588795132,1.7399069574215926,22.48141980597984,31.220140830258106,9.578996539598016,54.74753073391755,1192.547796341574,432.76263810413985,2643.2133702237134,69.0998703139239,20.367692981558577,100.0,0,24.67,0.0,0.0,113.625,96.29,95.36,95.68722222222222,118.67,121.83,120.73666666666665,0.0,0.0,0.0,309.1334139673473,309.5541765135189,308.54908982131064,319.2709502299167,319.62011969114934,318.54987607571246,1.4419654682190157,1.4492535151886274,1.3960349733667363,17.675095177865725,17.6799559831955,17.914921596439317,28.58722243003907,29.44328124108213,29.428709052896366,1264.4611438684046,1227.995102119946,1220.5327202621017,67.33031378151836,68.66185674925741,68.37814949475033,0,0,34
M-05,INJECTION_MOLDER,2026-06-03,Afternoon,116.29,930,93.29,0,RUNNING,308.69786853051437,0.14334832568102976,309.0102330108998,318.59995873128156,1.0592254698310994,320.59436040269827,1.4831326528629902,0.3293810501832136,2.1879846433107155,17.43231196018203,1.7586437575463507,22.609330557636422,29.571713649648718,9.037437182864629,46.31887946479069,1245.1661519328222,418.6332381123973,2489.757686577275,68.68652713941371,20.39688489332594,100.0,0,25.0,0.0,0.0,116.25,96.82,96.54333333333334,95.685,113.61,118.88,119.74666666666667,0.0,0.0,0.0,308.59973938588945,309.17912565320404,308.7019264133834,318.3799070245743,319.14614616770496,318.6990048311428,1.413501289097377,1.417478490661379,1.4040986967230884,18.404927588795132,18.10411339202032,17.937509784366632,31.220140830258106,29.827560364871164,29.489181283960207,1192.547796341574,1218.8377133582715,1220.992819875512,69.0998703139239,68.47393147545785,68.31395423259062,0,0,34
M-05,INJECTION_MOLDER,2026-06-03,Night,114.52,916,98.23,0,RUNNING,308.68152628963935,0.4290446313517115,309.34962265839584,318.7126463793031,0.9377382438651094,320.6879634266879,1.4242532048330865,0.28398122178236007,2.029892357282121,17.730355152622284,1.9298882185186408,23.53795993346902,30.462439670713813,8.405913874092855,44.73753647932149,1206.1273223837522,450.6083735134411,2768.0962626800983,70.27084132276221,20.04267055147324,100.0,0,25.33,0.0,0.0,114.5,93.29,95.46666666666668,95.50055555555555,116.29,116.19,119.13777777777779,0.0,0.0,0.0,308.69786853051437,308.810340627917,308.81946480202043,318.59995873128156,318.7502719952575,318.791848932261,1.4831326528629902,1.4461998033931278,1.418516412480046,17.43231196018203,17.83744490894763,17.900798284327138,29.571713649648718,29.793025636648625,29.64361710711706,1245.1661519328222,1234.0583640476004,1219.436636028362,68.68652713941371,68.37223707828532,68.71948611248561,0,0,34
M-05,INJECTION_MOLDER,2026-06-04,Morning,117.73,942,99.07,0,RUNNING,311.0801010087624,0.9068091954293,312.57664276777325,321.14211341462885,1.1649424353139137,323.47245661398154,1.4047216998375454,0.3223127863415577,2.0807329866253657,18.24937941055113,1.9030188439185698,23.05385372789552,28.955102511294804,8.581644204287068,49.861946025484976,1257.3171718802948,386.2723677080838,2298.831634202197,66.08552739349932,18.405176232590676,100.0,0,25.67,0.0,0.0,117.75,98.23,96.11333333333334,95.505,114.52,114.80666666666666,119.39,0.0,0.0,0.0,308.68152628963935,308.6597114020144,309.00233986994704,318.7126463793031,318.56417071171967,318.98423499629894,1.4242532048330865,1.440295715597818,1.4102249907896516,17.730355152622284,17.85586490053315,17.906762388565838,30.462439670713813,30.41809805020688,29.574970749652053,1206.1273223837522,1214.6137568860495,1224.2329416030107,70.27084132276221,69.35241292536661,68.60272896160326,0,0,35
M-05,INJECTION_MOLDER,2026-06-04,Afternoon,118.07,945,92.59,0,RUNNING,312.42873058943496,0.2462751795066962,312.86931968133706,322.41786050007846,0.8416877430817828,323.8342448579259,1.3416429686270626,0.23358801939263524,1.7836822346847403,18.10822093014445,2.109057026021906,21.398870147940368,29.990915792585522,10.235005991999765,50.73325609422395,1279.484977068889,524.2229909947621,2956.719464278849,70.70095382829466,22.282951832479988,100.0,0,0.33,1.0,0.0,118.125,99.07,96.86333333333334,96.03833333333334,117.73,116.18,119.3288888888889,0.0,0.0,0.0,311.0801010087624,309.48649860963866,309.34461237825985,321.14211341462885,319.48490617507116,319.33732364351687,1.4047216998375454,1.4373691858445408,1.4144397924712115,18.24937941055113,17.80401550778515,17.860833122001463,28.955102511294804,29.66308527721911,29.51329954537374,1257.3171718802948,1236.2035487322898,1232.9780682684384,66.08552739349932,68.34763195189174,68.3392503501021,1,0,35
M-05,INJECTION_MOLDER,2026-06-04,Night,115.98,928,98.47,0,RUNNING,313.0149861682506,0.330517512239286,313.764805094273,323.15059042140626,1.1268603044996295,324.91790150115605,1.4302612514698323,0.28701827955401543,2.077771710184479,18.025885635425652,1.4490880989503963,21.758905524791025,28.03777393823197,7.296322443743889,38.68799987714879,1317.5029364530574,552.9287008422054,3487.014276173335,65.92349315517488,18.67647252634804,97.3262120162009,0,0.67,1.0,0.0,116.0,92.59,96.63,95.7461111111111,118.07,116.77333333333333,118.83666666666666,0.0,0.0,0.0,312.42873058943496,310.73011929594554,309.7151072518325,322.41786050007846,320.7575400980035,319.71091101012166,1.3416429686270626,1.3902059577658983,1.4193160325939025,18.10822093014445,18.02931849777262,17.820233788205606,29.990915792585522,29.802819324864714,29.80221145445796,1279.484977068889,1247.6431571109788,1227.8372574600337,70.70095382829466,69.01910751485205,68.99011813346331,1,0,35
M-05,INJECTION_MOLDER,2026-06-05,Morning,119.44,956,94.9,0,RUNNING,312.47366715316423,0.26238307142291173,313.0926580992585,322.49304357558583,1.07433169341186,324.53948324624383,1.3909074455066954,0.3812738369066716,1.9734283517404847,17.851460773408448,1.9675054777752343,23.88325103256596,31.897784892098827,7.7680939499280655,53.951378781216896,1106.524013430959,266.81948633859685,1878.8204625510368,74.13247988317997,16.677501254536402,100.0,0,1.0,1.0,0.0,119.5,98.47,96.71,96.0611111111111,115.98,117.25999999999999,117.96555555555557,0.0,0.0,0.0,313.0149861682506,312.1746059221493,310.1294979458942,323.15059042140626,322.2368547787045,320.14038172719114,1.4302612514698323,1.3922086399781468,1.4272526235881975,18.025885635425652,18.127828658707077,17.887883180811908,28.03777393823197,28.99459741403743,29.61865890177548,1317.5029364530574,1284.768361800747,1242.4590736022476,65.92349315517488,67.56999145898962,68.52808704453787,1,0,36
M-05,INJECTION_MOLDER,2026-06-05,Afternoon,120.58,965,97.0,0,RUNNING,311.6949059945123,0.38969197268167105,312.60770414846377,321.45209477392825,1.0126770424551486,323.562235561689,1.3438129355960677,0.283088736187421,1.9348359412654224,17.72474404597149,1.9271650035876198,21.49057264665126,29.836715917495532,8.855584503082468,46.84262646743954,1171.0195259705363,324.41421112548693,2221.309108862654,69.48717395550771,19.734915854535043,100.0,0,1.33,1.0,0.0,120.625,94.9,95.32000000000001,96.24222222222221,119.44,117.83,117.63000000000001,0.0,0.0,0.0,312.47366715316423,312.63912797028325,310.43491741104197,322.49304357558583,322.6871648323568,320.4394057250443,1.3909074455066954,1.38760388853453,1.41415052168015,17.851460773408448,17.99518911299285,17.967772670932774,31.897784892098827,29.975491540972104,29.822045727687467,1106.524013430959,1234.5039756509684,1229.8484125805098,74.13247988317997,70.25230895554982,69.02462412763315,1,0,36
M-05,INJECTION_MOLDER,2026-06-05,Night,124.02,992,98.9,0,RUNNING,311.41504499667354,0.18705284290892776,311.8440799235168,321.41612656683327,1.0836228295013453,323.2763878644965,1.4139963046240769,0.3303853088598473,2.2903990093774222,17.93268394063323,1.708465533011107,21.675778479525658,27.977215640673293,6.497460860678842,43.3721238993923,1264.4758083438344,326.19014776658923,2260.198844831939,64.73665838594893,14.757360251738337,100.0,0,1.67,1.0,0.0,124.0,97.0,96.79,96.29555555555555,120.58,118.66666666666667,117.21000000000001,0.0,0.0,0.0,311.6949059945123,312.3945197719757,310.6449932319461,321.45209477392825,322.36524292364015,320.6243516723004,1.3438129355960677,1.388327210857532,1.4082443240055191,17.72474404597149,17.867363484935197,17.911375630551817,29.836715917495532,29.92409158260877,29.839978848040705,1171.0195259705363,1198.3488252848508,1226.6834488144766,69.48717395550771,69.84771566462085,69.07968675258607,1,0,36
M-05,INJECTION_MOLDER,2026-06-06,Morning,118.7,950,93.35,0,RUNNING,311.5029451789508,0.15093681311197696,311.7336471370753,321.502762063234,1.0482456357016665,323.127957841016,1.3724776216560752,0.3167759216488235,1.9307992139750647,17.668068784707653,1.8203915262206307,21.807777286958142,26.91790630396099,7.62440513360257,38.95291851311195,1379.233590514865,545.7746884291804,3277.2468643737925,62.6075766572475,18.979410763346262,94.7514577840779,0,2.0,1.0,0.0,118.75,98.9,96.93333333333334,96.58555555555556,124.02,121.34666666666665,117.80444444444444,0.0,0.0,0.0,311.41504499667354,311.8612060481167,310.89850779076016,321.41612656683327,321.7870883054491,320.8627045986244,1.4139963046240769,1.3829055619089468,1.4051366391616371,17.93268394063323,17.83629625333772,17.939996604192647,27.977215640673293,29.903905483422548,29.772200315888956,1264.4758083438344,1180.6731159151097,1226.6850782006356,64.73665838594893,69.45210407487887,68.79150281974503,1,0,37
M-05,INJECTION_MOLDER,2026-06-06,Afternoon,118.51,948,96.52,0,RUNNING,311.01050664340823,0.4101678893921694,311.5234359907916,320.93052216224754,1.074297264216264,323.3218621534759,1.3991563322460858,0.201175309974439,1.7904184434875228,18.520635711945033,1.8033373174214233,22.88454956118961,32.23671957849094,7.348896638735287,46.33626737201361,1101.8299093185185,317.21382148627123,2298.986191834824,75.20073187109293,17.464142678687036,100.0,0,2.33,1.0,0.0,118.5,93.35,96.41666666666667,96.19999999999999,118.7,121.10000000000001,118.36999999999999,0.0,0.0,0.0,311.5029451789508,311.5376320567122,311.2210862122114,321.502762063234,321.4569944679985,321.20968849180883,1.3724776216560752,1.3767622872920733,1.4005784538903814,17.668068784707653,17.775165590437457,17.85812340373848,26.91790630396099,28.24394595404327,29.29417425741149,1379.233590514865,1271.576308276412,1247.4279442198902,62.6075766572475,65.6104696662347,68.07013685789211,1,0,37
M-05,INJECTION_MOLDER,2026-06-06,Night,116.53,932,94.09,0,RUNNING,310.7704183073909,0.34627473983558343,311.50585440198364,320.83592648804927,0.9733719726570581,323.40186371856555,1.3853859194612905,0.25536030423992756,1.93980205895686,18.194504719539356,1.9428701707942575,21.849552209968795,30.338564588440928,6.553417654878725,44.00236126894964,1161.5778927466085,254.99434475190955,1808.017254679211,71.1512429957997,16.026728418934535,100.0,0,2.67,1.0,0.0,116.5,96.52,96.25666666666666,96.55888888888889,118.51,120.41000000000001,118.61666666666666,0.0,0.0,0.0,311.01050664340823,311.30949893967755,311.4780460025329,320.93052216224754,321.2831369307716,321.4686399841384,1.3991563322460858,1.3952100861754129,1.3912477515996142,18.520635711945033,18.04046281242864,17.979048265045485,32.23671957849094,29.043947174375074,29.590286027282858,1101.8299093185185,1248.5131027257394,1231.501695040523,75.20073187109293,67.51498897142979,68.79393738363423,1,0,37
M-05,INJECTION_MOLDER,2026-06-07,Morning,121.24,970,95.9,0,RUNNING,311.10013798474216,0.26277952343750377,311.64047277642766,320.9743196977545,0.9204876383184529,323.4902371916233,1.3684281114524781,0.3144712180284238,2.117219035991321,17.711026601444306,1.7549882225791469,21.284551448238343,27.568123351581825,6.25913387652733,37.161609089827365,1304.5996181822743,529.3019327174793,3897.62299920901,62.625858074028486,15.662713225490755,91.20704118518758,0,3.0,1.0,0.0,121.25,94.09,94.65333333333332,96.0988888888889,116.53,117.91333333333334,118.83999999999999,0.0,0.0,0.0,310.7704183073909,311.0946233765833,311.71014511561646,320.83592648804927,321.0897369045103,321.7045599962213,1.3853859194612905,1.3856732911211502,1.3869291643360815,18.194504719539356,18.127736405397346,18.030620439147384,30.338564588440928,29.83106349029762,29.576522129252535,1161.5778927466085,1214.213797526664,1226.5517584141735,71.1512429957997,69.65318384138004,68.89175979174951,1,0,38
M-05,INJECTION_MOLDER,2026-06-07,Afternoon,120.12,961,94.48,0,RUNNING,310.9020307615346,0.22002852373269652,311.3734592624887,320.87083796103883,1.0067406737525122,323.2459519234074,1.3239721386064747,0.27006032406486186,1.7799269367235906,18.559708196078176,1.8122157352358932,21.7236660552958,30.96884746006379,9.02686781624669,52.15236724502341,1173.0431648949134,382.0000550934317,2477.165761474731,71.02043072678437,19.949333391016452,100.0,0,3.33,1.0,0.0,120.125,95.9,95.50333333333333,95.74666666666666,121.24,118.76,119.22999999999999,0.0,0.0,0.0,311.10013798474216,310.9603543118471,311.7123714462809,320.9743196977545,320.9135894493504,321.685916249902,1.3684281114524781,1.384323454386618,1.3828965434044072,17.711026601444306,18.142055677642897,17.970803460357736,27.568123351581825,30.047802506171227,29.42241333372887,1304.5996181822743,1189.3358067491338,1231.8053635588378,62.625858074028486,69.6592776469737,68.50735208958608,1,0,38
M-05,INJECTION_MOLDER,2026-06-07,Night,119.17,953,94.15,0,RUNNING,312.0333140622266,0.5246760399838053,312.8476223922182,321.9692391599074,1.0885817668379514,323.51599669939145,1.3796705190480558,0.25808678094399623,1.968838915765092,18.03697680865339,1.812374658643364,23.322655760183427,29.18050211216809,5.470034285016602,39.5710306101353,1200.9379969452455,300.3305896508554,2217.212750993511,67.21817187809557,12.774710434815914,88.88521904714656,0,3.67,1.0,0.0,119.125,94.48,94.82333333333334,95.95666666666666,120.12,119.29666666666667,119.45777777777776,0.0,0.0,0.0,310.9020307615346,310.92419568455585,311.54273813206976,320.87083796103883,320.8936947156142,321.5140248566753,1.3239721386064747,1.3592620565067477,1.3809331178465643,18.559708196078176,18.155079839020612,18.020968712128152,30.96884746006379,29.625178466695512,29.53107240789312,1173.0431648949134,1213.073558607932,1219.9784955395073,71.02043072678437,68.26584393220419,68.54284952275161,1,0,38
M-05,INJECTION_MOLDER,2026-06-08,Morning,123.2,986,98.07,0,RUNNING,312.17313871839,0.43468037008019295,312.6936208406101,322.03797752617146,1.0194535619382854,324.25189025813825,1.4692732889413276,0.2839846353479596,1.876629027509368,18.230478653416913,1.776345241127894,22.114076235159043,28.086676447221937,7.83857790535392,42.529219324119794,1341.7921025109397,620.3398041301664,3576.400438610679,65.30772744758957,20.25577098693101,95.2047861415307,0,4.0,1.0,0.0,123.25,94.15,94.84333333333332,95.47666666666666,119.17,120.17666666666666,119.81222222222222,0.0,0.0,0.0,312.0333140622266,311.3451609361678,311.4336634536226,321.9692391599074,321.27146560623356,321.3827636053977,1.3796705190480558,1.3573569230356695,1.3753119253552555,18.03697680865339,18.10257053539196,18.02220106470901,29.18050211216809,29.23915764127123,29.658042204997134,1200.9379969452455,1226.193593340811,1207.026835594195,67.21817187809557,66.9548202263028,68.68670271418723,1,0,39
M-05,INJECTION_MOLDER,2026-06-08,Afternoon,113.35,907,94.14,0,RUNNING,311.9855479220672,0.4876575950320286,312.71695501437694,322.1430716355982,0.9019283290132077,324.3231767050171,1.4101412887257783,0.3514800886049517,2.034373551223815,17.923234383331742,2.2667723241693585,21.961205115584068,29.478497107252046,6.361045018637184,40.45558254020624,1178.269291597109,296.98697679054146,2132.3965455755742,69.08131607942431,15.365834514876266,95.13461323137902,0,4.33,1.0,0.0,113.375,98.07,95.56666666666668,95.8288888888889,123.2,120.83,120.22999999999999,0.0,0.0,0.0,312.17313871839,311.70282784738373,311.40027140531436,322.03797752617146,321.62601821570587,321.3322007110183,1.4692732889413276,1.3909719821986195,1.384019241292437,18.230478653416913,18.275721219382827,18.06431416248773,28.086676447221937,29.412008673151274,29.234585711121927,1341.7921025109397,1238.591088117033,1233.1677343808597,65.30772744758957,67.8487766841565,67.70617466578831,1,0,39
M-05,INJECTION_MOLDER,2026-06-08,Night,114.61,917,94.7,0,RUNNING,312.34141601575686,0.3739935468364161,313.15786850238624,322.21987000114973,1.1773771785990643,325.0552115077129,1.3098387910962468,0.31415469309623745,1.9097942656345257,17.75324501958515,1.6613833737003505,22.33333881619239,30.958195223852908,10.03423506351712,52.41276065810443,1216.1562489879977,493.66669345854524,2500.505662516463,73.06112076351005,21.310906663558043,100.0,0,4.67,1.0,0.0,114.625,94.14,95.45333333333333,95.51111111111112,113.35,118.57333333333332,119.42666666666666,0.0,0.0,0.0,311.9855479220672,312.064000234228,311.4325649528205,322.1430716355982,322.05009610722567,321.40897591787046,1.4101412887257783,1.4196950322383872,1.3913890583068491,17.923234383331742,18.063563281800683,18.086368644416645,29.478497107252046,28.91522522221402,29.19478362109487,1178.269291597109,1240.3331303510981,1233.9732638949233,69.08131607942431,67.20240513503649,67.66107934622349,1,0,39
M-05,INJECTION_MOLDER,2026-06-09,Morning,119.7,958,93.1,0,RUNNING,310.74290076532463,0.5130137730951868,311.5899795159158,320.4115116248418,1.096704132502024,322.49488225843675,1.5061688354218,0.2964090257557435,2.275435936378304,18.385692304462133,1.7631876976373195,22.082965143062708,30.39089345897481,8.2815548638318,45.048554223760746,1216.1658110657122,492.0298208354335,3171.4243769196755,70.12424030961411,20.380474330230097,100.0,0,5.0,1.0,0.0,119.75,94.7,95.63666666666666,95.04444444444445,114.61,117.05333333333333,118.38111111111112,0.0,0.0,0.0,312.34141601575686,312.16670088540474,311.5354950660519,322.21987000114973,322.1336397209731,321.4982807439057,1.3098387910962468,1.396417789587784,1.3798160012482015,17.75324501958515,17.968986018777937,18.066430986522416,30.958195223852908,29.507789592775627,29.526003574781498,1216.1562489879977,1245.4058810320155,1228.6044239664968,73.06112076351005,69.15005476350798,68.58601961039693,1,0,40
M-05,INJECTION_MOLDER,2026-06-09,Afternoon,116.68,933,93.99,0,RUNNING,310.38545686595734,0.1442840331887744,310.7132783008425,320.3414028350997,0.8240389785937529,321.5678614714652,1.4340726817439065,0.28128404859041095,1.918001623565459,18.03756390085211,1.7734712136846738,21.347240183638675,30.946310740107176,10.069041548645636,49.640673093569326,1236.6740612856381,541.3518484469778,3047.654296023314,71.30717650627048,21.66544748412367,100.0,0,5.33,1.0,0.0,116.625,93.1,93.98,95.01666666666668,119.7,115.88666666666667,118.49222222222222,0.0,0.0,0.0,310.74290076532463,311.6899549010496,311.4510456867601,320.4115116248418,321.5914844205299,321.3770306951954,1.5061688354218,1.408716305081275,1.3946705805555042,18.385692304462133,18.020723902459675,18.1461669331618,30.39089345897481,30.275861930026583,29.9118910364497,1216.1658110657122,1203.530450550273,1210.4857818054797,70.12424030961411,70.7555590508495,69.42120446065991,1,0,40
M-05,INJECTION_MOLDER,2026-06-09,Night,120.75,966,96.14,0,RUNNING,311.1592660318744,0.2512558144211817,311.6426464296287,321.0366079757716,1.074819726522241,322.7395448795902,1.3809886421821327,0.3328349607917375,2.3811771791643874,18.375637787313078,1.831748695363688,22.60193489029674,31.28844977457724,7.4214623278571,46.84374000866521,1142.57300178075,366.6842816676553,2667.370365694911,71.96057665654246,18.876600414095893,100.0,0,5.67,1.0,0.0,120.75,93.99,93.93,94.73555555555555,116.68,116.99666666666667,118.2888888888889,0.0,0.0,0.0,310.38545686595734,311.1565912156796,311.3815957114878,320.3414028350997,320.9909281536971,321.311572992179,1.4340726817439065,1.4166934360873178,1.398550174944151,18.03756390085211,18.058833741633133,18.09249228748481,30.946310740107176,30.765133140978293,29.76851227662928,1236.6740612856381,1222.998707113116,1225.468465357382,71.30717650627048,71.49751252646489,68.98858719790185,1,0,40
M-05,INJECTION_MOLDER,2026-06-10,Morning,117.4,939,96.35,0,RUNNING,310.21171863224566,0.42081657940804085,311.23581662382765,320.3158589403445,0.8662293583212444,321.8070022215661,1.3921368166731074,0.29516251127113274,1.959287291053076,18.338296911685035,1.9377120365089755,23.090884030585467,27.554012057833354,7.253646896996269,40.92306725476307,1272.5433768772457,435.26955884521533,3158.4079526311853,66.27841057798253,16.007886140899224,98.6280769858344,0,6.0,1.0,0.0,117.375,96.14,94.41000000000001,94.96333333333334,120.75,119.04333333333334,118.75777777777778,0.0,0.0,0.0,311.1592660318744,310.7625412210521,311.4248010142082,321.0366079757716,320.596507478571,321.33387093525926,1.3809886421821327,1.4404100531159465,1.3980615885798,18.375637787313078,18.26629799754244,18.11261818390411,31.28844977457724,30.87521799121974,29.874055075088865,1142.57300178075,1198.4709580440333,1223.35681080562,71.96057665654246,71.13066449080901,69.0785131602066,1,0,41
M-05,INJECTION_MOLDER,2026-06-10,Afternoon,118.03,944,95.46,0,RUNNING,309.0862102902225,0.524005651921276,310.08665846313454,318.8713996509852,1.0241617867176285,320.844050921743,1.3687109690258912,0.32044795453643715,1.9746884764066168,18.220860311954173,1.4924589888541344,21.09239249065791,31.517203552351486,7.481510917428217,51.197407672392,1118.1096812970593,269.64640117666835,1719.363229856006,72.93095537012123,16.83759243720173,100.0,0,6.33,1.0,0.0,118.0,96.35,95.49333333333334,95.01333333333334,117.4,118.27666666666669,118.33111111111111,0.0,0.0,0.0,310.21171863224566,310.5854805100258,311.3260877528197,320.3158589403445,320.5646232504053,321.2607086288803,1.3921368166731074,1.4023993801997154,1.40069588915987,18.338296911685035,18.250499533283406,18.182314885041972,27.554012057833354,29.929590857505918,29.872487153561263,1272.5433768772457,1217.2634799812113,1219.7950062161724,66.27841057798253,69.84872124693182,69.4843523273126,1,0,41
M-05,INJECTION_MOLDER,2026-06-10,Night,126.02,1008,98.68,0,RUNNING,308.4375118721952,0.19144780464268193,308.7296658038183,318.3816118259205,1.1102199804659354,320.4673382909995,1.421634696905484,0.34390157564934937,2.085183054243964,18.11700706961155,1.5142201446374373,20.949958091928387,28.909531923022055,10.1265430231658,48.22226902885409,1264.5294319271618,541.2596458201405,3508.213945452732,67.6579487745867,22.798735990283628,100.0,0,0.21,2.0,0.0,126.0,95.46,95.98333333333333,95.12222222222222,118.03,118.72666666666667,118.09888888888888,0.0,0.0,0.0,309.0862102902225,310.15239831811414,311.1243299226739,318.8713996509852,320.0746221890338,321.03854881665217,1.3687109690258912,1.3806121426270437,1.4056668703175828,18.220860311954173,18.311598336984094,18.1446651201393,31.517203552351486,30.119888461587355,29.933415608259892,1118.1096812970593,1177.7420199850183,1213.6912858164108,72.93095537012123,70.3899808682154,69.69663284323892,1,0,41
M-05,INJECTION_MOLDER,2026-06-11,Morning,115.32,923,97.66,0,RUNNING,308.69666663669557,0.29633084733782944,309.1069912616104,318.61554944021634,0.8247842931819026,320.1897219499448,1.41015940576214,0.32608726652332465,1.989258412929372,17.723573576330082,1.713184547769372,20.556392538412968,32.18330205674336,10.375172618432682,54.10708148127799,1170.7639218999698,457.0226782088919,2843.2055804920265,72.93670884164631,21.510354104450233,100.0,0,0.54,2.0,0.0,115.375,98.68,96.83,95.62555555555555,126.02,120.48333333333335,118.86,0.0,0.0,0.0,308.4375118721952,309.2451469315545,310.72479634600376,318.3816118259205,319.1896234724167,320.6399235573203,1.421634696905484,1.3941608275348276,1.4103295567461862,18.11700706961155,18.22538809775025,18.15355737135688,28.909531923022055,29.326915844402293,29.903307809465886,1264.5294319271618,1218.3941633671557,1220.7570008144014,67.6579487745867,68.95577157423016,69.74549694284904,1,0,42
M-05,INJECTION_MOLDER,2026-06-11,Afternoon,122.92,983,93.7,0,RUNNING,309.11218931811334,0.3510533377019911,309.84932298660465,319.0962902041046,1.1095377857523783,321.78417060497173,1.350415626201596,0.29488006392731075,1.9289885729991807,17.83782681134797,2.130795190163887,22.60153119249234,33.751381537569245,7.571748551047062,51.021160751167024,1052.3107444723905,279.6697699707036,2085.5409284132584,78.23840409371152,16.172321066165487,100.0,0,0.88,1.0,0.0,122.875,97.66,97.26666666666667,95.58,115.32,119.79,117.98444444444443,0.0,0.0,0.0,308.69666663669557,308.7401295997044,310.3385216702599,318.61554944021634,318.62285363904067,320.2596537699919,1.41015940576214,1.4001683572311716,1.403761347504054,17.723573576330082,18.020480319298603,18.097234585013894,32.18330205674336,30.87001251070563,30.358488432746046,1170.7639218999698,1184.4676783747302,1201.753869635405,72.93670884164631,71.17520432878474,70.59316154218868,1,0,42
M-05,INJECTION_MOLDER,2026-06-11,Night,122.95,984,99.08,0,RUNNING,310.410658174282,0.39226364586506973,311.0483894047865,320.38135777083517,1.0984827666417543,322.26815173451,1.366832223716808,0.29845917523493415,2.029214526349825,17.928258855679797,1.7324641556532625,21.46868402604621,28.412932899094198,7.812386085879947,45.63668654877178,1262.5075414039736,349.31024563579774,1988.5514138333324,65.74336288681282,17.280911164875274,97.35698490900523,0,1.21,1.0,0.0,123.0,93.7,96.68,95.5311111111111,122.92,121.42,119.04777777777778,0.0,0.0,0.0,309.11218931811334,308.748789275668,310.01925960315396,319.0962902041046,318.69781715674713,319.92112249982597,1.350415626201596,1.3940699096230735,1.397125162779145,17.83782681134797,17.892802485763198,18.087744854793478,33.751381537569245,31.614738505778217,30.83325336944796,1052.3107444723905,1162.534699433174,1187.758475510436,78.23840409371152,72.94435390331485,71.61061576599838,1,0,42
M-05,INJECTION_MOLDER,2026-06-12,Morning,115.96,928,94.16,0,RUNNING,310.5126224861517,0.2818800914810518,311.0895996337514,320.5566753277084,1.397326358258593,323.62670542245223,1.3830482972318952,0.3356197482205341,2.1771799794978035,17.80077085982612,1.68244225647293,22.18531518667633,29.991904522042237,7.704372510225566,45.75273574262661,1195.6879653912458,342.3059244290536,2167.628299379065,69.53403902098775,17.627885561602476,100.0,0,1.54,1.0,0.0,116.0,99.08,96.81333333333333,96.01777777777778,122.95,120.39666666666666,119.97444444444444,0.0,0.0,0.0,310.410658174282,309.40650470969695,309.8047309541012,320.38135777083517,319.36439913838535,319.7168433631243,1.366832223716808,1.3758024185601814,1.4034577664036518,17.928258855679797,17.829886414452616,18.10719083658177,28.412932899094198,31.449205497802264,30.55044644447477,1262.5075414039736,1161.8607359254447,1192.9086191122112,65.74336288681282,72.30615860739022,70.79753155747646,1,0,43
M-05,INJECTION_MOLDER,2026-06-12,Afternoon,123.66,989,96.54,0,RUNNING,310.77731057539916,0.3609426968663076,311.47824109034644,320.84826619881215,1.344143234545176,324.7958722740585,1.3713609169712766,0.28480296391639226,1.9629722972667287,17.86539831746349,1.779201422449439,21.58442973090947,30.09190535015478,5.920892277605977,40.73611670659111,1158.2231162095775,258.04823912399473,1995.7989249611055,69.10612219190412,14.369489019453729,97.15635870703952,0,1.88,1.0,0.0,123.625,94.16,95.64666666666666,96.13555555555554,115.96,120.61,119.55888888888889,0.0,0.0,0.0,310.5126224861517,310.01182332618237,309.77914447863753,320.5566753277084,320.0114411008827,319.73297266344287,1.3830482972318952,1.3667653823834331,1.3897777066047734,17.80077085982612,17.855618842284628,18.042199564955546,29.991904522042237,30.71873965290189,30.506114340371155,1195.6879653912458,1170.1687504225365,1190.6333029261596,69.53403902098775,71.17193533383737,70.73195363651797,1,0,43
M-05,INJECTION_MOLDER,2026-06-12,Night,121.99,976,96.68,0,RUNNING,311.6569271752795,0.2890317724880229,312.167449560658,321.8781185052764,1.115844905530579,323.71928195714463,1.4489074321276263,0.3054138980298478,1.958354734007132,18.12138974862721,1.7672481339788289,21.569546784016108,30.273545910658946,9.132169326232699,45.00419395963548,1211.0829589287014,383.94736231188364,1972.086581982162,69.11173699832362,19.992346494416896,100.0,0,2.21,1.0,0.0,122.0,96.54,96.59333333333332,96.41888888888889,123.66,120.85666666666667,120.33444444444444,0.0,0.0,0.0,310.77731057539916,310.56686374527766,309.8226837796866,320.84826619881215,320.59543309911857,319.78929081496653,1.3713609169712766,1.3737471459733266,1.382809732741148,17.86539831746349,17.864809344323138,18.023070055690145,30.09190535015478,29.49891425709707,30.411180408154216,1158.2231162095775,1205.4728743349324,1181.9165312510418,69.10612219190412,68.12784136656823,70.48739204603282,1,0,43
M-05,INJECTION_MOLDER,2026-06-13,Morning,121.41,971,93.35,0,RUNNING,311.1578065642549,0.5236941945575527,312.111396321132,320.91126875439926,1.0984817234877002,323.1245121276589,1.5111254288561558,0.2978898343713405,2.3342380857063723,18.255720730913175,1.6384375347749887,21.69942584017039,29.793877084690052,7.590376326982387,48.83469894103114,1231.78651942552,521.8297286464434,3694.94123205533,70.47422343257519,17.600670578652398,100.0,0,2.54,1.0,0.0,121.375,96.68,95.79333333333334,96.47888888888889,121.99,120.53666666666668,120.47222222222223,0.0,0.0,0.0,311.6569271752795,310.9822867456101,309.87797946228716,321.8781185052764,321.09435334393237,319.8827919849115,1.4489074321276263,1.4011055487769326,1.3903562649573138,18.12138974862721,17.92918630863894,17.994820273613936,30.273545910658946,30.119118594285315,30.29841331216329,1211.0829589287014,1188.331346843175,1189.528748711925,69.11173699832362,69.25063273707184,70.17085430623074,1,0,44
M-05,INJECTION_MOLDER,2026-06-13,Afternoon,123.77,990,98.34,0,RUNNING,310.5324618811524,0.26645017089784095,311.04963883178254,320.36255136965326,0.9253477852134312,322.10465749835544,1.4154170000562452,0.2855596009728051,1.9392976840023324,17.93936559438956,1.6557539632417912,21.28953147455987,28.90349742386834,6.297322034831933,38.16219315541502,1223.5733129851403,326.28677435189564,1989.2736199542765,67.7212352972906,15.499687127409018,98.7450567977335,0,2.88,1.0,0.0,123.75,93.35,95.52333333333333,96.14555555555556,121.41,122.35333333333334,120.91777777777777,0.0,0.0,0.0,311.1578065642549,311.1973481049779,309.9831003436215,320.91126875439926,321.21255115282923,319.9489486309176,1.5111254288561558,1.4437979259850195,1.4035772218665414,18.255720730913175,18.08083626566796,17.985645142417063,29.793877084690052,30.053109448501257,30.54728720403626,1231.78651942552,1200.364198187933,1185.0002089950667,70.47422343257519,69.5640275409343,70.63705573451881,1,0,44
M-05,INJECTION_MOLDER,2026-06-13,Night,119.17,953,95.91,0,RUNNING,310.9154159913648,0.1371927540730819,311.196726331571,321.076774629604,0.877778923571135,323.20005104585425,1.430981514266795,0.34230083420016477,2.1013373296098696,18.084541086874122,1.847830565842965,21.53357439315508,30.87953039044234,9.263352101167376,53.19659870726257,1142.136543127056,384.1863318833583,2626.895291322503,72.52472561694934,20.725933478456454,100.0,0,3.21,1.0,0.0,119.125,98.34,96.12333333333333,96.46555555555557,123.77,122.38999999999999,121.55555555555556,0.0,0.0,0.0,310.5324618811524,311.11573187356225,310.14379496483593,320.36255136965326,321.0506462097763,320.114632155214,1.4154170000562452,1.4584832870133424,1.4087667808699142,17.93936559438956,18.105492024643315,17.95436795157655,28.90349742386834,29.656973473072444,30.25687541198258,1223.5733129851403,1222.1475971131206,1196.7183902937422,67.7212352972906,69.10239857606314,70.05819794864874,1,0,44
M-05,INJECTION_MOLDER,2026-06-14,Morning,114.49,916,97.03,0,RUNNING,312.03077500135186,0.4109821608200494,312.6125307902987,322.08513703461193,1.2164644052293099,323.9688114937785,1.3557438527015406,0.29311017784039356,1.7982393495517,18.022080305685645,2.002012070382763,21.683426811395115,30.432009755174334,7.7095466591724175,53.05769206882224,1177.3053569757715,306.12664657927934,1900.307611575196,68.74545054268343,18.43439349422104,100.0,0,3.54,1.0,0.0,114.5,95.91,95.86666666666667,96.15777777777778,119.17,121.45,120.79444444444445,0.0,0.0,0.0,310.9154159913648,310.86856147892405,310.4191176447437,321.076774629604,320.7835315845521,320.4140946889566,1.430981514266795,1.452507981059732,1.4098053161322819,18.084541086874122,18.093209137392286,17.950760620161283,30.87953039044234,29.85896829966691,30.475764130584835,1142.136543127056,1199.1654585125723,1183.1191804270638,72.52472561694934,70.24006144893838,70.59895093113349,1,0,45
M-05,INJECTION_MOLDER,2026-06-14,Afternoon,122.06,976,95.88,0,RUNNING,312.5267720351654,0.24385947888603224,312.97013900038934,322.72353458675946,0.9077838011823174,324.8072726187327,1.3976358630585257,0.30288786808064666,1.9619867853468147,18.111788903998676,1.7374516401437758,20.60138296855786,30.232648974243247,9.39730940831114,44.92072248044428,1174.2811505169693,423.4455610861358,2591.205524480586,70.86189754674862,21.659593786924578,100.0,0,3.88,1.0,0.0,122.0,97.03,97.09333333333332,96.08777777777777,114.49,119.14333333333333,120.70222222222222,0.0,0.0,0.0,312.03077500135186,311.15955095795636,310.7895741297055,322.08513703461193,321.17482101128974,320.79960442166725,1.3557438527015406,1.400714122341527,1.4037591435699932,18.022080305685645,18.015328995649778,17.98392803453412,30.432009755174334,30.071679189828334,30.281176097077164,1177.3053569757715,1181.0050710293226,1183.8460065465974,68.74545054268343,69.66380381897446,70.13325556458204,1,0,45
M-05,INJECTION_MOLDER,2026-06-14,Night,124.05,992,95.33,0,RUNNING,313.1693295979512,0.3251512990195386,313.75811969452803,323.1284195384755,1.0988162511177069,324.96796792823665,1.3219063324866396,0.38978634963599923,2.064810370616916,18.020280052787772,1.921178719796025,21.57701685971966,27.163902640159613,9.922984424550348,42.39112404859582,1389.5810376686604,696.6840815938167,4013.5110774448776,62.54881610462976,21.867552141973547,96.10130072322728,0,4.21,1.0,0.0,124.0,95.88,96.27333333333333,96.33,122.06,118.57333333333334,120.60666666666667,0.0,0.0,0.0,312.5267720351654,311.824321009294,311.16897220937796,322.72353458675946,321.9618154169918,321.2026315752956,1.3976358630585257,1.3947870766756203,1.4090058365540965,18.111788903998676,18.07280343218615,18.014368267050866,30.232648974243247,30.51472970661997,29.89020581226316,1174.2811505169693,1164.5743502065989,1197.398273884884,70.86189754674862,70.71069123546046,69.3136437260306,1,0,45
M-05,INJECTION_MOLDER,2026-06-15,Morning,122.03,976,93.96,0,RUNNING,313.4840335105992,0.21101592914847614,314.0340685273254,323.36584060064473,0.9383701160683854,325.48192546232247,1.4691171681387951,0.2615269899173766,1.9187517078386385,18.245396913394476,1.9440545719960562,21.844651303224023,29.896097984264298,6.705249148310808,43.37606590364511,1171.4524150642835,263.270645374223,1748.4626993762977,68.45155474915445,15.816569192158815,100.0,0,4.54,1.0,0.0,122.0,95.33,96.08,95.91333333333334,124.05,120.2,120.72888888888889,0.0,0.0,0.0,313.1693295979512,312.5756255448228,311.4754912564523,323.1284195384755,322.6456970532823,321.50786066058896,1.3219063324866396,1.358428682748902,1.4040140708618556,18.020280052787772,18.051383087490695,18.024592844507307,27.163902640159613,29.276187123192397,29.751424672381543,1389.5810376686604,1247.0558483871337,1211.517551247627,62.54881610462976,67.38538806468726,68.95869408356583,1,0,46
M-05,INJECTION_MOLDER,2026-06-15,Afternoon,119.92,959,95.65,0,RUNNING,314.3313574993366,0.2471518696217742,314.7568515193289,324.27070599842517,0.8236939758113881,325.7760642790151,1.3476822362532634,0.2855682209598745,1.9856658546049808,17.902455061090077,1.8640588865764236,21.09156660917316,29.525909283889824,8.071074862215815,46.253296017795634,1228.20795424694,389.12488872793404,2176.5134265089896,67.77501376534849,19.79737990064656,100.0,0,4.88,1.0,0.0,119.875,93.96,95.05666666666666,95.89111111111112,122.03,122.71333333333332,121.40333333333335,0.0,0.0,0.0,313.4840335105992,313.06004504790525,311.8056480369465,323.36584060064473,323.0725982419599,321.81999013535966,1.4691171681387951,1.3962197878946536,1.4135772787404002,18.245396913394476,18.125821956726973,18.073995739348234,29.896097984264298,29.097549866222383,29.740779501517327,1171.4524150642835,1245.1048677499712,1208.824712322409,68.45155474915445,67.28742280017761,68.83841805336213,1,0,46
M-05,INJECTION_MOLDER,2026-06-15,Night,120.81,966,95.26,0,RUNNING,313.81288169638356,0.504037383539722,314.4795271426755,323.51028909686335,1.0533592107648224,325.77276874170474,1.4383667711170782,0.2714801686617946,2.264739646006777,17.740973635522238,1.7575318553862105,21.07396126280443,29.526477496379588,7.77051542186807,51.4248207694781,1220.9963089849605,362.34198894337845,2245.7726213351084,67.84476432459965,15.829346051763054,100.0,0,5.21,1.0,0.0,120.75,95.65,94.98,95.79222222222224,119.92,122.0,120.9877777777778,0.0,0.0,0.0,314.3313574993366,313.6615735359623,312.2005421396062,324.27070599842517,323.58832204584843,322.2002612242055,1.3476822362532634,1.3795685789595662,1.4109463142161764,17.902455061090077,18.056044009090773,18.078113155306745,29.525909283889824,28.861969969437908,29.677891049710112,1228.20795424694,1263.0804689932947,1216.6008054376714,67.77501376534849,66.2584615397109,68.69051711707817,1,0,46
M-05,INJECTION_MOLDER,2026-06-16,Morning,119.53,956,97.65,0,RUNNING,313.1338669096747,0.19790841225435532,313.51641231536166,323.22459310159826,1.0676012324578448,325.6289287148301,1.378679282034199,0.2361089025853636,1.829095645242224,18.215503009311757,1.9660132036849947,23.55528339010546,29.495042846644044,7.3494709960147,44.32161655282357,1212.3307898306646,340.7933804932176,2142.962445505263,68.20402324676117,16.371613933987224,100.0,0,5.54,1.0,0.0,119.5,95.26,94.95666666666666,95.63444444444445,120.81,120.92,120.85666666666667,0.0,0.0,0.0,313.81288169638356,313.87609090210645,312.4400926419511,323.51028909686335,323.7156118986444,322.3816135121596,1.4383667711170782,1.4183887251697123,1.4097751296594487,17.740973635522238,17.962941870002265,18.035844698295083,29.526477496379588,29.649494921511234,29.594883448123515,1220.9963089849605,1206.8855594320614,1217.7022887772557,67.84476432459965,68.0237776130342,68.54974237555328,1,0,47
M-05,INJECTION_MOLDER,2026-06-16,Afternoon,118.43,947,92.79,0,RUNNING,312.65458792219226,0.36034395220315085,313.2835335623682,322.75285592380567,0.8424654929153009,324.27708828340616,1.3457492889492102,0.2961855947317107,1.8831092156075704,17.971513603833113,1.474925982886092,20.93143819894807,29.875245283829642,8.850286319592236,44.30855756209786,1248.9831743748864,491.2988548811049,2887.0971851947875,69.49891628199542,20.167302035254693,99.54126842012094,0,5.88,1.0,0.0,118.375,97.65,96.18666666666667,96.11222222222221,119.53,120.08666666666666,120.64777777777778,0.0,0.0,0.0,313.1338669096747,313.7593687017983,312.6596549025533,323.22459310159826,323.6685293989622,322.6386495507373,1.378679282034199,1.388242763134847,1.3950588911236759,18.215503009311757,17.952977235308023,18.03137606256159,29.495042846644044,29.515809875637814,29.561679643896177,1212.3307898306646,1220.5116843541884,1215.540541044494,68.20402324676117,67.94126711223645,68.29749791046282,1,0,47
M-05,INJECTION_MOLDER,2026-06-16,Night,126.3,1010,98.76,0,RUNNING,312.2016355966027,0.16865185337141791,312.50349474725755,322.05983594324255,0.8568070572782208,323.5034944948507,1.4351461626325392,0.2592606145515058,1.9765159036817064,17.819394578615942,1.8021201634854247,21.451739087239503,29.387488212411196,9.880442885566437,52.99225267600949,1258.526295493753,375.94160340652815,2080.2804854911296,65.8431010818305,20.02458296549331,100.0,0,6.21,1.0,0.0,126.25,92.79,95.23333333333335,95.49555555555555,118.43,119.58999999999999,120.05444444444444,0.0,0.0,0.0,312.65458792219226,313.20044550941685,312.8954466848911,322.75285592380567,323.1625793740891,322.9042389456431,1.3457492889492102,1.3875984473668292,1.3873180343340052,17.971513603833113,17.975996749555705,18.034948063610873,29.875245283829642,29.63225520895109,29.669651628336325,1248.9831743748864,1227.4367577301707,1218.3638589766879,69.49891628199542,68.51590128445208,68.49501801987448,1,0,47
M-05,INJECTION_MOLDER,2026-06-17,Morning,115.35,923,97.38,0,RUNNING,312.0297301059674,0.4779969711296107,312.78860216104835,322.05132286759215,1.213093348799133,324.87207874698834,1.302148167125976,0.2706892566961962,2.072448644736673,18.359647095548016,1.397113429571357,21.37628026922209,30.889286328590334,8.437297454265602,46.58104457350847,1173.4212161043392,368.50890918256243,2131.335754294325,71.63165478400832,19.23811058597355,100.0,0,6.54,1.0,0.0,115.375,98.76,96.40000000000002,95.81222222222222,126.3,121.42,120.84666666666665,0.0,0.0,0.0,312.2016355966027,312.6633634761566,313.0383599743619,322.05983594324255,322.6790949895488,323.01346798049184,1.4351461626325392,1.3865249112053162,1.3877807730413103,17.819394578615942,18.002137063920273,18.005487340471078,29.387488212411196,29.585925447628295,29.50386916411064,1258.526295493753,1239.9467532331012,1231.2960536840988,65.8431010818305,67.84868020352903,67.75261529375015,1,0,48
M-05,INJECTION_MOLDER,2026-06-17,Afternoon,118.19,946,96.53,0,RUNNING,311.87667665054397,0.22215472884813656,312.36274157646227,321.6558114452416,1.0994587406500957,323.7137225762723,1.4173569598957216,0.3304545634168305,1.8710218187340104,17.64564850699338,1.779153415681536,21.504150168792744,30.286182983167024,7.518347110198377,43.5757786237842,1194.5413953875695,408.2016713500572,2841.2872212600582,68.96589100268908,15.949063462269113,100.0,0,6.88,1.0,0.0,118.25,97.38,96.31,95.85111111111111,115.35,120.02666666666669,120.94222222222223,0.0,0.0,0.0,312.0297301059674,312.2953178749208,313.0382438748748,322.05132286759215,322.2880049115468,323.00971085082296,1.302148167125976,1.3610145395692417,1.3818256968662475,18.359647095548016,18.05018509266569,18.042994761566895,30.889286328590334,30.050673274943723,29.55467767226797,1173.4212161043392,1226.9768953243263,1230.864482476162,71.63165478400832,68.99122404927807,68.07330465389737,1,0,48
M-05,INJECTION_MOLDER,2026-06-17,Night,121.06,968,95.53,0,RUNNING,311.8286471590552,0.3490470178564093,312.454208944984,321.8916297208341,1.1809274330441544,325.0739434276684,1.3596344616409692,0.3003591266373907,1.849787285912654,18.081040875544893,1.7167472890241988,20.90205960700853,30.68428882004514,10.013693219024356,45.56103294035364,1178.4691785293928,435.0970819564623,2731.1472058644204,70.43118510261257,22.86817988115074,100.0,0,7.21,0.0,0.0,121.0,96.53,97.55666666666667,95.92333333333335,118.19,119.94666666666667,120.51222222222223,0.0,0.0,0.0,311.87667665054397,312.0360141177047,312.9660110543613,321.6558114452416,321.9223234186921,322.8910749462099,1.4173569598957216,1.384883763218079,1.384016929848158,17.64564850699338,17.94156339371911,17.99120138412186,30.286182983167024,30.187652508056185,29.560625895481728,1194.5413953875695,1208.8296356618873,1233.1156207951174,68.96589100268908,68.81354895617596,67.86263726011299,0,0,48
M-05,INJECTION_MOLDER,2026-06-18,Morning,117.18,937,94.62,0,RUNNING,312.2950198289416,0.46188782702899706,312.8223390359248,322.20081482641586,1.0276695971689305,324.1525015235376,1.4105764966219037,0.2776755321111737,1.964132742089685,17.826408358078176,1.693649191743015,20.660032922812352,30.58938528166986,7.494972575696737,46.288795714439466,1161.1830906683049,318.41062234846925,2039.505565579156,70.46656772958117,18.105519644819637,100.0,0,7.54,0.0,0.0,117.125,95.53,96.48,95.94555555555556,121.06,118.2,120.17999999999999,0.0,0.0,0.0,311.8286471590552,311.9116846385222,312.81704633892844,321.8916297208341,321.86625467788934,322.7536538553608,1.3596344616409692,1.3597131962208888,1.3882089441986392,18.081040875544893,18.02877882602876,17.997952586650435,30.68428882004514,30.619919377267497,29.951779915469007,1178.4691785293928,1182.1439300071006,1209.6587475574208,70.43118510261257,70.34291029643666,68.73845603766664,0,0,49
M-05,INJECTION_MOLDER,2026-06-18,Afternoon,116.7,934,94.34,0,RUNNING,313.17598479392893,0.3554728949884843,313.63184112609974,323.1773371509172,0.9638571235604498,325.23814607116566,1.4400290799083815,0.28070130076729144,1.9779733935662536,17.927195107399896,1.3549761863706502,21.33420404730977,28.89639814726768,8.463228126740658,41.93983006344712,1282.1595047509134,470.2498295860922,2595.9551755863454,67.1646136514582,19.91648850662359,96.7753954776011,0,7.88,0.0,0.0,116.75,94.62,95.56,96.0188888888889,117.18,118.81,119.64111111111112,0.0,0.0,0.0,312.2950198289416,312.0001145461802,312.6849337076331,322.20081482641586,321.9160853308305,322.62420654711315,1.4105764966219037,1.3958559727195314,1.3817044251412067,17.826408358078176,17.851032580205484,17.9513983027264,30.58938528166986,30.519952361627343,30.02881183740296,1161.1830906683049,1178.0645548617556,1208.5177115134236,70.46656772958117,69.95454794496095,68.96234636882515,0,0,49
M-05,INJECTION_MOLDER,2026-06-18,Night,119.76,958,94.57,0,RUNNING,313.09617170566196,0.22884385949595845,313.4810641779131,322.96011314322413,1.0610072769336722,325.2165124199943,1.4293693866709576,0.26339661819992777,1.9249690750315276,17.819012194456974,1.8037422958373894,21.4088910713424,29.178503185013245,8.503240226781044,49.19837896230152,1282.9431788552974,576.0114255079311,3656.6300122071657,67.20192276277949,19.54156028022069,100.0,0,8.21,0.0,0.0,119.75,94.34,94.83,95.87333333333333,116.7,118.31333333333333,119.28333333333333,0.0,0.0,0.0,313.17598479392893,312.4332172606419,312.5565589625878,323.1773371509172,322.4232605660557,322.5027211196123,1.4400290799083815,1.4034133460570848,1.391965185547331,17.927195107399896,17.944881447007656,17.95414719676082,28.89639814726768,30.05669074966089,29.95886615555606,1282.1595047509134,1207.2705913162038,1214.5123282360871,67.1646136514582,69.35412216121732,68.89452413394845,0,0,49
M-05,INJECTION_MOLDER,2026-06-19,Morning,122.46,980,98.97,0,RUNNING,313.3735005169326,0.2264106660964596,313.68279047371766,323.3263925198693,0.9419536013442138,325.38523101856435,1.4120352264586558,0.33991371726349634,2.1374814279793197,18.256972885376793,1.6313014737171574,21.84382740221401,29.525038031094077,9.819159093619712,45.7002107650841,1333.0051762034848,677.1687840413236,3388.077100676665,68.15849256450933,21.583841615041543,100.0,0,8.54,0.0,0.0,122.5,94.57,94.51,95.79666666666667,119.76,117.88,119.16666666666667,0.0,0.0,0.0,313.09617170566196,312.8557254428442,312.4769245191743,322.96011314322413,322.7794217068524,322.44159045809687,1.4293693866709576,1.426658321067081,1.3909654761644288,17.819012194456974,17.857538553311684,17.96281814775357,29.178503185013245,29.55476220465026,29.920202343182016,1282.9431788552974,1242.0952580915052,1221.3953137772357,67.20192276277949,68.27770138127295,68.82309729374622,0,0,50
M-05,INJECTION_MOLDER,2026-06-19,Afternoon,117.91,943,96.48,0,RUNNING,312.3912847788491,0.2316269912721157,312.94226975675656,322.46951365547267,1.1889866846226858,325.2828106801375,1.483225372650102,0.35665421539280334,2.545730613338524,17.905609160353585,1.5796928681854328,21.56430428625084,31.12494850884587,8.961480698369087,45.07030128053785,1215.94385173485,578.988727466801,3719.286267256822,72.88036794520052,21.16880055133633,100.0,0,8.88,0.0,0.0,117.875,98.97,95.96,95.94333333333333,122.46,119.64,119.49222222222222,0.0,0.0,0.0,313.3735005169326,313.21521900550783,312.50355047553626,323.3263925198693,323.15461427133687,322.4529015045714,1.4120352264586558,1.4271445643459983,1.3946716922115907,18.256972885376793,18.00106006241122,17.9674259117608,29.525038031094077,29.199979787791666,29.923535141454245,1333.0051762034848,1299.3692866032318,1234.8035789297712,68.15849256450933,67.50834299291567,68.81803832905156,0,0,50
M-05,INJECTION_MOLDER,2026-06-19,Night,121.8,974,96.94,0,RUNNING,312.1305332295556,0.17630083943872835,312.5476349924614,322.03410297120166,1.004122596144796,324.53409460437695,1.3467322516061417,0.35886564923031505,2.0097391131771576,17.69917674881518,1.4902643253044405,20.21030188060353,30.025994064328742,7.826249675243814,50.49535047270675,1187.5417587323618,296.93445864229557,1991.4080149468805,68.99173284529842,18.477372898802138,100.0,0,9.21,0.0,0.0,121.75,96.48,96.67333333333333,96.35333333333334,117.91,120.04333333333334,119.43444444444442,0.0,0.0,0.0,312.3912847788491,312.95365233381455,312.4742945707204,322.46951365547267,322.9186731061887,322.42141903031217,1.483225372650102,1.4415433285932384,1.4099468126228007,17.905609160353585,17.99386474672912,17.96010319581863,31.12494850884587,29.94282990831773,30.062391055344936,1215.94385173485,1277.297402264544,1231.1325430808783,72.88036794520052,69.41359442416312,69.19375518051879,0,0,50
M-06,INJECTION_MOLDER,2026-05-01,Morning,121.39,971,98.18,0,RUNNING,310.0512915716978,0.07315802480164266,310.1763559495538,320.203068875625,1.0326326440175593,322.1420574449983,1.2867459081344947,0.283853968835525,1.8177946278966477,18.09968144949797,1.9513338323864677,22.8892418076612,32.61579886599305,8.427679743774897,51.28868117752656,1061.3172450076445,272.3435357363604,1871.2276966701909,74.997773034801,17.399021655314296,100.0,0,,0.0,0.0,121.375,,,,,,,,,,,,,,,,,,,,,,,,,,,,,,,0,0,1
M-06,INJECTION_MOLDER,2026-05-01,Afternoon,127.24,1018,98.05,0,RUNNING,310.2330739612707,0.1058830028733362,310.4400322468755,320.2830366597642,0.8554853902597738,322.11851436539604,1.3958859620610737,0.3665447429086502,1.977101229700496,18.143612995495957,1.9110489905015455,23.08348184042037,29.603392766453112,7.50165828843136,49.35630846564712,1208.298847634911,342.3496919708244,2070.684465057408,68.21390812497394,17.307119702538877,100.0,0,0.17,1.0,0.0,127.25,98.18,98.18,98.18,121.39,121.39,121.39,0.0,0.0,0.0,310.0512915716978,310.0512915716978,310.0512915716978,320.203068875625,320.203068875625,320.203068875625,1.2867459081344947,1.2867459081344947,1.2867459081344947,18.09968144949797,18.09968144949797,18.09968144949797,32.61579886599305,32.61579886599305,32.61579886599305,1061.3172450076445,1061.3172450076445,1061.3172450076445,74.997773034801,74.997773034801,74.997773034801,1,0,1
M-06,INJECTION_MOLDER,2026-05-01,Night,120.9,967,98.09,0,RUNNING,309.8452912304794,0.2566646378230837,310.1771337967003,319.89971035838175,0.9110919816535817,321.762161129912,1.4971161177301324,0.33709652990648786,2.1749197360629275,17.827326195709077,1.6928589865906263,20.57377656139025,28.888172459116554,6.368729986597147,39.60721856987203,1229.3321587133646,291.63065157506026,1967.190437634792,65.88160670918474,14.941786460169462,97.88254517070696,0,0.5,1.0,0.0,120.875,98.05,98.11500000000001,98.11500000000001,127.24,124.315,124.315,0.0,0.0,0.0,310.2330739612707,310.1421827664842,310.1421827664842,320.2830366597642,320.2430527676946,320.2430527676946,1.3958859620610737,1.3413159350977844,1.3413159350977844,18.143612995495957,18.121647222496964,18.121647222496964,29.603392766453112,31.10959581622308,31.10959581622308,1208.298847634911,1134.8080463212777,1134.8080463212777,68.21390812497394,71.60584057988747,71.60584057988747,1,0,1
M-06,INJECTION_MOLDER,2026-05-02,Morning,120.52,964,96.05,0,RUNNING,309.0876477889509,0.23668893914371283,309.5538855792684,319.01124014993627,0.9286506575748535,320.86962127125594,1.361931187138981,0.26338821771814247,1.9775129767729591,18.237730288558108,2.0486094507162034,21.67514764363559,30.02431316017913,8.663619227036767,46.11782338871291,1229.128702990412,446.50534198431063,2515.961857980877,68.12994458711472,21.34460109583172,100.0,0,0.83,1.0,0.0,120.5,98.09,98.10666666666667,98.10666666666667,120.9,123.17666666666666,123.17666666666666,0.0,0.0,0.0,309.8452912304794,310.0432189211493,310.0432189211493,319.89971035838175,320.1286052979237,320.1286052979237,1.4971161177301324,1.393249329308567,1.393249329308567,17.827326195709077,18.023540213567667,18.023540213567667,28.888172459116554,30.369121363854237,30.369121363854237,1229.3321587133646,1166.3160837853068,1166.3160837853068,65.88160670918474,69.69776262298656,69.69776262298656,1,0,2
M-06,INJECTION_MOLDER,2026-05-02,Afternoon,118.73,950,99.13,0,RUNNING,309.2931381284666,0.10449156748570972,309.6045647518578,319.49682767970586,0.8716954912971155,321.08621237339963,1.370112752934303,0.2765765220621507,1.973133258576268,17.811800818156758,2.142971601527612,23.93932141787376,30.966706982557238,10.293040574760772,55.53284083261023,1223.2278175642107,559.2713275140735,3493.8386398947696,71.14672857584897,21.263377061808104,100.0,0,1.17,1.0,0.0,118.75,96.05,97.39666666666666,97.5925,120.52,122.88666666666667,122.5125,0.0,0.0,0.0,309.0876477889509,309.72200432690033,309.80432613809967,319.01124014993627,319.7313290560274,319.8492640109268,1.361931187138981,1.4183110889767292,1.3854197937661705,18.237730288558108,18.06955649325438,18.077087732315277,30.02431316017913,29.5052927952496,30.282919312935462,1229.128702990412,1222.2532364462293,1182.019238586583,68.12994458711472,67.4084864737578,69.3058081140186,1,0,2
M-06,INJECTION_MOLDER,2026-05-02,Night,117.05,936,99.06,0,RUNNING,309.3637319404009,0.17598247490895752,309.7020857119813,319.15920172690977,1.0688286021113997,321.2120454175385,1.4611356592325793,0.28975759486134656,2.1232364786626734,18.209217316217398,2.0252929999001728,22.50767149389287,27.668468460079257,8.156469086335548,43.31612438491989,1313.9603044158569,387.9767849419234,2159.234547253219,62.738981263644106,18.904775801572136,100.0,0,1.5,1.0,0.0,117.0,99.13,97.75666666666666,97.9,118.73,120.05,121.756,0.0,0.0,0.0,309.2931381284666,309.4086923826323,309.70208853617305,319.49682767970586,319.46925939600794,319.77877674468266,1.370112752934303,1.4097200192678052,1.382358385599797,17.811800818156758,17.958952434141313,18.024030349483574,30.966706982557238,29.959730867284307,30.41967684685982,1223.2278175642107,1227.2295597559958,1190.2609543821086,71.14672857584897,68.38609329071615,69.67399220638467,1,0,2
M-06,INJECTION_MOLDER,2026-05-03,Morning,121.8,974,93.2,0,RUNNING,309.894348606607,0.17846828871464446,310.1707158468187,319.8841990571095,1.012335360196601,321.6206119117562,1.2981739116209334,0.31256254393423255,1.821479735057519,18.44624567066831,1.8918371888300656,21.89540220619361,27.74560801579895,7.992142769304715,45.5978294363178,1344.839829869465,526.6017437109465,3116.2678840120075,64.41315475296122,17.405292180473992,99.92305634936304,0,1.83,1.0,0.0,121.75,99.06,98.08,98.09333333333332,117.05,118.76666666666667,120.97166666666668,0.0,0.0,0.0,309.3637319404009,309.2481726192728,309.64569577021103,319.15920172690977,319.2224231855173,319.67551424172046,1.4611356592325793,1.3977265331019542,1.3954879312052606,18.209217316217398,18.086249474310755,18.054894843939213,27.668468460079257,29.55316286760521,29.961142115729725,1313.9603044158569,1255.4389416568265,1210.8775127210665,62.738981263644106,67.33855147553594,68.51815704926125,1,0,3
M-06,INJECTION_MOLDER,2026-05-03,Afternoon,121.32,971,91.8,0,RUNNING,309.9485146199014,0.09550129980234283,310.1427832518891,319.8807007446161,0.881139824162099,321.7491299590374,1.4629471905377542,0.3327475561099998,2.150605019775336,18.158426295518872,1.855485446676138,21.96655824605199,30.377240086815764,8.829222156348814,47.888159729004485,1241.8606346791425,535.9068274996639,3503.394133832845,70.65080053890996,18.96562211872582,100.0,0,2.17,1.0,0.0,121.375,93.2,97.13,97.39428571428572,121.8,119.19333333333334,121.09,0.0,0.0,0.0,309.894348606607,309.51707289182485,309.6812176039819,319.8841990571095,319.51340948790835,319.7053263582046,1.2981739116209334,1.3764741079292717,1.3815859284074996,18.44624567066831,18.155754601680822,18.11080210490051,27.74560801579895,28.79359448614515,29.644637244311042,1344.839829869465,1294.0093172831776,1230.0149865994092,64.41315475296122,66.09962153081808,67.9317281497898,1,0,3
M-06,INJECTION_MOLDER,2026-05-03,Night,122.25,978,97.77,0,RUNNING,309.6937582748392,0.08121719421895485,309.9269228747892,319.8936413529079,0.945381968987415,321.6855666307503,1.3527178526900594,0.32131030850730474,2.0304722234135832,17.74209332233109,1.9472889643072446,21.01604633559311,28.25729879869828,8.344923245184257,45.144876246495365,1344.6153805325716,660.2241895569231,4203.450148204247,64.71200897284182,18.869518248342516,98.65723995137152,0,2.5,1.0,0.0,122.25,91.8,94.68666666666667,96.695,121.32,120.05666666666666,121.11875,0.0,0.0,0.0,309.9485146199014,309.7355317223031,309.71462973097186,319.8807007446161,319.6413671762118,319.72724815650605,1.4629471905377542,1.4074189204637557,1.3917560861737814,18.158426295518872,18.271296427468194,18.116755128727807,30.377240086815764,28.597105520897987,29.73621259962413,1241.8606346791425,1300.220256321488,1231.495692609376,70.65080053890996,65.93431218517176,68.27161219842984,1,0,3
M-06,INJECTION_MOLDER,2026-05-04,Morning,117.87,943,96.25,0,RUNNING,309.9208742717056,0.08254363849362802,310.0323297943513,319.8300467351492,0.9033038873397051,322.24067507952486,1.409197268649589,0.2277489939445138,1.874493145312551,17.694187703437837,1.2449749519239877,20.193707904639258,28.95707299695641,7.808693129695729,46.71350450820452,1245.885313419898,366.6010877586305,2091.765131623585,66.77856695354458,17.392373477018882,100.0,0,2.83,1.0,0.0,117.875,97.77,94.25666666666666,96.81444444444445,122.25,121.79,121.24444444444445,0.0,0.0,0.0,309.6937582748392,309.8455405004492,309.7123106802904,319.8936413529079,319.88618038487783,319.74573628943955,1.3527178526900594,1.371279651616249,1.38741850467559,17.74209332233109,18.11558842950609,18.075126039128172,28.25729879869828,28.793382300437667,29.571888843965706,1344.6153805325716,1310.4386150270595,1244.0645468230641,64.71200897284182,66.59198808823767,67.87610072892005,1,0,4
M-06,INJECTION_MOLDER,2026-05-04,Afternoon,127.03,1016,94.99,0,RUNNING,310.1272436535293,0.13376023520257638,310.4136585815154,320.23957600805244,0.9441517098059381,322.1333015946334,1.4177875312692982,0.28605023191989,1.979476013227763,18.51799627732039,1.4892149438484246,22.21504501640514,29.9522771170034,8.780436527384959,53.24002222192104,1207.696683961127,379.456576387875,2144.963856735977,69.07748925769428,17.73819280773589,100.0,0,3.17,1.0,0.0,127.0,96.25,95.27333333333333,96.60000000000001,117.87,120.48,120.85333333333334,0.0,0.0,0.0,309.9208742717056,309.8543823888154,309.6978198691802,319.8300467351492,319.868129610891,319.7042893849423,1.409197268649589,1.4082874372924674,1.4010242113994893,17.694187703437837,17.864902440429265,18.030071178454822,28.95707299695641,29.197203960823487,29.16536374740608,1245.885313419898,1277.4537762105374,1264.5721099799812,66.77856695354458,67.38045882176544,66.96285560878044,1,0,4
M-06,INJECTION_MOLDER,2026-05-04,Night,116.19,930,98.96,0,RUNNING,310.44034262437236,0.21261411403624733,310.7294341843217,320.2289995092378,1.0108980997676382,322.1427831698985,1.411063238664627,0.26660126627279507,1.8443080363106308,18.329047659302574,1.915570901589896,22.77265316349336,29.77490957568116,7.858650070400421,48.37399306684016,1195.0956048449455,299.135308611141,1825.570575218833,67.51919161216955,17.77765037329977,100.0,0,3.5,1.0,0.0,116.25,94.99,96.33666666666666,96.25999999999999,127.03,122.38333333333333,120.83,0.0,0.0,0.0,310.1272436535293,309.913958733358,309.6860609460978,320.23957600805244,319.9877546987032,319.69946042364097,1.4177875312692982,1.3932342175363155,1.4034577190892923,18.51799627732039,17.98475910102977,18.071669320879764,29.9522771170034,29.055549637552698,29.204128675245002,1207.696683961127,1266.0657926378656,1264.5052029051164,69.07748925769428,66.8560217280269,67.0588090679716,1,0,4
M-06,INJECTION_MOLDER,2026-05-05,Morning,127.07,1017,96.01,0,RUNNING,310.6630258049185,0.10928268568291241,310.8484899940963,320.30274377507743,1.1104285865493548,322.6639710857549,1.369199878747432,0.2241251155417631,1.852970935739404,17.64632297906937,1.8392650276460294,21.228231617225465,29.041923787402965,7.658484513536304,46.52918995107988,1241.8496501123818,362.74950603528094,2063.7621800857373,66.41556088245578,17.812544996062805,100.0,0,3.83,1.0,0.0,127.125,98.96,96.73333333333333,96.35666666666665,116.19,120.36333333333334,120.30666666666667,0.0,0.0,0.0,310.44034262437236,310.1628201832024,309.7521777676415,320.2289995092378,320.0995407508131,319.7360481070694,1.411063238664627,1.412682679527838,1.3938962880820138,18.329047659302574,18.180410546686932,18.127416150167928,29.77490957568116,29.56141989654699,29.302655021529954,1195.0956048449455,1216.2258674086568,1260.701141364181,67.51919161216955,67.79174927446947,67.24076294608102,1,0,5
M-06,INJECTION_MOLDER,2026-05-05,Afternoon,123.64,989,98.68,0,RUNNING,310.69947125544337,0.23314770660498915,311.0665426738739,320.40200016010175,1.1327632979898399,323.0439158782111,1.490446910470538,0.37663603590628464,2.4292437939239244,17.911666352361586,1.778412422368079,20.983187016096096,30.217281486305563,10.00747113510883,54.54697570828368,1268.0101584900244,685.2979413129531,4562.655220053111,69.52400836196693,20.085474174346768,100.0,0,4.17,1.0,0.0,123.625,96.01,96.65333333333335,96.35222222222222,127.07,123.42999999999999,121.03444444444443,0.0,0.0,0.0,310.6630258049185,310.41020402760677,309.9272197694157,320.30274377507743,320.25710643078924,319.87954850986284,1.369199878747432,1.399350216227119,1.3947039204829528,17.64632297906937,18.16445563856411,18.0617042268914,29.041923787402965,29.589703493362506,29.19350064677705,1241.8496501123818,1214.8806463061512,1262.114579933289,66.41556088245578,67.6707472507732,67.05027586778559,1,0,5
M-06,INJECTION_MOLDER,2026-05-05,Night,117.33,939,95.03,0,RUNNING,310.3121589842167,0.2819898421350146,310.7730661218695,320.4773069875892,1.0768086993283992,322.96651977899194,1.4089514173017021,0.301873041485569,2.0178703239271423,17.776553618689885,2.0358645650239318,21.42834775332491,30.234572817929024,10.458553095799001,51.570830451770114,1191.499626225704,418.0112594796792,2578.1047953229395,69.64401932451442,20.704384384036562,100.0,0,4.5,1.0,0.0,117.375,98.68,97.88333333333333,96.30222222222223,123.64,122.3,121.58,0.0,0.0,0.0,310.69947125544337,310.60094656157804,310.0834790057464,320.40200016010175,320.31124781480565,319.98012322990684,1.490446910470538,1.423570009294199,1.4080743824314235,17.911666352361586,17.962345663577842,18.072800397358602,30.217281486305563,29.678038283129894,29.110231147193524,1268.0101584900244,1234.985137815784,1267.0903955917124,69.52400836196693,67.81958695219743,66.86997362179869,1,0,5
M-06,INJECTION_MOLDER,2026-05-06,Morning,124.43,995,99.37,0,RUNNING,309.94433910660086,0.1604201642849742,310.186408990964,320.05560428486376,0.853326169513372,321.90269731400394,1.4104818552831384,0.29012926639899567,1.974672101453432,17.73346443258564,1.7847204550248335,22.355204864628757,29.880611909316848,9.306932397863594,50.834295843681176,1298.2706515114899,684.5110583117518,4086.9332903149434,68.46215499811854,20.204698599750778,100.0,0,4.83,1.0,0.0,124.375,95.03,96.57333333333334,95.85444444444445,117.33,122.67999999999999,121.61111111111111,0.0,0.0,0.0,310.3121589842167,310.55821868152617,310.1888597883926,320.4773069875892,320.3940169742561,320.12657936998244,1.4089514173017021,1.4228660688398909,1.4022761333279927,17.776553618689885,17.778180983373616,18.024726653188882,30.234572817929024,29.831259363879184,29.395353853621277,1191.499626225704,1233.7864782760369,1253.4836535705845,69.64401932451442,68.52786285631238,67.63720007300651,1,0,6
M-06,INJECTION_MOLDER,2026-05-06,Afternoon,122.03,976,94.24,0,RUNNING,309.8126550726546,0.15436481258959053,310.0597031372539,319.9079228389668,1.0103302424222205,321.8845435546802,1.346324620724907,0.32393488014781463,2.3989395774198634,17.78068499888443,1.795024240502679,21.2600138213955,29.23956943002493,8.318291035583714,46.56440197081356,1240.334872572108,378.7720580798451,2450.193163687085,67.53208462665637,19.602066943859374,100.0,0,5.17,1.0,0.0,122.0,99.37,97.69333333333334,96.54,124.43,121.8,121.90333333333335,0.0,0.0,0.0,309.94433910660086,310.31865644875364,310.19441428839195,320.05560428486376,320.3116371441849,320.1456243952884,1.4104818552831384,1.4366267276851261,1.4147547937349043,17.73346443258564,17.807228134545706,17.94552873784636,29.880611909316848,30.110822071183808,29.632576508456605,1298.2706515114899,1252.5934787424062,1248.3093004196985,68.46215499811854,69.21006089486663,68.0870889891351,1,0,6
M-06,INJECTION_MOLDER,2026-05-06,Night,127.15,1017,94.94,0,RUNNING,309.4115331307421,0.16368653302647868,309.7461916128989,319.40779115689645,1.1164657033235148,322.2494144917739,1.4123002762361296,0.2869245136002914,2.1689697049290206,18.299565768686506,1.6146781684436287,21.62099539493473,28.81999419631211,7.544247120887376,39.19962169157843,1263.3764667367884,443.454877560872,2510.971367462097,67.85357884408445,18.80466943901722,92.92641953168284,0,5.5,1.0,0.0,127.125,94.24,96.21333333333332,96.8111111111111,122.03,121.26333333333334,121.98222222222223,0.0,0.0,0.0,309.8126550726546,310.02305105449074,310.17931878314226,319.9079228389668,320.1469447038066,320.1486490724385,1.346324620724907,1.3885859644365828,1.4017967304223657,17.78068499888443,17.76356768338665,17.903557482664755,29.23956943002493,29.784918052423603,29.506168657702062,1240.334872572108,1243.368383436434,1248.1397712966946,67.53208462665637,68.54608631642976,67.7405649988847,1,0,6
M-06,INJECTION_MOLDER,2026-05-07,Morning,118.79,950,96.68,0,RUNNING,309.606132308643,0.09690895474449104,309.78322816200864,319.62077199824745,1.0214734857781311,321.70941393486964,1.3213071922450517,0.2657714285963707,1.7527922181934814,18.192764044721194,1.7555051011959684,22.49908586661763,28.522147041791612,7.504633101158989,48.330090234568,1265.289549192561,415.41058433857813,2949.318561653384,66.39707550738787,18.07774706149674,100.0,0,5.83,1.0,0.0,118.75,94.94,96.18333333333334,96.49666666666666,127.15,124.53666666666668,122.52666666666667,0.0,0.0,0.0,309.4115331307421,309.72284243666587,310.1479604337982,319.40779115689645,319.790439426909,320.09466571732605,1.4123002762361296,1.3897022507480583,1.4084169997052625,18.299565768686506,17.93790506671886,17.965498865593133,28.81999419631211,29.313391845217964,29.568690368548044,1263.3764667367884,1267.3273302734622,1239.1132253193855,67.85357884408445,67.94927282295312,68.08962831791166,1,0,7
M-06,INJECTION_MOLDER,2026-05-07,Afternoon,125.59,1005,97.71,0,RUNNING,309.5613588892802,0.15282309368872854,309.85754958307194,319.2283207148508,0.9705034149795713,321.51941700526766,1.3991192263545627,0.2825015989644282,1.828063153100303,18.263628144388118,2.031124976853383,24.096977810846493,32.89054349531108,7.344870491957168,45.7610222700459,1077.637272673462,301.4944361352781,1945.6754219072996,76.23617105446907,15.83798784763901,100.0,0,6.17,1.0,0.0,125.625,96.68,95.28666666666668,96.54444444444444,118.79,122.65666666666668,122.62888888888887,0.0,0.0,0.0,309.606132308643,309.61010683734656,310.11298910456895,319.62077199824745,319.6454953313702,320.07141296878143,1.3213071922450517,1.359977363068696,1.3986514356603137,18.192764044721194,18.091004937430707,18.02089623684684,28.522147041791612,28.86057022270955,29.520365262418622,1265.289549192561,1256.3336295004858,1241.269251516348,66.39707550738787,67.26091299270956,68.0472403794498,1,0,7
M-06,INJECTION_MOLDER,2026-05-07,Night,121.49,972,96.93,0,RUNNING,308.67804040775417,0.35564193293261465,309.2421420889449,319.0523112032662,1.0187529365377872,320.9197775952528,1.3981241331370826,0.27352178868435784,1.92184766708584,17.977484186665414,1.7688256389918657,21.84748340274694,28.908661809153337,7.273788835968085,44.94449651602882,1243.0229406171545,372.01501888471904,2090.2950230695924,69.2728145734481,16.215516473979026,100.0,0,6.5,1.0,0.0,121.5,97.71,96.44333333333333,96.84666666666668,125.59,123.84333333333335,122.4688888888889,0.0,0.0,0.0,309.5613588892802,309.52634144288845,310.0501130196524,319.2283207148508,319.4189612899982,319.9590512695369,1.3991192263545627,1.377575564945248,1.3965771795586766,18.263628144388118,18.251985985931938,17.99263311096548,32.89054349531108,30.077561577804932,29.84683930445281,1077.637272673462,1202.101096200937,1226.8182058177183,76.23617105446907,70.16227513531379,68.84264946798034,1,0,7
M-06,INJECTION_MOLDER,2026-05-08,Morning,120.16,961,97.12,0,RUNNING,308.3535213921134,0.2189628569795109,308.6938060462212,318.28062878582466,0.9214730620074125,320.2557841967497,1.3521242566428822,0.3216203437464207,1.8764930093261447,17.89629476429343,1.991665050883877,21.27675096580837,30.418592893940897,8.784520888111325,58.507731352975455,1176.6326065155076,292.7014248531021,1690.3433580920796,71.37129848341996,17.68508595524625,100.0,0,6.83,1.0,0.0,120.125,96.93,97.10666666666667,96.62111111111112,121.49,121.95666666666666,123.05777777777777,0.0,0.0,0.0,308.67804040775417,309.2818438685592,309.8543016622504,319.0523112032662,319.30046797212145,319.8283081244289,1.3981241331370826,1.3728501839122325,1.3951395011667271,17.977484186665414,18.144625458591577,17.95357050289468,28.908661809153337,30.107117448752007,29.750589552616386,1243.0229406171545,1195.3165874943925,1232.1434653479637,69.2728145734481,70.63535371176835,69.03749646367794,1,0,8
M-06,INJECTION_MOLDER,2026-05-08,Afternoon,110.89,887,95.41,0,RUNNING,308.08363665912714,0.18981726287686748,308.46784293172675,317.88694798076136,1.0263024921342445,320.2220328564534,1.3606444654736536,0.2673534167287712,1.8949603828609665,18.180456780142833,1.7267671838738283,21.579687330641548,31.988781454052756,9.922278386244303,53.0415133365001,1085.9985273372022,277.3661605125406,1736.6597230207046,73.02083935282495,21.065445927796993,100.0,0,7.17,0.0,0.0,110.875,97.12,97.25333333333333,96.74444444444445,120.16,122.41333333333334,122.28999999999999,0.0,0.0,0.0,308.3535213921134,308.86430689638263,309.59769006082763,318.28062878582466,318.85375356798056,319.6036286811785,1.3521242566428822,1.3831225387115091,1.3932422098217772,17.89629476429343,18.04580236511565,17.981345145697354,30.418592893940897,30.739266066135105,29.903552786676155,1176.6326065155076,1165.764273268708,1224.8971271705332,71.37129848341996,72.29342803711238,69.5881339748962,0,0,8
M-06,INJECTION_MOLDER,2026-05-08,Night,120.87,967,93.7,0,RUNNING,308.3025940205457,0.14040534020081258,308.54785507651115,318.22993842718876,1.1868350911295342,320.88184954138666,1.3857414979180958,0.30233096402481985,2.0123883636200883,18.129431990974254,2.03414137936852,23.038293172536207,30.34077200776348,8.235233312518824,46.06003213508726,1209.5948203064481,447.93086321186416,2941.8823729006263,68.23331307148881,19.246492967024107,100.0,0,7.5,0.0,0.0,120.875,95.41,96.48666666666668,96.38111111111111,110.89,117.51333333333334,120.87333333333332,0.0,0.0,0.0,308.08363665912714,308.3717328196649,309.307041772348,317.88694798076136,318.40662932328405,319.32417843902965,1.3606444654736536,1.370297618417873,1.3788197159332345,18.180456780142833,18.01807857703389,18.011210748784162,31.988781454052756,30.438678719048994,30.100386116425838,1085.9985273372022,1168.5513581566213,1204.6736125979976,73.02083935282495,71.221650803231,69.97667075165819,0,0,8
M-06,INJECTION_MOLDER,2026-05-09,Morning,121.39,971,95.59,0,RUNNING,308.47598795663805,0.2030435225156612,308.7411950187069,318.2445660976943,0.9109331948096351,319.8810572223044,1.2449589591509376,0.30198047023653246,1.7932925189140456,18.284612791224475,1.4924898543578198,21.011661007133693,29.119124408729462,7.666505311038219,43.40978934118824,1256.2266079012793,489.85003331199806,3193.025051825347,67.48729034390163,18.86831557585003,98.96298369965244,0,7.83,0.0,0.0,121.375,93.7,95.41000000000001,96.23333333333333,120.87,117.30666666666667,121.26666666666668,0.0,0.0,0.0,308.3025940205457,308.24658402392873,309.0837567763845,318.22993842718876,318.1325050645916,319.07447082120734,1.3857414979180958,1.3661700733448772,1.3762408360017226,18.129431990974254,18.068727845136838,18.05041945681576,30.34077200776348,30.916048785252375,30.112186026407453,1209.5948203064481,1157.4086513863858,1206.68418971808,68.23331307148881,70.87515030257791,69.81992561243312,0,0,9
M-06,INJECTION_MOLDER,2026-05-09,Afternoon,126.32,1011,99.15,0,RUNNING,308.46931971171745,0.13247726610857297,308.7674353273925,318.28214738603674,0.9272368336612161,321.30111013077544,1.3446798339130708,0.2813956277804826,1.8900354937637367,17.945182473277587,1.8061009068748566,21.76922376163944,29.857459045497514,8.000946963019386,41.65670962694469,1228.0939089176352,453.35236711884215,2402.2599058599208,70.04868724767633,18.387169953966055,99.79019712615924,0,8.17,0.0,0.0,126.375,95.59,94.89999999999999,95.81333333333333,121.39,117.71666666666665,120.9288888888889,0.0,0.0,0.0,308.47598795663805,308.28740621210363,308.92060664861094,318.2445660976943,318.1204841685481,318.87324435596634,1.2449589591509376,1.330448307514229,1.3578494030981447,18.284612791224475,18.198167187447186,18.111658163331185,29.119124408729462,30.48289262351523,30.02757630411996,1256.2266079012793,1183.9399851816434,1202.0126293169458,67.48729034390163,69.58048092273846,69.71160731752013,0,0,9
M-06,INJECTION_MOLDER,2026-05-09,Night,118.32,947,95.7,0,RUNNING,308.16156857864024,0.4132739505288343,308.71636704784567,318.15374669041455,1.0545687608601215,320.03139626259104,1.4332155404388107,0.32675935561881686,1.972735552445498,17.594002283854653,1.8230570443397096,21.54722596003791,28.921928079258304,8.582497699801854,53.73546340173195,1309.7141759264016,678.8266827895343,4708.075506416776,68.44482460498342,17.850055504932666,100.0,0,8.5,0.0,0.0,118.375,99.15,96.14666666666666,96.35888888888888,126.32,122.86000000000001,121.40555555555557,0.0,0.0,0.0,308.46931971171745,308.41596722963374,308.7713471640624,318.28214738603674,318.25221730363995,318.69260263897405,1.3446798339130708,1.3251267636607011,1.3576666490079408,17.945182473277587,18.119742418492105,18.12993566048598,29.857459045497514,29.772451820663488,30.096230705839137,1228.0939089176352,1231.3051123751209,1200.6525222442262,70.04868724767633,68.58976355435559,69.9912298309668,0,0,9
M-06,INJECTION_MOLDER,2026-05-10,Morning,115.46,924,92.95,0,RUNNING,307.35056170454834,0.10735519616120412,307.51675690796066,317.645771424835,0.9170697162560315,319.55173809200306,1.6080640476939594,0.313479097474059,2.2670065811823146,18.17322808982238,1.9127506769630498,22.819648318700175,29.91210116290558,7.296963713389875,46.83168024544436,1194.541550057154,368.6504661124761,2660.9388209703466,70.25904900836008,17.287898938836644,100.0,0,8.83,0.0,0.0,115.5,95.7,96.81333333333335,96.44333333333333,118.32,122.00999999999999,120.42444444444443,0.0,0.0,0.0,308.16156857864024,308.36895874899864,308.63246221382883,318.15374669041455,318.22682005804853,318.55326436492055,1.4332155404388107,1.3409514445009396,1.359990567252683,17.594002283854653,17.941265849452236,18.051539717726886,28.921928079258304,29.299503844495092,30.107556692833157,1309.7141759264016,1264.6782309151051,1205.801156598628,68.44482460498342,68.6602673988538,70.05692380440001,0,0,10
M-06,INJECTION_MOLDER,2026-05-10,Afternoon,116.39,931,92.34,0,RUNNING,307.6826914882584,0.15127977296258638,307.8990230859543,317.66620397265126,1.1652213513452718,319.76487600692803,1.7552366733273923,0.27504257704598045,2.191222971742202,17.79464719769854,1.6177769469589238,21.39608605856281,30.25886100745492,8.224673882459358,48.16430026913925,1132.737796498776,306.84594620397166,2227.185391630881,71.22333136345821,18.296215083522657,100.0,0,9.17,0.0,0.0,116.375,92.95,95.93333333333334,96.02888888888889,115.46,120.03333333333332,120.05444444444444,0.0,0.0,0.0,307.35056170454834,307.9938166649686,308.38184325781833,317.645771424835,318.0272218337621,318.3338198567636,1.6080640476939594,1.4619864740152801,1.3918524400803394,18.17322808982238,17.90413761565154,18.04936905607146,29.91210116290558,29.563829429220466,30.2619960396236,1194.541550057154,1244.1165449670636,1197.9402678058048,70.25904900836008,69.58418695367328,70.4860319711747,0,0,10
M-06,INJECTION_MOLDER,2026-05-10,Night,111.79,894,95.1,0,RUNNING,307.9230299426119,0.062132003395854965,308.0530193820496,317.9834037796482,1.3323196021342314,321.5706495046405,1.9659711192846996,0.31352338191051493,2.429460324295929,17.826781541833245,2.0918024735692593,21.46535391711467,28.063306041237173,6.1775126569516905,39.326818412249146,1256.874207173017,298.0680213897772,1910.71743234712,65.98605553441254,15.948941521542732,100.0,0,9.5,0.0,0.0,111.75,92.34,93.66333333333334,95.43222222222222,116.39,116.72333333333331,119.03222222222222,0.0,0.0,0.0,307.6826914882584,307.731607257149,308.1731024354826,317.66620397265126,317.8219073626336,318.1602513298525,1.7552366733273923,1.5988387538200541,1.4314210452995428,17.79464719769854,17.853959190458525,17.99726006199484,30.25886100745492,29.697630083206267,29.96958687430625,1132.737796498776,1212.3311741607772,1204.0625482308399,71.22333136345821,69.97573499226723,69.9290497832846,0,0,10
M-06,INJECTION_MOLDER,2026-05-11,Morning,113.53,908,95.53,0,RUNNING,307.94440864851026,0.10905298875751941,308.15298922093723,318.08779384746737,0.9577866176899417,320.6056472436008,2.1380424001688083,0.3053708546622996,2.6765825740958418,18.10553048287862,2.402216410867146,22.856080782092853,27.976590960639275,8.934348921449319,44.64920405527528,1332.7033795349382,467.77729765153487,2449.5932985700138,66.25226836311116,19.683254614738264,99.48954390125796,0,9.83,0.0,0.0,113.5,95.1,93.46333333333332,95.22888888888889,111.79,114.54666666666667,117.95444444444443,0.0,0.0,0.0,307.9230299426119,307.6520943784729,308.08921238380003,317.9834037796482,317.76512639237814,318.0414838383394,1.9659711192846996,1.776423946768684,1.4945151548715,17.826781541833245,17.931552276451388,17.980515323680155,28.063306041237173,29.411422737199228,29.8756584556489,1256.874207173017,1194.7178512429823,1205.601577848158,65.98605553441254,69.15614530207695,69.56385433450288,0,0,11
M-06,INJECTION_MOLDER,2026-05-11,Afternoon,114.42,915,90.45,0,RUNNING,307.7132795105395,0.08214521716768548,307.8525589217955,317.64245398101207,1.052404217718671,320.06225382765257,2.2355032588958244,0.3373907746471024,2.9770136606132294,18.622499370141867,1.6642061553037129,21.89688515072174,29.474332621454277,9.246847797259866,46.939839494319,1217.2195957369129,436.64069409152137,2721.6583274191794,68.45834496115498,20.39831947125262,100.0,0,10.17,0.0,0.0,114.375,95.53,94.32333333333334,95.05222222222223,113.53,113.90333333333335,117.21777777777778,0.0,0.0,0.0,307.94440864851026,307.8500433597935,308.0437554122886,318.08779384746737,317.9124671999223,318.02005773407757,2.1380424001688083,1.9530833975936333,1.5818393930410477,18.10553048287862,17.908986407470135,18.00376373685629,27.976590960639275,28.76625266977712,29.604324907504274,1332.7033795349382,1240.7717944022436,1222.942774850317,66.25226836311116,67.82055175366064,68.99507321002413,0,0,11
M-06,INJECTION_MOLDER,2026-05-11,Night,112.27,898,93.35,0,RUNNING,307.96986825630313,0.08364102056555435,308.1249607263779,317.9753922776208,0.9074513359877455,320.18160813203,2.4808471896957154,0.3317148982693529,3.290366730204388,19.07601134429127,2.013578886285175,23.425776873580595,28.488050546345452,8.22290435559556,45.276312649563806,1322.658414668142,621.3042434707771,4128.555595666896,65.32892451480798,18.742234787000175,100.0,0,10.5,0.0,0.0,112.25,90.45,93.69333333333333,94.50111111111111,114.42,113.24666666666667,117.61,0.0,0.0,0.0,307.7132795105395,307.8602393672206,308.0026046180011,317.64245398101207,317.90455053604256,317.99289173410534,2.2355032588958244,2.1131722594497773,1.679045925643511,18.622499370141867,18.18493713161791,18.052879580189515,29.474332621454277,28.504743207776908,29.32494170388222,1217.2195957369129,1268.9323941482894,1237.522893561396,68.45834496115498,66.89888961955955,68.48812938872746,0,0,11
M-06,INJECTION_MOLDER,2026-05-12,Morning,107.03,856,90.48,0,RUNNING,308.81396654511894,0.36918008603485797,309.57379492250334,318.5626180951738,1.1603103837482112,320.80814287128334,2.713741983706895,0.29252180673432326,3.5138623884624294,18.132641626537794,1.5055170327755445,21.603291339244784,29.689917990668242,8.334549223863593,43.01886996480165,1247.123608899627,484.9611243981182,2824.090547029899,70.43041365071552,19.38326985992328,100.0,0,10.83,0.0,0.0,107.0,93.35,93.11000000000001,94.46222222222222,112.27,113.40666666666665,116.65444444444444,0.0,0.0,0.0,307.96986825630313,307.87585213845097,307.96563508864085,317.9753922776208,317.90188003536673,317.9646088285978,2.4808471896957154,2.2847976162534493,1.800724335841024,19.07601134429127,18.601347065770586,18.158055063891403,28.488050546345452,28.646324709479668,29.119083763724664,1322.658414668142,1290.8604633133311,1250.0855151571398,65.32892451480798,66.67984594635804,68.16541954909627,0,0,12
M-06,INJECTION_MOLDER,2026-05-12,Afternoon,105.48,844,89.18,0,RUNNING,310.09275216100076,0.22557765452867073,310.4122108967811,319.8747938001709,0.9037694328996198,322.3057011179833,2.7170176649835587,0.25777785353957033,3.182083629081347,18.86995080309092,1.711185086879355,23.563715378106547,30.08208540300882,9.067491878715831,50.95689742662485,1230.3437654048728,449.0979348129795,2756.383201024418,67.99914843920605,20.875396998825796,100.0,0,11.17,0.0,0.0,105.5,90.48,91.42666666666666,93.89444444444445,107.03,111.24000000000001,115.05888888888889,0.0,0.0,0.0,308.81396654511894,308.1657047706539,308.0031882651387,318.5626180951738,318.0601547846022,317.99994793942886,2.713741983706895,2.4766974774328117,1.963922449680575,18.132641626537794,18.610384113656977,18.141169378926218,29.689917990668242,29.217433719489325,29.18250527282897,1247.123608899627,1262.3338731015606,1249.0740708236226,70.43041365071552,68.07256104222616,68.49243324985336,0,0,12
M-06,INJECTION_MOLDER,2026-05-12,Night,106.48,852,88.08,0,RUNNING,310.3430346150251,0.08171742115046511,310.49913090324947,320.1556803215308,0.9063477097002917,322.29444714112475,3.0127135041149855,0.3514427100183826,3.7166631983882015,18.36129130832809,1.7612708890181297,23.031903930839395,29.975171031311447,6.9757332029213766,49.578201520669566,1166.4400900231515,258.4211687917551,1876.989374358871,68.62104732381384,14.734360078003757,100.0,0,11.5,0.0,0.0,106.5,89.18,91.00333333333333,92.78666666666668,105.48,108.25999999999999,112.74333333333334,0.0,0.0,0.0,310.09275216100076,308.9588623208076,308.1835696483924,319.8747938001709,318.8042680576552,318.17690865211046,2.7170176649835587,2.637202279462056,2.116404430910629,18.86995080309092,18.692867924639994,18.243921415572142,30.08208540300882,29.420017980007504,29.207463756996894,1230.3437654048728,1266.708596324214,1249.32405487776,67.99914843920605,67.91949553490986,68.26470671557888,0,0,12
M-06,INJECTION_MOLDER,2026-05-13,Morning,102.31,818,84.33,0,RUNNING,310.18662638920614,0.23968891556288088,310.67144663561714,320.03337424384273,0.9936125295960032,322.1370386703368,3.0707744806211106,0.2996316646099186,3.659971539735467,18.31285239722929,1.8779177457976748,23.500459863098524,29.689224569405486,9.295687007028073,45.59735711114875,1209.6679693313583,522.2044532142643,3388.2229167241408,68.07224840161102,19.81309690636743,100.0,0,11.83,0.0,0.0,102.25,88.08,89.24666666666667,91.94,106.48,106.33,111.42777777777778,0.0,0.0,0.0,310.3430346150251,309.7499177737149,308.42595476354626,320.1556803215308,319.53103073895846,318.39934572223444,3.0127135041149855,2.814491050935146,2.2919042046524267,18.36129130832809,18.454627912652267,18.329175751624746,29.975171031311447,29.915724808329504,29.32449075166947,1166.4400900231515,1214.6358214425504,1233.4047119996212,68.62104732381384,69.01686980457848,68.28428701767115,0,0,13
M-06,INJECTION_MOLDER,2026-05-13,Afternoon,101.34,811,86.86,0,RUNNING,311.0015066447581,0.2490248495290683,311.37870889589936,321.03827117903137,1.1812282876640487,323.2481202568134,3.293812677698758,0.22757463235205266,3.6272649382316926,19.151232037191345,1.6706305896195803,22.258838603619896,30.425486498553113,8.950855219742508,46.16755927509512,1216.8429541431176,464.50362573541884,2665.593210150675,71.79174859406197,21.497336085048115,100.0,0,12.17,0.0,0.0,101.375,84.33,87.19666666666666,90.98222222222222,102.31,104.75666666666666,109.96666666666665,0.0,0.0,0.0,310.18662638920614,310.20747105507735,308.7410730618415,320.03337424384273,320.0212827885148,318.66463492434644,3.0707744806211106,2.933501883239885,2.454427586088777,18.31285239722929,18.514698169549433,18.34468956355885,29.689224569405486,29.91549366790858,29.29972668572501,1209.6679693313583,1202.1506082531275,1235.0854252523106,68.07224840161102,68.23081472154364,68.04130917247682,0,0,13
M-06,INJECTION_MOLDER,2026-05-13,Night,102.07,817,86.95,0,RUNNING,311.36767244551413,0.18277795537316963,311.6188376666981,321.51147082114954,1.0973150052899663,323.14829117580786,3.4011987083424517,0.22553485079682006,3.777019346697289,18.91405693279928,1.7511007413013457,23.177375029286296,30.946102095941185,9.4048299735441,48.50510755831746,1115.3088891542643,326.20621808549515,2286.974300874169,71.67405632279822,20.442993180825503,100.0,0,12.5,0.0,0.0,102.125,86.86,86.42333333333333,90.37333333333333,101.34,103.37666666666667,108.29444444444444,0.0,0.0,0.0,311.0015066447581,310.51038921632977,309.1098303014526,321.03827117903137,320.4091085814683,319.03930905838865,3.293812677698758,3.125766887478285,2.625380475463373,19.151232037191345,18.608458580916242,18.49542121239138,30.425486498553113,30.029960699756682,29.318240629180366,1216.8429541431176,1197.6503378325424,1244.4304427683485,71.79174859406197,69.49501477316227,68.1044666425439,0,0,13
M-06,INJECTION_MOLDER,2026-05-14,Morning,98.39,787,86.24,0,RUNNING,311.45656158647085,0.18684596951727123,311.8664600397556,321.49054424254416,0.9639282465023568,323.5013092959381,3.519575171900336,0.28163061533996475,4.055685521041543,18.91106985044735,1.7782664178848455,22.046628719815725,31.47548522214955,7.062459449432808,46.91683330541994,1139.6737454505121,340.61319549111414,2560.9392471060623,71.89518418900651,18.138622952872755,100.0,0,12.83,0.0,0.0,98.375,86.95,86.04666666666667,89.46777777777777,102.07,101.90666666666665,107.21444444444445,0.0,0.0,0.0,311.36767244551413,310.8519351598261,309.4925683573307,321.51147082114954,320.86103874800784,319.43131650744436,3.4011987083424517,3.2552619555541065,2.7848502075809005,18.91405693279928,18.792713789073304,18.61622958916539,30.946102095941185,30.353604387966595,29.638551301925254,1115.3088891542643,1180.6066042095802,1228.7009629884872,71.67405632279822,70.5126844394904,68.73646673014231,0,0,14
M-06,INJECTION_MOLDER,2026-05-14,Afternoon,101.16,809,83.99,0,RUNNING,311.4805992132844,0.18335611866904228,311.87245869698995,321.4795332396318,1.150257216530988,325.24393611725816,3.8057587021818318,0.22978999790582036,4.222525737022531,18.892192781448816,1.7948490343137116,21.4863854228504,29.274242799483655,8.553332771137582,44.71364724147469,1260.4810666950489,449.9273975918374,2508.051415233613,68.63361124283094,20.4515054006102,100.0,0,0.08,1.0,0.0,101.125,86.24,86.68333333333334,88.43555555555555,98.39,100.59999999999998,105.53222222222223,0.0,0.0,0.0,311.45656158647085,311.2752468922477,309.88280757265966,321.49054424254416,321.3467620809084,319.80939988467514,3.519575171900336,3.4048621859805146,2.938353848884404,18.91106985044735,18.992119606812658,18.70573396333969,31.47548522214955,30.949024605547947,30.027317330981955,1139.6737454505121,1157.2751962492978,1207.2532258679953,71.89518418900651,71.78699636862223,69.36345737746402,1,0,14
M-06,INJECTION_MOLDER,2026-05-14,Night,95.01,760,83.2,0,RUNNING,311.47586024005574,0.23289290948582006,311.94001851818507,321.45989760639554,1.1376434390614314,324.38254651117256,3.99718124126742,0.24880548479984002,4.446222094076955,18.956019607975414,1.545502719028157,21.905402977139406,30.044216686902622,6.381760391005059,40.17489017569998,1174.6038344142828,314.29050616012825,2079.7489756335167,70.1827014718334,15.95635161922366,99.47607952845772,0,0.42,1.0,0.0,95.0,83.99,85.72666666666667,87.71777777777778,101.16,100.54,104.05888888888889,0.0,0.0,0.0,311.4805992132844,311.43494441508983,310.3013986507424,321.4795332396318,321.49384943444187,320.23574202452176,3.8057587021818318,3.5755108608082065,3.1128266759161827,18.892192781448816,18.905773188231816,18.73569989792935,29.274242799483655,30.56527670585813,30.00508512854077,1260.4810666950489,1171.8212337666084,1212.0600559744548,68.63361124283094,70.73428391821189,69.38293140876135,1,0,14
M-06,INJECTION_MOLDER,2026-05-15,Morning,92.91,743,82.44,0,RUNNING,312.07804091024235,0.08217943997268709,312.2059279052324,322.1303747491143,0.8605682030458047,323.5852181378293,4.090681852172502,0.2889433712206011,4.8611616440417125,19.576648682742963,1.4026112123197767,22.721374979309267,27.543974325586813,7.089457543232138,40.86005414173581,1316.192707308898,428.47097589849375,2944.0170782326754,65.1484382369486,17.401833537465173,100.0,0,0.75,1.0,0.0,92.875,83.2,84.47666666666667,86.59,95.01,98.18666666666667,102.14111111111112,0.0,0.0,0.0,311.47586024005574,311.4710070132703,310.6909533156038,321.45989760639554,321.4766583628572,320.6229092832745,3.99718124126742,3.774171705116529,3.2813082372019275,18.956019607975414,18.91976074662386,18.722367482783145,30.044216686902622,30.264648236178612,30.17799247749157,1174.6038344142828,1191.586215519948,1195.6095470573594,70.1827014718334,70.23716563455694,69.92223995954194,1,0,15
M-06,INJECTION_MOLDER,2026-05-15,Afternoon,92.11,737,80.55,0,RUNNING,312.4773987642507,0.2985355222646442,313.04613037029054,322.3410092762869,1.083601385555195,325.75100511604285,4.264369342200515,0.31423406422571915,4.851839191574229,19.37416371026088,1.6427701730113462,23.78460177642389,29.027168775942467,8.236029603576746,49.4185939722412,1263.120656906841,436.4228988021162,2792.804057043189,65.07050592799038,20.203531368250278,100.0,0,1.08,1.0,0.0,92.125,82.44,83.21,85.69666666666666,92.91,96.36,100.57222222222222,0.0,0.0,0.0,312.07804091024235,311.67816678786085,311.05362824506193,322.1303747491143,321.6899351983805,321.0193266892679,4.090681852172502,3.964540598540585,3.4343015559203285,19.576648682742963,19.141620357389062,18.882812711250384,27.543974325586813,28.95414460399103,29.93955429248252,1316.192707308898,1250.4258694727432,1203.2838913250562,65.1484382369486,67.9882503172043,69.33535380245672,1,0,15
M-06,INJECTION_MOLDER,2026-05-15,Night,93.0,744,83.51,0,RUNNING,313.03623570727035,0.1244157940850262,313.28235610228023,323.0061819421322,0.9940572848537984,324.83519006560005,4.459069497569514,0.28648904695054683,5.1234269350346215,19.617476858698037,1.8053983555381836,23.888604511025637,29.21557098933876,9.002905050573233,46.766541063464494,1300.1175094133753,617.8830090991277,4120.216671892442,66.80279156632834,22.237696905553612,100.0,0,1.42,1.0,0.0,93.0,80.55,82.06333333333333,84.73777777777778,92.11,93.34333333333332,99.08666666666666,0.0,0.0,0.0,312.4773987642507,312.0104333048496,311.3185889787564,322.3410092762869,321.9770938772656,321.29335063105856,4.264369342200515,4.117410811880146,3.6062295200555456,19.37416371026088,19.302277333659756,18.938836367602605,29.027168775942467,28.871786596143966,29.822341333919592,1263.120656906841,1251.3057328766738,1206.9257681586084,65.07050592799038,66.8005485455908,69.00994907898833,1,0,15
M-06,INJECTION_MOLDER,2026-05-16,Morning,122.14,0,94.89,480,DOWN,313.0979238932709,0.10587524179617717,313.2958970638261,323.2712501626974,0.9711306859974,325.92970698923034,4.603674847887407,0.2907695322905189,5.426392921190214,19.61591879224106,1.7646437479972716,22.569367778940048,29.66945526011581,7.613649258049156,47.8818923129092,1199.5032793184985,297.5783916412916,1893.2656632499527,69.21314198243364,16.401602915849484,100.0,0,1.75,1.0,1.0,0.0,83.51,82.16666666666667,84.23,93.0,92.67333333333333,97.58888888888889,0.0,0.0,0.0,313.03623570727035,312.5305584605878,311.61783354456145,323.0061819421322,322.49252198917776,321.6100730333476,4.459069497569514,4.271373563980844,3.7669357415504927,19.617476858698037,19.522763083900625,19.07841253986593,29.21557098933876,28.595571363622682,29.737941329255957,1300.1175094133753,1293.143624543038,1221.778814757522,66.80279156632834,65.67391191042243,68.80792066148994,1,0,16
M-06,INJECTION_MOLDER,2026-05-16,Afternoon,118.51,0,94.15,480,DOWN,313.7616526009108,0.3309835216194126,314.27075368038146,323.8312560211582,1.1195529837878755,326.564795510238,4.742279397705949,0.3115119643833672,5.379168573507264,19.40149529139608,2.1406646673318193,24.246647802289253,30.067717217888717,8.166758921198898,46.831432358947296,1223.455140445621,391.96795292966414,2455.9555118748835,71.0535315563609,19.016435713988145,100.0,0,0.04,2.0,1.0,0.0,94.89,86.31666666666666,85.40333333333334,122.14,102.41666666666667,99.79222222222222,480.0,160.0,53.333333333333336,313.0979238932709,312.8705194549306,311.941311045013,323.2712501626974,322.8728137937055,321.96983702433147,4.603674847887407,4.4423712292191455,3.937258004580082,19.61591879224106,19.53585312039999,19.22319769486724,29.66945526011581,29.30406500846568,29.735744739334887,1199.5032793184985,1254.2471485462381,1220.6494047560932,69.21314198243364,67.02881315891746,68.93468661491467,1,1,16
M-06,INJECTION_MOLDER,2026-05-16,Night,119.89,0,94.3,480,DOWN,314.5938074038239,0.11862708237559258,314.7080799395882,324.1437646153857,0.4490406742119148,325.1355173749617,5.0100157175191775,0.3133895626236272,5.3219350752078505,19.41837718143145,1.2410332993279733,23.15542339632044,32.048628087568986,8.00654411521787,38.771284225710815,1134.1245300608773,404.2762448000266,2142.288858904565,79.51464725938435,22.347506950385675,100.0,1,0.38,2.0,1.0,0.0,94.15,90.85000000000001,86.21333333333332,118.51,111.21666666666665,101.69999999999999,480.0,320.0,106.66666666666667,313.7616526009108,313.2986040671507,312.24799392903003,323.8312560211582,323.3695627086626,322.28016867345667,4.742279397705949,4.60167458105429,4.098198751247548,19.40149529139608,19.544963647445062,19.25100472311221,30.067717217888717,29.650914489114427,29.695992597038842,1223.455140445621,1241.0253097258317,1221.3840921230378,71.0535315563609,69.02315503504096,68.85266249961455,1,0,16
M-06,INJECTION_MOLDER,2026-05-17,Morning,122.06,977,92.43,0,RUNNING,,,,,,,,,,,,,,,,,,,,,,0,0.71,2.0,0.0,122.125,94.3,94.44666666666667,87.03,119.89,120.18,103.68,480.0,480.0,160.0,314.5938074038239,313.81779463266855,312.6064533688422,324.1437646153857,323.7487569330804,322.57264576170513,5.0100157175191775,4.785323321037511,4.276956196711628,19.41837718143145,19.478597088356196,19.30704030629356,32.048628087568986,30.59526685519117,29.818495484997484,1134.1245300608773,1185.6943166083322,1223.4747188904394,79.51464725938435,73.26044026605962,69.72383927034633,1,0,17
M-06,INJECTION_MOLDER,2026-05-17,Afternoon,118.71,950,96.6,0,RUNNING,309.6625882198787,0.23903026454257267,309.9934236648106,319.45517164434216,1.0487107964233497,321.6121987172779,1.396303712205355,0.17770765200317637,1.6604263034700102,18.01463153040772,1.4590657817378734,20.730553627337244,31.098225161665106,7.4624760644873245,40.80597636753672,1151.8027189410088,311.7552302972684,1896.908291861463,72.39033791472757,17.174152349329347,93.83625379744277,0,1.04,2.0,0.0,118.75,92.43,93.62666666666667,87.71777777777778,122.06,120.15333333333335,106.31,0.0,320.0,160.0,,314.17773000236735,312.75018984163864,,323.9875103182719,322.70790845160025,,4.876147557612564,4.3716288248130395,,19.409936236413763,19.356536613274336,,31.05817265272885,29.611371767853477,,1178.789835253249,1233.9498405704305,,75.28408940787261,69.45242115551382,1,0,17
M-06,INJECTION_MOLDER,2026-05-17,Night,120.66,965,100.0,0,RUNNING,308.7183501984604,0.21217380994185367,309.1712331950582,318.8495359676527,0.968344384000493,320.9005610941056,1.384165545668205,0.3434687042401295,2.193659175508317,18.206340689922193,1.6595068099197399,20.837972494273583,27.202462075442803,9.69655882271776,46.21177630163229,1364.942768872816,697.8104471406876,4482.343364481995,60.99280545786012,23.342703432622617,100.0,0,1.38,2.0,0.0,120.625,96.6,94.44333333333333,89.11888888888889,118.71,120.21999999999998,108.26,0.0,160.0,160.0,309.6625882198787,312.12819781185135,312.52293846746295,319.45517164434216,321.79946812986395,322.45486325218906,1.396303712205355,3.203159714862266,4.07044695106598,18.01463153040772,18.716504355919582,19.2468414568942,31.098225161665106,31.573426624617046,29.839369563126162,1151.8027189410088,1142.963624500943,1220.3650471011754,72.39033791472757,75.95249258705596,69.9220119895009,1,0,17
M-06,INJECTION_MOLDER,2026-05-18,Morning,121.26,970,95.53,0,RUNNING,308.7069893890479,0.09134342468372522,308.8700884245452,318.5222719679011,0.8364930309440024,321.05598842597817,1.343559896892518,0.32961865707779475,2.1469383391650223,18.190984082563094,1.7457994506039543,21.16635008204763,30.548396732321514,7.642138095882229,46.45912106580138,1198.1515385166697,475.65832698202945,3303.965691653952,70.51768115317302,16.76135193894382,100.0,0,1.71,2.0,0.0,121.25,100.0,96.34333333333332,90.98555555555555,120.66,120.47666666666667,111.11,0.0,0.0,160.0,308.7183501984604,309.1904692091696,312.17824971226355,318.8495359676527,319.15235380599745,322.12856804734616,1.384165545668205,1.39023462893678,3.743819989116078,18.206340689922193,18.110486110164956,19.153131592137548,27.202462075442803,29.150343618553954,29.48415023669368,1364.942768872816,1258.3727439069125,1244.157413908492,60.99280545786012,66.69157168629384,68.77327498775423,1,0,18
M-06,INJECTION_MOLDER,2026-05-18,Afternoon,119.66,957,92.45,0,RUNNING,308.7990837406213,0.10132236653921795,308.9861580217357,318.93678868650284,0.8209660220574317,320.7681954639783,1.3142409835156013,0.2513339729343195,1.8799541441784868,17.66243770470145,1.7995247896430115,21.384510788815795,31.589581015892463,7.437905080843089,45.09718303210551,1128.9534117266028,332.96888907294067,2294.073891735748,73.89627258896863,16.306441937072012,100.0,0,2.04,2.0,0.0,119.625,95.53,97.37666666666667,92.44,121.26,120.21,114.26000000000002,0.0,0.0,160.0,308.7069893890479,309.02930926912904,311.7568682721142,318.5222719679011,318.942326526632,321.67755519969455,1.343559896892518,1.3746763849220258,3.4004297447060803,18.190984082563094,18.137318767631,18.979923517115065,30.548396732321514,29.61636132314314,29.859703037535517,1198.1515385166697,1238.2990087768314,1229.4022678094636,70.51768115317302,67.9669415085869,69.4444303522823,1,0,18
M-06,INJECTION_MOLDER,2026-05-18,Night,119.71,958,94.33,0,RUNNING,308.7750263368495,0.12356443875108014,309.0519389485832,318.87131418675466,0.9802030213610581,320.72436270476976,1.385255885317728,0.24321356192772103,1.8400716162249384,17.513578148770364,2.3746090278196417,26.70321738310672,28.246791993908836,7.578279866127514,47.47550108077982,1264.9734277691457,339.6392531163811,2302.5238634507887,65.25934321629023,17.345067227163668,100.0,0,2.38,2.0,0.0,119.75,92.45,95.99333333333334,93.76222222222222,119.66,120.52666666666666,117.32111111111112,0.0,0.0,160.0,308.7990837406213,308.7414744427099,311.2970788941605,318.93678868650284,318.7695322073522,321.25202762597155,1.3142409835156013,1.3473221420254415,3.031663699870466,17.66243770470145,18.019920825728914,18.765957766420136,31.589581015892463,29.780146607885595,30.18000456752927,1128.9534117266028,1230.6825730386963,1212.6313621619338,73.89627258896863,68.46891973333392,70.54765118490457,1,0,18
M-06,INJECTION_MOLDER,2026-05-19,Morning,123.3,986,94.9,0,RUNNING,308.4138767776142,0.165237061381407,308.69383720652246,318.69860345936905,0.7394722190155628,320.50940717293565,1.4514357980000638,0.278269513419488,2.116616546341982,18.123927647628843,1.9752469318909263,23.137043385446542,29.955560738060374,7.465269261734881,44.182775615012616,1219.1909243550344,372.7079791020439,2073.120189923569,69.23841755457084,17.56011968620834,100.0,0,2.71,2.0,0.0,123.25,94.33,94.10333333333334,94.96444444444444,119.71,120.21,120.28888888888888,0.0,0.0,160.0,308.7750263368495,308.76036648883957,310.76442772285793,318.87131418675466,318.7767916137195,320.7351691565493,1.385255885317728,1.3476855885752823,2.6474369983389927,17.513578148770364,17.7889999786783,18.502970427679177,28.246791993908836,30.128256580707603,30.05890719310053,1264.9734277691457,1197.3594593374726,1208.2383519564048,65.25934321629023,69.89109898614396,70.35472014114981,1,0,19
M-06,INJECTION_MOLDER,2026-05-19,Afternoon,119.58,957,94.73,0,RUNNING,308.621333808588,0.10659313863631802,308.84443778013474,318.8177955417768,0.8516834476572013,319.9218590414598,1.4099613646322386,0.2435657188876553,2.019378776876912,17.826890904489844,1.7539816541511197,21.90005942929088,29.481901680249784,8.895115688048195,45.8320638484185,1286.1085111747095,463.87314560607695,2735.350982960302,69.20122947583496,19.570466143591737,100.0,0,3.04,2.0,0.0,119.625,94.9,93.89333333333333,94.96555555555557,123.3,120.89,120.41777777777777,0.0,0.0,106.66666666666667,308.4138767776142,308.6626622850283,310.17892183340086,318.69860345936905,318.83556877754216,320.1635883186333,1.4514357980000638,1.3836442222777976,2.2534071171030745,18.123927647628843,17.76664783370022,18.316471534602652,29.955560738060374,29.93064458262056,30.094670377843602,1219.1909243550344,1204.372587950261,1210.6993075859718,69.23841755457084,69.4646777866099,70.35787958766696,1,0,19
M-06,INJECTION_MOLDER,2026-05-19,Night,126.26,1010,95.36,0,RUNNING,308.67140989936064,0.0940748796751369,308.85049435981347,318.98128380658056,0.8662691867568101,320.56632894579815,1.4561800105333667,0.28481380924419153,1.9389248763184224,18.00082641243449,2.0022292934845445,21.453525406611703,32.52563125642237,8.480504568258356,49.44770453019892,1117.53309681389,419.16614914069214,2643.981042302084,76.06225793601902,18.584957342891045,100.0,0,3.38,2.0,0.0,126.25,94.73,94.65333333333335,95.03,119.58,120.86333333333333,120.53666666666666,0.0,0.0,53.333333333333336,308.621333808588,308.6034123076839,309.5363819843605,318.8177955417768,318.79590439596683,319.53690575871065,1.4099613646322386,1.4155510159833433,1.836867362968861,17.826890904489844,17.821465566963017,18.11964598623937,29.481901680249784,29.228084804072996,30.02144343563873,1286.1085111747095,1256.7576210996301,1218.530978927108,69.20122947583496,67.89966341556534,70.12634182760122,1,0,19
M-06,INJECTION_MOLDER,2026-05-20,Morning,126.6,1013,97.63,0,RUNNING,308.4986900686042,0.20780895895718676,308.84562103256394,318.5500763025764,0.8856496738662605,319.95843814674333,1.446371088795937,0.29470588413510085,1.9796281717504116,17.628968553022425,1.7913514808458901,21.081979818286115,28.41139126269291,6.614716699671146,39.86233153237541,1255.6711616643563,376.85622046312227,2296.586341806434,65.07399494267003,15.857682802523215,92.51000467242402,0,3.71,2.0,0.0,126.625,95.36,94.99666666666667,95.14777777777778,126.26,123.04666666666667,121.24444444444445,0.0,0.0,0.0,308.67140989936064,308.5688734951876,308.7960822963026,318.98128380658056,318.83256093590876,318.89159565760997,1.4561800105333667,1.4391923910552231,1.3926378995956346,18.00082641243449,17.983881654851057,17.94245214011475,32.52563125642237,30.65436455824418,30.081068831745405,1117.53309681389,1207.6108441145445,1216.4570497712346,76.06225793601902,71.50063498880827,69.69479316218055,1,0,20
M-06,INJECTION_MOLDER,2026-05-20,Afternoon,121.74,974,96.74,0,RUNNING,308.97541107862907,0.14168444631127458,309.304912086685,319.06045835894594,0.8311950238599698,320.29746771879576,1.328803181162735,0.22708422877957016,1.6926211037923165,18.1122120067677,1.6578299307310125,21.77245103667534,31.694385808689297,7.680911260398733,47.827962754874605,1133.515571967047,344.40319423952354,2446.5749729509243,72.59536811691929,17.680435462380764,100.0,0,4.04,2.0,0.0,121.75,97.63,95.90666666666668,95.72555555555556,126.6,124.14666666666666,121.74888888888889,0.0,0.0,0.0,308.4986900686042,308.5971445921843,308.7630387154472,318.5500763025764,318.78305188364453,318.8536490626063,1.446371088795937,1.4375041546538474,1.3986082539512237,17.628968553022425,17.818895289982255,17.907620630437822,28.41139126269291,30.139641399788356,29.895549101850683,1255.6711616643563,1219.770923217652,1220.8141733149148,65.07399494267003,70.11249411817467,69.18137113779049,1,0,20
M-06,INJECTION_MOLDER,2026-05-20,Night,121.42,971,92.14,0,RUNNING,309.12068215075004,0.28081756942343133,309.4139221192643,319.0739408434194,0.9262624780717919,320.47879686688606,1.4492304072109754,0.2529837722839991,1.978929496934014,17.39647378367137,1.855562689394889,20.31620932486093,30.810954895968095,8.915834214342937,48.17173300409656,1222.8680324636557,539.8536253331232,2978.8793446505047,70.1809613262852,18.800783751193404,100.0,0,4.38,2.0,0.0,121.375,96.74,96.57666666666665,95.74111111111111,121.74,124.86666666666667,122.08555555555556,0.0,0.0,0.0,308.97541107862907,308.71517034886466,308.68668569975284,319.06045835894594,318.8639394893676,318.80979203089555,1.328803181162735,1.4104514268306794,1.391108194946488,18.1122120067677,17.91400232407487,17.918462905588935,31.694385808689297,30.87713610926819,29.96178917374226,1133.515571967047,1168.9066101484311,1218.7822680955858,72.59536811691929,71.24387366520278,69.20415227136736,1,0,20
M-06,INJECTION_MOLDER,2026-05-21,Morning,119.0,952,97.69,0,RUNNING,308.9345129560168,0.2193195112171519,309.23688885010785,318.92468674701263,1.1387130051482421,321.4502016739078,1.366300921196546,0.37023655327324434,2.1361020906222192,18.19460354079694,1.7755894020979603,20.984133707293,32.62907127004574,9.092870174764325,55.26425543865834,1127.9245658774887,409.60254379173864,2488.7350414178336,74.99600992015148,19.197230524737815,100.0,0,4.71,2.0,0.0,119.0,92.14,95.50333333333333,94.86777777777777,121.42,123.25333333333333,122.17,0.0,0.0,0.0,309.12068215075004,308.8649277659945,308.73138925000717,319.0739408434194,318.8948251683139,318.8347259059808,1.4492304072109754,1.4081348923898824,1.398337624006796,17.39647378367137,17.7125514478205,17.828477693783285,30.810954895968095,30.3055773224501,30.362732820467297,1222.8680324636557,1204.0182553650197,1202.9961862723458,70.1809613262852,69.28344146195816,70.22505847897013,1,0,21
M-06,INJECTION_MOLDER,2026-05-21,Afternoon,119.82,959,93.19,0,RUNNING,308.9667831105636,0.10459931790529424,309.15917490370225,318.50658027188524,0.8898288650004572,320.33463791437487,1.3610809512055022,0.2393813039232583,1.8923706304420325,18.17807173241063,1.8316095410445734,21.73868433408088,31.123672694589246,7.312283517180882,45.47854598955341,1129.4060913079452,296.7670200297403,2004.5281127916048,73.74926375710882,16.48592792698471,100.0,0,5.04,1.0,0.0,119.875,97.69,95.52333333333333,95.10777777777778,119.0,120.71999999999998,121.91888888888889,0.0,0.0,0.0,308.9345129560168,309.0102020617987,308.75666964633706,318.92468674701263,319.0196953164593,318.87943865921534,1.366300921196546,1.3814448365234187,1.4008644044850214,18.19460354079694,17.901096443745335,17.82887985580927,32.62907127004574,31.711470658234376,30.593918880214435,1127.9245658774887,1161.4360567693973,1195.1931893124367,74.99600992015148,72.59077978778532,70.72265056418998,1,0,21
M-06,INJECTION_MOLDER,2026-05-21,Night,119.81,958,99.41,0,RUNNING,309.20388432113486,0.07786079006433694,309.3491651750974,319.2340089337757,0.9303293059776031,320.8969210086242,1.415413702380239,0.3067519942176774,2.065988597997072,18.120296361534137,1.9831452998886565,22.509887154986338,29.151079536017892,7.5738321124264525,50.19978364495283,1228.0774882480323,357.92895458892883,2302.486509641696,66.73874263866713,16.95040923569246,100.0,0,5.38,1.0,0.0,119.75,93.19,94.33999999999999,95.19,119.82,120.08,121.93666666666667,0.0,0.0,0.0,308.9667831105636,309.0073260724435,308.77530290966405,318.50658027188524,318.8350692874391,318.83163772425786,1.3610809512055022,1.3922040932043414,1.4060688453394548,18.17807173241063,17.923049685626314,17.886172525554734,31.123672694589246,31.521232953534355,30.54215128895852,1129.4060913079452,1160.06622988303,1195.243487043697,73.74926375710882,72.97541166784849,70.70631624953887,1,0,21
M-06,INJECTION_MOLDER,2026-05-22,Morning,124.49,996,95.88,0,RUNNING,309.3179548248098,0.1543171538723131,309.53910365295724,319.1930203830569,0.9165759731456798,321.70258089640606,1.373133939794533,0.29693522116189364,1.859892352587053,18.2752140059675,2.3139262601993638,22.369523987890723,31.62349548541019,8.861941520139977,63.793597861203125,1134.8954238186807,317.7715147921798,2110.79696955581,72.81196450055613,16.909102892821554,100.0,0,5.71,1.0,0.0,124.5,99.41,96.76333333333332,95.75444444444445,119.81,119.54333333333334,121.94777777777777,0.0,0.0,0.0,309.20388432113486,309.03506012923845,308.8229537968068,319.2340089337757,318.88842531755785,318.8719371405935,1.415413702380239,1.3809318582607624,1.4094197139019558,18.120296361534137,18.164323878247234,17.953585660306263,29.151079536017892,30.96794116688429,30.642627682526193,1228.0774882480323,1161.8027151444887,1191.143938208018,66.73874263866713,71.82800543864248,70.87069396313632,1,0,22
M-06,INJECTION_MOLDER,2026-05-22,Afternoon,123.43,987,95.27,0,RUNNING,309.74012947612397,0.23747126339690316,310.0886943096352,319.69256971033104,1.1575751662889817,321.58167859559035,1.4177312911230848,0.28366607694836943,1.99263760684608,17.890383865171195,1.9062669033304138,22.127490533632457,31.156129427764974,8.73872253576471,45.61663002127431,1179.9291269883254,404.1434113343789,2324.627885007805,72.67890004441746,19.39374354984752,99.51549758875906,0,6.04,1.0,0.0,123.375,95.88,96.16000000000001,95.86333333333333,124.49,121.37333333333333,122.08,0.0,0.0,0.0,309.3179548248098,309.1628740855028,308.9234069131619,319.1930203830569,318.97786986290595,318.92687235433664,1.373133939794533,1.3832095311267578,1.4007195074346748,18.2752140059675,18.191194033304086,17.970395255677225,31.62349548541019,30.632749238672442,30.82795376556506,1134.8954238186807,1164.1263344582194,1181.7777714817562,72.81196450055613,71.09999029877736,71.26775473491244,1,0,22
M-06,INJECTION_MOLDER,2026-05-22,Night,113.87,911,94.15,0,RUNNING,309.51573585939605,0.14832605432547616,309.8609077251129,319.8690646239275,1.1404182991324014,323.0832375970827,1.3580895607200258,0.3428165471909728,2.194562172029835,18.292543520685502,2.159888787758464,22.9353921006969,32.660094687281166,9.140226614491356,52.96971332296365,1124.111116473203,371.02062673298565,2213.8801204157694,74.13297256198459,19.2661780620462,100.0,0,6.38,1.0,0.0,113.875,95.27,96.85333333333334,95.92333333333335,123.43,122.57666666666667,122.50777777777778,0.0,0.0,0.0,309.74012947612397,309.4206562073562,309.0477175428881,319.69256971033104,319.37319967572125,319.024069484176,1.4177312911230848,1.402092977765952,1.4015828326003243,17.890383865171195,18.09529807755761,17.977450029086267,31.156129427764974,30.643568149731014,31.013979070844528,1179.9291269883254,1180.9673463516795,1169.9800621277134,72.67890004441746,70.74320239454691,71.65416257586607,1,0,22
M-06,INJECTION_MOLDER,2026-05-23,Morning,125.63,1005,95.45,0,RUNNING,309.3577071390887,0.16659740529214365,309.6121652266479,319.2342288791134,1.1755996968144435,322.639803942966,1.4584619291383452,0.27103596304204014,1.880845646308948,17.722450453116448,1.8864454481244768,21.729270861002245,30.990503281624214,7.959348839476459,47.75022227959004,1158.7674557383054,318.5935732790373,2096.1748022492447,70.9477948263012,17.412120125723455,100.0,0,6.71,1.0,0.0,125.625,94.15,95.10000000000001,95.78888888888889,113.87,120.59666666666665,121.13111111111112,0.0,0.0,0.0,309.51573585939605,309.52460672010994,309.1415315384476,319.8690646239275,319.5848849057718,319.12271179721455,1.3580895607200258,1.3829849305458815,1.3906838937321753,18.292543520685502,18.152713797274732,18.009863041114155,32.660094687281166,31.813239866818776,31.028919452051053,1124.111116473203,1146.311889093403,1170.7109532009704,74.13297256198459,73.20794570231939,71.43979753430669,1,0,23
M-06,INJECTION_MOLDER,2026-05-23,Afternoon,119.12,953,95.4,0,RUNNING,309.26299982043315,0.1380083776059562,309.59088985239964,319.19040200579735,0.9553374031109975,321.1426293049828,1.3574978424591426,0.3039952676632411,1.978339372759434,17.424044457708007,1.959969772497674,21.908362097155965,31.85071835001524,6.847314017533951,47.44062897532718,1110.8228203678598,263.37266078654176,1813.2781102017027,73.60721964164344,14.373192800165066,100.0,0,7.04,0.0,0.0,119.125,95.45,94.95666666666666,95.54666666666668,125.63,120.97666666666667,121.02333333333334,0.0,0.0,0.0,309.3577071390887,309.5378574915362,309.2369778796126,319.2342288791134,319.598621071124,319.19872875016307,1.4584619291383452,1.4114275936604852,1.3920273204368874,17.722450453116448,17.96845927965772,18.02024991890238,30.990503281624214,31.602242465556785,31.315487454154535,1158.7674557383054,1154.2692330666112,1159.9438747647425,70.9477948263012,72.58655581090109,72.09244196582125,0,0,23
M-06,INJECTION_MOLDER,2026-05-23,Night,126.85,1015,99.25,0,RUNNING,309.402528331929,0.14727979310099484,309.663809149365,319.4664240406012,0.7937790562086982,321.06916190619575,1.3749615325286857,0.2729376706475351,1.9975607737652263,18.022598752108646,1.7906460768493224,22.08305802111535,29.892435156756072,6.474775386140789,41.5515835184398,1175.4440928499218,318.05065057818285,2128.813699763982,67.85467061628573,16.586379932997808,96.03714886451311,0,7.38,0.0,0.0,126.875,95.4,95.0,95.39777777777778,119.12,119.54,120.73222222222222,0.0,0.0,0.0,309.26299982043315,309.37881427297265,309.26893218425744,319.19040200579735,319.43123183627944,319.21316693314657,1.3574978424591426,1.3913497774391714,1.3952156161364881,17.424044457708007,17.81301281050332,17.943786857895745,31.85071835001524,31.83377210630687,31.332857736524083,1110.8228203678598,1131.233797526456,1157.4224579203885,73.60721964164344,72.89599567664307,72.20486991301283,0,0,23
M-06,INJECTION_MOLDER,2026-05-24,Morning,127.99,1024,95.68,0,RUNNING,309.45843126113147,0.21246510909905159,309.8254523626716,319.80680419580364,0.8770633190185054,321.40434063559394,1.4678339402834457,0.28210706814081477,1.895913304820952,18.08565395154723,1.9148563849525417,21.78326313669734,29.956214975901336,8.668131394268839,47.38894972081248,1233.3422226323237,430.4602889082255,2367.0685179208954,69.34367622721679,19.265670216609266,100.0,0,7.71,0.0,0.0,128.0,99.25,96.7,96.18777777777778,126.85,123.86666666666667,121.33555555555556,0.0,0.0,0.0,309.402528331929,309.3410784304836,309.30024842661066,319.4664240406012,319.297018308504,319.25677617727786,1.3749615325286857,1.3969737680420578,1.3869635189495673,18.022598752108646,17.7230312209777,18.013356298833223,29.892435156756072,30.911218929465175,31.230799987722744,1175.4440928499218,1148.344789652029,1152.1531312966401,67.85467061628573,70.80322836141012,71.94639316745733,0,0,24
M-06,INJECTION_MOLDER,2026-05-24,Afternoon,121.06,969,92.97,0,RUNNING,309.3216735828048,0.10199929960878774,309.4797620687259,319.33283199016273,1.1175871435568319,321.9266563870195,1.3510863677216307,0.3374287948634101,2.1522732325936103,18.152588776879586,1.3003946431846707,20.463612467195112,31.124345989490603,7.463816551200794,51.92127744232355,1137.1904088884553,286.3516634952898,1866.3477581810816,72.95865928787602,16.10522970192035,100.0,0,8.04,0.0,0.0,121.125,95.68,96.77666666666669,95.96444444444444,127.99,124.65333333333332,122.33444444444444,0.0,0.0,0.0,309.45843126113147,309.3746531378312,309.35846157162337,319.80680419580364,319.4878767474008,319.35478922714356,1.4678339402834457,1.4000977717570915,1.3982449655147782,18.08565395154723,17.84409905378796,18.001250788916586,29.956214975901336,30.56645616089088,30.933815955040036,1233.3422226323237,1173.2030452833685,1163.8662042693998,69.34367622721679,70.26852216171532,71.31835609046459,0,0,24
M-06,INJECTION_MOLDER,2026-05-24,Night,125.32,1003,93.66,0,RUNNING,309.50374609636117,0.12901479704167196,309.72240584859264,319.38881995736597,1.0904729566832623,322.14129557475223,1.4078134079075004,0.34273609603817345,2.361157748104381,18.09033075792074,1.3987373857524452,20.40440092344817,31.03260109671583,8.69384917580082,57.953279291202975,1172.323390120564,392.18700184737077,2668.297094820567,70.17403912706737,18.808822120207314,100.0,0,8.38,0.0,0.0,125.375,92.97,95.96666666666665,95.94,121.06,125.3,122.47222222222223,0.0,0.0,0.0,309.3216735828048,309.39421105862175,309.39789384631683,319.33283199016273,319.5353534088559,319.44659497361886,1.3510863677216307,1.397960613511254,1.3971344562387926,18.152588776879586,18.086947160178486,17.99841934941314,31.124345989490603,30.324332040716,30.933890765584636,1137.1904088884553,1181.9922414569003,1164.731128445012,72.95865928787602,70.05233537712617,71.23051114943873,0,0,24
M-06,INJECTION_MOLDER,2026-05-25,Morning,120.78,966,93.81,0,RUNNING,309.58422592188344,0.1228336685290837,309.8302889875328,319.54111806415204,0.9635041993407658,321.2369147730051,1.3750620310192443,0.3271057833172379,1.876919813206336,18.456781171965204,1.9795326918030067,21.577010541936914,33.12760586796538,9.261544841169963,55.708482678798006,1091.9383994440457,329.60640219191515,1887.885180095489,74.45483745729109,16.569851439762893,100.0,0,8.71,0.0,0.0,120.75,93.66,94.10333333333334,95.3011111111111,125.32,124.79,123.08444444444444,0.0,0.0,0.0,309.50374609636117,309.4279503134325,309.431211821342,319.38881995736597,319.5094853811108,319.4637961984622,1.4078134079075004,1.4089112386375255,1.396289979075155,18.09033075792074,18.109524495449183,17.99508983790054,31.03260109671583,30.704387354035926,31.14294871677329,1172.323390120564,1180.952007213781,1158.536228653071,70.17403912706737,70.8254582140534,71.61221075926096,0,0,25
M-06,INJECTION_MOLDER,2026-05-25,Afternoon,117.88,943,94.33,0,RUNNING,310.030372253528,0.21881491765274647,310.2949472068071,320.1873601265016,0.9960081206156972,322.41134259325514,1.4778283595727686,0.2993128134261487,2.061782538407978,18.099002331004613,2.14381457934535,22.799441967137675,29.230752403160245,7.552370922749109,46.10032826364568,1217.1205139460183,302.96698058351313,1921.92517051785,68.61426174472595,17.963608129041337,100.0,0,9.04,0.0,0.0,117.875,93.81,93.48,95.07111111111111,120.78,122.38666666666666,122.67222222222222,0.0,0.0,0.0,309.58422592188344,309.4698818670165,309.4607974987946,319.54111806415204,319.42092333722695,319.5024737185839,1.3750620310192443,1.3779872688827919,1.3965042114334563,18.456781171965204,18.233233568921843,18.015263967455837,33.12760586796538,31.7615176513906,31.310072092612756,1091.9383994440457,1133.8173994843548,1153.7632259447782,74.45483745729109,72.52917862407816,71.79475219889818,0,0,25
M-06,INJECTION_MOLDER,2026-05-25,Night,117.81,942,94.92,0,RUNNING,310.5147767732178,0.16315952666546363,310.77865357872525,320.71880739180875,1.0245285503241874,322.9897613889969,1.3203849695106056,0.28967747866917043,1.954145031296611,18.511718531427558,2.121275199494597,22.58585889907444,25.684400943557133,7.3471787954559895,48.93641153891716,1382.791973175301,440.8910922890444,3189.5438197867197,59.580626503383165,16.696406689675296,100.0,0,9.38,0.0,0.0,117.75,94.33,93.93333333333334,94.96666666666665,117.88,121.32666666666665,122.05555555555556,0.0,0.0,0.0,310.030372253528,309.7061147572576,309.49304669628395,320.1873601265016,319.70576604933984,319.5574504314917,1.4778283595727686,1.4202345994998378,1.4031816634834209,18.099002331004613,18.21537142029685,18.038443796992883,29.230752403160245,31.13031978928048,31.096141312101125,1217.1205139460183,1160.460767836876,1157.8956022734108,68.61426174472595,71.08104610969481,71.34312572115469,0,0,25
M-06,INJECTION_MOLDER,2026-05-26,Morning,118.03,944,97.67,0,RUNNING,310.7413261860892,0.22016217948415662,311.1131471293829,320.89141353629867,1.0746376462348441,322.79992588884875,1.3702700198249924,0.2881175950648574,1.972839574646616,17.473351013472115,1.8140566460167986,20.73517255626485,31.185822607737144,7.721517925240021,47.48115511716613,1164.022484286296,473.6867682734248,3378.4827705788084,72.82323149320375,18.08039475375673,100.0,0,9.71,0.0,0.0,118.0,94.92,94.35333333333334,95.05222222222223,117.81,118.82333333333332,122.49333333333334,0.0,0.0,0.0,310.5147767732178,310.0431249828764,309.6040512422642,320.71880739180875,320.1490951941541,319.65186629458964,1.3203849695106056,1.3910917867008727,1.3989922644601522,18.511718531427558,18.35583401146579,18.062796575964224,25.684400943557133,29.347586404894255,30.32106422946512,1382.791973175301,1230.6169621884549,1186.637919684755,59.580626503383165,67.54990856846673,69.72619838131008,0,0,26
M-06,INJECTION_MOLDER,2026-05-26,Afternoon,116.02,928,96.44,0,RUNNING,310.4117247906371,0.15317166202245186,310.6637830037249,320.3592003985025,0.9149371666426217,321.7683043420912,1.3996352871934294,0.32078145078902753,2.134112956499824,17.7487351895002,2.4827232782828323,21.975246301734376,32.23702205014507,6.548423077230534,45.47975372410722,1077.0369972578926,236.12945404755564,1780.3992333739736,75.25710579744592,14.58954486180236,100.0,0,10.04,0.0,0.0,116.0,97.67,95.64,95.29888888888888,118.03,117.90666666666668,121.64888888888888,0.0,0.0,0.0,310.7413261860892,310.42882507094504,309.7577866919309,320.89141353629867,320.5991936848697,319.8359979231658,1.3702700198249924,1.3894944496361221,1.3891931634253352,17.473351013472115,18.028023958634762,18.035118860448186,31.185822607737144,28.700325318151503,30.342766376810996,1164.022484286296,1254.6449904692051,1187.221811745643,72.82323149320375,67.00603991377095,69.93458023318814,0,0,26
M-06,INJECTION_MOLDER,2026-05-26,Night,124.38,995,94.97,0,RUNNING,310.405243678474,0.2002889980140878,310.69720581387537,320.4482520889401,1.1220037283485103,322.60869300409564,1.4412934798363484,0.32879575519136106,2.187593757346579,18.09604492137407,1.3732108854725873,22.19250103904393,28.769467017470692,8.621861333460584,48.07548792608505,1284.1702303235604,454.90643230417817,2963.676223516666,67.49848398242197,19.262995027066633,100.0,0,10.38,0.0,0.0,124.375,96.44,96.34333333333335,95.41444444444444,116.02,117.28666666666668,121.30444444444444,0.0,0.0,0.0,310.4117247906371,310.5559425833147,309.8854227997314,320.3592003985025,320.65647377553665,319.9658644112441,1.3996352871934294,1.3634300921763425,1.3938751017291446,17.7487351895002,17.91126824479996,18.0711956084251,32.23702205014507,29.702415200479777,30.38568901015876,1077.0369972578926,1207.9504849064967,1183.467831400091,75.25710579744592,69.22032126467761,70.1179009171662,0,0,26
M-06,INJECTION_MOLDER,2026-05-27,Morning,117.42,939,95.54,0,RUNNING,309.8882383281209,0.07515601035990853,310.1087250077349,319.9385534642711,1.0280869428469306,321.6723855773587,1.4008609299854997,0.2901739089183689,1.971147608378432,18.332436088966233,2.1040108125468517,23.557418129396986,28.95886163494057,7.751661498078022,46.759761339618805,1236.7193248978035,335.4830673199498,2127.6126152807187,67.45220272229653,17.614419187006416,100.0,0,10.71,0.0,0.0,117.375,94.97,96.36,94.93888888888888,124.38,119.47666666666667,121.03,0.0,0.0,0.0,310.405243678474,310.5194315517335,309.9968356160141,320.4482520889401,320.5662886745804,320.0749564166151,1.4412934798363484,1.40373292895159,1.4012453180966626,18.09604492137407,17.772710374782125,18.079356293899036,28.769467017470692,30.730770558450967,30.260914772460378,1284.1702303235604,1175.0765706225832,1195.5485133416064,67.49848398242197,71.85960709102388,70.07832462451466,0,0,27
M-06,INJECTION_MOLDER,2026-05-27,Afternoon,124.25,994,96.39,0,RUNNING,309.6976476996996,0.07797212910681928,309.8613186529063,319.8523591354646,1.0531822673216378,322.0659214481426,1.3866491670646535,0.21153259850502323,1.8581622412686447,17.984647591300174,1.9505146708139407,23.100969763841896,30.03893653920727,7.561973895821177,43.26554517163876,1229.8724310287494,376.8030608904613,2391.718409567501,70.38180460450704,18.39280135263604,100.0,0,11.04,0.0,0.0,124.25,95.54,95.64999999999999,94.92333333333335,117.42,119.27333333333333,119.85555555555555,0.0,0.0,0.0,309.8882383281209,310.2350689324107,310.0445919567907,319.9385534642711,320.24866865057123,320.0895952242226,1.4008609299854997,1.4139298990050928,1.3938038725080022,18.332436088966233,18.0590720666135,18.106776531390036,28.95886163494057,29.98845023418544,30.15009773457585,1236.7193248978035,1199.3088508264188,1195.9237469266598,67.45220272229653,70.06926416738814,69.86816090174574,0,0,27
M-06,INJECTION_MOLDER,2026-05-27,Night,118.09,945,96.97,0,RUNNING,310.0358537046483,0.12124071185453916,310.17867552132213,319.96271716069805,0.8150213914125836,321.6289435749426,1.3871476520237858,0.37270094954661653,2.008894504236576,18.129008540969945,1.7319171282079087,21.652992458831665,28.77509469459505,7.141442814373461,42.31140755295191,1253.1085586501285,410.34626899874945,2770.106289729013,67.56469692369848,17.93145642088181,100.0,0,0.33,1.0,0.0,118.125,96.39,95.63333333333333,95.30333333333334,124.25,122.01666666666667,120.20999999999998,0.0,0.0,0.0,309.6976476996996,309.9970432354315,310.08636685866793,319.8523591354646,320.07972156289196,320.14732046258945,1.3866491670646535,1.4096011922955005,1.397755294657227,17.984647591300174,18.13770953388016,18.088116399658993,30.03893653920727,29.25575506387284,30.02949668454437,1229.8724310287494,1250.2539954167044,1206.2217493866924,70.38180460450704,68.44416376974185,69.58184371470475,1,0,27
M-06,INJECTION_MOLDER,2026-05-28,Morning,116.03,928,97.36,0,RUNNING,309.6772737276921,0.163911156609697,309.9499107412139,319.50505265801496,0.8420423236116167,321.3941742214908,1.3727915130893622,0.26121842802141,1.786198810630509,18.40139538787153,2.0989970175113735,21.638504297401692,31.417239318918902,7.474112888419295,44.33544745562227,1147.4694495423964,333.2955553992074,2212.781800133227,74.88400811502301,17.486512438075774,100.0,0,0.67,1.0,0.0,116.0,96.97,96.30000000000001,95.67111111111112,118.09,119.92,119.40666666666668,0.0,0.0,0.0,310.0358537046483,309.87391324415626,310.1454899262554,319.96271716069805,319.91787658681125,320.21108681851524,1.3871476520237858,1.3915525830246462,1.3954590995590364,18.129008540969945,18.14869740707878,18.0924139311089,28.77509469459505,29.257630956247628,29.778662639864283,1253.1085586501285,1239.9001048588937,1215.1978792233106,67.56469692369848,68.46623475016735,69.29191680321932,1,0,28
M-06,INJECTION_MOLDER,2026-05-28,Afternoon,121.47,972,95.38,0,RUNNING,310.1826884446769,0.2883926787095527,310.64483888571203,320.31758991458395,0.950130199842082,321.5903737949984,1.391831049955106,0.2904655005824338,1.9179482250915207,18.310168216988764,1.6142591511736877,21.88430442943388,27.975370015360376,7.982202927296402,43.93929707238438,1322.1363025498333,552.7716584906397,3761.863569754857,65.24074729694388,20.00416783192419,100.0,0,1.0,1.0,0.0,121.5,97.36,96.90666666666668,96.06555555555555,116.03,119.45666666666666,118.8788888888889,0.0,0.0,0.0,309.6772737276921,309.80359171068,310.1558285713452,319.50505265801496,319.7733763180592,320.20707955116666,1.3727915130893622,1.3821961107259337,1.3952068197890495,18.40139538787153,18.17168384004722,18.08625995509849,31.417239318918902,30.077090184240404,29.588621912192455,1147.4694495423964,1210.1501464070914,1221.367995900905,74.88400811502301,70.9435032144095,69.3396024318562,1,0,28
M-06,INJECTION_MOLDER,2026-05-28,Night,116.98,936,94.23,0,RUNNING,310.6217375257062,0.3260856463639037,311.2306733947871,320.31370684340794,1.1193142068984812,322.12333722655427,1.3927285117916421,0.2633419661141899,2.028472695871243,18.09317557534472,1.7207322146339095,21.38943517019969,28.63890436865905,7.472216689544736,40.96816614891517,1274.731803124091,478.0457852393783,3094.4682777822486,67.71104989052243,18.08368793643228,100.0,0,1.33,1.0,0.0,117.0,95.38,96.57000000000001,96.18222222222224,121.47,118.52999999999999,119.27777777777777,0.0,0.0,0.0,310.1826884446769,309.96527195900575,310.172752592584,320.31758991458395,319.9284532444323,320.22154952762025,1.391831049955106,1.3839234050227514,1.3856515631648647,18.310168216988764,18.28019071527675,18.109722831318958,27.975370015360376,29.389234676291437,29.449134980214694,1322.1363025498333,1240.904770247453,1233.0364168568847,65.24074729694388,69.22981744522178,68.96476749321376,1,0,28
M-06,INJECTION_MOLDER,2026-05-29,Morning,121.93,975,98.46,0,RUNNING,311.4119961225494,0.15346486302506798,311.6658730113335,321.44763567833917,0.9193728431005032,324.0052930901808,1.3822438124804002,0.3018475929123076,1.9219042972781777,17.994926204869287,2.163698957929512,21.696691946750978,31.920272978496666,8.409830846207983,47.50056306865461,1180.9620462162254,415.0201305275907,2126.0982921384066,72.33245535135127,19.92323599978822,100.0,0,1.67,1.0,0.0,121.875,94.23,95.65666666666665,96.10555555555555,116.98,118.16000000000001,119.18555555555557,0.0,0.0,0.0,310.6217375257062,310.1605665660251,310.18463712063823,320.31370684340794,320.04544980533564,320.17653835557576,1.3927285117916421,1.385783691612037,1.3936897345294244,18.09317557534472,18.26824639340167,18.063218058420862,28.63890436865905,29.34383790097944,29.77741313855935,1274.731803124091,1248.1125184054401,1221.029731295639,67.71104989052243,69.27860176749643,69.86814786956256,1,0,29
M-06,INJECTION_MOLDER,2026-05-29,Afternoon,117.71,942,96.92,0,RUNNING,311.2595949531734,0.1937255529908691,311.6913065731259,321.52967123003054,0.986193281577258,323.792510245778,1.3723101995647462,0.2635858122485446,1.8932584967825463,18.243489642775817,1.7775708580176628,22.131263718757157,30.025249983836293,8.075634930170484,48.88454966417481,1210.2506627137518,405.08025942905476,2398.6611269322884,69.59740428066519,18.593309892591954,100.0,0,2.0,1.0,0.0,117.75,98.46,96.02333333333333,96.19333333333333,121.93,120.12666666666667,119.61888888888888,0.0,0.0,0.0,311.4119961225494,310.73880736431084,310.25915600246714,321.44763567833917,320.69297747877704,320.2383408158025,1.3822438124804002,1.3889344580757161,1.3950201559355806,17.994926204869287,18.13275666573426,18.121170857464993,31.920272978496666,29.51151578750536,29.859018735310404,1180.9620462162254,1259.2767172967165,1222.9119048434088,72.33245535135127,68.42808417960586,69.8136171871345,1,0,29
M-06,INJECTION_MOLDER,2026-05-29,Night,112.49,900,94.83,0,RUNNING,311.4088521285876,0.13965071081153424,311.68778605686407,321.7303487802355,1.1942506784997422,323.60930047068183,1.4242178685409568,0.3051734854577144,1.9043163788409552,17.603916765420973,2.304182606282987,21.30625515780677,29.772106657578384,8.472832015382094,52.70624887336578,1224.597145064569,388.688332312757,2264.586398976461,68.40594993237349,20.06012549520924,100.0,0,2.33,1.0,0.0,112.5,96.92,96.53666666666668,96.24666666666666,117.71,118.87333333333333,119.80666666666667,0.0,0.0,0.0,311.2595949531734,311.0977762004763,310.3533637983045,321.52967123003054,321.09700458392587,320.36839313041673,1.3723101995647462,1.3824275079455963,1.3919840350879495,18.243489642775817,18.11053047432994,18.176143574495615,30.025249983836293,30.194809110330667,29.61326628349832,1210.2506627137518,1221.9815040180226,1237.7134232273934,69.59740428066519,69.88030317417963,69.18476146304776,1,0,29
M-06,INJECTION_MOLDER,2026-05-30,Morning,119.89,959,94.18,0,RUNNING,311.8555272421115,0.13636261886801695,312.0863762071723,321.85257969796373,0.9896235182072791,323.8351327889558,1.312520762404469,0.24333105157206808,1.932324581350984,18.021156140359782,1.5870563282370107,21.151968638359826,31.110995570395445,8.931785973700466,48.64648049341582,1157.100517389147,357.024690543421,2087.398090839813,71.6151851217839,19.949980186623783,100.0,0,2.67,1.0,0.0,119.875,94.83,96.73666666666666,96.23111111111112,112.49,117.37666666666667,118.48555555555556,0.0,0.0,0.0,311.4088521285876,311.3601477347701,310.46487584831715,321.7303487802355,321.5692185628684,320.5108483183384,1.4242178685409568,1.3929239601953676,1.3900867449440168,17.603916765420973,17.94744420435536,18.121462668278603,29.772106657578384,30.57254320663711,29.724670687954724,1224.597145064569,1205.2699513315156,1231.09419153195,68.40594993237349,70.11193652146332,69.28559101304238,1,0,30
M-06,INJECTION_MOLDER,2026-05-30,Afternoon,116.63,933,94.66,0,RUNNING,311.1495473988881,0.4202141704616541,311.7857830025727,320.94947914882056,1.320902728117545,323.7463391107095,1.4452634960385822,0.3636553687478331,2.415747400385103,18.582020122455187,1.9775554958879091,22.130385704068413,31.284375728051522,9.615525558327422,50.6626810241323,1204.5371856425425,491.20668875609255,2401.814166645725,72.07412337514482,20.145654842252917,100.0,0,3.0,1.0,0.0,116.625,94.18,95.31,96.08,119.89,116.69666666666666,118.75999999999999,0.0,0.0,0.0,311.8555272421115,311.50799144129087,310.6834635054272,321.85257969796373,321.70419990274326,320.7235178998598,1.312520762404469,1.3696829435033908,1.3802711707683468,18.021156140359782,17.956187516185523,18.08687600732233,31.110995570395445,30.30278407060337,29.963796680783048,1157.100517389147,1197.316108389156,1222.2476573643214,71.6151851217839,69.87284644494086,69.74814461298541,1,0,30
M-06,INJECTION_MOLDER,2026-05-30,Night,121.05,968,95.63,0,RUNNING,310.8670222024072,0.1790680733930876,311.1616437328996,321.0339511205743,1.2152487728686263,323.60965789294727,1.3681155038780206,0.24336225227706212,1.8570781247742925,18.58389155647981,1.3734352915743975,22.22033839196115,30.641038107347114,6.812470771762734,44.75267063864538,1152.3577630836871,306.2154715145472,2091.270532286589,71.09351427482036,15.600160204906787,100.0,0,3.33,1.0,0.0,121.0,94.66,94.55666666666666,95.88777777777779,116.63,116.33666666666666,117.91333333333334,0.0,0.0,0.0,311.1495473988881,311.47130892319575,310.84478569422595,320.94947914882056,321.5108025423399,320.84542012356604,1.4452634960385822,1.3940007089946693,1.3867838739876721,18.582020122455187,18.069031009411983,18.153250733006224,31.284375728051522,30.72249265200845,30.102178812876858,1204.5371856425425,1195.4116160320862,1219.4326300991872,72.07412337514482,70.69841947643407,69.93618003194517,1,0,30
M-06,INJECTION_MOLDER,2026-05-31,Morning,111.94,896,91.76,0,RUNNING,311.14602579921757,0.13113014790880134,311.41652188668644,321.327496428344,1.1425275689763825,323.6763486406898,1.3659787986177685,0.3376606204211265,2.086966997989394,17.834044295970465,1.8269691364443281,22.053361054268645,29.27499615837348,9.490660697197018,45.573753610476416,1269.6820323690636,542.9947380103982,3060.711965958459,68.37279949173427,20.846619068814313,100.0,0,3.67,1.0,0.0,112.0,95.63,94.82333333333334,95.73888888888888,121.05,119.19,118.24222222222222,0.0,0.0,0.0,310.8670222024072,311.2906989478023,310.9371377495325,321.0339511205743,321.2786699891195,320.96444611910783,1.3681155038780206,1.3752999207736905,1.3846691908603652,18.58389155647981,18.39568927309826,18.2037932902851,30.641038107347114,31.012136468598026,30.3095058587382,1152.3577630836871,1171.3318220384588,1208.2380972584715,71.09351427482036,71.5942742572497,70.32827084873648,1,0,31
M-06,INJECTION_MOLDER,2026-05-31,Afternoon,117.82,943,96.92,0,RUNNING,311.1245768410039,0.1037398352763215,311.3587913501473,321.46943550951084,0.9604345346394974,323.07864857992166,1.405568473206978,0.335904373926927,2.094250191041163,18.343123798052734,1.8299748510780658,21.558083647378872,31.321526993856086,6.398363274874206,48.06745868163703,1157.9551434525074,330.7135521567492,2355.860504141513,71.59167288230255,17.022940813696678,100.0,0,4.0,1.0,0.0,117.875,91.76,94.01666666666667,95.11666666666666,111.94,116.54,117.78777777777776,0.0,0.0,0.0,311.14602579921757,311.0541984668376,311.1003324241465,321.327496428344,321.1036422325796,321.16693987136665,1.3659787986177685,1.3931192661781238,1.3839122225857434,17.834044295970465,18.33331865830182,18.140754280073867,29.27499615837348,30.400136664590704,30.071478840899815,1269.6820323690636,1208.858993698431,1221.817273128101,68.37279949173427,70.51347904723315,69.60480322392662,1,0,31
M-06,INJECTION_MOLDER,2026-05-31,Night,110.11,881,95.0,0,RUNNING,311.251028845617,0.17683017876390175,311.6152548676536,321.2162514156903,0.8445725158604875,322.33046796071733,1.3869211710094476,0.28757150764671274,1.9101997281042864,18.090169287872026,1.88061100456497,21.687812611922457,27.4525738318686,8.096607495649755,46.72858674218957,1358.5905187462615,580.0224832468956,3869.637817357267,65.06309067762548,19.04884442436497,100.0,0,4.33,1.0,0.0,110.125,96.92,94.77,95.28777777777778,117.82,116.93666666666667,117.38222222222223,0.0,0.0,0.0,311.1245768410039,311.0458749475429,311.20498669040495,321.46943550951084,321.2769610194764,321.29492271524737,1.405568473206978,1.3798875919009224,1.3854386029470627,18.343123798052734,18.253686550167668,18.144416011303196,31.321526993856086,30.41252041985889,30.44327406073267,1157.9551434525074,1193.3316463017527,1203.574922117287,71.59167288230255,70.35266221628572,70.31046162229981,1,0,31
M-06,INJECTION_MOLDER,2026-06-01,Morning,118.11,945,98.78,0,RUNNING,311.7136790793001,0.12263488802997946,311.9274454804992,321.76505709916376,0.8857995493395181,323.2847527142644,1.4506439715319677,0.34392078234460405,2.171228465172716,17.293361403312954,1.6209633102262277,19.905940222844944,29.49602689311802,6.434448898886749,43.8232209370905,1194.5974250333195,300.29266198801935,1829.779825927032,67.33284662165156,15.37754523674838,100.0,0,4.67,1.0,0.0,118.125,95.0,94.56,95.37333333333333,110.11,113.29,116.61888888888888,0.0,0.0,0.0,311.251028845617,311.17387716194617,311.2749079481729,321.2162514156903,321.33772778451504,321.395205445501,1.3869211710094476,1.3861561476113982,1.384793342860152,18.090169287872026,18.089112460631743,18.144081979361786,27.4525738318686,29.349698994699384,30.311459556644845,1358.5905187462615,1262.0758981892775,1212.8925571864174,65.06309067762548,68.34252101722076,70.01624393197793,1,0,32
M-06,INJECTION_MOLDER,2026-06-01,Afternoon,118.61,949,96.77,0,RUNNING,311.2081235151386,0.2025526123522136,311.6271731839565,321.0929613578776,0.7575303324250103,323.2794250428427,1.402161178527243,0.34402820773336146,2.2241335837443463,18.425179763144783,1.598686068763985,21.09006251359387,29.557305676547738,8.495097755671262,46.7433212458901,1253.724200338416,489.07937363540395,2962.1344398108085,68.68895916585936,19.874544806848778,100.0,0,5.0,1.0,0.0,118.625,98.78,96.90000000000002,95.4088888888889,118.11,115.34666666666665,116.19444444444444,0.0,0.0,0.0,311.7136790793001,311.36309492197364,311.3084282767007,321.76505709916376,321.48358134145496,321.43047449225924,1.4506439715319677,1.414377871916131,1.3923933605325487,17.293361403312954,17.908884829745904,18.066130334744415,29.49602689311802,29.4233759062809,30.042098880491658,1194.5974250333195,1237.0476957440294,1214.4075992772055,67.33284662165156,67.99587006052651,69.46073185090019,1,0,32
M-06,INJECTION_MOLDER,2026-06-01,Night,120.51,964,91.74,0,RUNNING,310.92504964836894,0.10174944242569701,311.13250251533793,320.748540365354,0.9985086494394269,322.41771317486734,1.38041941290494,0.33500602657448014,2.109316468846853,18.129389340879417,2.1823709030029925,22.232714766121887,31.813990344132687,7.647215041435741,47.38131035068666,1121.1995396463903,314.416212698181,2241.4301949711858,72.7148515839331,17.310044625806338,100.0,0,5.33,1.0,0.0,120.5,96.77,96.85000000000001,95.39222222222223,118.61,115.61,116.29444444444445,0.0,0.0,0.0,311.2081235151386,311.3909438133519,311.3027092280302,321.0929613578776,321.3580899575772,321.38195117313114,1.402161178527243,1.413242107022886,1.3957101359728261,18.425179763144783,17.936236818109922,18.086318125896522,29.557305676547738,28.835302133844788,29.990105068570713,1253.724200338416,1268.970714705999,1219.2379923466126,68.68895916585936,67.02829882171214,69.35979350481063,1,0,32
M-06,INJECTION_MOLDER,2026-06-02,Morning,122.77,982,96.43,0,RUNNING,310.5811259137729,0.20374595013995522,311.0768560302634,320.68178136934904,0.9070412544896179,322.7130501063184,1.4336345832047643,0.2887970235952697,1.962929605378649,18.497395305729572,1.7382631864057265,21.94239032958836,28.012062140997056,8.040066235965119,43.24628828170425,1315.3908517903271,465.8936921025696,2420.6530913595134,64.86354414565268,19.601794444485034,98.84168175486408,0,5.67,1.0,0.0,122.75,91.74,95.76333333333332,95.0488888888889,120.51,119.07666666666667,117.18555555555557,0.0,0.0,0.0,310.92504964836894,311.2822840809359,311.24895339689476,320.748540365354,321.20218627413175,321.2728613492555,1.38041941290494,1.4110748543213836,1.3908436409021574,18.129389340879417,17.949310169112383,18.144703967614127,31.813990344132687,30.289107637932812,30.21698103374341,1121.1995396463903,1189.8403883393753,1207.7493695223704,72.7148515839331,69.57888579048132,69.83856035498394,1,0,33
M-06,INJECTION_MOLDER,2026-06-02,Afternoon,121.83,950,100.0,0,RUNNING,310.40672429345705,0.13977982336427394,310.7029484686649,320.48279493392914,1.0342900719956696,322.99558345315467,1.384550109991728,0.3136376817900852,1.999815832886347,17.66305447772958,1.9906725611493832,22.108545098159748,29.646246254437607,8.06023499630379,48.76763546416488,1225.6702935211686,425.92744068101814,2819.924803765536,65.00344455075165,17.560675218074646,100.0,0,6.0,1.0,0.0,118.75,96.43,94.98,95.29888888888888,122.77,120.63,117.50555555555555,0.0,0.0,0.0,310.5811259137729,310.90476635909346,311.10735324930164,320.68178136934904,320.84109436419357,321.142772646076,1.4336345832047643,1.4054050582123159,1.4043007321021903,18.497395305729572,18.350654803251256,18.197619430432994,28.012062140997056,29.79445272055916,29.872655097143586,1315.3908517903271,1230.1048639250446,1225.3371844558349,64.86354414565268,68.75578496514838,69.0883780243027,1,0,33
M-06,INJECTION_MOLDER,2026-06-02,Night,112.5,900,99.45,0,RUNNING,310.9641826155029,0.26872630773115047,311.4036881923724,320.9811037996453,1.061895933073271,323.2519583465932,1.445296843629014,0.23585833332400877,1.8727975977044908,17.76307863857104,1.971282219483749,21.51668317595559,29.904695183455654,7.405723317720324,41.5032219979373,1193.9504041842345,327.9062289057423,2012.603659603346,69.43229322683293,17.58479101899904,98.61954940749682,0,6.33,1.0,0.0,112.5,100.0,96.05666666666667,95.89222222222222,121.83,121.70333333333333,118.08333333333333,0.0,0.0,0.0,310.40672429345705,310.6376332851996,311.0248173486982,320.48279493392914,320.63770555621073,321.0909188444214,1.384550109991728,1.3995347020338107,1.3975548003192064,17.66305447772958,18.09661304144619,18.095512136574595,29.646246254437607,29.824099579855783,29.690640711186486,1225.6702935211686,1220.7535616526286,1227.68530755346,65.00344455075165,67.52728009344581,68.30274704381456,1,0,33
M-06,INJECTION_MOLDER,2026-06-03,Morning,118.97,952,96.57,0,RUNNING,311.2900840309251,0.10700983047546188,311.48608393061244,321.4506014961568,1.0035989068903792,323.05626049033793,1.4477781998073997,0.32913888956393195,2.211075723428213,17.789842175242864,2.0840633232282704,22.383962580759004,30.04762863824228,8.222237893139178,50.62398299225157,1250.6155540723166,626.7719360083507,4217.904424553484,70.02600732691197,17.98286585767346,100.0,0,6.67,1.0,0.0,119.0,99.45,98.62666666666667,96.31666666666666,112.5,119.03333333333335,117.13333333333334,0.0,0.0,0.0,310.9641826155029,310.6506776075776,311.03561295015317,320.9811037996453,320.7152267009745,321.0850469198738,1.445296843629014,1.4211605122751685,1.4061305047359833,17.76307863857104,17.974509474010066,18.0043107012514,29.904695183455654,29.1876678596301,29.608824830754106,1193.9504041842345,1245.00384983191,1232.3067121201877,69.43229322683293,66.43309397441243,68.11816692737152,1,0,34
M-06,INJECTION_MOLDER,2026-06-03,Afternoon,119.84,959,95.15,0,RUNNING,311.46979516209296,0.09902453079939827,311.70466856061097,321.49689828342997,1.230109750443598,323.37451600437464,1.48463285777295,0.25718259653546593,1.9988347872682557,17.935565231889825,1.4986709805129879,22.59589654431689,30.938589464388404,7.1533612358713246,46.346045109660906,1138.6722377044914,274.1807708220602,1823.6143748369968,70.76123606168575,17.43286561504458,100.0,0,7.0,1.0,0.0,119.875,96.57,98.67333333333333,96.85111111111111,118.97,117.76666666666667,117.91444444444444,0.0,0.0,0.0,311.2900840309251,310.8869969799617,311.05161942034294,321.4506014961568,320.9715000765771,321.09872526074184,1.4477781998073997,1.4258750511427138,1.415219327090387,17.789842175242864,17.738658430514494,17.999399354503886,30.04762863824228,29.86619002537851,29.694672884072858,1250.6155540723166,1223.4120839259065,1230.1882145316604,70.02600732691197,68.15391503483218,68.30185668683569,1,0,34
M-06,INJECTION_MOLDER,2026-06-03,Night,117.95,944,96.66,0,RUNNING,311.61525995931646,0.15024462357706142,311.90035971758385,321.3929296306539,0.9620501211219292,323.3486363418555,1.4516969020415225,0.2112541702291612,1.7791588919783154,18.035668887994593,1.44749290536339,20.634185305008497,31.687708224531303,8.323513134589495,44.59474393990973,1165.8852134511808,465.37783280678485,2964.524045265181,72.28839011605015,20.25093720793274,100.0,0,7.33,0.0,0.0,118.0,95.15,97.05666666666667,96.65444444444444,119.84,117.10333333333334,118.13888888888889,0.0,0.0,0.0,311.46979516209296,311.24135393617365,311.08997701157506,321.49689828342997,321.3095345264107,321.1017766800662,1.48463285777295,1.459235967069788,1.4240042587088282,17.935565231889825,17.829495348567914,17.954115069374673,30.938589464388404,30.29697109536211,29.652124269687558,1138.6722377044914,1194.4127319870142,1228.0456694485472,70.76123606168575,70.07317887181021,68.20958592898938,0,0,34
M-06,INJECTION_MOLDER,2026-06-04,Morning,114.54,916,97.5,0,RUNNING,310.9759285276482,0.4091666932318907,311.5418947912792,320.9078261211386,1.0713103365241508,323.6420157471312,1.4586095234291325,0.3464271361312884,2.198277531402879,17.93631032832383,1.8740422370918866,21.43676946652961,30.40723096078932,8.791904424183178,44.796409445284695,1139.1431463185208,356.86242813677137,2387.6073798629573,71.84646343815143,19.957282096590486,100.0,0,7.67,0.0,0.0,114.5,96.66,96.12666666666667,96.8388888888889,117.95,118.92,119.00999999999999,0.0,0.0,0.0,311.61525995931646,311.4583797174448,311.1304471353194,321.3929296306539,321.44680980341354,321.12140759283994,1.4516969020415225,1.4613693198739572,1.4312015621568366,18.035668887994593,17.920358765042426,17.948059469388294,31.687708224531303,30.89130877572066,30.12269475776119,1165.8852134511808,1185.0576684093296,1206.6339688602047,72.28839011605015,71.02521116821595,69.01239697770323,0,0,35
M-06,INJECTION_MOLDER,2026-06-04,Afternoon,118.5,948,93.74,0,RUNNING,310.4722124497404,0.09467733793401341,310.6147398185192,320.44318461666626,1.4180570952216789,323.3844907932276,1.3584740005853535,0.2760868578979261,1.9442699675809387,17.2595702000214,2.201856936220633,21.667653377310756,31.04867361083017,9.166224377701148,51.49334074699553,1189.6868944905714,414.79380399538746,2593.878241896186,71.14415068362152,20.784018367121533,100.0,0,8.0,0.0,0.0,118.5,97.5,96.43666666666667,96.69666666666666,114.54,117.44333333333334,118.61333333333333,0.0,0.0,0.0,310.9759285276482,311.3536612163525,311.04847485180255,320.9078261211386,321.2658846784075,321.0261597063927,1.4586095234291325,1.4649797610812019,1.4320866234787437,17.93631032832383,17.96918148273608,18.019498238833947,30.40723096078932,31.011176216569677,30.22393965416912,1139.1431463185208,1147.9001991580644,1200.4723823363386,71.84646343815143,71.63202987196244,69.51390995731433,0,0,35
M-06,INJECTION_MOLDER,2026-06-04,Night,118.38,947,98.51,0,RUNNING,310.4266104614041,0.06654494711349447,310.61015246612243,320.15693657229696,0.8257034694864102,322.2193654648827,1.3630840296234752,0.3091783800715653,2.115302621708775,17.932729610412085,1.261987833353046,19.993389557765727,31.48245443756289,7.650956706907254,45.505603197346346,1131.6304021007695,325.59299918391923,2298.656385901789,73.16915198410774,18.070225025354134,100.0,0,8.33,0.0,0.0,118.375,93.74,95.96666666666665,96.36,118.5,116.99666666666667,118.60111111111112,0.0,0.0,0.0,310.4722124497404,311.0211336455684,310.96670695564717,320.44318461666626,320.91464678948626,320.9539622907025,1.3584740005853535,1.4229268086853362,1.4272324925963116,17.2595702000214,17.743849805446605,17.88998606515357,31.04867361083017,31.047870932050262,30.389647202422722,1189.6868944905714,1164.9050847534243,1193.3571261310224,71.14415068362152,71.75966807927438,69.78670901484347,0,0,35
M-06,INJECTION_MOLDER,2026-06-05,Morning,118.07,945,96.72,0,RUNNING,309.80686217965257,0.24409376282910494,310.2920226491639,319.7748456264437,1.006115153730358,322.26122985942874,1.4113182548844712,0.22568728885325706,1.9445521439300872,18.213287616705134,2.2220326460200637,22.189238598130533,29.385354939216615,6.757496216066103,43.7196208429274,1196.4029112423245,268.6317667884741,1932.2664296530968,67.7978660521125,15.15730077946725,100.0,0,8.67,0.0,0.0,118.125,98.51,96.58333333333333,97.11222222222221,118.38,117.14,118.36444444444444,0.0,0.0,0.0,310.4266104614041,310.62491714626424,310.91132482376224,320.15693657229696,320.5026491033673,320.8882285359184,1.3630840296234752,1.3933891845459871,1.4253063388983709,17.932729610412085,17.709536712919107,17.868134983990533,31.48245443756289,30.979453003060787,30.352809879470517,1131.6304021007695,1153.4868143032872,1194.5161108481757,73.16915198410774,72.05325536862689,69.83718683708508,0,0,36
M-06,INJECTION_MOLDER,2026-06-05,Afternoon,117.37,939,97.52,0,RUNNING,309.0494749315894,0.26341123984718195,309.49172338042484,319.10620471881964,1.0568357298742153,321.4555784411649,1.347733584568699,0.35093925950320076,2.2514608941990515,18.309597503956898,1.7243292318386052,22.08472636243248,29.31621320124211,6.999354367122569,43.62654791780588,1214.2028747732977,345.3540731038392,2394.9345114559947,67.55043628272549,17.09056075453911,100.0,0,9.0,0.0,0.0,117.375,96.72,96.32333333333334,97.14444444444445,118.07,118.31666666666666,117.84222222222222,0.0,0.0,0.0,309.80686217965257,310.235228363599,310.82529551997106,319.7748456264437,320.12498893846896,320.78745789781783,1.4113182548844712,1.3776254283644331,1.4228267468627829,18.213287616705134,17.80186247571287,17.836567462987816,29.385354939216615,30.638827662536556,30.505397968161585,1196.4029112423245,1172.5734026112218,1181.2952285650642,67.7978660521125,70.70372290661392,70.16322260446951,0,0,36
M-06,INJECTION_MOLDER,2026-06-05,Night,122.47,980,99.7,0,RUNNING,309.0482701320902,0.1560059092369778,309.374455452256,319.0948086922468,1.014431659079564,321.57598463652374,1.4596195475797913,0.28152059504664306,2.0392584702561987,18.654704941732465,1.6678014217439394,22.418778583887978,29.807001091293326,7.323617313448023,49.00346635829543,1205.4284166853472,382.06289225996477,2525.7696531332417,69.46388299950758,16.474800816619894,100.0,0,9.33,0.0,0.0,122.5,97.52,97.58333333333333,96.86888888888888,117.37,117.94,117.34666666666668,0.0,0.0,0.0,309.0494749315894,309.7609825242153,310.67449003531914,319.10620471881964,319.6793289725201,320.6345034294724,1.347733584568699,1.374045289692215,1.4187360218157796,18.309597503956898,18.151871577024703,17.908405577013074,29.31621320124211,30.061340859340536,30.46872762891764,1214.2028747732977,1180.7453960387973,1180.021070926412,67.55043628272549,69.50581810631523,70.44622168579994,0,0,36
M-06,INJECTION_MOLDER,2026-06-06,Morning,119.37,955,97.34,0,RUNNING,309.44798741369254,0.16556730010734824,309.67173704580813,319.41807514703254,0.7667801079270091,320.72034846606385,1.3255092822303862,0.29163651627821535,2.265780109252178,18.469705257320964,1.6204364775963285,21.197007567165947,28.040120890794302,7.987421982158922,47.55167599457712,1315.7009716927985,500.059484588182,3185.8260255534856,65.43939144226475,17.59873127593596,100.0,0,9.67,0.0,0.0,119.375,99.7,97.98,96.89666666666666,122.47,119.30333333333333,118.45444444444446,0.0,0.0,0.0,309.0482701320902,309.30153574777734,310.4616108704955,319.0948086922468,319.32528634583673,320.42491508420585,1.4596195475797913,1.406223795677654,1.4203274333658662,18.654704941732465,18.392530020798166,18.00747516625323,29.807001091293326,29.502856410584016,30.45787272978849,1205.4284166853472,1205.3447342336565,1181.2964056487576,69.46388299950758,68.27072844478185,70.44973166054156,0,0,37
M-06,INJECTION_MOLDER,2026-06-06,Afternoon,120.35,963,98.59,0,RUNNING,308.86905655912943,0.1478775119972746,309.1428348680448,319.10027079160193,0.9048675546754839,320.979197982326,1.3763093647666749,0.3572054164670278,2.259230458011992,17.909577914087112,1.7306393717577435,21.047491974575475,29.089473198391662,7.822403397651656,45.14582309322936,1244.821758541691,390.2656452644484,2093.1035270789976,66.56544235033172,18.984433853613172,100.0,0,10.0,0.0,0.0,120.375,97.34,98.18666666666667,96.98222222222222,119.37,119.73666666666668,118.49888888888889,0.0,0.0,0.0,309.44798741369254,309.1819108257907,310.2569334685807,319.41807514703254,319.20636285269967,320.19907882319205,1.3255092822303862,1.3776208047929588,1.4067419980795313,18.469705257320964,18.47800256767011,18.083015508706357,28.040120890794302,29.054445061109913,30.23481631340538,1315.7009716927985,1245.1107543838145,1188.5281187177002,65.43939144226475,67.48457024149927,69.94010767335854,0,0,37
M-06,INJECTION_MOLDER,2026-06-06,Night,117.41,939,97.49,0,RUNNING,308.87590734641975,0.12752126033492825,309.14637537915,319.0501944565585,1.2358232207703423,321.07275847735804,1.3844598898162843,0.25687931747505655,2.0416000904876244,18.074786453136543,1.6890668904668082,20.981805743005182,31.236954157219373,6.819260416809791,46.567405983562594,1128.3774243434757,300.3620365567479,2010.3127210284297,73.14911313965627,17.095510403823546,100.0,0,10.33,0.0,0.0,117.375,98.59,98.54333333333334,97.36444444444446,120.35,120.73,118.55555555555556,0.0,0.0,0.0,308.86905655912943,309.12177136830405,309.9679625126959,319.10027079160193,319.2043848769604,319.93278687965557,1.3763093647666749,1.3871460648589509,1.3947060544121674,17.909577914087112,18.34466270438018,18.080128028950497,29.089473198391662,28.978865060159762,30.029358950516855,1244.821758541691,1255.3170489732788,1200.3225099218334,66.56544235033172,67.15623893070135,69.47390837209699,0,0,37
M-06,INJECTION_MOLDER,2026-06-07,Morning,119.3,954,95.87,0,RUNNING,308.86989478854906,0.23668027034113526,309.19468692488647,318.734272497585,1.0010522412496552,320.2030065512412,1.4549621140490416,0.30170329552885583,2.2820690833639747,17.645600810946245,2.1770886770382303,22.077763939259725,33.65950995045649,8.029161482784712,53.815045744367815,1057.7580647417035,290.6149547876654,1953.3342624330944,78.65661608137277,15.874622509468416,100.0,0,10.67,0.0,0.0,119.25,97.49,97.80666666666667,97.45666666666665,117.41,119.04333333333334,118.49555555555555,0.0,0.0,0.0,308.87590734641975,309.0643171064139,309.6635900001518,319.0501944565585,319.1895134650643,319.67248297142277,1.3844598898162843,1.3620928456044485,1.38723527527603,18.074786453136543,18.151356541514875,18.084474425077378,31.236954157219373,29.45551608213511,29.979275165259974,1128.3774243434757,1229.6333848593215,1196.1549777987552,73.14911313965627,68.38464897741757,69.56954426360878,0,0,38
M-06,INJECTION_MOLDER,2026-06-07,Afternoon,120.33,963,96.5,0,RUNNING,309.2560127898428,0.20221232431911076,309.58985723173726,319.390103998275,0.9573201917511986,321.2265524205064,1.3732884804064782,0.30347332548055034,2.160951736051672,17.412065932672355,1.9254653895564715,20.746019188767395,30.736468461749126,6.4382489266100125,41.51086575559128,1140.6629782224618,263.3957001438732,1862.4325715326383,70.59163801734043,16.668514852975942,100.0,0,11.0,0.0,0.0,120.375,95.87,97.31666666666666,97.27555555555556,119.3,119.02,119.02444444444444,0.0,0.0,0.0,308.86989478854906,308.8716195646994,309.42958625136305,318.734272497585,318.96157924858176,319.4309770132502,1.4549621140490416,1.4052437895440004,1.3868300075671307,17.645600810946245,17.876655059389964,18.05217336759098,33.65950995045649,31.32864576868917,30.34063949744522,1057.7580647417035,1143.6524158756235,1187.1121909568865,78.65661608137277,72.79039052378691,70.32622789063336,0,0,38
M-06,INJECTION_MOLDER,2026-06-07,Night,119.58,957,96.43,0,RUNNING,309.41588648039817,0.14000538213176408,309.7034499384938,319.6289666756169,1.1860088624865206,321.76298499968215,1.4296404119184183,0.22609738432645415,1.8883853423039367,18.16051779981555,1.5572902885474633,20.84687852725325,30.482020190906,9.229743125021585,53.50717684423489,1211.2211474716369,426.1115809032028,2606.478443469796,71.09313184303082,19.80838789639218,100.0,0,11.33,0.0,0.0,119.625,96.5,96.62,97.58222222222223,120.33,119.01333333333332,119.22777777777777,0.0,0.0,0.0,309.2560127898428,309.00060497493723,309.2944529558189,319.390103998275,319.0581903174728,319.3139680556511,1.3732884804064782,1.4042368280906015,1.388476060880589,17.412065932672355,17.710817732251716,18.069117337885537,30.736468461749126,31.877644189808326,30.30595003643621,1140.6629782224618,1108.9328224358803,1181.6650891493189,70.59163801734043,74.13245574612314,70.26483759437991,0,0,38
M-06,INJECTION_MOLDER,2026-06-08,Morning,125.68,1005,97.97,0,RUNNING,309.7046266733274,0.11821442626141684,310.0028728444266,319.7339299357823,1.0614844074891348,321.3543437137003,1.3811673398345645,0.3702939857004401,2.2426206678380214,18.22993766579807,1.8036170688491517,22.80206179102724,28.13236435856618,7.410845638313013,40.90690181201076,1307.2143105589616,487.6244552858539,3260.2153791688806,67.37983447076417,16.65927308920069,94.9038737903225,0,11.67,0.0,0.0,125.625,96.43,96.26666666666667,97.35111111111111,119.58,119.73666666666666,119.36111111111111,0.0,0.0,0.0,309.41588648039817,309.18059801959663,309.18215029126264,319.6289666756169,319.2511143904923,319.25530473379774,1.4296404119184183,1.4192970021246463,1.395871214468916,18.16051779981555,17.739394847811383,18.09442713670814,30.482020190906,31.625999534370536,30.194790675696556,1211.2211474716369,1136.547396811934,1190.5085053016376,71.09313184303082,73.44712864724801,70.0341686898158,0,0,39
M-06,INJECTION_MOLDER,2026-06-08,Afternoon,123.13,985,95.09,0,RUNNING,309.6967166730583,0.2489244029975299,310.21342862416424,319.8476663405914,1.169976355334232,322.338332318703,1.4442908988729912,0.2970424670534146,2.062018093046025,18.345905226164632,1.6235348015840743,21.06459797847921,27.831444856842694,7.50412444722558,42.71480052089509,1307.091660088943,443.53409378235716,2807.6259675455094,63.85668853612991,17.16859161106345,95.39561750361776,0,12.0,0.0,0.0,123.125,97.97,96.96666666666665,97.49000000000001,125.68,121.86333333333333,120.20666666666668,0.0,0.0,0.0,309.7046266733274,309.45884198118944,309.17079079055986,319.7339299357823,319.58433353655806,319.2507585459465,1.3811673398345645,1.394698744053154,1.3925211127967043,18.22993766579807,17.93417379942866,18.09627714216291,28.13236435856618,29.783617670407097,30.055569500068728,1307.2143105589616,1219.6994787510203,1202.820883003486,67.37983447076417,69.6882014437118,69.98772073633266,0,0,39
M-06,INJECTION_MOLDER,2026-06-08,Night,116.8,934,97.91,0,RUNNING,310.5295576426505,0.29324653734618894,310.99567383109985,320.34717075346134,1.1045133212282197,322.5631066578327,1.348130120334249,0.2546076662570816,1.8098552558023544,18.110236183201938,1.7386323366812901,21.82103839436266,27.98794340145136,7.990155774548709,44.47849270568848,1309.4837288967212,467.26358675188465,2819.1097313938108,65.07786751500232,19.32116176860327,100.0,0,12.33,0.0,0.0,116.75,95.09,96.49666666666667,97.22,123.13,122.79666666666667,120.84666666666668,0.0,0.0,0.0,309.6967166730583,309.60574327559465,309.24270653961196,319.8476663405914,319.7368543173302,319.3331431705878,1.4442908988729912,1.4183662168753246,1.403249703274959,18.345905226164632,18.245453563926088,18.100311333519326,27.831444856842694,28.815276468771618,29.890595239579902,1307.091660088943,1275.1757060398472,1213.1418591496686,63.85668853612991,67.4432182833083,69.57730432004426,0,0,39
M-06,INJECTION_MOLDER,2026-06-09,Morning,123.15,985,98.95,0,RUNNING,310.6955936717047,0.17614005658000448,311.0675930303203,320.90267061446264,1.0590545782558543,323.27937796743987,1.439273302966686,0.32594361160851115,1.9753885931554456,17.631599947043068,1.6260566614604754,21.729217565555118,30.349654700520965,8.62356941592402,48.807761933186846,1236.848318328837,581.3878388925763,3802.155705890336,70.81463909993647,18.949599662379548,100.0,0,12.67,0.0,0.0,123.125,97.91,96.99000000000001,97.02111111111111,116.8,121.87,120.21666666666667,0.0,0.0,0.0,310.5295576426505,309.9769669963454,309.4072940407853,320.34717075346134,319.97625567661163,319.47229451072275,1.348130120334249,1.3911961196806015,1.3908619891365652,18.110236183201938,18.22869302505488,18.039814804793714,27.98794340145136,27.983917538953406,29.688477718486354,1309.4837288967212,1307.9298998482084,1224.703560506488,65.07786751500232,65.43813017396546,69.08996926621036,0,0,40
M-06,INJECTION_MOLDER,2026-06-09,Afternoon,117.83,943,95.54,0,RUNNING,310.5576663421897,0.11479293031606407,310.7968648107397,320.7565674737165,1.0544879370029148,323.19346402781264,1.4102625333119008,0.28328251390708914,1.9541213352960192,18.065198498751744,1.8449712042784225,23.12913436503701,29.69152466134491,6.761461236547287,38.95111546442418,1211.3744572999321,388.498820034963,2815.938533269899,68.36381248824112,16.805174624162486,89.79142472512747,0,13.0,0.0,0.0,117.875,98.95,97.31666666666666,97.19999999999999,123.15,121.02666666666669,120.63666666666667,0.0,0.0,0.0,310.6955936717047,310.30728932913786,309.5459169583423,320.90267061446264,320.36583590283846,319.63724956265946,1.439273302966686,1.4105647740579752,1.4035024358850432,17.631599947043068,18.029247118803212,17.94669199254061,30.349654700520965,28.723014319605,29.94509258623376,1236.848318328837,1284.4745691048338,1215.942154577159,70.81463909993647,66.58306505035624,69.68721900595166,0,0,40
M-06,INJECTION_MOLDER,2026-06-09,Night,114.1,913,95.22,0,RUNNING,310.8652834430873,0.2210180400452833,311.17090008711733,320.8893271110283,0.9763338478982351,322.91421473565754,1.449661529894446,0.3230669604067103,2.2142020987161617,18.022891489545685,1.5848723475399948,20.83268910177777,29.333036232504973,7.2964428411321665,43.249612122273874,1228.9955890604194,397.55546717654266,2630.1857411398328,68.88854925420604,16.821781582095863,100.0,0,13.33,0.0,0.0,114.125,95.54,97.46666666666665,96.86111111111111,117.83,119.26,120.35666666666667,0.0,0.0,0.0,310.5576663421897,310.5942725521816,309.73354026757113,320.7565674737165,320.66880294721346,319.82128252733884,1.4102625333119008,1.399221985537612,1.4072750101678462,18.065198498751744,17.935678209665582,17.96398316861446,29.69152466134491,29.34304092110574,30.011987193228567,1211.3744572999321,1252.56883484183,1212.2257877725192,68.36381248824112,68.08543970105997,69.8870379101638,0,0,40
M-06,INJECTION_MOLDER,2026-06-10,Morning,123.59,989,95.07,0,RUNNING,310.7522041515783,0.14783757334151426,310.99124658520253,320.52662491500416,1.1122428813500453,323.2825436873778,1.415661904211211,0.18653777602102636,1.7908134684151762,17.974178382653843,2.0645342501881867,22.00584305723315,29.749153287924035,8.516847043704857,46.199928791384295,1206.052484999085,371.033250268189,2120.520075730225,68.55346230912443,20.0590465339476,100.0,0,13.67,0.0,0.0,123.625,95.22,96.57000000000001,96.60888888888888,114.1,118.36,119.9888888888889,0.0,0.0,0.0,310.8652834430873,310.70618115232725,309.95458205608975,320.8893271110283,320.84952173306914,320.0256306000577,1.449661529894446,1.4330657887243443,1.4145196368431974,18.022891489545685,17.906563311780165,17.958217061548808,29.333036232504973,29.791405198123613,29.800440757149186,1228.9955890604194,1225.7394548963964,1223.4055838521797,68.88854925420604,69.35566694746122,69.41364192289156,0,0,41
M-06,INJECTION_MOLDER,2026-06-10,Afternoon,122.31,978,95.62,0,RUNNING,311.1617520450198,0.17574116577896348,311.416793089942,321.22136159706486,1.081520792075352,323.6997327609289,1.4786119035971448,0.3388369728078163,2.245003932929944,18.18809768325411,1.706465801980933,22.195154360917677,29.843972466710866,6.89795327978461,48.74886705985327,1176.1040453889927,290.7205895158071,1813.5003283967624,68.70853786964304,16.755848778706678,100.0,0,14.0,0.0,0.0,122.25,95.07,95.27666666666669,96.52000000000001,123.59,118.50666666666666,120.46555555555557,0.0,0.0,0.0,310.7522041515783,310.72505131228513,310.1637275408708,320.52662491500416,320.724173166583,320.2247808686598,1.415661904211211,1.4251953224725193,1.4101529468612162,17.974178382653843,18.020756123650425,17.994725680627432,29.749153287924035,29.591238060591298,29.36595668353447,1206.052484999085,1215.474177119812,1239.8827416585555,68.55346230912443,68.60194135052387,68.29106928153064,0,0,41
M-06,INJECTION_MOLDER,2026-06-10,Night,121.17,969,93.7,0,RUNNING,311.6387777905097,0.14223770500722482,311.87919794722285,321.7516455291162,1.3124254106035464,324.3954993808156,1.4136752812889322,0.36219326290318377,2.211046317779614,18.635645404649747,1.6282959092319664,22.153846577452125,29.944516083946333,6.2878150033937805,43.24078069998739,1163.5825826526095,247.875533646903,1766.6207139560368,68.70666236774093,15.943349153264302,100.0,0,14.33,0.0,0.0,121.125,95.62,95.30333333333333,96.42222222222223,122.31,120.0,120.68555555555557,0.0,0.0,0.0,311.1617520450198,310.92641321322844,310.3754763470016,321.22136159706486,320.87910454103246,320.42825393519206,1.4786119035971448,1.447978445900934,1.4218555494379568,18.18809768325411,18.061722518484547,18.08095143069207,29.843972466710866,29.642053995713287,29.266790461863554,1176.1040453889927,1203.717373149499,1243.820638010392,68.70853786964304,68.71684981099116,68.08183593178647,0,0,41
M-06,INJECTION_MOLDER,2026-06-11,Morning,120.31,962,90.02,0,RUNNING,311.90630632038375,0.19749994580928834,312.262469094707,321.62087823177825,1.081706414304938,323.5234705213479,1.3424563743258096,0.31041294803380776,2.033346397515526,18.35169155358558,1.97556581133782,21.60974198803734,26.643698484613733,8.87012999337958,40.64804506535072,1481.1112744653178,796.0566893128199,4478.405906631372,62.0413458293697,20.495657326936183,93.54266866590714,0,14.67,0.0,0.0,120.25,93.7,94.79666666666667,96.11888888888889,121.17,122.35666666666667,120.86222222222221,0.0,0.0,0.0,311.6387777905097,311.1842446623693,310.62246427034734,321.7516455291162,321.1665440137284,320.6641071411364,1.4136752812889322,1.435983029699096,1.4200816460346806,18.635645404649747,18.265973823519232,18.133743386784758,29.944516083946333,29.84588061286041,29.207067783312482,1163.5825826526095,1181.9130376802293,1238.5274641416113,68.70666236774093,68.65622084883613,67.81667265675428,0,0,42
M-06,INJECTION_MOLDER,2026-06-11,Afternoon,119.33,955,92.74,0,RUNNING,311.2603254064721,0.1178647462634086,311.51016629376886,321.30038160145574,0.9404603836210934,323.5054519675388,1.4782119865217322,0.311352316671373,2.043363597665194,17.884481950211303,1.9316234060163955,21.237283414473332,29.724066077117765,7.707375209471073,49.54197228608106,1190.7565643903497,284.06448395980425,1807.2136257184932,67.94351723232894,16.010268494231813,100.0,0,15.0,0.0,0.0,119.375,90.02,93.11333333333334,95.23555555555555,120.31,121.26333333333334,120.26555555555557,0.0,0.0,0.0,311.90630632038375,311.5689453853044,310.86709534224246,321.62087823177825,321.5312951193198,320.87376806291377,1.3424563743258096,1.4115811864039622,1.415780427644819,18.35169155358558,18.391811547163144,18.14727159653893,26.643698484613733,28.810729011756973,29.041660463984428,1481.1112744653178,1273.59930083564,1257.8493490200954,62.0413458293697,66.48551535558455,67.22350725215489,0,0,42
M-06,INJECTION_MOLDER,2026-06-11,Night,124.34,995,97.55,0,RUNNING,311.4309264309616,0.12386475535380771,311.5979911651428,321.52388423793997,1.065881778226479,323.93208697656206,1.4182348957303328,0.2948016308904495,2.136345833659743,17.594206766066492,1.7671800703881657,22.02432443386,29.881048080967428,6.25260887667364,42.39755042586232,1177.1698674689906,293.7830538984539,1900.0293960044717,69.71485545111055,14.552250646578717,97.88086204473724,0,15.33,0.0,0.0,124.375,92.74,92.15333333333332,94.97444444444444,119.33,120.27,119.84333333333332,0.0,0.0,0.0,311.2603254064721,311.60180317245516,311.0408296459551,321.30038160145574,321.5576351207834,321.0351808696765,1.4782119865217322,1.411447880712158,1.419549437383568,17.884481950211303,18.290606302815544,18.096002343655226,29.724066077117765,28.770760215225938,29.251951710681663,1190.7565643903497,1278.4834738360923,1244.9232272758072,67.94351723232894,66.23050847647987,67.67759932951033,0,0,42
M-06,INJECTION_MOLDER,2026-06-12,Morning,121.68,973,99.04,0,RUNNING,311.6266679465113,0.10201583400711955,311.8055170899493,321.49354892643424,1.0162237195435457,323.1626251612334,1.334591127360978,0.2916261775764642,2.0296159641555613,18.197367058703396,1.1661521414052614,20.25496551865946,30.481674501245973,9.070661305052514,52.7322280999749,1199.1951438667525,394.57132701985415,2482.4064791446576,70.52055461170546,19.542589659577242,100.0,0,15.67,0.0,0.0,121.625,97.55,93.43666666666667,94.93444444444444,124.34,121.32666666666667,120.68111111111112,0.0,0.0,0.0,311.4309264309616,311.5325193859391,311.14098173354523,321.52388423793997,321.4817146903913,321.1659268123963,1.4182348957303328,1.4129677521926247,1.4273388568720218,17.594206766066492,17.943460089954456,18.038665741751284,29.881048080967428,28.74960421423297,29.462296675072334,1177.1698674689906,1283.012568774886,1230.2216871171704,69.71485545111055,66.56657283760308,68.19282021130013,0,0,43
M-06,INJECTION_MOLDER,2026-06-12,Afternoon,116.58,933,99.49,0,RUNNING,311.82042305514295,0.09595918571754015,312.0356310661175,321.98275020669,1.057930780785981,323.5060790184076,1.3564561441422964,0.24658019391521194,1.8211280776148928,17.902473358184647,1.933275708317854,22.59252009183413,31.131879922791484,8.734928335562484,45.51896003631506,1245.2510294482895,754.7056783510673,4789.790711598629,72.39571329123389,20.61445438144425,100.0,0,16.0,0.0,0.0,116.625,99.04,96.44333333333333,94.94444444444444,121.68,121.78333333333335,120.51777777777778,0.0,0.0,0.0,311.6266679465113,311.4393065946483,311.2444344307459,321.49354892643424,321.43927158861,321.23157995817087,1.334591127360978,1.4103460032043476,1.4157075040269431,18.197367058703396,17.892018591660396,18.10152875415799,30.481674501245973,30.028929553110384,29.476965541819556,1199.1951438667525,1189.040525242031,1226.0380010658278,70.52055461170546,69.39297576504832,68.16014415705224,0,0,43
M-06,INJECTION_MOLDER,2026-06-12,Night,123.36,987,95.53,0,RUNNING,311.9614845814177,0.3065104771645131,312.4771078129899,322.13855632043754,0.9362088967798744,323.6619404149849,1.3760421907961924,0.31654124318399035,2.066089211663031,18.358336305767246,1.5371531536562872,22.668771724120344,31.458485667199213,8.623498182377768,51.997829720668,1154.5914272883797,383.0200277148,2688.8133533455925,73.02839244521634,19.400205867754188,100.0,0,16.33,0.0,0.0,123.375,99.49,98.69333333333333,95.38333333333333,116.58,120.86666666666667,120.3788888888889,0.0,0.0,0.0,311.82042305514295,311.62600581087196,311.38474073218526,321.98275020669,321.66672779035474,321.36782248405683,1.3564561441422964,1.3697607224112025,1.4097290163414313,17.902473358184647,17.89801572765151,18.08344818298387,31.131879922791484,30.498200835001626,29.637005015313623,1245.2510294482895,1207.2053469280108,1229.8020646378673,72.39571329123389,70.87704111801663,68.60813313516255,0,0,43
M-06,INJECTION_MOLDER,2026-06-13,Morning,124.09,993,93.79,0,RUNNING,312.2781375235103,0.20092952521540916,312.62284905032266,322.2484799500334,1.032418143669196,325.00975700008325,1.3548978397931977,0.2854974107870805,1.945399617744808,17.897953338216233,2.013851281449799,21.937896200345584,27.306428944795133,7.444543282573855,43.16244664135601,1336.2938600645816,475.8825352149025,3249.3247176205987,62.93922523504961,17.269745849887066,100.0,0,16.67,0.0,0.0,124.125,95.53,98.02,95.41777777777777,123.36,120.54,121.40777777777778,0.0,0.0,0.0,311.9614845814177,311.80285852769066,311.50654085866637,322.13855632043754,321.87161848452064,321.5066257295468,1.3760421907961924,1.3556964874331559,1.401549089774959,18.358336305767246,18.152725574218426,18.12071982923071,31.458485667199213,31.024013363745553,29.873166063612977,1154.5914272883797,1199.6792002011405,1221.5349355520852,73.02839244521634,71.98155344938523,69.06811571194149,0,0,44
M-06,INJECTION_MOLDER,2026-06-13,Afternoon,117.03,936,94.78,0,RUNNING,311.9109947849632,0.1889206883402197,312.3204120288252,321.9982090512056,0.9278544810770486,323.64058063754817,1.4291193289964448,0.2956347003263445,2.154933489176876,18.04928651112762,2.0334438647178485,22.33314031529838,30.955942792605068,7.40492441130092,47.13000177568811,1152.9176454934272,331.73265131920743,2233.4183078268693,72.92762624253649,17.009961224778614,100.0,0,17.0,0.0,0.0,117.0,93.79,96.27,95.27555555555556,124.09,121.34333333333332,121.46333333333334,0.0,0.0,0.0,312.2781375235103,312.020015053357,311.6760890111033,322.2484799500334,322.12326215905364,321.6979429556611,1.3548978397931977,1.3624653915772287,1.3947975270618462,17.897953338216233,18.05292100072271,18.11225037984875,27.306428944795133,29.96559817826194,29.60175224770977,1336.2938600645816,1245.3787722670836,1236.0061994482514,62.93922523504961,69.4544436571666,68.44431159259983,0,0,44
M-06,INJECTION_MOLDER,2026-06-13,Night,118.1,945,93.89,0,RUNNING,312.06821009469417,0.10686613432485727,312.2100470650884,321.9192711844114,0.9062344883727135,324.1537531628396,1.491934879608031,0.3172890423461066,2.124929077815316,18.01227987645588,1.9715006457464677,23.103977648860987,31.17540069509498,8.243153660183234,46.826673353326015,1220.8800705271415,504.92893620919995,3227.36677812379,72.81794469567376,18.98514110660995,100.0,0,17.33,0.0,0.0,118.125,94.78,94.7,95.18222222222222,117.03,121.49333333333334,120.87666666666668,0.0,0.0,0.0,311.9109947849632,312.0502056299637,311.75933820443026,321.9982090512056,322.1284151072255,321.7842593394546,1.4291193289964448,1.3866864531952785,1.389298352106213,18.04928651112762,18.101858718370366,18.09682691627914,30.955942792605068,29.9069524681998,29.72530450614246,1152.9176454934272,1214.6009776154629,1233.4299327931885,72.92762624253649,69.63174797426748,68.91309918958798,0,0,44
M-06,INJECTION_MOLDER,2026-06-14,Morning,124.4,995,95.48,0,RUNNING,311.7679366740823,0.11979796427466971,311.97379226174223,321.3260773103237,1.058283403200213,323.43067463501,1.416229396416708,0.2353850341487782,1.969191220643659,17.917603534578696,1.6586431632575043,21.895238184548106,30.115405535793666,7.475315588042062,41.80577126623465,1226.8694358191133,575.1764075489318,4041.924106242687,70.47247455295587,18.16835386017016,100.0,0,17.67,0.0,0.0,124.375,93.89,94.15333333333335,95.20333333333332,118.1,119.74,120.53555555555555,0.0,0.0,0.0,312.06821009469417,312.0857808010559,311.8070529048952,321.9192711844114,322.0553200618835,321.80288441226514,1.491934879608031,1.4253173494658913,1.3979938630305573,18.01227987645588,17.986506575266578,18.027564079813153,31.17540069509498,29.812590810831722,29.862069462936752,1220.8800705271415,1236.6971920283834,1239.7963203348033,72.81794469567376,69.56159872441995,69.3699083371361,0,0,45
M-06,INJECTION_MOLDER,2026-06-14,Afternoon,121.27,970,94.86,0,RUNNING,311.7940292353742,0.18488680520580167,312.0733576677174,321.9276689782598,1.1101542817259362,324.0934473889528,1.3888286142763087,0.3431810970053537,2.1341640493956064,18.351200360231093,1.6437623661913667,21.495986732729524,27.68376323092697,6.933248529554586,39.94216781655985,1302.590805987411,416.75471086162855,2513.780570477237,65.00131834736904,17.98192494866761,98.16905477374864,0,18.0,0.0,0.0,121.25,95.48,94.71666666666665,95.81,124.4,119.84333333333335,120.99000000000001,0.0,0.0,0.0,311.7679366740823,311.91571385124655,311.7916784997507,321.3260773103237,321.7478525153135,321.7701287543257,1.416229396416708,1.4457612016737278,1.4061908654851014,17.917603534578696,17.99305664072073,17.97933207770128,30.115405535793666,30.74891634116457,30.24781469084563,1226.8694358191133,1200.2223839465607,1211.5472271518915,70.47247455295587,72.0726818303887,70.30670041753456,0,0,45
M-06,INJECTION_MOLDER,2026-06-14,Night,113.45,908,96.54,0,RUNNING,311.5344638291529,0.2925752756271123,312.1039972800641,321.3169321514412,1.045319471356429,323.8867257085899,1.3802579689422065,0.305519590080834,1.8310622859670405,18.788903416113516,1.908258879083118,22.868602235195542,29.306441540173566,9.667013731724142,43.31241853839326,1359.48564111898,797.6614745518872,4461.080757406627,67.54786425925212,23.413667501930885,99.3859386478476,0,18.33,0.0,0.0,113.5,94.86,94.74333333333334,96.04555555555555,121.27,121.25666666666666,121.20555555555555,0.0,0.0,0.0,311.7940292353742,311.87672533471687,311.85097892518417,321.9276689782598,321.72433915766493,321.8398273517484,1.3888286142763087,1.4323309634336827,1.3962593796800544,18.351200360231093,18.09369459042189,18.031189678814588,27.68376323092697,29.6581898206052,30.021114374602217,1302.590805987411,1250.1134374445553,1223.9732539960096,65.00131834736904,69.43057919866622,69.97978943031677,0,0,45
M-06,INJECTION_MOLDER,2026-06-15,Morning,113.12,905,95.86,0,RUNNING,311.16382710243187,0.20668023336597788,311.50251778503053,321.2690546015277,0.918071172986757,322.7494531975017,1.422876810402671,0.3670454940739045,2.023580901888476,18.96035121683238,1.6728668081988995,21.42829669431767,27.95246359946549,7.148003764210088,41.83117912641579,1274.9575766299781,336.67283588774785,2305.250421483228,64.07414023783512,17.271788062587067,100.0,0,18.67,0.0,0.0,113.125,96.54,95.62666666666667,95.93333333333334,113.45,119.70666666666666,119.99555555555555,0.0,0.0,0.0,311.5344638291529,311.6988099128698,311.86248308053877,321.3169321514412,321.52355948000826,321.8168326754708,1.3802579689422065,1.3951053265450744,1.3920397211480404,18.788903416113516,18.352569103641102,18.163933751042038,29.306441540173566,29.0352034356314,29.9572692034029,1359.48564111898,1296.3152943085015,1244.2305621793419,67.54786425925212,67.67388571985902,69.7390126312214,0,0,46
M-06,INJECTION_MOLDER,2026-06-15,Afternoon,115.07,921,99.97,0,RUNNING,311.61490795194646,0.06245299212528259,311.7130981604968,321.5287127043399,0.9784971968181867,323.12821595367734,1.3153011752150787,0.3124731965661583,1.9495699690295143,17.813423327419827,1.8179494705350105,21.022093937263765,30.306671583961833,9.069803505705462,47.529338991872926,1215.2377980371018,449.31194965812585,2379.454920728911,71.17312060741469,21.57968668778832,100.0,0,19.0,0.0,0.0,115.125,95.86,95.75333333333333,95.58,113.12,115.94666666666666,119.04444444444445,0.0,0.0,0.0,311.16382710243187,311.497440055653,311.8110563200855,321.2690546015277,321.5045519104096,321.79188886159227,1.422876810402671,1.3973211312070621,1.4018492414860062,18.96035121683238,18.70015166439233,18.248709768611924,27.95246359946549,28.31422279018867,29.676245769871727,1274.9575766299781,1312.3446745787896,1252.6486102641445,64.07414023783512,65.54110761481876,69.02274436745802,0,0,46
M-06,INJECTION_MOLDER,2026-06-15,Night,123.28,986,96.21,0,RUNNING,311.60333694335736,0.1212525616479627,311.83531769423007,321.4384176857074,1.0529457248814775,323.5132907888689,1.3902764218124932,0.26523506458689616,1.9085635069548357,17.864658338001338,1.7265297632463712,22.11713720085033,30.094198039212834,8.805979677389152,44.09280333017108,1235.686103325401,508.7437050239072,2700.2518556617574,69.87248999616777,21.619970202956047,100.0,0,19.33,0.0,0.0,123.25,99.97,97.45666666666666,95.63333333333334,115.07,113.88,118.87666666666665,0.0,0.0,0.0,311.61490795194646,311.43773296117706,311.78822130861926,321.5287127043399,321.3715664857696,321.7414402502201,1.3153011752150787,1.3728119848533187,1.39727646716076,17.813423327419827,18.52089265345524,18.23881532074917,30.306671583961833,29.188525574533625,29.584555954446216,1215.2377980371018,1283.22700526202,1249.3138067740126,71.17312060741469,67.59837503483398,68.88690073592255,0,0,46
M-06,INJECTION_MOLDER,2026-06-16,Morning,124.55,996,94.31,0,RUNNING,311.5738228494715,0.07947036434409521,311.7081761364351,321.6675575233761,0.8672581370640822,323.6100212594091,1.324647457996199,0.27220697592492604,1.9079151803362,17.964429228433353,1.6609074513972464,21.20139127307241,31.24564838005865,7.624150266753595,42.158575785340034,1144.3322926783987,361.1170170746606,2433.787868078776,73.78103781493286,18.93178668722249,100.0,0,19.67,0.0,0.0,124.5,96.21,97.34666666666665,95.70888888888891,123.28,117.15666666666668,118.86777777777777,0.0,0.0,0.0,311.60333694335736,311.4606906659119,311.7484271266125,321.4384176857074,321.41206166385837,321.6636470685834,1.3902764218124932,1.3761514691434142,1.3988580483847932,17.864658338001338,18.21281096075118,18.183962213219623,30.094198039212834,29.451111074213383,29.432968440225505,1235.686103325401,1241.9604926641603,1258.3243263336817,69.87248999616777,68.37325028047252,68.5362449082505,0,0,47
M-06,INJECTION_MOLDER,2026-06-16,Afternoon,121.96,976,96.4,0,RUNNING,311.5674285284526,0.12780853059316777,311.8353876901148,321.4507972090183,0.9894764436993393,323.6380440166641,1.4499831988038097,0.2402406744431461,1.838001811759646,18.23820524736776,2.0612142859801956,21.474603923245787,28.164516867944645,7.431289266549064,42.84539048090232,1278.880102763243,391.234789455733,2570.433497238308,66.08676375393163,17.296127309383106,100.0,0,20.0,0.0,0.0,122.0,94.31,96.83,95.76666666666667,124.55,120.96666666666665,118.91888888888889,0.0,0.0,0.0,311.5738228494715,311.5973559149251,311.6701699406082,321.6675575233761,321.54489597114116,321.5991001322881,1.324647457996199,1.3434083516745903,1.3954968948517934,17.964429228433353,17.880836964618172,18.191348423243745,31.24564838005865,30.5488393344111,29.870659488588117,1144.3322926783987,1198.4187313469672,1236.9952632907725,73.78103781493286,71.60888280617178,69.74089075045976,0,0,47
M-06,INJECTION_MOLDER,2026-06-16,Night,120.95,968,98.54,0,RUNNING,311.47543433767413,0.12519493231597287,311.6609259120979,321.5487473775054,1.0333465923826703,323.36286206976433,1.3867956645395554,0.3650723514646319,2.368276114348669,18.059915822748493,1.967812967478421,21.649607867817327,30.165821448969492,9.997125534428173,47.44456205938603,1187.9169227097111,390.8153222053692,2202.239994710639,70.80011342097998,22.680446378005687,100.0,0,20.33,0.0,0.0,121.0,96.4,95.64,95.94666666666666,121.96,123.26333333333334,119.46666666666667,0.0,0.0,0.0,311.5674285284526,311.5815294404272,311.6319959121071,321.4507972090183,321.51892413936724,321.5382765942673,1.4499831988038097,1.3883023595375006,1.3978151026081673,18.23820524736776,18.02243093793415,18.212339393937093,28.164516867944645,29.83478776240537,29.560501052514738,1278.880102763243,1219.6328329223477,1250.9910918763076,66.08676375393163,69.91343052167743,68.98079491839253,0,0,47
M-06,INJECTION_MOLDER,2026-06-17,Morning,122.64,981,96.58,0,RUNNING,311.0135097479702,0.19025589105681764,311.3027333233332,321.0571302671542,1.1823760265320749,323.5461064882454,1.408692298280181,0.31896106066993035,1.960063901890344,17.914503284601054,2.013597256111385,21.978839741775875,30.570136704987405,7.958974748815943,46.55813159996647,1198.7401795109008,460.8933217562523,2927.0262216423985,71.63102128961344,19.53338748952584,100.0,0,20.67,0.0,0.0,122.625,98.54,96.41666666666667,96.46333333333334,120.95,122.48666666666666,119.78333333333333,0.0,0.0,0.0,311.47543433767413,311.5388952385328,311.5661319391048,321.5487473775054,321.5557007032999,321.49710728238887,1.3867956645395554,1.3871421071131878,1.3861329676005587,18.059915822748493,18.087516766183203,18.217632276858495,30.165821448969492,29.85866223232426,29.448325580723015,1187.9169227097111,1203.7097727171176,1247.3285198965932,70.80011342097998,70.22263832994815,68.75659144342657,0,0,48
M-06,INJECTION_MOLDER,2026-06-17,Afternoon,114.04,912,94.08,0,RUNNING,311.0663240594062,0.13768896551739326,311.3834513092972,321.0498720708536,0.9988767323895064,323.5576857961937,1.319733543345681,0.2476653989583335,1.7811573189627163,17.828313587352746,1.9623691867987902,22.94635520097494,29.212942324470873,8.440455677671512,49.22962320737086,1313.9963551370765,580.4670635455216,3841.837916255895,68.35220567680676,20.937746222149645,100.0,0,21.0,0.0,0.0,114.0,96.58,97.17333333333335,96.58555555555556,122.64,121.85000000000001,119.58777777777777,0.0,0.0,0.0,311.0135097479702,311.352124204699,311.4823067250924,321.0571302671542,321.35222495122594,321.4672242775922,1.408692298280181,1.4151570538745153,1.385295512252056,17.914503284601054,18.07087478490577,18.217287804638758,30.570136704987405,29.633491673967175,29.498851266188986,1198.7401795109008,1221.8457349946184,1244.2030469734584,71.63102128961344,69.50596615484169,68.88531885861073,0,0,48
M-06,INJECTION_MOLDER,2026-06-17,Night,119.56,956,96.19,0,RUNNING,310.8971355501909,0.10629044544926378,311.0677844878772,320.9624255051635,0.9435645578149915,323.36789627902107,1.3852730053052849,0.27400059699099377,1.9628914292550264,17.648533771920476,1.804309243813713,20.11742140010272,28.62835174731243,8.595232605696474,49.637916760260254,1306.8155317708583,506.7526057800813,2972.042805234657,66.00322565834666,18.31188060500076,100.0,0,21.33,0.0,0.0,119.5,94.08,96.39999999999999,96.49888888888889,114.04,119.21,118.78444444444443,0.0,0.0,0.0,311.0663240594062,311.18508938168355,311.40145059442926,321.0498720708536,321.2185832385044,321.36969128788047,1.319733543345681,1.371740502055139,1.377618282148653,17.828313587352746,17.93424423156743,18.15918927431894,29.212942324470873,29.982966826142587,29.668760054360533,1313.9963551370765,1233.5511524525627,1245.47033021231,68.35220567680676,70.26111346246672,69.25763967299271,0,0,48
M-06,INJECTION_MOLDER,2026-06-18,Morning,115.93,927,100.0,0,RUNNING,310.70720025824653,0.2544770179447897,311.0424620686623,320.8132234880836,1.0256975044686036,323.1114609248084,1.3948183769872227,0.29489982809268167,2.133418514203356,17.483371458075165,1.852547244492234,21.180884231370246,30.456347128410954,8.492260460907627,50.67985155726595,1172.8255126463823,314.5250119902169,1923.3128324791287,71.12811967626843,17.081803400053925,100.0,0,21.67,0.0,0.0,115.875,96.19,95.61666666666667,96.46000000000001,119.56,118.74666666666667,119.46333333333334,0.0,0.0,0.0,310.8971355501909,310.99232311918905,311.3306363412113,320.9624255051635,321.02314261439045,321.3303016605162,1.3852730053052849,1.371232948977049,1.3781755084112168,17.648533771920476,17.797116881291426,18.03248153607527,28.62835174731243,29.47047692559023,29.593416744042624,1306.8155317708583,1273.1840221396121,1239.6180958402965,66.00322565834666,68.66215087492229,69.08601316178098,0,0,49
M-06,INJECTION_MOLDER,2026-06-18,Afternoon,125.46,1004,97.2,0,RUNNING,310.50990329736896,0.16264588168393324,310.8323375067249,320.7185485299442,1.0142086494458389,322.9217855883635,1.3407644220428199,0.2888704437728953,2.0823916829847846,17.763282046356974,1.9706778381612249,21.61999739607239,32.22303068018248,8.330130700556184,46.27334549130549,1112.5707983096695,315.92883945623083,2044.1251581643417,73.7310749230754,19.088531126805627,100.0,0,22.0,0.0,0.0,125.5,100.0,96.75666666666666,96.92,115.93,116.51,119.77555555555556,0.0,0.0,0.0,310.70720025824653,310.8902199559479,311.2799000251906,320.8132234880836,320.9418403547002,321.27965375902244,1.3948183769872227,1.3666083085460627,1.3750579046983897,17.483371458075165,17.653406272449462,17.868372673991136,30.456347128410954,29.432547066731413,29.87162602503657,1172.8255126463823,1264.5457998514391,1228.2700887310084,71.12811967626843,68.49451700380729,69.86978865494025,0,0,49
M-06,INJECTION_MOLDER,2026-06-18,Night,120.26,962,95.58,0,RUNNING,310.57664653036056,0.12716709280223973,310.86435435162105,320.6820721125767,1.0690432215945622,322.58473865885327,1.4080679124902271,0.2940290597227689,1.9251843341380288,18.209820378645762,1.5595402015715882,21.03103992601256,30.82822073792248,7.674332414088958,47.041292895372514,1173.292329866766,319.7665246813855,2282.844401601718,69.23208707003755,18.43043782685714,100.0,0,22.33,0.0,0.0,120.25,97.2,97.79666666666667,96.61222222222221,125.46,120.31666666666666,120.92999999999999,0.0,0.0,0.0,310.50990329736896,310.7047463686021,311.1571217302376,320.7185485299442,320.8313991743971,321.18963551742286,1.3407644220428199,1.3736186014451093,1.3778871543459161,17.763282046356974,17.63172909211754,17.862801420539704,32.22303068018248,30.435909851968617,30.084554813505534,1112.5707983096695,1197.403947575637,1216.8626443168491,73.7310749230754,70.28747341923015,70.15400580112477,0,0,49
M-06,INJECTION_MOLDER,2026-06-19,Morning,116.57,933,96.15,0,RUNNING,310.68067489204645,0.1454218251359841,311.0442358213171,320.7970020884529,1.0175328579924074,323.8814502151817,1.3614896637484017,0.3150056582819426,2.178448755241077,17.903150550324018,1.834189696964419,20.952736262632808,28.39590311487712,7.883657546646358,48.728117405116606,1265.1816306204114,344.51410246919596,2068.583877433488,65.14577531335307,17.21332880260498,100.0,0,22.67,0.0,0.0,116.625,95.58,97.59333333333332,96.54222222222222,120.26,120.55,120.59444444444443,0.0,0.0,0.0,310.57664653036056,310.5979166953254,311.0430450176824,320.6820721125767,320.7379480435348,321.1055971204084,1.4080679124902271,1.3812169038400899,1.3798639866434423,18.209820378645762,17.818824627692635,17.901152758389088,30.82822073792248,31.1691995155053,30.166112891139935,1173.292329866766,1152.896213607606,1209.9300028214452,69.23208707003755,71.36376055646046,70.08284992044362,0,0,50
M-06,INJECTION_MOLDER,2026-06-19,Afternoon,120.93,967,93.52,0,RUNNING,311.0705520944687,0.1113111928746365,311.3274721360951,321.0803741712989,1.1030876719768612,323.3712580598787,1.4473447457933883,0.27120666669301774,1.9254394812858937,17.512531898375823,1.900225369153592,20.69543349872724,31.21544374235363,7.026668830226305,45.38801231390992,1126.819029703978,289.01891677507183,1884.5343454743936,71.8563840229937,18.458407567112488,100.0,0,23.0,0.0,0.0,120.875,96.15,96.31,96.74666666666667,116.57,120.76333333333332,119.70777777777779,0.0,0.0,0.0,310.68067489204645,310.58907490659203,310.9438063557463,320.7970020884529,320.7325409103246,321.0088687387503,1.3614896637484017,1.370107332760483,1.3839575650603537,17.903150550324018,17.958750991775585,17.894344016376937,28.39590311487712,30.482384844327356,29.849474528341986,1265.1816306204114,1183.6815862656158,1223.3577070372241,65.14577531335307,69.369645768822,69.12337630915698,0,0,50
M-06,INJECTION_MOLDER,2026-06-19,Night,121.2,970,95.69,0,RUNNING,311.34696180813484,0.14649329274624798,311.6442890791043,321.4697312991111,0.8909953869154869,323.29738179213734,1.4028455081790006,0.3168249192948737,2.15933892536268,18.02305380009809,1.673654317247527,21.79855403119115,29.999890782284158,7.948379405737471,41.52323333915096,1258.3505899461932,484.61523521176673,2987.1571499285938,67.77247397161123,19.10595898174131,94.32403663626062,0,23.33,0.0,0.0,121.25,93.52,95.08333333333333,96.42666666666668,120.93,119.25333333333333,119.59333333333335,0.0,0.0,0.0,311.0705520944687,310.7759578389586,310.8885978630814,321.0803741712989,320.85314945744284,320.9677106234481,1.4473447457933883,1.4056341073440057,1.3836644036147514,17.512531898375823,17.8751676091152,17.813713644266723,31.21544374235363,30.14652253171774,30.188466403276315,1126.819029703978,1188.430996730385,1206.4620322528617,71.8563840229937,68.7447488021281,69.76444522794166,0,0,50
